Rang,Origine,Pays d'asile,Score de risque,Priorité,Volume actuel,Évolution récente (%),Signal principal,Action analyste
1,Venezuela (Bolivarian Republic of),Ecuador,86.4,Critique,5856,236.2,Accélération + deux hausses consécutives,Analyse prioritaire
2,Bangladesh,Greece,84.0,Critique,4409,198.5,Accélération + deux hausses consécutives,Analyse prioritaire
3,Venezuela (Bolivarian Republic of),Mexico,84.0,Critique,14321,164.3,Accélération du volume,Analyse prioritaire
4,Burkina Faso,Spain,83.6,Critique,468,132.8,Accélération + deux hausses consécutives,Analyse prioritaire
5,State of Palestine,Spain,82.6,Critique,1868,105.0,Deux hausses annuelles consécutives,Analyse prioritaire
6,Ethiopia,Switzerland,82.5,Critique,981,117.0,Accélération + deux hausses consécutives,Analyse prioritaire
7,Somalia,Egypt,82.4,Critique,5492,192.6,Accélération + deux hausses consécutives,Analyse prioritaire
8,Somalia,Spain,82.3,Critique,1275,167.3,Accélération du volume,Analyse prioritaire
9,Guinea,Spain,82.0,Critique,1112,51.7,Deux hausses annuelles consécutives,Analyse prioritaire
10,Cameroon,Japan,82.0,Critique,469,154.9,Accélération + deux hausses consécutives,Analyse prioritaire
11,Ethiopia,Netherlands (Kingdom of the),81.9,Critique,690,61.6,Accélération + deux hausses consécutives,Analyse prioritaire
12,Algeria,Italy,81.9,Critique,816,74.4,Accélération + deux hausses consécutives,Analyse prioritaire
13,Eritrea,Kenya,81.8,Critique,4084,505.9,Accélération + deux hausses consécutives,Analyse prioritaire
14,China,Greece,81.8,Critique,386,100.0,Accélération + deux hausses consécutives,Analyse prioritaire
15,Dominican Rep.,Brazil,81.8,Critique,525,78.0,Accélération + deux hausses consécutives,Analyse prioritaire
16,Somalia,Switzerland,81.7,Critique,1982,158.7,Accélération + deux hausses consécutives,Analyse prioritaire
17,Philippines,Italy,81.7,Critique,561,90.8,Deux hausses annuelles consécutives,Analyse prioritaire
18,Pakistan,Uganda,81.4,Critique,480,75.8,Accélération + deux hausses consécutives,Analyse prioritaire
19,Colombia,Brazil,81.4,Critique,1432,26.6,Accélération + deux hausses consécutives,Analyse prioritaire
20,Haiti,Canada,81.4,Critique,18231,118.9,Accélération + deux hausses consécutives,Analyse prioritaire
21,Iraq,Egypt,81.3,Critique,659,52.5,Accélération + deux hausses consécutives,Analyse prioritaire
22,Nepal,Italy,81.3,Critique,886,69.7,Deux hausses annuelles consécutives,Analyse prioritaire
23,Ethiopia,France,81.3,Critique,2072,54.3,Deux hausses annuelles consécutives,Analyse prioritaire
24,Philippines,Australia,81.2,Critique,2356,114.8,Accélération + deux hausses consécutives,Analyse prioritaire
25,India,Australia,81.2,Critique,6295,56.3,Accélération + deux hausses consécutives,Analyse prioritaire
26,Cuba,Costa Rica,81.1,Critique,3317,161.0,Accélération du volume,Analyse prioritaire
27,Nepal,Canada,81.0,Critique,1777,92.7,Accélération + deux hausses consécutives,Analyse prioritaire
28,State of Palestine,France,81.0,Critique,660,37.8,Deux hausses annuelles consécutives,Analyse prioritaire
29,Syrian Arab Rep.,Russian Federation,80.9,Critique,3320,322.9,Accélération + deux hausses consécutives,Analyse prioritaire
30,Sudan,Greece,80.9,Critique,8204,444.8,Accélération + deux hausses consécutives,Analyse prioritaire
31,Rwanda,Germany,80.8,Critique,1609,138.7,Accélération + deux hausses consécutives,Analyse prioritaire
32,Ethiopia,Somalia,80.8,Critique,3324,83.3,Accélération du volume,Analyse prioritaire
33,Tunisia,Brazil,80.8,Critique,475,119.9,Accélération + deux hausses consécutives,Analyse prioritaire
34,Cuba,Uruguay,80.7,Critique,14486,95.4,Accélération + deux hausses consécutives,Analyse prioritaire
35,India,Italy,80.7,Critique,7133,46.1,Deux hausses annuelles consécutives,Analyse prioritaire
36,Indonesia,Australia,80.7,Critique,2950,64.5,Accélération + deux hausses consécutives,Analyse prioritaire
37,Ethiopia,Uganda,80.5,Critique,3585,-27.3,Signal limité dans les indicateurs récents,Analyse prioritaire
38,Philippines,Rep. of Korea,80.4,Critique,539,131.3,Accélération + deux hausses consécutives,Analyse prioritaire
39,Ethiopia,Djibouti,80.4,Critique,1416,95.9,Deux hausses annuelles consécutives,Analyse prioritaire
40,Afghanistan,Italy,80.4,Critique,2716,33.0,Accélération + deux hausses consécutives,Analyse prioritaire
41,Somalia,United Kingdom of Great Britain and Northern Ireland,80.4,Critique,4901,252.6,Accélération + deux hausses consécutives,Analyse prioritaire
42,Bangladesh,Japan,80.3,Critique,1273,48.9,Accélération du volume,Analyse prioritaire
43,Morocco,Brazil,80.3,Critique,888,86.2,Accélération du volume,Analyse prioritaire
44,Ethiopia,United Kingdom of Great Britain and Northern Ireland,80.2,Critique,2129,114.8,Accélération + deux hausses consécutives,Analyse prioritaire
45,United States of America,Canada,80.2,Critique,1994,144.4,Accélération + deux hausses consécutives,Analyse prioritaire
46,Viet Nam,Canada,80.2,Critique,813,49.7,Accélération + deux hausses consécutives,Analyse prioritaire
47,Eritrea,South Sudan,80.0,Critique,2397,294.2,Accélération du volume,Analyse prioritaire
48,Somalia,South Africa,80.0,Critique,680,-41.4,Accélération du volume,Analyse prioritaire
49,Brazil,France,80.0,Critique,398,32.2,Accélération + deux hausses consécutives,Analyse prioritaire
50,Myanmar,Japan,79.9,Critique,1655,131.1,Accélération du volume,Analyse prioritaire
51,Somalia,France,79.7,Critique,3914,20.9,Deux hausses annuelles consécutives,Analyse prioritaire
52,Mali,France,79.7,Critique,3223,17.2,Deux hausses annuelles consécutives,Analyse prioritaire
53,India,Japan,79.6,Critique,1489,37.6,Accélération du volume,Analyse prioritaire
54,India,Israel,79.6,Critique,1021,76.0,Accélération du volume,Analyse prioritaire
55,State of Palestine,Italy,79.6,Critique,535,21.9,Deux hausses annuelles consécutives,Analyse prioritaire
56,Ghana,Japan,79.6,Critique,613,109.9,Deux hausses annuelles consécutives,Analyse prioritaire
57,Dem. Rep. of the Congo,Uganda,79.6,Critique,5508,82.3,Accélération du volume,Analyse prioritaire
58,El Salvador,Belgium,79.6,Critique,356,111.9,Accélération du volume,Analyse prioritaire
59,Nigeria,Japan,79.5,Critique,353,136.9,Accélération du volume,Analyse prioritaire
60,Eritrea,Israel,79.5,Critique,881,987.7,Accélération + deux hausses consécutives,Analyse prioritaire
61,Bangladesh,Brazil,79.5,Critique,665,60.2,Accélération du volume,Analyse prioritaire
62,Venezuela (Bolivarian Republic of),Colombia,79.5,Critique,7683,20.8,Accélération + deux hausses consécutives,Analyse prioritaire
63,Iraq,Cyprus,79.5,Critique,219,82.5,Accélération du volume,Analyse prioritaire
64,Ethiopia,Lebanon,79.4,Critique,575,20.3,Accélération du volume,Analyse prioritaire
65,Iraq,Finland,79.4,Critique,576,96.6,Accélération du volume,Analyse prioritaire
66,Eritrea,Netherlands (Kingdom of the),79.4,Critique,3178,111.0,Accélération du volume,Analyse prioritaire
67,China,Spain,79.3,Critique,385,171.1,Accélération du volume,Analyse prioritaire
68,Dominican Rep.,Uruguay,79.3,Critique,647,16.4,Deux hausses annuelles consécutives,Analyse prioritaire
69,Pakistan,Australia,79.2,Critique,1554,455.0,Accélération du volume,Analyse prioritaire
70,Philippines,Canada,79.2,Critique,371,59.2,Accélération + deux hausses consécutives,Analyse prioritaire
71,Ethiopia,South Africa,79.2,Critique,2148,-11.8,Accélération du volume,Analyse prioritaire
72,Rwanda,Uganda,79.2,Critique,1182,121.3,Accélération du volume,Analyse prioritaire
73,Egypt,Germany,79.2,Critique,2395,8.1,Accélération + deux hausses consécutives,Analyse prioritaire
74,Iran (Islamic Rep. of),Greece,79.1,Critique,1125,11.4,Deux hausses annuelles consécutives,Analyse prioritaire
75,South Sudan,France,79.1,Critique,556,41.5,Deux hausses annuelles consécutives,Analyse prioritaire
76,State of Palestine,Canada,78.9,Critique,735,23.7,Deux hausses annuelles consécutives,Analyse prioritaire
77,Cote d'Ivoire,Spain,78.9,Critique,442,58.4,Accélération + deux hausses consécutives,Analyse prioritaire
78,Nepal,Greece,78.9,Critique,2324,38.0,Deux hausses annuelles consécutives,Analyse prioritaire
79,Nepal,Australia,78.9,Critique,1394,576.7,Accélération du volume,Analyse prioritaire
80,Cameroon,Algeria,78.8,Critique,285,46.2,Accélération + deux hausses consécutives,Analyse prioritaire
81,Yemen,France,78.7,Critique,284,40.6,Accélération + deux hausses consécutives,Analyse prioritaire
82,Bangladesh,Rep. of Korea,78.7,Critique,632,7.7,Accélération du volume,Analyse prioritaire
83,Dem. Rep. of the Congo,Cyprus,78.7,Critique,1597,7.3,Deux hausses annuelles consécutives,Analyse prioritaire
84,Thailand,Australia,78.7,Critique,1058,58.4,Accélération du volume,Analyse prioritaire
85,China,Germany,78.7,Critique,2894,81.6,Deux hausses annuelles consécutives,Analyse prioritaire
86,Argentina,Italy,78.7,Critique,367,27.9,Deux hausses annuelles consécutives,Analyse prioritaire
87,Venezuela (Bolivarian Republic of),Panama,78.6,Critique,412,94.3,Deux hausses annuelles consécutives,Analyse prioritaire
88,Rwanda,France,78.6,Critique,632,17.0,Deux hausses annuelles consécutives,Analyse prioritaire
89,Burundi,Uganda,78.6,Critique,2937,65.1,Accélération du volume,Analyse prioritaire
90,Georgia,Italy,78.6,Critique,4399,27.2,Accélération + deux hausses consécutives,Analyse prioritaire
91,Cameroon,France,78.6,Critique,2581,4.9,Deux hausses annuelles consécutives,Analyse prioritaire
92,Egypt,France,78.5,Critique,2123,17.3,Deux hausses annuelles consécutives,Analyse prioritaire
93,Guinea,Cyprus,78.5,Critique,205,62.7,Accélération + deux hausses consécutives,Analyse prioritaire
94,Dem. Rep. of the Congo,South Africa,78.4,Critique,905,-26.1,Accélération du volume,Analyse prioritaire
95,Georgia,Greece,78.4,Critique,1101,9.4,Accélération du volume,Analyse prioritaire
96,Senegal,France,78.4,Critique,2566,11.0,Deux hausses annuelles consécutives,Analyse prioritaire
97,Nepal,France,78.4,Critique,429,38.8,Deux hausses annuelles consécutives,Analyse prioritaire
98,Sri Lanka,Germany,78.4,Critique,1161,24.3,Accélération + deux hausses consécutives,Analyse prioritaire
99,Somalia,Netherlands (Kingdom of the),78.3,Critique,1384,23.7,Accélération du volume,Analyse prioritaire
100,Stateless,France,78.3,Critique,742,68.6,Accélération du volume,Analyse prioritaire
101,Nepal,Rep. of Korea,78.3,Critique,450,38.5,Accélération du volume,Analyse prioritaire
102,Cuba,Brazil,78.2,Critique,41919,88.1,Accélération + deux hausses consécutives,Analyse prioritaire
103,Angola,France,78.2,Critique,5842,74.1,Deux hausses annuelles consécutives,Analyse prioritaire
104,Stateless,United Kingdom of Great Britain and Northern Ireland,78.2,Critique,1527,152.4,Accélération + deux hausses consécutives,Analyse prioritaire
105,Iran (Islamic Rep. of),Australia,78.2,Critique,980,615.3,Accélération du volume,Analyse prioritaire
106,Ethiopia,South Sudan,78.2,Critique,509,-6.4,Accélération du volume,Analyse prioritaire
107,Somalia,Zambia,78.2,Critique,357,-61.6,Signal limité dans les indicateurs récents,Analyse prioritaire
108,Timor-Leste,Australia,78.2,Critique,790,116.4,Accélération du volume,Analyse prioritaire
109,Sri Lanka,Israel,78.2,Critique,2819,454.9,Accélération + deux hausses consécutives,Analyse prioritaire
110,Venezuela (Bolivarian Republic of),Canada,78.1,Critique,1645,26.2,Accélération du volume,Analyse prioritaire
111,Pakistan,Japan,78.1,Critique,1327,20.4,Accélération du volume,Analyse prioritaire
112,Ethiopia,Kenya,78.1,Critique,2143,-54.5,Signal limité dans les indicateurs récents,Analyse prioritaire
113,Somalia,Finland,78.1,Critique,536,42.2,Accélération du volume,Analyse prioritaire
114,Sri Lanka,Australia,78.0,Critique,1334,331.7,Accélération du volume,Analyse prioritaire
115,Iraq,Switzerland,78.0,Critique,622,11.3,Deux hausses annuelles consécutives,Analyse prioritaire
116,Ghana,Brazil,78.0,Critique,792,260.0,Accélération du volume,Analyse prioritaire
117,Iran (Islamic Rep. of),Cyprus,78.0,Critique,506,16.6,Deux hausses annuelles consécutives,Analyse prioritaire
118,Pakistan,Rep. of Korea,78.0,Critique,980,5.5,Deux hausses annuelles consécutives,Analyse prioritaire
119,Haiti,France,77.9,Critique,13306,8.8,Deux hausses annuelles consécutives,Analyse prioritaire
120,Burundi,Malawi,77.9,Critique,870,-22.9,Signal limité dans les indicateurs récents,Analyse prioritaire
121,Guinea,Germany,77.9,Critique,5435,13.4,Accélération + deux hausses consécutives,Analyse prioritaire
122,Eritrea,Switzerland,77.9,Critique,3415,63.2,Accélération du volume,Analyse prioritaire
123,China,Australia,77.9,Critique,5969,69.4,Accélération du volume,Analyse prioritaire
124,Myanmar,United Kingdom of Great Britain and Northern Ireland,77.8,Critique,884,93.0,Deux hausses annuelles consécutives,Analyse prioritaire
125,Somalia,Austria,77.8,Critique,1004,15.4,Accélération du volume,Analyse prioritaire
126,Nigeria,Brazil,77.7,Critique,327,91.2,Accélération du volume,Analyse prioritaire
127,Angola,Germany,77.6,Critique,1573,37.0,Deux hausses annuelles consécutives,Analyse prioritaire
128,Azerbaijan,Canada,77.6,Critique,609,26.1,Deux hausses annuelles consécutives,Analyse prioritaire
129,Venezuela (Bolivarian Republic of),Spain,77.6,Critique,85413,29.2,Accélération + deux hausses consécutives,Analyse prioritaire
130,Dem. Rep. of the Congo,United Rep. of Tanzania,77.6,Critique,5073,110.5,Accélération du volume,Analyse prioritaire
131,Cuba,Mexico,77.6,Critique,34581,93.4,Accélération du volume,Analyse prioritaire
132,China,Italy,77.5,Critique,3286,33.6,Deux hausses annuelles consécutives,Analyse prioritaire
133,Mali,Spain,77.5,Critique,16004,49.9,Deux hausses annuelles consécutives,Analyse prioritaire
134,Venezuela (Bolivarian Republic of),Paraguay,77.4,Critique,417,104.4,Accélération du volume,Analyse prioritaire
135,Morocco,France,77.4,Critique,1267,18.7,Accélération du volume,Analyse prioritaire
136,Dem. Rep. of the Congo,Malawi,77.4,Critique,2902,-32.2,Signal limité dans les indicateurs récents,Analyse prioritaire
137,State of Palestine,United Kingdom of Great Britain and Northern Ireland,77.4,Critique,997,66.7,Deux hausses annuelles consécutives,Analyse prioritaire
138,Afghanistan,Netherlands (Kingdom of the),77.4,Critique,803,58.7,Accélération du volume,Analyse prioritaire
139,Burundi,Zambia,77.3,Critique,2295,-25.5,Signal limité dans les indicateurs récents,Analyse prioritaire
140,Georgia,Netherlands (Kingdom of the),77.3,Critique,226,100.0,Accélération du volume,Analyse prioritaire
141,Cameroon,Spain,77.3,Critique,197,77.5,Accélération + deux hausses consécutives,Analyse prioritaire
142,Ethiopia,Germany,77.3,Critique,2313,1.8,Deux hausses annuelles consécutives,Analyse prioritaire
143,Morocco,Canada,77.2,Critique,627,29.3,Deux hausses annuelles consécutives,Analyse prioritaire
144,Ethiopia,Greece,77.2,Critique,270,49.2,Accélération du volume,Analyse prioritaire
145,Azerbaijan,France,77.1,Critique,981,17.1,Deux hausses annuelles consécutives,Analyse prioritaire
146,Somalia,Ireland,77.1,Critique,2389,54.3,Accélération + deux hausses consécutives,Analyse prioritaire
147,Viet Nam,Germany,77.1,Critique,2139,22.5,Deux hausses annuelles consécutives,Analyse prioritaire
148,Dem. Rep. of the Congo,Burundi,77.0,Critique,369,-90.4,Signal limité dans les indicateurs récents,Analyse prioritaire
149,Fiji,Australia,77.0,Critique,2160,232.3,Accélération du volume,Analyse prioritaire
150,Djibouti,France,77.0,Critique,749,21.2,Deux hausses annuelles consécutives,Analyse prioritaire
151,Albania,Greece,76.9,Critique,1733,9.9,Accélération du volume,Analyse prioritaire
152,Libya,France,76.9,Critique,346,26.7,Accélération + deux hausses consécutives,Analyse prioritaire
153,Nicaragua,Canada,76.9,Critique,343,40.0,Accélération du volume,Analyse prioritaire
154,Iran (Islamic Rep. of),Armenia,76.9,Critique,232,22.8,Accélération + deux hausses consécutives,Analyse prioritaire
155,Egypt,Rep. of Korea,76.8,Critique,644,20.1,Accélération du volume,Analyse prioritaire
156,Niger,Belgium,76.8,Critique,402,46.2,Accélération + deux hausses consécutives,Analyse prioritaire
157,India,Rep. of Korea,76.8,Critique,2158,3.1,Deux hausses annuelles consécutives,Analyse prioritaire
158,Sudan,Morocco,76.8,Critique,3587,188.3,Deux hausses annuelles consécutives,Analyse prioritaire
159,Thailand,Israel,76.8,Critique,714,269.9,Deux hausses annuelles consécutives,Analyse prioritaire
160,Papua New Guinea,Australia,76.7,Critique,531,263.7,Accélération du volume,Analyse prioritaire
161,Mauritania,France,76.7,Critique,3704,30.6,Deux hausses annuelles consécutives,Analyse prioritaire
162,Egypt,Greece,76.7,Critique,14119,32.7,Deux hausses annuelles consécutives,Analyse prioritaire
163,Egypt,Slovenia,76.7,Critique,346,102.3,Deux hausses annuelles consécutives,Analyse prioritaire
164,Russian Federation,Finland,76.7,Critique,641,258.1,Accélération du volume,Analyse prioritaire
165,Cameroon,Belgium,76.6,Critique,1791,12.4,Accélération + deux hausses consécutives,Analyse prioritaire
166,Bangladesh,South Africa,76.6,Critique,278,-33.7,Accélération du volume,Analyse prioritaire
167,Samoa,Australia,76.6,Critique,392,90.3,Accélération du volume,Analyse prioritaire
168,Colombia,Israel,76.6,Critique,332,37.2,Deux hausses annuelles consécutives,Analyse prioritaire
169,China,France,76.6,Critique,2735,21.8,Deux hausses annuelles consécutives,Analyse prioritaire
170,Dem. Rep. of the Congo,Belgium,76.5,Critique,3327,346.0,Accélération du volume,Analyse prioritaire
171,Angola,Belgium,76.4,Critique,750,77.3,Deux hausses annuelles consécutives,Analyse prioritaire
172,Türkiye,Belgium,76.4,Critique,2941,357.4,Accélération du volume,Analyse prioritaire
173,Malaysia,Australia,76.4,Critique,1620,49.4,Accélération du volume,Analyse prioritaire
174,Nepal,Japan,76.4,Critique,701,16.8,Accélération du volume,Analyse prioritaire
175,Mauritania,Canada,76.4,Critique,574,105.0,Accélération du volume,Analyse prioritaire
176,Cote d'Ivoire,Canada,76.3,Critique,1359,23.0,Deux hausses annuelles consécutives,Analyse prioritaire
177,Russian Federation,Belgium,76.3,Critique,887,75.0,Accélération du volume,Analyse prioritaire
178,Indonesia,Greece,76.2,Critique,199,221.0,Accélération + deux hausses consécutives,Analyse prioritaire
179,Colombia,Ecuador,76.2,Critique,3512,-30.6,Signal limité dans les indicateurs récents,Analyse prioritaire
180,Somalia,Uganda,76.2,Critique,191,-53.3,Accélération du volume,Analyse prioritaire
181,Viet Nam,Rep. of Korea,76.2,Critique,691,76.3,Deux hausses annuelles consécutives,Analyse prioritaire
182,Eritrea,United Kingdom of Great Britain and Northern Ireland,76.2,Critique,9107,78.5,Accélération + deux hausses consécutives,Analyse prioritaire
183,Nigeria,Belgium,76.2,Critique,570,11.3,Accélération + deux hausses consécutives,Analyse prioritaire
184,Eritrea,Belgium,76.1,Critique,2903,15.4,Accélération + deux hausses consécutives,Analyse prioritaire
185,Pakistan,Ireland,76.1,Critique,2703,68.4,Deux hausses annuelles consécutives,Analyse prioritaire
186,Myanmar,Canada,76.1,Critique,237,35.4,Deux hausses annuelles consécutives,Analyse prioritaire
187,Dem. Rep. of the Congo,Switzerland,76.0,Critique,352,28.0,Deux hausses annuelles consécutives,Analyse prioritaire
188,Mali,Germany,76.0,Critique,435,15.4,Accélération + deux hausses consécutives,Analyse prioritaire
189,Pakistan,Netherlands (Kingdom of the),76.0,Critique,715,35.7,Accélération du volume,Analyse prioritaire
190,Ethiopia,Sudan,75.9,Critique,3177,-67.6,Signal limité dans les indicateurs récents,Analyse prioritaire
191,Somalia,Italy,75.9,Critique,546,21.3,Accélération du volume,Analyse prioritaire
192,Dem. Rep. of the Congo,Zimbabwe,75.9,Critique,763,-9.5,Signal limité dans les indicateurs récents,Analyse prioritaire
193,Eritrea,Uganda,75.9,Critique,4177,-78.3,Signal limité dans les indicateurs récents,Analyse prioritaire
194,Uganda,Germany,75.9,Critique,615,23.0,Accélération + deux hausses consécutives,Analyse prioritaire
195,Mali,Italy,75.8,Critique,1137,-65.1,Signal limité dans les indicateurs récents,Analyse prioritaire
196,Colombia,Germany,75.8,Critique,4911,-38.1,Signal limité dans les indicateurs récents,Analyse prioritaire
197,Afghanistan,Ireland,75.8,Critique,1591,23.2,Accélération + deux hausses consécutives,Analyse prioritaire
198,Eritrea,Sudan,75.8,Critique,8590,16.2,Accélération du volume,Analyse prioritaire
199,Burundi,Germany,75.7,Critique,1225,206.2,Accélération du volume,Analyse prioritaire
200,Pakistan,France,75.7,Critique,2403,-28.1,Signal limité dans les indicateurs récents,Analyse prioritaire
201,Congo,Brazil,75.7,Critique,707,195.8,Accélération + deux hausses consécutives,Analyse prioritaire
202,Nigeria,Netherlands (Kingdom of the),75.6,Critique,986,5.9,Deux hausses annuelles consécutives,Analyse prioritaire
203,Iraq,France,75.6,Critique,698,5.3,Deux hausses annuelles consécutives,Analyse prioritaire
204,India,Ireland,75.6,Critique,391,88.0,Accélération + deux hausses consécutives,Analyse prioritaire
205,Brazil,Belgium,75.5,Critique,194,90.2,Accélération + deux hausses consécutives,Analyse prioritaire
206,Ethiopia,Rep. of Korea,75.5,Critique,241,7.6,Accélération du volume,Analyse prioritaire
207,Afghanistan,Austria,75.5,Critique,5163,52.0,Accélération du volume,Analyse prioritaire
208,Ethiopia,Egypt,75.5,Critique,2393,-51.7,Signal limité dans les indicateurs récents,Analyse prioritaire
209,Viet Nam,Belgium,75.5,Critique,321,112.6,Accélération du volume,Analyse prioritaire
210,Sierra Leone,France,75.4,Critique,1353,12.9,Deux hausses annuelles consécutives,Analyse prioritaire
211,Viet Nam,Ireland,75.4,Critique,785,195.1,Deux hausses annuelles consécutives,Analyse prioritaire
212,Cuba,Paraguay,75.4,Critique,294,272.2,Accélération du volume,Analyse prioritaire
213,Benin,France,75.3,Critique,624,11.2,Deux hausses annuelles consécutives,Analyse prioritaire
214,Dem. Rep. of the Congo,Zambia,75.3,Critique,4900,-30.6,Signal limité dans les indicateurs récents,Analyse prioritaire
215,Chile,Canada,75.3,Critique,1181,12.3,Accélération du volume,Analyse prioritaire
216,Somalia,Germany,75.3,Critique,7796,-11.8,Signal limité dans les indicateurs récents,Analyse prioritaire
217,China,Canada,75.3,Critique,4717,12.1,Deux hausses annuelles consécutives,Analyse prioritaire
218,Indonesia,Japan,75.3,Critique,687,204.0,Croissance récente ≥ 30 %,Analyse prioritaire
219,Somalia,Greece,75.3,Critique,2049,-10.0,Accélération du volume,Analyse prioritaire
220,Rwanda,Eswatini,75.3,Critique,342,356.0,Accélération + deux hausses consécutives,Analyse prioritaire
221,Iraq,Italy,75.2,Critique,939,-14.9,Signal limité dans les indicateurs récents,Analyse prioritaire
222,Tonga,Australia,75.2,Critique,804,25.0,Accélération du volume,Analyse prioritaire
223,Uganda,South Sudan,75.2,Critique,459,27.1,Deux hausses annuelles consécutives,Analyse prioritaire
224,Colombia,Italy,75.1,Critique,2780,-18.2,Signal limité dans les indicateurs récents,Analyse prioritaire
225,Iran (Islamic Rep. of),Sweden,75.1,Critique,1357,21.7,Accélération du volume,Analyse prioritaire
226,Afghanistan,Finland,75.1,Critique,438,60.4,Accélération du volume,Analyse prioritaire
227,Colombia,Peru,75.1,Critique,557,-48.3,Signal limité dans les indicateurs récents,Analyse prioritaire
228,Georgia,Sweden,75.0,Élevée,213,129.0,Accélération du volume,À examiner
229,Colombia,Switzerland,75.0,Élevée,328,28.6,Accélération + deux hausses consécutives,À examiner
230,Colombia,Mexico,75.0,Élevée,2141,-7.5,Accélération du volume,À examiner
231,Guatemala,Mexico,75.0,Élevée,1119,-70.0,Signal limité dans les indicateurs récents,À examiner
232,Albania,Canada,74.9,Élevée,243,60.9,Accélération du volume,À examiner
233,Burundi,Belgium,74.9,Élevée,1950,52.5,Accélération + deux hausses consécutives,À examiner
234,Brazil,Ireland,74.9,Élevée,480,50.0,Deux hausses annuelles consécutives,À examiner
235,Nigeria,Italy,74.9,Élevée,3408,-20.6,Signal limité dans les indicateurs récents,À examiner
236,Dem. Rep. of the Congo,Kenya,74.8,Élevée,3450,-26.4,Signal limité dans les indicateurs récents,À examiner
237,Afghanistan,Spain,74.8,Élevée,988,8.3,Accélération du volume,À examiner
238,Dem. Rep. of the Congo,Congo,74.8,Élevée,368,112.7,Accélération du volume,À examiner
239,Zimbabwe,Germany,74.7,Élevée,445,33.2,Accélération + deux hausses consécutives,À examiner
240,South Sudan,Dem. Rep. of the Congo,74.7,Élevée,33604,534.6,Deux hausses annuelles consécutives,À examiner
241,Pakistan,Germany,74.7,Élevée,3775,-6.5,Accélération du volume,À examiner
242,Bangladesh,Ireland,74.7,Élevée,1281,15.0,Deux hausses annuelles consécutives,À examiner
243,Yemen,Greece,74.7,Élevée,1341,-15.3,Signal limité dans les indicateurs récents,À examiner
244,Azerbaijan,Germany,74.7,Élevée,2779,-15.1,Signal limité dans les indicateurs récents,À examiner
245,Lebanon,Australia,74.7,Élevée,408,518.2,Accélération du volume,À examiner
246,Peru,France,74.7,Élevée,588,6.3,Deux hausses annuelles consécutives,À examiner
247,Cameroon,Germany,74.7,Élevée,2722,23.2,Accélération du volume,À examiner
248,Sierra Leone,Netherlands (Kingdom of the),74.6,Élevée,547,106.4,Accélération du volume,À examiner
249,Unknown ,Türkiye,74.6,Élevée,910,38.9,Accélération du volume,À examiner
250,Myanmar,India,74.6,Élevée,1254,-37.2,Signal limité dans les indicateurs récents,À examiner
251,Dem. Rep. of the Congo,France,74.5,Élevée,19510,32.4,Deux hausses annuelles consécutives,À examiner
252,Morocco,Bulgaria,74.5,Élevée,967,11.0,Accélération du volume,À examiner
253,Iraq,Türkiye,74.5,Élevée,1463,-22.2,Accélération du volume,À examiner
254,State of Palestine,Romania,74.5,Élevée,181,43.7,Deux hausses annuelles consécutives,À examiner
255,Niger,Benin,74.5,Élevée,2876,79.3,Deux hausses annuelles consécutives,À examiner
256,Ethiopia,Sweden,74.5,Élevée,401,-12.4,Signal limité dans les indicateurs récents,À examiner
257,Nigeria,Rep. of Korea,74.5,Élevée,410,-13.5,Signal limité dans les indicateurs récents,À examiner
258,Brazil,Canada,74.5,Élevée,446,23.2,Accélération du volume,À examiner
259,Senegal,Greece,74.4,Élevée,258,316.1,Accélération du volume,À examiner
260,Algeria,Netherlands (Kingdom of the),74.4,Élevée,1454,19.5,Accélération du volume,À examiner
261,Dem. Rep. of the Congo,Germany,74.4,Élevée,1320,51.2,Accélération du volume,À examiner
262,Burundi,South Sudan,74.3,Élevée,287,13.9,Accélération du volume,À examiner
263,Dem. Rep. of the Congo,Namibia,74.3,Élevée,425,-12.2,Signal limité dans les indicateurs récents,À examiner
264,Dem. Rep. of the Congo,Eswatini,74.3,Élevée,236,101.7,Accélération du volume,À examiner
265,Afghanistan,Sweden,74.3,Élevée,1191,0.9,Accélération du volume,À examiner
266,Nigeria,Germany,74.3,Élevée,4740,2.8,Accélération du volume,À examiner
267,Burundi,Kenya,74.3,Élevée,3583,-13.2,Accélération du volume,À examiner
268,Colombia,France,74.3,Élevée,1687,-23.9,Signal limité dans les indicateurs récents,À examiner
269,Guinea,Brazil,74.2,Élevée,233,121.9,Accélération du volume,À examiner
270,Mauritania,Brazil,74.2,Élevée,228,42.5,Deux hausses annuelles consécutives,À examiner
271,Unknown ,Italy,74.2,Élevée,339,52.7,Deux hausses annuelles consécutives,À examiner
272,Yemen,United Kingdom of Great Britain and Northern Ireland,74.2,Élevée,1802,5.9,Deux hausses annuelles consécutives,À examiner
273,Mali,Algeria,74.2,Élevée,472,-34.4,Signal limité dans les indicateurs récents,À examiner
274,Libya,Netherlands (Kingdom of the),74.2,Élevée,323,57.6,Accélération du volume,À examiner
275,Unknown ,Germany,74.1,Élevée,4204,-31.9,Signal limité dans les indicateurs récents,À examiner
276,Zimbabwe,South Africa,74.1,Élevée,263,-38.0,Accélération du volume,À examiner
277,Burundi,Eswatini,74.1,Élevée,391,223.1,Deux hausses annuelles consécutives,À examiner
278,China,Japan,74.1,Élevée,278,16.3,Deux hausses annuelles consécutives,À examiner
279,Somalia,Cyprus,74.1,Élevée,477,-21.3,Signal limité dans les indicateurs récents,À examiner
280,State of Palestine,Germany,74.1,Élevée,1138,24.4,Accélération du volume,À examiner
281,Ethiopia,Yemen,74.1,Élevée,181,-94.5,Signal limité dans les indicateurs récents,À examiner
282,Western Sahara,France,74.0,Élevée,600,7.5,Deux hausses annuelles consécutives,À examiner
283,Tunisia,Canada,74.0,Élevée,396,22.2,Deux hausses annuelles consécutives,À examiner
284,Dem. Rep. of the Congo,Rwanda,73.9,Élevée,1322,-19.6,Accélération du volume,À examiner
285,Cambodia,Australia,73.9,Élevée,348,300.0,Accélération du volume,À examiner
286,Unknown ,France,73.9,Élevée,330,45.4,Accélération du volume,À examiner
287,Uganda,Kenya,73.9,Élevée,319,-36.7,Signal limité dans les indicateurs récents,À examiner
288,Somalia,Belgium,73.9,Élevée,1076,-14.5,Signal limité dans les indicateurs récents,À examiner
289,Eritrea,France,73.9,Élevée,1856,-3.2,Signal limité dans les indicateurs récents,À examiner
290,Bangladesh,France,73.8,Élevée,9615,-29.0,Signal limité dans les indicateurs récents,À examiner
291,Angola,Canada,73.8,Élevée,478,21.9,Accélération du volume,À examiner
292,Ukraine,Belgium,73.8,Élevée,325,112.4,Accélération + deux hausses consécutives,À examiner
293,Sudan,Lebanon,73.8,Élevée,1047,72.2,Accélération du volume,À examiner
294,Libya,Germany,73.7,Élevée,1319,-14.1,Signal limité dans les indicateurs récents,À examiner
295,Sudan,Israel,73.7,Élevée,396,235.6,Accélération + deux hausses consécutives,À examiner
296,China,Portugal,73.7,Élevée,175,139.7,Accélération + deux hausses consécutives,À examiner
297,Georgia,United Kingdom of Great Britain and Northern Ireland,73.7,Élevée,1167,10.4,Accélération du volume,À examiner
298,Unknown ,Netherlands (Kingdom of the),73.7,Élevée,1534,6.2,Deux hausses annuelles consécutives,À examiner
299,India,Germany,73.7,Élevée,1750,-25.7,Accélération du volume,À examiner
300,Rwanda,Rep. of Korea,73.6,Élevée,153,106.8,Accélération du volume,À examiner
301,Colombia,Costa Rica,73.6,Élevée,833,-28.7,Signal limité dans les indicateurs récents,À examiner
302,Nigeria,France,73.6,Élevée,4863,-2.7,Signal limité dans les indicateurs récents,À examiner
303,Armenia,Belgium,73.6,Élevée,726,25.6,Accélération du volume,À examiner
304,Myanmar,Rep. of Korea,73.4,Élevée,197,-49.5,Signal limité dans les indicateurs récents,À examiner
305,China,Netherlands (Kingdom of the),73.4,Élevée,284,26.2,Accélération du volume,À examiner
306,Ethiopia,Israel,73.4,Élevée,245,2.1,Deux hausses annuelles consécutives,À examiner
307,Iran (Islamic Rep. of),Türkiye,73.4,Élevée,585,-25.4,Accélération du volume,À examiner
308,Rwanda,Malawi,73.4,Élevée,287,-30.2,Signal limité dans les indicateurs récents,À examiner
309,Somalia,Dem. Rep. of the Congo,73.3,Élevée,574,744.1,Accélération du volume,À examiner
310,Afghanistan,Türkiye,73.3,Élevée,3472,-37.4,Accélération du volume,À examiner
311,Sri Lanka,Rep. of Korea,73.3,Élevée,316,33.3,Accélération du volume,À examiner
312,Eritrea,Greece,73.3,Élevée,1604,-37.4,Signal limité dans les indicateurs récents,À examiner
313,Somalia,India,73.3,Élevée,397,-4.6,Signal limité dans les indicateurs récents,À examiner
314,Türkiye,Finland,73.3,Élevée,286,50.5,Accélération du volume,À examiner
315,Russian Federation,Norway,73.3,Élevée,241,61.7,Accélération du volume,À examiner
316,Ecuador,Mexico,73.3,Élevée,823,-21.5,Accélération du volume,À examiner
317,Afghanistan,Tajikistan,73.2,Élevée,1876,-64.7,Signal limité dans les indicateurs récents,À examiner
318,Honduras,Spain,73.2,Élevée,671,-64.8,Signal limité dans les indicateurs récents,À examiner
319,Lebanon,Germany,73.2,Élevée,1939,-14.5,Signal limité dans les indicateurs récents,À examiner
320,Sudan,Kenya,73.2,Élevée,1183,-30.1,Signal limité dans les indicateurs récents,À examiner
321,Nicaragua,Germany,73.1,Élevée,313,92.0,Accélération du volume,À examiner
322,El Salvador,Italy,73.1,Élevée,1161,-17.2,Signal limité dans les indicateurs récents,À examiner
323,Unknown ,Switzerland,73.1,Élevée,383,80.7,Accélération du volume,À examiner
324,El Salvador,Mexico,73.1,Élevée,1110,-79.7,Signal limité dans les indicateurs récents,À examiner
325,Sri Lanka,Japan,73.0,Élevée,3151,-6.7,Accélération du volume,À examiner
326,Nigeria,United Kingdom of Great Britain and Northern Ireland,73.0,Élevée,3031,4.4,Deux hausses annuelles consécutives,À examiner
327,Albania,France,73.0,Élevée,1919,-37.9,Signal limité dans les indicateurs récents,À examiner
328,Sri Lanka,France,73.0,Élevée,5395,-10.5,Signal limité dans les indicateurs récents,À examiner
329,Eritrea,Ethiopia,72.9,Élevée,565,-63.5,Accélération du volume,À examiner
330,Morocco,Belgium,72.9,Élevée,523,9.9,Deux hausses annuelles consécutives,À examiner
331,India,United Kingdom of Great Britain and Northern Ireland,72.9,Élevée,6019,10.6,Accélération + deux hausses consécutives,À examiner
332,Libya,United Kingdom of Great Britain and Northern Ireland,72.9,Élevée,868,11.9,Deux hausses annuelles consécutives,À examiner
333,State of Palestine,Belgium,72.9,Élevée,6080,4.7,Deux hausses annuelles consécutives,À examiner
334,Morocco,Netherlands (Kingdom of the),72.9,Élevée,788,7.5,Accélération du volume,À examiner
335,Afghanistan,Germany,72.8,Élevée,87715,103.8,Accélération du volume,À examiner
336,Afghanistan,Cyprus,72.8,Élevée,402,-22.1,Accélération du volume,À examiner
337,Russian Federation,Germany,72.8,Élevée,11562,14.7,Accélération du volume,À examiner
338,Unknown ,Rep. of Korea,72.8,Élevée,333,55.6,Accélération du volume,À examiner
339,Russian Federation,France,72.8,Élevée,3988,-19.9,Signal limité dans les indicateurs récents,À examiner
340,Pakistan,Greece,72.7,Élevée,2990,-13.7,Accélération du volume,À examiner
341,Pakistan,Thailand,72.7,Élevée,573,-6.8,Signal limité dans les indicateurs récents,À examiner
342,Iraq,Belgium,72.7,Élevée,774,-14.6,Signal limité dans les indicateurs récents,À examiner
343,Sierra Leone,Belgium,72.7,Élevée,301,76.0,Accélération + deux hausses consécutives,À examiner
344,Nigeria,Cyprus,72.6,Élevée,643,-60.9,Signal limité dans les indicateurs récents,À examiner
345,Senegal,Italy,72.6,Élevée,1919,-21.4,Signal limité dans les indicateurs récents,À examiner
346,India,Austria,72.6,Élevée,263,-29.3,Accélération du volume,À examiner
347,Myanmar,Malaysia,72.6,Élevée,2952,-65.8,Signal limité dans les indicateurs récents,À examiner
348,Algeria,France,72.6,Élevée,1475,-8.7,Signal limité dans les indicateurs récents,À examiner
349,Somalia,Sweden,72.6,Élevée,334,-0.9,Accélération du volume,À examiner
350,Cote d'Ivoire,Germany,72.6,Élevée,1677,25.1,Accélération du volume,À examiner
351,Chad,France,72.6,Élevée,1487,-12.9,Signal limité dans les indicateurs récents,À examiner
352,Iraq,Bulgaria,72.5,Élevée,546,0.9,Accélération du volume,À examiner
353,Türkiye,Croatia,72.5,Élevée,265,19.4,Accélération + deux hausses consécutives,À examiner
354,Iraq,Netherlands (Kingdom of the),72.5,Élevée,661,-71.3,Signal limité dans les indicateurs récents,À examiner
355,Thailand,Japan,72.5,Élevée,2160,1.5,Deux hausses annuelles consécutives,À examiner
356,Cameroon,Cyprus,72.5,Élevée,530,-71.2,Signal limité dans les indicateurs récents,À examiner
357,El Salvador,United States of America,72.5,Élevée,21188,42.9,Accélération du volume,À examiner
358,Unknown ,Japan,72.5,Élevée,976,-54.6,Signal limité dans les indicateurs récents,À examiner
359,Tajikistan,Rep. of Korea,72.4,Élevée,401,26.1,Deux hausses annuelles consécutives,À examiner
360,Iraq,Austria,72.4,Élevée,261,-11.2,Accélération du volume,À examiner
361,Mali,Mauritania,72.4,Élevée,1175,-55.0,Signal limité dans les indicateurs récents,À examiner
362,Guinea,Belgium,72.4,Élevée,1724,4.4,Accélération du volume,À examiner
363,Iran (Islamic Rep. of),Canada,72.4,Élevée,6997,2.7,Deux hausses annuelles consécutives,À examiner
364,Burkina Faso,France,72.4,Élevée,514,-9.5,Signal limité dans les indicateurs récents,À examiner
365,Jordan,Germany,72.4,Élevée,1126,54.2,Accélération du volume,À examiner
366,Egypt,Ireland,72.4,Élevée,444,13.3,Accélération + deux hausses consécutives,À examiner
367,State of Palestine,Greece,72.4,Élevée,1336,-48.6,Accélération du volume,À examiner
368,Peru,Mexico,72.3,Élevée,353,6.0,Deux hausses annuelles consécutives,À examiner
369,Iran (Islamic Rep. of),France,72.3,Élevée,684,-5.8,Signal limité dans les indicateurs récents,À examiner
370,Burkina Faso,Italy,72.3,Élevée,428,-89.1,Signal limité dans les indicateurs récents,À examiner
371,Eritrea,Germany,72.3,Élevée,3431,-11.6,Accélération du volume,À examiner
372,Ecuador,Spain,72.3,Élevée,567,-65.8,Signal limité dans les indicateurs récents,À examiner
373,Sudan,Netherlands (Kingdom of the),72.3,Élevée,804,52.3,Accélération du volume,À examiner
374,Venezuela (Bolivarian Republic of),Germany,72.2,Élevée,5117,-11.1,Signal limité dans les indicateurs récents,À examiner
375,Iraq,Greece,72.2,Élevée,2745,-0.8,Accélération du volume,À examiner
376,Burundi,South Africa,72.2,Élevée,148,-37.8,Accélération du volume,À examiner
377,Jordan,Netherlands (Kingdom of the),72.2,Élevée,180,85.6,Accélération du volume,À examiner
378,Gambia,Germany,72.2,Élevée,1073,22.8,Accélération du volume,À examiner
379,Ecuador,Italy,72.2,Élevée,761,-18.4,Signal limité dans les indicateurs récents,À examiner
380,Venezuela (Bolivarian Republic of),Luxembourg,72.1,Élevée,183,60.5,Accélération du volume,À examiner
381,Serbia and Kosovo: S/RES/1244 (1999),France,72.1,Élevée,3609,-15.1,Signal limité dans les indicateurs récents,À examiner
382,Cameroon,Italy,72.1,Élevée,409,-70.2,Signal limité dans les indicateurs récents,À examiner
383,Cameroon,Greece,72.1,Élevée,448,-21.7,Accélération du volume,À examiner
384,Solomon Islands,Australia,72.0,Élevée,469,47.9,Accélération du volume,À examiner
385,Syrian Arab Rep.,Switzerland,72.0,Élevée,928,-35.5,Signal limité dans les indicateurs récents,À examiner
386,Pakistan,Malaysia,72.0,Élevée,248,-78.3,Signal limité dans les indicateurs récents,À examiner
387,Gambia,France,72.0,Élevée,315,12.9,Deux hausses annuelles consécutives,À examiner
388,Iraq,Sweden,72.0,Élevée,828,-14.7,Accélération du volume,À examiner
389,Albania,Italy,72.0,Élevée,1449,-23.0,Signal limité dans les indicateurs récents,À examiner
390,Algeria,Germany,71.9,Élevée,2965,-16.1,Signal limité dans les indicateurs récents,À examiner
391,Bangladesh,Australia,71.9,Élevée,798,2247.1,Accélération du volume,À examiner
392,State of Palestine,South Africa,71.9,Élevée,226,303.6,Croissance récente ≥ 30 %,À examiner
393,Afghanistan,France,71.9,Élevée,18415,-11.3,Signal limité dans les indicateurs récents,À examiner
394,Afghanistan,Greece,71.9,Élevée,15489,-1.9,Signal limité dans les indicateurs récents,À examiner
395,Morocco,Germany,71.9,Élevée,1726,-36.5,Signal limité dans les indicateurs récents,À examiner
396,Bolivia (Plurinational State of),Canada,71.9,Élevée,212,292.6,Accélération du volume,À examiner
397,Brazil,Italy,71.9,Élevée,831,-0.6,Signal limité dans les indicateurs récents,À examiner
398,Venezuela (Bolivarian Republic of),Peru,71.9,Élevée,17400,-42.9,Signal limité dans les indicateurs récents,À examiner
399,China,Rep. of Korea,71.8,Élevée,846,-53.3,Signal limité dans les indicateurs récents,À examiner
400,Venezuela (Bolivarian Republic of),Italy,71.8,Élevée,1989,-17.5,Signal limité dans les indicateurs récents,À examiner
401,South Sudan,Egypt,71.8,Élevée,10152,-3.4,Accélération du volume,À examiner
402,Romania,Canada,71.8,Élevée,1938,5.4,Accélération + deux hausses consécutives,À examiner
403,Ghana,Italy,71.8,Élevée,735,-11.0,Signal limité dans les indicateurs récents,À examiner
404,Tunisia,Germany,71.8,Élevée,1819,-52.4,Signal limité dans les indicateurs récents,À examiner
405,Colombia,Belgium,71.8,Élevée,905,-8.6,Signal limité dans les indicateurs récents,À examiner
406,Burkina Faso,Germany,71.8,Élevée,365,36.7,Accélération du volume,À examiner
407,United Rep. of Tanzania,Rep. of Korea,71.8,Élevée,205,159.5,Accélération + deux hausses consécutives,À examiner
408,Iran (Islamic Rep. of),Germany,71.7,Élevée,10980,4.8,Accélération du volume,À examiner
409,Sri Lanka,Italy,71.7,Élevée,3932,-9.9,Signal limité dans les indicateurs récents,À examiner
410,Russian Federation,Rep. of Korea,71.7,Élevée,2979,-43.2,Signal limité dans les indicateurs récents,À examiner
411,Ecuador,Brazil,71.7,Élevée,169,43.2,Accélération + deux hausses consécutives,À examiner
412,Togo,Germany,71.6,Élevée,620,130.5,Accélération du volume,À examiner
413,Guinea,Italy,71.6,Élevée,719,-67.3,Signal limité dans les indicateurs récents,À examiner
414,Cuba,Argentina,71.5,Élevée,215,22.9,Accélération + deux hausses consécutives,À examiner
415,Lebanon,Brazil,71.5,Élevée,277,19.4,Accélération du volume,À examiner
416,Azerbaijan,Belgium,71.5,Élevée,205,34.9,Deux hausses annuelles consécutives,À examiner
417,Somalia,Malaysia,71.5,Élevée,122,-75.5,Signal limité dans les indicateurs récents,À examiner
418,Yemen,Germany,71.5,Élevée,1258,-21.7,Accélération du volume,À examiner
419,Unknown ,United Kingdom of Great Britain and Northern Ireland,71.4,Élevée,64052,27040.7,Accélération + deux hausses consécutives,À examiner
420,Iran (Islamic Rep. of),Netherlands (Kingdom of the),71.4,Élevée,472,-36.4,Accélération du volume,À examiner
421,Honduras,Mexico,71.4,Élevée,4754,-83.0,Signal limité dans les indicateurs récents,À examiner
422,Ghana,Germany,71.4,Élevée,645,5.9,Accélération du volume,À examiner
423,Honduras,Guatemala,71.4,Élevée,280,-43.9,Signal limité dans les indicateurs récents,À examiner
424,Guinea,Morocco,71.3,Élevée,407,-50.8,Signal limité dans les indicateurs récents,À examiner
425,Burkina Faso,Benin,71.3,Élevée,1952,-76.7,Signal limité dans les indicateurs récents,À examiner
426,Serbia and Kosovo: S/RES/1244 (1999),Germany,71.2,Élevée,2935,-55.7,Signal limité dans les indicateurs récents,À examiner
427,Sudan,France,71.2,Élevée,5683,-8.9,Signal limité dans les indicateurs récents,À examiner
428,Mali,Cote d'Ivoire,71.2,Élevée,773,-40.4,Signal limité dans les indicateurs récents,À examiner
429,Colombia,Australia,71.2,Élevée,822,2317.6,Accélération du volume,À examiner
430,Colombia,Netherlands (Kingdom of the),71.1,Élevée,424,-26.0,Signal limité dans les indicateurs récents,À examiner
431,Nicaragua,Spain,71.1,Élevée,1605,-24.4,Signal limité dans les indicateurs récents,À examiner
432,Iran (Islamic Rep. of),Norway,71.1,Élevée,192,86.4,Accélération du volume,À examiner
433,Central African Rep.,France,71.1,Élevée,1055,-3.2,Signal limité dans les indicateurs récents,À examiner
434,Venezuela (Bolivarian Republic of),Costa Rica,71.1,Élevée,1724,1.8,Accélération du volume,À examiner
435,Bolivia (Plurinational State of),Brazil,71.0,Élevée,184,39.4,Accélération + deux hausses consécutives,À examiner
436,Iran (Islamic Rep. of),Switzerland,71.0,Élevée,310,-20.3,Accélération du volume,À examiner
437,Cameroon,United Kingdom of Great Britain and Northern Ireland,71.0,Élevée,778,7.0,Deux hausses annuelles consécutives,À examiner
438,Nigeria,Australia,71.0,Élevée,211,441.0,Accélération du volume,À examiner
439,Nigeria,Ireland,71.0,Élevée,5879,6.6,Deux hausses annuelles consécutives,À examiner
440,Angola,Switzerland,71.0,Élevée,157,48.1,Accélération + deux hausses consécutives,À examiner
441,Tajikistan,Germany,71.0,Élevée,1226,7.8,Deux hausses annuelles consécutives,À examiner
442,Brazil,Australia,70.9,Élevée,344,2766.7,Accélération du volume,À examiner
443,Burkina Faso,Niger,70.9,Élevée,9318,29.4,Accélération + deux hausses consécutives,À examiner
444,Chad,Cameroon,70.9,Élevée,449,-62.7,Signal limité dans les indicateurs récents,À examiner
445,Venezuela (Bolivarian Republic of),France,70.8,Élevée,1175,-6.6,Signal limité dans les indicateurs récents,À examiner
446,Afghanistan,Kyrgyzstan,70.8,Élevée,306,109.6,Deux hausses annuelles consécutives,À examiner
447,Afghanistan,Pakistan,70.8,Élevée,349,19.1,Accélération du volume,À examiner
448,India,Greece,70.8,Élevée,285,-11.2,Accélération du volume,À examiner
449,Georgia,Belgium,70.8,Élevée,982,-24.2,Signal limité dans les indicateurs récents,À examiner
450,Colombia,Spain,70.8,Élevée,14524,-63.8,Signal limité dans les indicateurs récents,À examiner
451,Senegal,Morocco,70.7,Élevée,190,-67.6,Signal limité dans les indicateurs récents,À examiner
452,Russian Federation,Canada,70.7,Élevée,270,21.6,Accélération du volume,À examiner
453,Russian Federation,Austria,70.7,Élevée,615,6.6,Accélération du volume,À examiner
454,Viet Nam,Thailand,70.7,Élevée,274,-58.9,Signal limité dans les indicateurs récents,À examiner
455,Dem. Rep. of the Congo,Brazil,70.7,Élevée,173,64.8,Accélération + deux hausses consécutives,À examiner
456,Yemen,Netherlands (Kingdom of the),70.7,Élevée,512,-52.9,Signal limité dans les indicateurs récents,À examiner
457,Iran (Islamic Rep. of),Austria,70.7,Élevée,470,-10.1,Accélération du volume,À examiner
458,Armenia,France,70.7,Élevée,2767,-26.1,Signal limité dans les indicateurs récents,À examiner
459,Mali,Cameroon,70.7,Élevée,145,113.2,Accélération du volume,À examiner
460,Syrian Arab Rep.,Somalia,70.6,Élevée,230,1050.0,Accélération du volume,À examiner
461,Cote d'Ivoire,Morocco,70.6,Élevée,259,-64.3,Signal limité dans les indicateurs récents,À examiner
462,State of Palestine,Sweden,70.6,Élevée,334,-9.7,Signal limité dans les indicateurs récents,À examiner
463,Türkiye,Italy,70.6,Élevée,1258,-5.1,Accélération du volume,À examiner
464,Sri Lanka,Switzerland,70.6,Élevée,332,-27.0,Signal limité dans les indicateurs récents,À examiner
465,Morocco,Spain,70.6,Élevée,3003,-29.3,Signal limité dans les indicateurs récents,À examiner
466,Ghana,Rep. of Korea,70.6,Élevée,355,6.9,Deux hausses annuelles consécutives,À examiner
467,Tunisia,France,70.6,Élevée,611,-7.7,Signal limité dans les indicateurs récents,À examiner
468,Iraq,Germany,70.6,Élevée,14605,-8.3,Accélération du volume,À examiner
469,Ukraine,Norway,70.6,Élevée,1792,64.7,Accélération du volume,À examiner
470,Afghanistan,Switzerland,70.6,Élevée,6207,-28.1,Signal limité dans les indicateurs récents,À examiner
471,Peru,Germany,70.5,Élevée,409,53.2,Accélération du volume,À examiner
472,Brazil,Spain,70.5,Élevée,401,-35.1,Signal limité dans les indicateurs récents,À examiner
473,Central African Rep.,Chad,70.5,Élevée,1036,-81.8,Signal limité dans les indicateurs récents,À examiner
474,Armenia,Germany,70.5,Élevée,3100,-10.6,Signal limité dans les indicateurs récents,À examiner
475,Mongolia,Australia,70.5,Élevée,390,828.6,Accélération du volume,À examiner
476,Cote d'Ivoire,Italy,70.5,Élevée,606,-74.0,Signal limité dans les indicateurs récents,À examiner
477,Nicaragua,Mexico,70.5,Élevée,352,-62.6,Signal limité dans les indicateurs récents,À examiner
478,Ukraine,United Kingdom of Great Britain and Northern Ireland,70.4,Élevée,1553,70.5,Deux hausses annuelles consécutives,À examiner
479,Dominican Rep.,France,70.4,Élevée,283,15.0,Accélération du volume,À examiner
480,Somalia,Kenya,70.4,Élevée,17634,-75.2,Signal limité dans les indicateurs récents,À examiner
481,Niger,Germany,70.4,Élevée,225,27.8,Deux hausses annuelles consécutives,À examiner
482,Peru,Spain,70.4,Élevée,3511,-66.3,Signal limité dans les indicateurs récents,À examiner
483,Georgia,Switzerland,70.4,Élevée,349,-17.9,Accélération du volume,À examiner
484,Unknown ,Australia,70.4,Élevée,6704,15490.7,Accélération du volume,À examiner
485,Afghanistan,Belgium,70.4,Élevée,4989,-14.8,Accélération du volume,À examiner
486,Bangladesh,Canada,70.4,Élevée,4566,-71.5,Signal limité dans les indicateurs récents,À examiner
487,Rwanda,Belgium,70.4,Élevée,457,8.6,Deux hausses annuelles consécutives,À examiner
488,Eritrea,Sweden,70.3,Élevée,399,-24.4,Signal limité dans les indicateurs récents,À examiner
489,Venezuela (Bolivarian Republic of),United States of America,70.3,Élevée,141616,21.2,Accélération du volume,À examiner
490,Sudan,United Kingdom of Great Britain and Northern Ireland,70.3,Élevée,5984,23.3,Deux hausses annuelles consécutives,À examiner
491,Kenya,Germany,70.3,Élevée,721,-11.3,Signal limité dans les indicateurs récents,À examiner
492,Georgia,Germany,70.2,Élevée,4345,-41.4,Accélération du volume,À examiner
493,Türkiye,Japan,70.2,Élevée,1812,-4.0,Accélération du volume,À examiner
494,Sudan,Nigeria,70.2,Élevée,550,18.3,Deux hausses annuelles consécutives,À examiner
495,Serbia and Kosovo: S/RES/1244 (1999),Belgium,70.2,Élevée,427,8.1,Deux hausses annuelles consécutives,À examiner
496,Haiti,Mexico,70.1,Élevée,9074,-16.4,Accélération du volume,À examiner
497,Afghanistan,India,70.1,Élevée,198,-55.8,Signal limité dans les indicateurs récents,À examiner
498,Pakistan,Italy,70.1,Élevée,10160,-17.8,Accélération du volume,À examiner
499,Ecuador,Peru,70.1,Élevée,193,-42.4,Signal limité dans les indicateurs récents,À examiner
500,Ukraine,Ireland,70.1,Élevée,395,50.8,Accélération + deux hausses consécutives,À examiner
501,Malawi,South Africa,70.1,Élevée,122,-41.9,Signal limité dans les indicateurs récents,À examiner
502,Sudan,Libya,70.1,Élevée,978,42.6,Accélération du volume,À examiner
503,Uganda,Netherlands (Kingdom of the),70.0,Élevée,438,38.6,Accélération du volume,À examiner
504,Syrian Arab Rep.,France,70.0,Élevée,2558,-16.8,Accélération du volume,À examiner
505,Nigeria,Sweden,70.0,Élevée,315,-31.5,Signal limité dans les indicateurs récents,À examiner
506,Syrian Arab Rep.,Sweden,69.9,Élevée,1082,-35.6,Signal limité dans les indicateurs récents,À examiner
507,Malawi,Israel,69.8,Élevée,572,8.3,Deux hausses annuelles consécutives,À examiner
508,Syrian Arab Rep.,Cyprus,69.8,Élevée,1545,-64.4,Signal limité dans les indicateurs récents,À examiner
509,Peru,Italy,69.8,Élevée,15455,-1.6,Signal limité dans les indicateurs récents,À examiner
510,Iran (Islamic Rep. of),Belgium,69.8,Élevée,451,-12.9,Accélération du volume,À examiner
511,Thailand,Rep. of Korea,69.8,Élevée,152,34.5,Accélération + deux hausses consécutives,À examiner
512,Ethiopia,Japan,69.8,Élevée,201,95.1,Croissance récente ≥ 30 %,À examiner
513,Sierra Leone,Germany,69.8,Élevée,932,23.3,Accélération du volume,À examiner
514,Venezuela (Bolivarian Republic of),Chile,69.7,Élevée,268,-81.9,Signal limité dans les indicateurs récents,À examiner
515,Angola,Brazil,69.7,Élevée,1253,-63.4,Signal limité dans les indicateurs récents,À examiner
516,Eritrea,Luxembourg,69.7,Élevée,353,-5.4,Accélération du volume,À examiner
517,Bolivia (Plurinational State of),United States of America,69.7,Élevée,3323,40.2,Accélération + deux hausses consécutives,À examiner
518,Senegal,Spain,69.6,Élevée,3333,-56.8,Signal limité dans les indicateurs récents,À examiner
519,Sudan,Rwanda,69.6,Élevée,277,-23.7,Signal limité dans les indicateurs récents,À examiner
520,Ukraine,Canada,69.6,Élevée,845,11.3,Deux hausses annuelles consécutives,À examiner
521,Congo,France,69.6,Élevée,2404,7.1,Deux hausses annuelles consécutives,À examiner
522,State of Palestine,Iceland,69.6,Élevée,217,16.0,Accélération du volume,À examiner
523,Benin,Germany,69.6,Élevée,1045,-1.6,Signal limité dans les indicateurs récents,À examiner
524,Albania,Germany,69.6,Élevée,928,-55.4,Signal limité dans les indicateurs récents,À examiner
525,Guinea,Greece,69.5,Élevée,376,0.8,Accélération du volume,À examiner
526,Tunisia,Belgium,69.5,Élevée,222,196.0,Accélération du volume,À examiner
527,Syrian Arab Rep.,Belgium,69.5,Élevée,1730,-71.2,Signal limité dans les indicateurs récents,À examiner
528,India,France,69.5,Élevée,444,-28.8,Signal limité dans les indicateurs récents,À examiner
529,Nigeria,Spain,69.5,Élevée,260,6.1,Deux hausses annuelles consécutives,À examiner
530,United Rep. of Tanzania,Germany,69.5,Élevée,336,23.1,Accélération + deux hausses consécutives,À examiner
531,Algeria,Switzerland,69.5,Élevée,2127,0.8,Deux hausses annuelles consécutives,À examiner
532,Gambia,Italy,69.4,Élevée,875,-62.3,Signal limité dans les indicateurs récents,À examiner
533,Cameroon,Canada,69.4,Élevée,1573,-26.2,Signal limité dans les indicateurs récents,À examiner
534,Colombia,Canada,69.4,Élevée,3350,-37.7,Signal limité dans les indicateurs récents,À examiner
535,Bangladesh,Italy,69.4,Élevée,28039,-16.1,Signal limité dans les indicateurs récents,À examiner
536,Georgia,France,69.4,Élevée,5980,-3.0,Accélération du volume,À examiner
537,Türkiye,Greece,69.4,Élevée,2001,-54.6,Signal limité dans les indicateurs récents,À examiner
538,Lebanon,Sweden,69.3,Élevée,269,-19.9,Signal limité dans les indicateurs récents,À examiner
539,Uzbekistan,Rep. of Korea,69.3,Élevée,619,28.4,Accélération du volume,À examiner
540,Comoros,France,69.3,Élevée,337,-68.4,Signal limité dans les indicateurs récents,À examiner
541,Yemen,Belgium,69.3,Élevée,354,-13.7,Signal limité dans les indicateurs récents,À examiner
542,Sri Lanka,Greece,69.3,Élevée,179,58.4,Deux hausses annuelles consécutives,À examiner
543,Somalia,Eswatini,69.3,Élevée,177,-5.9,Signal limité dans les indicateurs récents,À examiner
544,Iran (Islamic Rep. of),Finland,69.3,Élevée,188,26.2,Accélération du volume,À examiner
545,Venezuela (Bolivarian Republic of),Uruguay,69.3,Élevée,1091,-1.8,Signal limité dans les indicateurs récents,À examiner
546,Pakistan,United Kingdom of Great Britain and Northern Ireland,69.2,Élevée,10951,2.8,Deux hausses annuelles consécutives,À examiner
547,Guatemala,United States of America,69.2,Élevée,39353,25.1,Accélération du volume,À examiner
548,Somalia,Latvia,69.2,Élevée,281,510.9,Accélération + deux hausses consécutives,À examiner
549,Azerbaijan,Sweden,69.2,Élevée,238,-11.5,Accélération du volume,À examiner
550,Eritrea,Egypt,69.2,Élevée,8439,-21.3,Signal limité dans les indicateurs récents,À examiner
551,Ethiopia,Canada,69.1,Élevée,1023,-39.8,Signal limité dans les indicateurs récents,À examiner
552,Colombia,Panama,69.1,Élevée,341,-31.9,Signal limité dans les indicateurs récents,À examiner
553,El Salvador,Canada,69.1,Élevée,225,28.6,Accélération du volume,À examiner
554,Peru,Ecuador,69.1,Élevée,103,368.2,Accélération + deux hausses consécutives,À examiner
555,Colombia,Portugal,69.0,Élevée,245,-3.2,Signal limité dans les indicateurs récents,À examiner
556,Malaysia,Rep. of Korea,68.9,Élevée,802,-32.1,Signal limité dans les indicateurs récents,À examiner
557,Morocco,Switzerland,68.9,Élevée,1050,-18.5,Accélération du volume,À examiner
558,Honduras,United States of America,68.9,Élevée,39035,10.3,Accélération du volume,À examiner
559,Afghanistan,Uganda,68.9,Élevée,213,34.0,Accélération + deux hausses consécutives,À examiner
560,United Kingdom of Great Britain and Northern Ireland,Canada,68.9,Élevée,407,31.7,Accélération + deux hausses consécutives,À examiner
561,State of Palestine,Norway,68.9,Élevée,209,95.3,Croissance récente ≥ 30 %,À examiner
562,Guinea,Algeria,68.8,Élevée,233,-36.9,Signal limité dans les indicateurs récents,À examiner
563,Chad,Canada,68.8,Élevée,447,-69.4,Signal limité dans les indicateurs récents,À examiner
564,Viet Nam,Australia,68.8,Élevée,2180,-39.3,Signal limité dans les indicateurs récents,À examiner
565,Liberia,Germany,68.8,Élevée,587,82.9,Accélération du volume,À examiner
566,Central African Rep.,Cameroon,68.8,Élevée,1993,-13.6,Signal limité dans les indicateurs récents,À examiner
567,Pakistan,Canada,68.8,Élevée,4255,-29.7,Signal limité dans les indicateurs récents,À examiner
568,Egypt,Netherlands (Kingdom of the),68.7,Élevée,358,6.5,Accélération du volume,À examiner
569,Colombia,Sweden,68.7,Élevée,353,-35.3,Accélération du volume,À examiner
570,Mexico,United States of America,68.7,Élevée,86001,57.9,Accélération + deux hausses consécutives,À examiner
571,Rep. of Korea,Australia,68.7,Élevée,257,39.7,Accélération du volume,À examiner
572,Jordan,Belgium,68.7,Élevée,211,470.3,Accélération du volume,À examiner
573,Georgia,Austria,68.7,Élevée,208,8.3,Accélération du volume,À examiner
574,Sierra Leone,United Kingdom of Great Britain and Northern Ireland,68.7,Élevée,393,77.8,Accélération + deux hausses consécutives,À examiner
575,Morocco,Slovenia,68.6,Élevée,2512,-29.7,Accélération du volume,À examiner
576,China,Belgium,68.6,Élevée,163,73.4,Accélération du volume,À examiner
577,Burundi,France,68.6,Élevée,297,-9.5,Accélération du volume,À examiner
578,Russian Federation,Denmark,68.6,Élevée,159,96.3,Accélération du volume,À examiner
579,India,Cyprus,68.6,Élevée,147,-33.2,Accélération du volume,À examiner
580,Russian Federation,Argentina,68.5,Élevée,528,-40.9,Signal limité dans les indicateurs récents,À examiner
581,China,Brazil,68.5,Élevée,443,-25.9,Accélération du volume,À examiner
582,Lebanon,Canada,68.5,Élevée,596,-69.3,Signal limité dans les indicateurs récents,À examiner
583,Argentina,Spain,68.5,Élevée,458,-60.6,Signal limité dans les indicateurs récents,À examiner
584,Senegal,Canada,68.5,Élevée,1527,-2.6,Accélération du volume,À examiner
585,Iraq,Australia,68.5,Élevée,153,350.0,Accélération du volume,À examiner
586,Afghanistan,Bulgaria,68.4,Élevée,944,-52.3,Accélération du volume,À examiner
587,Tunisia,Rep. of Korea,68.4,Élevée,159,24.2,Accélération du volume,À examiner
588,Venezuela (Bolivarian Republic of),Brazil,68.4,Élevée,21233,-21.8,Signal limité dans les indicateurs récents,À examiner
589,Ethiopia,Belgium,68.3,Élevée,234,-29.7,Signal limité dans les indicateurs récents,À examiner
590,India,New Zealand,68.3,Élevée,749,-34.1,Signal limité dans les indicateurs récents,À examiner
591,Türkiye,Rep. of Korea,68.3,Élevée,696,-37.2,Signal limité dans les indicateurs récents,À examiner
592,Guatemala,Canada,68.3,Élevée,309,5.5,Accélération du volume,À examiner
593,Nicaragua,Guatemala,68.3,Élevée,265,-7.0,Signal limité dans les indicateurs récents,À examiner
594,Lebanon,France,68.3,Élevée,269,-34.2,Signal limité dans les indicateurs récents,À examiner
595,Syrian Arab Rep.,Croatia,68.2,Élevée,169,-22.1,Signal limité dans les indicateurs récents,À examiner
596,Syrian Arab Rep.,Greece,68.2,Élevée,3940,-83.0,Signal limité dans les indicateurs récents,À examiner
597,Eritrea,Denmark,68.2,Élevée,258,9.3,Deux hausses annuelles consécutives,À examiner
598,Mongolia,France,68.2,Élevée,479,-11.8,Signal limité dans les indicateurs récents,À examiner
599,Venezuela (Bolivarian Republic of),Guatemala,68.2,Élevée,429,-7.1,Signal limité dans les indicateurs récents,À examiner
600,South Sudan,Greece,68.1,Élevée,339,1203.8,Accélération du volume,À examiner
601,Mexico,Canada,68.1,Élevée,7791,-36.4,Accélération du volume,À examiner
602,Guinea,France,68.1,Élevée,15519,-1.8,Signal limité dans les indicateurs récents,À examiner
603,Cuba,United States of America,68.1,Élevée,40348,194.8,Accélération du volume,À examiner
604,Dem. Rep. of the Congo,Greece,68.1,Élevée,364,-47.4,Accélération du volume,À examiner
605,Gambia,Spain,68.1,Élevée,822,-34.7,Signal limité dans les indicateurs récents,À examiner
606,Ghana,South Africa,68.1,Élevée,112,-11.1,Accélération du volume,À examiner
607,Uzbekistan,Sweden,68.1,Élevée,629,-46.4,Signal limité dans les indicateurs récents,À examiner
608,Tajikistan,Kyrgyzstan,68.0,Élevée,486,-77.4,Signal limité dans les indicateurs récents,À examiner
609,Sudan,Chad,68.0,Élevée,965,-54.8,Signal limité dans les indicateurs récents,À examiner
610,Türkiye,Australia,68.0,Élevée,303,1342.9,Accélération du volume,À examiner
611,Syrian Arab Rep.,Luxembourg,68.0,Élevée,210,-31.1,Accélération du volume,À examiner
612,Ukraine,Germany,67.9,Élevée,1763,1.1,Deux hausses annuelles consécutives,À examiner
613,Rep. of Moldova,Germany,67.9,Élevée,2023,-30.0,Signal limité dans les indicateurs récents,À examiner
614,Niger,Spain,67.9,Élevée,131,101.5,Deux hausses annuelles consécutives,À examiner
615,Dem. Rep. of the Congo,Canada,67.9,Élevée,2049,-29.6,Signal limité dans les indicateurs récents,À examiner
616,Algeria,Slovenia,67.9,Élevée,322,-28.8,Signal limité dans les indicateurs récents,À examiner
617,Chad,Niger,67.9,Élevée,269,-97.5,Signal limité dans les indicateurs récents,À examiner
618,Serbia and Kosovo: S/RES/1244 (1999),Italy,67.9,Élevée,338,-47.0,Signal limité dans les indicateurs récents,À examiner
619,Syrian Arab Rep.,Nigeria,67.9,Élevée,309,-16.7,Signal limité dans les indicateurs récents,À examiner
620,Colombia,Norway,67.9,Élevée,298,17.3,Deux hausses annuelles consécutives,À examiner
621,Chile,Mexico,67.8,Élevée,308,-62.3,Accélération du volume,À examiner
622,Bangladesh,Germany,67.8,Élevée,291,-2.3,Signal limité dans les indicateurs récents,À examiner
623,Iraq,United Kingdom of Great Britain and Northern Ireland,67.8,Élevée,2848,-27.9,Signal limité dans les indicateurs récents,À examiner
624,Albania,Belgium,67.8,Élevée,371,-28.8,Signal limité dans les indicateurs récents,À examiner
625,Cote d'Ivoire,France,67.8,Élevée,13102,-6.6,Signal limité dans les indicateurs récents,À examiner
626,Sri Lanka,Canada,67.8,Élevée,2681,-73.3,Signal limité dans les indicateurs récents,À examiner
627,Unknown ,Belgium,67.8,Élevée,870,-6.1,Signal limité dans les indicateurs récents,À examiner
628,Nigeria,Canada,67.8,Élevée,8118,-43.5,Signal limité dans les indicateurs récents,À examiner
629,Dominican Rep.,United States of America,67.7,Élevée,6373,29.7,Accélération du volume,À examiner
630,Niger,Burkina Faso,67.6,Élevée,160,-71.4,Signal limité dans les indicateurs récents,À examiner
631,Tunisia,Switzerland,67.6,Élevée,465,-29.4,Signal limité dans les indicateurs récents,À examiner
632,Sudan,Algeria,67.6,Élevée,263,24.6,Deux hausses annuelles consécutives,À examiner
633,Stateless,Sweden,67.6,Élevée,278,-31.7,Signal limité dans les indicateurs récents,À examiner
634,South Africa,Rep. of Korea,67.6,Élevée,263,12.9,Deux hausses annuelles consécutives,À examiner
635,Benin,Belgium,67.6,Élevée,243,45.5,Accélération du volume,À examiner
636,Pakistan,Iraq,67.6,Élevée,153,-51.6,Signal limité dans les indicateurs récents,À examiner
637,Ukraine,France,67.6,Élevée,13070,6.5,Deux hausses annuelles consécutives,À examiner
638,Pakistan,Sweden,67.5,Élevée,262,7.4,Accélération du volume,À examiner
639,Paraguay,Spain,67.5,Élevée,496,-48.8,Signal limité dans les indicateurs récents,À examiner
640,Rep. of Moldova,Italy,67.5,Élevée,484,-5.1,Signal limité dans les indicateurs récents,À examiner
641,Russian Federation,Spain,67.5,Élevée,679,-26.1,Accélération du volume,À examiner
642,Brazil,United Kingdom of Great Britain and Northern Ireland,67.4,Élevée,2547,-7.1,Signal limité dans les indicateurs récents,À examiner
643,Peru,Brazil,67.4,Élevée,269,8.0,Accélération du volume,À examiner
644,Cuba,Peru,67.4,Élevée,329,-35.6,Accélération du volume,À examiner
645,Sudan,Germany,67.4,Élevée,1026,-4.3,Signal limité dans les indicateurs récents,À examiner
646,Turkmenistan,Rep. of Korea,67.3,Élevée,161,67.7,Accélération du volume,À examiner
647,Georgia,Ireland,67.3,Élevée,1922,-16.0,Signal limité dans les indicateurs récents,À examiner
648,El Salvador,Guatemala,67.3,Élevée,157,-41.9,Signal limité dans les indicateurs récents,À examiner
649,Stateless,Greece,67.3,Élevée,578,-63.1,Signal limité dans les indicateurs récents,À examiner
650,Nicaragua,Panama,67.3,Élevée,225,-21.6,Signal limité dans les indicateurs récents,À examiner
651,Rep. of Moldova,Austria,67.2,Élevée,147,276.9,Accélération du volume,À examiner
652,Syrian Arab Rep.,Austria,67.2,Élevée,4481,-67.8,Signal limité dans les indicateurs récents,À examiner
653,Togo,France,67.2,Élevée,306,-7.8,Signal limité dans les indicateurs récents,À examiner
654,India,Canada,67.2,Élevée,21109,-39.9,Signal limité dans les indicateurs récents,À examiner
655,Kenya,Australia,67.2,Élevée,295,1635.3,Accélération du volume,À examiner
656,Afghanistan,Thailand,67.1,Élevée,150,74.4,Deux hausses annuelles consécutives,À examiner
657,Afghanistan,Russian Federation,67.1,Élevée,286,-39.8,Accélération du volume,À examiner
658,Türkiye,France,67.1,Élevée,12664,-20.5,Signal limité dans les indicateurs récents,À examiner
659,Russian Federation,Israel,67.1,Élevée,447,-36.1,Accélération du volume,À examiner
660,Ghana,United Kingdom of Great Britain and Northern Ireland,67.1,Élevée,546,13.3,Deux hausses annuelles consécutives,À examiner
661,Georgia,Canada,67.1,Élevée,288,2.1,Accélération du volume,À examiner
662,Cuba,Italy,67.0,Élevée,349,-14.5,Signal limité dans les indicateurs récents,À examiner
663,Burundi,United Rep. of Tanzania,66.9,Élevée,189,-70.4,Signal limité dans les indicateurs récents,À examiner
664,Venezuela (Bolivarian Republic of),Iceland,66.9,Élevée,312,-76.1,Signal limité dans les indicateurs récents,À examiner
665,Tunisia,Italy,66.9,Élevée,6226,-38.1,Signal limité dans les indicateurs récents,À examiner
666,Sudan,Egypt,66.9,Élevée,264846,-34.9,Signal limité dans les indicateurs récents,À examiner
667,Jordan,United States of America,66.9,Élevée,1745,23.8,Accélération + deux hausses consécutives,À examiner
668,India,United States of America,66.9,Élevée,10417,-62.4,Signal limité dans les indicateurs récents,À examiner
669,Türkiye,Netherlands (Kingdom of the),66.9,Élevée,1530,-19.7,Accélération du volume,À examiner
670,Bosnia and Herzegovina,Germany,66.9,Élevée,659,-51.0,Signal limité dans les indicateurs récents,À examiner
671,Central African Rep.,Congo,66.8,Élevée,155,-78.5,Signal limité dans les indicateurs récents,À examiner
672,Mongolia,Rep. of Korea,66.8,Élevée,1030,-13.2,Signal limité dans les indicateurs récents,À examiner
673,Uganda,Canada,66.8,Élevée,717,-66.1,Signal limité dans les indicateurs récents,À examiner
674,North Macedonia,Germany,66.8,Élevée,1936,-57.6,Signal limité dans les indicateurs récents,À examiner
675,Egypt,Italy,66.8,Élevée,11643,-2.7,Accélération du volume,À examiner
676,Unknown ,New Zealand,66.8,Élevée,500,97.6,Deux hausses annuelles consécutives,À examiner
677,Ecuador,United States of America,66.7,Élevée,37704,-1.1,Signal limité dans les indicateurs récents,À examiner
678,Algeria,Spain,66.7,Élevée,319,-65.2,Signal limité dans les indicateurs récents,À examiner
679,Burkina Faso,Togo,66.7,Élevée,6567,-58.6,Signal limité dans les indicateurs récents,À examiner
680,Senegal,Germany,66.7,Élevée,287,-16.1,Signal limité dans les indicateurs récents,À examiner
681,Morocco,Italy,66.7,Élevée,9346,-9.8,Signal limité dans les indicateurs récents,À examiner
682,Syrian Arab Rep.,Germany,66.7,Élevée,41266,-54.1,Signal limité dans les indicateurs récents,À examiner
683,Türkiye,United Kingdom of Great Britain and Northern Ireland,66.6,Élevée,2044,-33.5,Signal limité dans les indicateurs récents,À examiner
684,Nicaragua,Costa Rica,66.6,Élevée,23335,-0.9,Accélération du volume,À examiner
685,Cote d'Ivoire,Belgium,66.6,Élevée,526,3.3,Accélération du volume,À examiner
686,Haiti,United States of America,66.6,Élevée,52130,11.7,Accélération du volume,À examiner
687,Türkiye,Switzerland,66.5,Élevée,2534,-38.3,Accélération du volume,À examiner
688,Russian Federation,Poland,66.5,Élevée,628,-61.1,Signal limité dans les indicateurs récents,À examiner
689,Albania,United Kingdom of Great Britain and Northern Ireland,66.5,Élevée,2197,-35.0,Signal limité dans les indicateurs récents,À examiner
690,Morocco,Rep. of Korea,66.4,Élevée,195,-18.4,Accélération du volume,À examiner
691,Syrian Arab Rep.,Netherlands (Kingdom of the),66.4,Élevée,3373,-71.1,Signal limité dans les indicateurs récents,À examiner
692,Bangladesh,United Kingdom of Great Britain and Northern Ireland,66.4,Élevée,6529,-11.0,Signal limité dans les indicateurs récents,À examiner
693,Nigeria,Cameroon,66.4,Élevée,387,-57.9,Signal limité dans les indicateurs récents,À examiner
694,Somalia,South Sudan,66.4,Élevée,124,933.3,Accélération du volume,À examiner
695,Pakistan,Belgium,66.3,Élevée,204,-14.3,Signal limité dans les indicateurs récents,À examiner
696,Afghanistan,Denmark,66.3,Élevée,238,3.9,Accélération du volume,À examiner
697,Cameroon,Mauritania,66.3,Élevée,146,317.1,Accélération + deux hausses consécutives,À examiner
698,Zimbabwe,United Kingdom of Great Britain and Northern Ireland,66.3,Élevée,267,52.6,Deux hausses annuelles consécutives,À examiner
699,Niger,Cameroon,66.3,Élevée,4920,-3.9,Signal limité dans les indicateurs récents,À examiner
700,Afghanistan,Poland,66.2,Élevée,238,-18.2,Signal limité dans les indicateurs récents,À examiner
701,Mongolia,Germany,66.2,Élevée,490,-23.8,Signal limité dans les indicateurs récents,À examiner
702,Venezuela (Bolivarian Republic of),Belgium,66.2,Élevée,524,-10.4,Signal limité dans les indicateurs récents,À examiner
703,Cuba,Colombia,66.2,Élevée,246,-18.3,Signal limité dans les indicateurs récents,À examiner
704,Niger,France,66.1,Élevée,205,-13.9,Signal limité dans les indicateurs récents,À examiner
705,Honduras,Canada,66.1,Élevée,296,9.2,Accélération du volume,À examiner
706,Sri Lanka,United Kingdom of Great Britain and Northern Ireland,66.1,Élevée,2326,-19.7,Signal limité dans les indicateurs récents,À examiner
707,Syrian Arab Rep.,Denmark,66.1,Élevée,158,-66.7,Signal limité dans les indicateurs récents,À examiner
708,Kyrgyzstan,Italy,66.1,Élevée,276,0.4,Deux hausses annuelles consécutives,À examiner
709,Haiti,Brazil,66.1,Élevée,262,-16.3,Signal limité dans les indicateurs récents,À examiner
710,Afghanistan,United Kingdom of Great Britain and Northern Ireland,66.0,Élevée,6956,-19.5,Signal limité dans les indicateurs récents,À examiner
711,South Africa,Australia,66.0,Élevée,212,1147.1,Accélération du volume,À examiner
712,Türkiye,Austria,66.0,Élevée,924,-17.6,Accélération du volume,À examiner
713,Eritrea,Norway,66.0,Élevée,355,-6.6,Signal limité dans les indicateurs récents,À examiner
714,Honduras,Italy,65.9,Élevée,257,-26.1,Signal limité dans les indicateurs récents,À examiner
715,Türkiye,Sweden,65.9,Élevée,519,-25.6,Signal limité dans les indicateurs récents,À examiner
716,Ghana,Canada,65.9,Élevée,3432,-52.5,Signal limité dans les indicateurs récents,À examiner
717,Senegal,Belgium,65.9,Élevée,306,-12.3,Signal limité dans les indicateurs récents,À examiner
718,Cambodia,Japan,65.8,Élevée,449,-6.1,Accélération du volume,À examiner
719,Myanmar,Germany,65.8,Élevée,293,-12.8,Signal limité dans les indicateurs récents,À examiner
720,Stateless,Canada,65.7,Élevée,326,6.5,Accélération du volume,À examiner
721,Indonesia,Rep. of Korea,65.7,Élevée,335,1.8,Deux hausses annuelles consécutives,À examiner
722,United Kingdom of Great Britain and Northern Ireland,Australia,65.7,Élevée,290,643.6,Accélération du volume,À examiner
723,Ethiopia,Eswatini,65.7,Élevée,107,-23.6,Accélération du volume,À examiner
724,Syrian Arab Rep.,Finland,65.7,Élevée,120,-46.9,Accélération du volume,À examiner
725,Mali,Morocco,65.7,Élevée,95,-59.2,Signal limité dans les indicateurs récents,À examiner
726,Algeria,Canada,65.7,Élevée,2281,-33.2,Signal limité dans les indicateurs récents,À examiner
727,Rep. of Moldova,France,65.7,Élevée,319,8.1,Accélération du volume,À examiner
728,El Salvador,Spain,65.6,Élevée,239,-67.4,Signal limité dans les indicateurs récents,À examiner
729,Sudan,Niger,65.6,Élevée,371,-47.7,Signal limité dans les indicateurs récents,À examiner
730,Burundi,Canada,65.6,Élevée,477,-48.1,Signal limité dans les indicateurs récents,À examiner
731,Ecuador,Canada,65.5,Élevée,503,-17.9,Signal limité dans les indicateurs récents,À examiner
732,Tunisia,Netherlands (Kingdom of the),65.5,Élevée,303,-18.5,Signal limité dans les indicateurs récents,À examiner
733,Nigeria,Finland,65.5,Élevée,206,6.2,Deux hausses annuelles consécutives,À examiner
734,Unknown ,United States of America,65.4,Élevée,282797,11827.3,Accélération du volume,À examiner
735,Sudan,Cyprus,65.4,Élevée,349,114.1,Deux hausses annuelles consécutives,À examiner
736,Ukraine,Sweden,65.4,Élevée,382,-4.5,Accélération du volume,À examiner
737,Pakistan,Austria,65.4,Élevée,157,-41.0,Accélération du volume,À examiner
738,United Rep. of Tanzania,United Kingdom of Great Britain and Northern Ireland,65.4,Élevée,245,91.4,Deux hausses annuelles consécutives,À examiner
739,Iraq,Ireland,65.4,Élevée,139,65.5,Accélération du volume,À examiner
740,Russian Federation,Sweden,65.4,Élevée,428,-16.6,Accélération du volume,À examiner
741,Syrian Arab Rep.,Romania,65.4,Élevée,300,-64.5,Signal limité dans les indicateurs récents,À examiner
742,Libya,Rep. of Korea,65.3,Élevée,122,87.7,Accélération du volume,À examiner
743,Burkina Faso,Cote d'Ivoire,65.3,Élevée,10938,-61.0,Signal limité dans les indicateurs récents,À examiner
744,Morocco,Greece,65.2,Élevée,215,0.5,Accélération du volume,À examiner
745,Argentina,Brazil,65.2,Élevée,192,7.3,Deux hausses annuelles consécutives,À examiner
746,Iraq,Canada,65.2,Élevée,367,-46.7,Signal limité dans les indicateurs récents,À examiner
747,Burkina Faso,Canada,65.2,Élevée,353,-47.4,Signal limité dans les indicateurs récents,À examiner
748,Afghanistan,Japan,65.1,Élevée,159,16.1,Accélération du volume,À examiner
749,Azerbaijan,Netherlands (Kingdom of the),65.1,Élevée,198,16.5,Deux hausses annuelles consécutives,À examiner
750,Armenia,United States of America,65.1,Élevée,2371,9.5,Accélération du volume,À examiner
751,Syrian Arab Rep.,Spain,65.1,Élevée,297,-79.3,Signal limité dans les indicateurs récents,À examiner
752,Nigeria,Mauritania,65.1,Élevée,168,4.3,Deux hausses annuelles consécutives,À examiner
753,Georgia,Spain,65.0,Élevée,188,-49.9,Signal limité dans les indicateurs récents,À examiner
754,Afghanistan,Norway,64.9,Élevée,292,12.7,Accélération du volume,À examiner
755,Togo,Brazil,64.9,Élevée,194,-46.4,Signal limité dans les indicateurs récents,À examiner
756,Brazil,Mexico,64.9,Élevée,162,-69.5,Accélération du volume,À examiner
757,Algeria,Austria,64.9,Élevée,214,5.9,Accélération du volume,À examiner
758,Guinea,United Kingdom of Great Britain and Northern Ireland,64.9,Élevée,164,64.0,Accélération + deux hausses consécutives,À examiner
759,Uganda,Sweden,64.9,Élevée,229,-20.8,Signal limité dans les indicateurs récents,À examiner
760,Colombia,Chile,64.8,Élevée,58,-90.9,Signal limité dans les indicateurs récents,À examiner
761,Guinea,Mauritania,64.8,Élevée,247,-15.7,Signal limité dans les indicateurs récents,À examiner
762,Senegal,Mauritania,64.7,Élevée,203,-15.4,Accélération du volume,À examiner
763,Syrian Arab Rep.,Slovenia,64.7,Élevée,129,-35.5,Signal limité dans les indicateurs récents,À examiner
764,Ukraine,Italy,64.6,Élevée,1129,-32.0,Signal limité dans les indicateurs récents,À examiner
765,Morocco,United Kingdom of Great Britain and Northern Ireland,64.6,Élevée,339,11.1,Accélération du volume,À examiner
766,Egypt,United Kingdom of Great Britain and Northern Ireland,64.6,Élevée,857,-11.8,Accélération du volume,À examiner
767,Syrian Arab Rep.,India,64.6,Élevée,100,194.1,Accélération du volume,À examiner
768,Pakistan,Spain,64.6,Élevée,157,-86.4,Signal limité dans les indicateurs récents,À examiner
769,Belarus,Netherlands (Kingdom of the),64.6,Élevée,123,119.6,Accélération du volume,À examiner
770,Morocco,Austria,64.5,Élevée,211,-62.7,Accélération du volume,À examiner
771,China,United Kingdom of Great Britain and Northern Ireland,64.5,Élevée,1543,-12.1,Signal limité dans les indicateurs récents,À examiner
772,Syrian Arab Rep.,Malta,64.5,Élevée,113,-44.6,Signal limité dans les indicateurs récents,À examiner
773,Benin,Canada,64.5,Élevée,288,3.2,Deux hausses annuelles consécutives,À examiner
774,Rep. of Moldova,Belgium,64.4,Élevée,942,-15.6,Signal limité dans les indicateurs récents,À examiner
775,Eritrea,Canada,64.4,Élevée,279,7.7,Accélération du volume,À examiner
776,Bangladesh,United States of America,64.4,Élevée,1166,-66.3,Signal limité dans les indicateurs récents,À examiner
777,South Sudan,Ethiopia,64.3,Élevée,51390,4472.1,Accélération du volume,À examiner
778,Guinea-Bissau,France,64.3,Élevée,201,9.8,Deux hausses annuelles consécutives,À examiner
779,Russian Federation,Italy,64.3,Élevée,243,-39.1,Signal limité dans les indicateurs récents,À examiner
780,China,Israel,64.3,Élevée,178,-35.7,Signal limité dans les indicateurs récents,À examiner
781,Kenya,Canada,64.3,Élevée,848,-61.9,Signal limité dans les indicateurs récents,À examiner
782,State of Palestine,Ireland,64.3,Élevée,381,-60.2,Signal limité dans les indicateurs récents,À examiner
783,Peru,United States of America,64.3,Élevée,15480,-42.1,Signal limité dans les indicateurs récents,À examiner
784,Egypt,Austria,64.2,Élevée,158,-16.8,Accélération du volume,À examiner
785,Mauritania,Spain,64.2,Élevée,1069,-43.4,Signal limité dans les indicateurs récents,À examiner
786,Venezuela (Bolivarian Republic of),Netherlands (Kingdom of the),64.2,Élevée,195,-10.6,Signal limité dans les indicateurs récents,À examiner
787,Kyrgyzstan,Rep. of Korea,64.2,Élevée,358,-12.0,Signal limité dans les indicateurs récents,À examiner
788,Gambia,Netherlands (Kingdom of the),64.1,Élevée,244,-45.0,Signal limité dans les indicateurs récents,À examiner
789,South Sudan,Central African Rep.,64.1,Élevée,186,785.7,Croissance récente ≥ 30 %,À examiner
790,Iran (Islamic Rep. of),United Kingdom of Great Britain and Northern Ireland,64.1,Élevée,7719,-8.0,Signal limité dans les indicateurs récents,À examiner
791,Burundi,Rwanda,64.0,Élevée,116,-15.3,Signal limité dans les indicateurs récents,À examiner
792,Chad,Central African Rep.,64.0,Élevée,90,462.5,Accélération du volume,À examiner
793,Colombia,United States of America,64.0,Élevée,50868,-36.2,Accélération du volume,À examiner
794,Peru,Canada,64.0,Élevée,540,-32.9,Signal limité dans les indicateurs récents,À examiner
795,Egypt,Sweden,64.0,Élevée,200,-8.3,Signal limité dans les indicateurs récents,À examiner
796,Madagascar,France,64.0,Élevée,243,-3.2,Accélération du volume,À examiner
797,Kazakhstan,Rep. of Korea,64.0,Élevée,1569,-16.2,Accélération du volume,À examiner
798,Jordan,Canada,63.9,Élevée,799,-44.4,Signal limité dans les indicateurs récents,À examiner
799,Tunisia,Japan,63.9,Élevée,163,5.2,Accélération + deux hausses consécutives,À examiner
800,Nigeria,South Africa,63.8,Élevée,62,-24.4,Accélération du volume,À examiner
801,Chile,Spain,63.8,Élevée,321,-15.7,Signal limité dans les indicateurs récents,À examiner
802,Ukraine,Australia,63.8,Élevée,356,7020.0,Accélération du volume,À examiner
803,North Macedonia,France,63.8,Élevée,198,-31.7,Signal limité dans les indicateurs récents,À examiner
804,Russian Federation,Croatia,63.7,Élevée,206,-54.1,Signal limité dans les indicateurs récents,À examiner
805,Egypt,Australia,63.7,Élevée,168,1580.0,Accélération du volume,À examiner
806,Tajikistan,Latvia,63.7,Élevée,219,33.5,Deux hausses annuelles consécutives,À examiner
807,Vanuatu,Australia,63.7,Élevée,623,-1.0,Accélération du volume,À examiner
808,Kuwait,United Kingdom of Great Britain and Northern Ireland,63.7,Élevée,1278,-34.9,Signal limité dans les indicateurs récents,À examiner
809,Somalia,Poland,63.6,Élevée,181,-70.3,Signal limité dans les indicateurs récents,À examiner
810,Syrian Arab Rep.,Bulgaria,63.6,Élevée,822,-89.2,Signal limité dans les indicateurs récents,À examiner
811,Peru,Sweden,63.6,Élevée,144,-60.4,Signal limité dans les indicateurs récents,À examiner
812,Algeria,Ireland,63.6,Élevée,1212,-17.3,Accélération du volume,À examiner
813,Rwanda,Canada,63.6,Élevée,760,-62.4,Signal limité dans les indicateurs récents,À examiner
814,Nicaragua,Sweden,63.5,Élevée,173,-3.9,Accélération du volume,À examiner
815,United States of America,Ireland,63.5,Élevée,124,287.5,Accélération + deux hausses consécutives,À examiner
816,Cameroon,Nigeria,63.5,Élevée,7779,-18.4,Accélération du volume,À examiner
817,Nigeria,Egypt,63.5,Élevée,183,-79.6,Signal limité dans les indicateurs récents,À examiner
818,Guinea,Canada,63.5,Élevée,1980,-26.9,Signal limité dans les indicateurs récents,À examiner
819,Uzbekistan,Japan,63.4,Élevée,292,-14.6,Accélération du volume,À examiner
820,Somalia,Canada,63.3,Élevée,229,-0.9,Accélération du volume,À examiner
821,Brazil,United States of America,63.3,Élevée,15946,-1.9,Accélération du volume,À examiner
822,Russian Federation,Netherlands (Kingdom of the),63.3,Élevée,223,-17.7,Accélération du volume,À examiner
823,Russian Federation,United States of America,63.3,Élevée,5104,-63.7,Accélération du volume,À examiner
824,Jamaica,Canada,63.2,Élevée,822,2.6,Deux hausses annuelles consécutives,À examiner
825,Brunei Darussalam,Australia,63.2,Élevée,210,900.0,Accélération du volume,À examiner
826,Morocco,Latvia,63.2,Élevée,101,573.3,Accélération + deux hausses consécutives,À examiner
827,Ukraine,Belarus,63.2,Élevée,2225,6.0,Deux hausses annuelles consécutives,À examiner
828,South Sudan,United Kingdom of Great Britain and Northern Ireland,63.2,Élevée,364,1.4,Deux hausses annuelles consécutives,À examiner
829,Afghanistan,Luxembourg,63.2,Élevée,126,162.5,Accélération du volume,À examiner
830,Afghanistan,Latvia,63.1,Élevée,154,3.4,Accélération du volume,À examiner
831,Angola,Portugal,63.1,Élevée,155,-23.3,Signal limité dans les indicateurs récents,À examiner
832,Sudan,Central African Rep.,63.1,Élevée,9837,22.0,Deux hausses annuelles consécutives,À examiner
833,Somalia,Djibouti,63.1,Élevée,118,257.6,Croissance récente ≥ 30 %,À examiner
834,Togo,Belgium,63.1,Élevée,200,244.8,Accélération du volume,À examiner
835,Russian Federation,Switzerland,63.1,Élevée,184,22.7,Accélération du volume,À examiner
836,Cameroon,Rep. of Korea,63.0,Élevée,122,-27.4,Signal limité dans les indicateurs récents,À examiner
837,Guinea,Switzerland,63.0,Élevée,189,-34.6,Signal limité dans les indicateurs récents,À examiner
838,China,United States of America,63.0,Élevée,5024,-87.6,Signal limité dans les indicateurs récents,À examiner
839,China,Ireland,63.0,Élevée,129,143.4,Accélération du volume,À examiner
840,Sudan,Mauritania,63.0,Élevée,198,371.4,Accélération + deux hausses consécutives,À examiner
841,Egypt,Canada,63.0,Élevée,622,-18.2,Signal limité dans les indicateurs récents,À examiner
842,Kazakhstan,France,62.9,Élevée,192,2.1,Deux hausses annuelles consécutives,À examiner
843,Turkmenistan,Germany,62.9,Élevée,277,13.1,Deux hausses annuelles consécutives,À examiner
844,Afghanistan,Canada,62.9,Élevée,601,-58.4,Accélération du volume,À examiner
845,Bosnia and Herzegovina,France,62.8,Élevée,202,-5.2,Signal limité dans les indicateurs récents,À examiner
846,Afghanistan,Australia,62.8,Élevée,195,983.3,Accélération du volume,À examiner
847,Nigeria,Chad,62.8,Élevée,231,-17.8,Signal limité dans les indicateurs récents,À examiner
848,Guinea,Japan,62.7,Élevée,128,36.2,Accélération du volume,À examiner
849,Nepal,United Kingdom of Great Britain and Northern Ireland,62.7,Élevée,482,-32.3,Signal limité dans les indicateurs récents,À examiner
850,Uzbekistan,Russian Federation,62.7,Élevée,234,19.4,Deux hausses annuelles consécutives,À examiner
851,Timor-Leste,Israel,62.6,Élevée,83,822.2,Croissance récente ≥ 30 %,À examiner
852,Viet Nam,United Kingdom of Great Britain and Northern Ireland,62.6,Élevée,2610,-50.9,Signal limité dans les indicateurs récents,À examiner
853,Iran (Islamic Rep. of),United States of America,62.6,Élevée,858,7.5,Accélération du volume,À examiner
854,Türkiye,Canada,62.6,Élevée,1572,-47.9,Accélération du volume,À examiner
855,Türkiye,Germany,62.5,Élevée,59455,-6.4,Accélération du volume,À examiner
856,China,Austria,62.5,Élevée,231,-18.1,Signal limité dans les indicateurs récents,À examiner
857,Dem. Rep. of the Congo,Sweden,62.5,Élevée,198,-3.9,Accélération du volume,À examiner
858,Somalia,Sudan,62.5,Élevée,86,273.9,Accélération + deux hausses consécutives,À examiner
859,Sierra Leone,Greece,62.4,Élevée,1902,-1.9,Signal limité dans les indicateurs récents,À examiner
860,Syrian Arab Rep.,Italy,62.4,Élevée,120,-68.3,Signal limité dans les indicateurs récents,À examiner
861,Afghanistan,Brazil,62.4,Élevée,149,-56.8,Signal limité dans les indicateurs récents,À examiner
862,Chile,United States of America,62.4,Élevée,4312,-10.6,Accélération du volume,À examiner
863,Afghanistan,Slovenia,62.4,Élevée,80,-79.1,Signal limité dans les indicateurs récents,À examiner
864,Uzbekistan,Netherlands (Kingdom of the),62.4,Élevée,127,95.4,Accélération + deux hausses consécutives,À examiner
865,Cuba,France,62.4,Élevée,154,-18.1,Accélération du volume,À examiner
866,Syrian Arab Rep.,United Kingdom of Great Britain and Northern Ireland,62.3,Élevée,2031,-69.9,Signal limité dans les indicateurs récents,À examiner
867,Pakistan,United States of America,62.3,Élevée,671,-65.9,Signal limité dans les indicateurs récents,À examiner
868,Peru,Belgium,62.3,Élevée,211,-0.5,Accélération du volume,À examiner
869,Ethiopia,United States of America,62.2,Élevée,777,-63.4,Signal limité dans les indicateurs récents,À examiner
870,Syrian Arab Rep.,Poland,62.2,Élevée,121,-76.6,Signal limité dans les indicateurs récents,À examiner
871,Ukraine,Estonia,62.2,Élevée,913,-26.0,Accélération du volume,À examiner
872,Ethiopia,Poland,62.1,Élevée,148,-73.3,Signal limité dans les indicateurs récents,À examiner
873,Mali,Canada,62.1,Élevée,236,-11.9,Accélération du volume,À examiner
874,United States of America,United Kingdom of Great Britain and Northern Ireland,62.1,Élevée,164,56.2,Accélération + deux hausses consécutives,À examiner
875,South Africa,Canada,62.1,Élevée,227,13.5,Accélération du volume,À examiner
876,Viet Nam,Czechia,62.1,Élevée,210,12.9,Accélération du volume,À examiner
877,Paraguay,Italy,62.1,Élevée,175,12.9,Deux hausses annuelles consécutives,À examiner
878,Pakistan,Madagascar,62.0,Élevée,75,-71.9,Signal limité dans les indicateurs récents,À examiner
879,Central African Rep.,Dem. Rep. of the Congo,62.0,Élevée,65003,91453.5,Accélération du volume,À examiner
880,Iran (Islamic Rep. of),Bulgaria,62.0,Élevée,99,130.2,Accélération du volume,À examiner
881,Philippines,Greece,62.0,Élevée,125,52.4,Deux hausses annuelles consécutives,À examiner
882,Uzbekistan,Israel,62.0,Élevée,231,16.1,Accélération du volume,À examiner
883,Gabon,France,62.0,Élevée,255,-11.8,Signal limité dans les indicateurs récents,À examiner
884,Nigeria,United States of America,62.0,Élevée,633,-78.4,Signal limité dans les indicateurs récents,À examiner
885,Cameroon,United States of America,61.9,Élevée,1216,-37.1,Accélération du volume,À examiner
886,Kazakhstan,Germany,61.9,Élevée,211,26.3,Accélération du volume,À examiner
887,Barbados,Canada,61.9,Élevée,374,-4.8,Signal limité dans les indicateurs récents,À examiner
888,Albania,Ireland,61.9,Élevée,261,-24.8,Signal limité dans les indicateurs récents,À examiner
889,Syrian Arab Rep.,Norway,61.9,Élevée,534,-77.0,Signal limité dans les indicateurs récents,À examiner
890,Sudan,Cameroon,61.8,Élevée,305,-3.2,Signal limité dans les indicateurs récents,À examiner
891,Hungary,Canada,61.8,Élevée,447,-36.9,Signal limité dans les indicateurs récents,À examiner
892,Stateless,Austria,61.8,Élevée,406,-27.2,Signal limité dans les indicateurs récents,À examiner
893,Dem. Rep. of the Congo,Cameroon,61.7,Élevée,125,64.5,Accélération du volume,À examiner
894,El Salvador,Germany,61.7,Élevée,139,-44.0,Signal limité dans les indicateurs récents,À examiner
895,Türkiye,Israel,61.7,Élevée,151,-6.2,Accélération du volume,À examiner
896,Azerbaijan,United States of America,61.7,Élevée,390,-38.7,Signal limité dans les indicateurs récents,À examiner
897,Syrian Arab Rep.,Canada,61.7,Élevée,470,-56.7,Signal limité dans les indicateurs récents,À examiner
898,Togo,Canada,61.7,Élevée,333,-19.2,Signal limité dans les indicateurs récents,À examiner
899,Guatemala,Spain,61.6,Élevée,138,-57.1,Signal limité dans les indicateurs récents,À examiner
900,Algeria,United Kingdom of Great Britain and Northern Ireland,61.5,Élevée,420,-4.1,Accélération du volume,À examiner
901,Iraq,Syrian Arab Rep.,61.5,Élevée,113,1030.0,Accélération du volume,À examiner
902,Malawi,Ireland,61.5,Élevée,191,30.8,Accélération + deux hausses consécutives,À examiner
903,Rwanda,Finland,61.5,Élevée,130,188.9,Accélération du volume,À examiner
904,Afghanistan,Kenya,61.4,Élevée,114,-64.6,Signal limité dans les indicateurs récents,À examiner
905,Algeria,Latvia,61.4,Élevée,93,830.0,Accélération + deux hausses consécutives,À examiner
906,China,Switzerland,61.4,Élevée,160,-34.2,Signal limité dans les indicateurs récents,À examiner
907,Algeria,Belgium,61.4,Élevée,252,-12.5,Signal limité dans les indicateurs récents,À examiner
908,Iran (Islamic Rep. of),Denmark,61.4,Élevée,173,-8.0,Accélération du volume,À examiner
909,Morocco,Ireland,61.3,Élevée,220,7.8,Accélération du volume,À examiner
910,Viet Nam,United States of America,61.3,Élevée,2381,-36.2,Signal limité dans les indicateurs récents,À examiner
911,Yemen,Canada,61.3,Élevée,228,-29.0,Signal limité dans les indicateurs récents,À examiner
912,Syrian Arab Rep.,Brazil,61.3,Élevée,172,13.2,Accélération du volume,À examiner
913,Senegal,United States of America,61.3,Élevée,799,-94.9,Signal limité dans les indicateurs récents,À examiner
914,Burundi,Rep. of Korea,61.3,Élevée,150,11.1,Deux hausses annuelles consécutives,À examiner
915,Ghana,United States of America,61.2,Élevée,609,-61.6,Signal limité dans les indicateurs récents,À examiner
916,Rwanda,Kenya,61.2,Élevée,114,-50.9,Accélération du volume,À examiner
917,Cameroon,Mexico,61.2,Élevée,108,260.0,Accélération du volume,À examiner
918,Guinea,Netherlands (Kingdom of the),61.1,Élevée,175,-11.2,Signal limité dans les indicateurs récents,À examiner
919,Georgia,Israel,61.1,Élevée,87,97.7,Accélération + deux hausses consécutives,À examiner
920,Stateless,Germany,61.1,Élevée,190,-40.4,Signal limité dans les indicateurs récents,À examiner
921,Nepal,United States of America,61.1,Élevée,1063,-64.7,Signal limité dans les indicateurs récents,À examiner
922,Lao People's Dem. Rep.,Australia,61.0,Élevée,134,415.4,Accélération du volume,À examiner
923,Egypt,United States of America,61.0,Élevée,1879,-47.2,Signal limité dans les indicateurs récents,À examiner
924,Nepal,Germany,61.0,Élevée,158,85.9,Accélération + deux hausses consécutives,À examiner
925,Libya,Italy,61.0,Élevée,174,-16.7,Signal limité dans les indicateurs récents,À examiner
926,Cuba,Canada,61.0,Élevée,612,-31.9,Signal limité dans les indicateurs récents,À examiner
927,Iraq,Romania,60.9,Élevée,108,-59.4,Signal limité dans les indicateurs récents,À examiner
928,Cuba,Germany,60.9,Élevée,183,-42.6,Accélération du volume,À examiner
929,Montenegro,Germany,60.9,Élevée,252,-25.4,Signal limité dans les indicateurs récents,À examiner
930,Sudan,Italy,60.9,Élevée,194,-23.6,Signal limité dans les indicateurs récents,À examiner
931,Iraq,Luxembourg,60.9,Élevée,68,423.1,Accélération du volume,À examiner
932,Georgia,United States of America,60.9,Élevée,790,-77.1,Signal limité dans les indicateurs récents,À examiner
933,Ukraine,Iceland,60.8,Élevée,1122,-12.5,Accélération du volume,À examiner
934,Sudan,Ghana,60.7,Élevée,105,-71.8,Signal limité dans les indicateurs récents,À examiner
935,Russian Federation,Rep. of Moldova,60.7,Élevée,265,-20.9,Signal limité dans les indicateurs récents,À examiner
936,Mongolia,Sweden,60.6,Élevée,184,0.0,Accélération du volume,À examiner
937,South Africa,Ireland,60.6,Élevée,251,-73.3,Signal limité dans les indicateurs récents,À examiner
938,El Salvador,Ireland,60.6,Élevée,194,-9.8,Signal limité dans les indicateurs récents,À examiner
939,Morocco,United States of America,60.6,Élevée,505,-1.4,Signal limité dans les indicateurs récents,À examiner
940,Belarus,France,60.6,Élevée,216,-20.3,Signal limité dans les indicateurs récents,À examiner
941,North Macedonia,Australia,60.5,Élevée,118,2260.0,Accélération du volume,À examiner
942,Ukraine,Spain,60.5,Élevée,144,45.5,Accélération + deux hausses consécutives,À examiner
943,Sudan,Ireland,60.4,Élevée,215,7.5,Deux hausses annuelles consécutives,À examiner
944,Botswana,Ireland,60.4,Élevée,354,-26.7,Signal limité dans les indicateurs récents,À examiner
945,Burkina Faso,Belgium,60.4,Élevée,172,4.2,Accélération du volume,À examiner
946,Bahamas,Canada,60.4,Élevée,321,-31.3,Accélération du volume,À examiner
947,Gambia,United Kingdom of Great Britain and Northern Ireland,60.4,Élevée,177,33.1,Accélération + deux hausses consécutives,À examiner
948,United States of America,Netherlands (Kingdom of the),60.4,Élevée,81,800.0,Accélération du volume,À examiner
949,China,New Zealand,60.4,Élevée,278,-27.4,Signal limité dans les indicateurs récents,À examiner
950,Ukraine,Israel,60.4,Élevée,201,2771.4,Croissance récente ≥ 30 %,À examiner
951,Somalia,United States of America,60.3,Élevée,427,-41.1,Accélération du volume,À examiner
952,Cuba,Spain,60.3,Élevée,225,-84.3,Signal limité dans les indicateurs récents,À examiner
953,Uganda,Japan,60.3,Élevée,141,21.6,Accélération + deux hausses consécutives,À examiner
954,Ethiopia,Norway,60.3,Élevée,122,87.7,Accélération du volume,À examiner
955,Gambia,Portugal,60.3,Élevée,100,-63.9,Signal limité dans les indicateurs récents,À examiner
956,Serbia and Kosovo: S/RES/1244 (1999),Sweden,60.2,Élevée,125,-48.8,Signal limité dans les indicateurs récents,À examiner
957,Burundi,Mozambique,60.2,Élevée,68,-85.1,Signal limité dans les indicateurs récents,À examiner
958,Jordan,Ireland,60.2,Élevée,1738,-45.0,Signal limité dans les indicateurs récents,À examiner
959,Egypt,Cyprus,60.1,Élevée,123,-43.6,Signal limité dans les indicateurs récents,À examiner
960,Rep. of Moldova,Netherlands (Kingdom of the),60.1,Élevée,153,-71.1,Signal limité dans les indicateurs récents,À examiner
961,Afghanistan,Croatia,60.1,Élevée,75,-21.1,Accélération du volume,À examiner
962,Nigeria,Algeria,60.0,Élevée,115,-8.0,Accélération du volume,À examiner
963,Ethiopia,Latvia,60.0,Élevée,123,1018.2,Accélération du volume,À examiner
964,Chile,Australia,60.0,Élevée,79,1480.0,Accélération du volume,À examiner
965,Russian Federation,Australia,60.0,Élevée,100,1150.0,Accélération du volume,À examiner
966,Türkiye,Norway,60.0,Élevée,260,-37.9,Signal limité dans les indicateurs récents,À examiner
967,Venezuela (Bolivarian Republic of),Argentina,59.9,Élevée,133,9.0,Accélération du volume,À examiner
968,Dem. Rep. of the Congo,Mozambique,59.9,Élevée,150,-52.8,Signal limité dans les indicateurs récents,À examiner
969,Dominican Rep.,Canada,59.9,Élevée,249,-6.4,Signal limité dans les indicateurs récents,À examiner
970,Burkina Faso,United States of America,59.8,Élevée,154,-78.9,Signal limité dans les indicateurs récents,À examiner
971,Indonesia,United States of America,59.7,Élevée,180,-94.5,Signal limité dans les indicateurs récents,À examiner
972,North Macedonia,Belgium,59.7,Élevée,193,-31.8,Signal limité dans les indicateurs récents,À examiner
973,Syrian Arab Rep.,Australia,59.7,Élevée,89,304.5,Accélération du volume,À examiner
974,Mali,United States of America,59.7,Élevée,125,-72.3,Signal limité dans les indicateurs récents,À examiner
975,Iran (Islamic Rep. of),Japan,59.7,Élevée,107,-34.8,Signal limité dans les indicateurs récents,À examiner
976,Uganda,United Kingdom of Great Britain and Northern Ireland,59.6,Élevée,405,-12.7,Signal limité dans les indicateurs récents,À examiner
977,Kazakhstan,United Kingdom of Great Britain and Northern Ireland,59.6,Élevée,393,3.1,Accélération du volume,À examiner
978,Unknown ,Colombia,59.6,Élevée,159,-39.8,Signal limité dans les indicateurs récents,À examiner
979,Cuba,Ecuador,59.6,Élevée,131,-6.4,Accélération du volume,À examiner
980,Somalia,Mozambique,59.6,Élevée,136,17.2,Signal limité dans les indicateurs récents,À examiner
981,Russian Federation,Brazil,59.5,Élevée,189,14.5,Accélération du volume,À examiner
982,Tunisia,Austria,59.5,Élevée,136,-29.9,Accélération du volume,À examiner
983,Uzbekistan,United Kingdom of Great Britain and Northern Ireland,59.4,Élevée,425,-16.8,Accélération du volume,À examiner
984,Pakistan,Brazil,59.4,Élevée,91,-74.4,Signal limité dans les indicateurs récents,À examiner
985,State of Palestine,Cyprus,59.4,Élevée,90,-18.2,Signal limité dans les indicateurs récents,À examiner
986,Dem. Rep. of the Congo,Japan,59.4,Élevée,85,-3.4,Accélération du volume,À examiner
987,Nicaragua,United States of America,59.4,Élevée,16633,-48.2,Accélération du volume,À examiner
988,Afghanistan,United States of America,59.4,Élevée,1341,-71.0,Accélération du volume,À examiner
989,Benin,Italy,59.4,Élevée,82,-80.5,Signal limité dans les indicateurs récents,À examiner
990,Cambodia,France,59.3,Élevée,136,-25.7,Signal limité dans les indicateurs récents,À examiner
991,Libya,Switzerland,59.3,Élevée,166,-8.8,Signal limité dans les indicateurs récents,À examiner
992,China,Costa Rica,59.3,Élevée,169,-35.5,Signal limité dans les indicateurs récents,À examiner
993,Bangladesh,Sweden,59.3,Élevée,145,-1.4,Signal limité dans les indicateurs récents,À examiner
994,Dem. Rep. of the Congo,Ireland,59.2,Élevée,260,5.7,Accélération du volume,À examiner
995,Kazakhstan,Sweden,59.2,Élevée,126,-41.9,Signal limité dans les indicateurs récents,À examiner
996,Sri Lanka,New Zealand,59.2,Élevée,198,-9.6,Signal limité dans les indicateurs récents,À examiner
997,Ireland,Australia,59.2,Élevée,151,619.0,Accélération + deux hausses consécutives,À examiner
998,Syrian Arab Rep.,United States of America,59.2,Élevée,251,-50.0,Signal limité dans les indicateurs récents,À examiner
999,Venezuela (Bolivarian Republic of),Portugal,59.2,Élevée,105,-36.0,Signal limité dans les indicateurs récents,À examiner
1000,Uzbekistan,United States of America,59.1,Élevée,1350,-79.2,Signal limité dans les indicateurs récents,À examiner
1001,Belarus,Germany,59.1,Élevée,366,-15.7,Accélération du volume,À examiner
1002,Cameroon,Switzerland,59.1,Élevée,131,-8.4,Accélération du volume,À examiner
1003,Kazakhstan,United States of America,59.1,Élevée,521,-55.2,Signal limité dans les indicateurs récents,À examiner
1004,Kyrgyzstan,United States of America,59.1,Élevée,703,-78.0,Signal limité dans les indicateurs récents,À examiner
1005,Eritrea,Libya,59.1,Élevée,68,-52.8,Accélération du volume,À examiner
1006,Togo,United States of America,59.1,Élevée,363,-25.3,Signal limité dans les indicateurs récents,À examiner
1007,Cameroon,Brazil,59.0,Élevée,94,-76.0,Signal limité dans les indicateurs récents,À examiner
1008,South Africa,Israel,59.0,Élevée,93,-55.7,Signal limité dans les indicateurs récents,À examiner
1009,Rep. of Moldova,Israel,59.0,Élevée,171,-14.5,Accélération du volume,À examiner
1010,Congo,Canada,58.9,Élevée,274,-40.3,Signal limité dans les indicateurs récents,À examiner
1011,Sudan,Spain,58.9,Élevée,190,-46.2,Signal limité dans les indicateurs récents,À examiner
1012,Sudan,Canada,58.9,Élevée,304,-62.5,Signal limité dans les indicateurs récents,À examiner
1013,Pakistan,Switzerland,58.8,Élevée,125,48.8,Accélération du volume,À examiner
1014,Morocco,Sweden,58.8,Élevée,122,-31.5,Signal limité dans les indicateurs récents,À examiner
1015,Iran (Islamic Rep. of),Italy,58.7,Élevée,103,-35.2,Signal limité dans les indicateurs récents,À examiner
1016,Angola,Netherlands (Kingdom of the),58.7,Élevée,91,102.2,Accélération + deux hausses consécutives,À examiner
1017,Algeria,Rep. of Korea,58.7,Élevée,116,-12.8,Signal limité dans les indicateurs récents,À examiner
1018,Afghanistan,Kazakhstan,58.7,Élevée,60,-63.9,Signal limité dans les indicateurs récents,À examiner
1019,Panama,United States of America,58.7,Élevée,601,-14.1,Accélération du volume,À examiner
1020,Tajikistan,Poland,58.7,Élevée,259,-30.0,Signal limité dans les indicateurs récents,À examiner
1021,Bosnia and Herzegovina,Italy,58.6,Élevée,170,-6.1,Signal limité dans les indicateurs récents,À examiner
1022,Peru,Portugal,58.6,Élevée,65,282.4,Accélération du volume,À examiner
1023,Zimbabwe,Ireland,58.6,Élevée,927,-3.1,Accélération du volume,À examiner
1024,Egypt,Spain,58.5,Élevée,152,-85.2,Signal limité dans les indicateurs récents,À examiner
1025,Mauritania,Belgium,58.5,Élevée,227,-25.3,Signal limité dans les indicateurs récents,À examiner
1026,Honduras,United Kingdom of Great Britain and Northern Ireland,58.5,Élevée,268,-30.4,Accélération du volume,À examiner
1027,Eswatini,Ireland,58.5,Élevée,244,-19.7,Signal limité dans les indicateurs récents,À examiner
1028,Honduras,Costa Rica,58.4,Élevée,113,36.1,Accélération du volume,À examiner
1029,Burundi,Dem. Rep. of the Congo,58.4,Élevée,78,-86.7,Accélération du volume,À examiner
1030,State of Palestine,Serbia and Kosovo: S/RES/1244 (1999),58.4,Élevée,62,264.7,Accélération + deux hausses consécutives,À examiner
1031,Kenya,Israel,58.4,Élevée,71,-71.5,Signal limité dans les indicateurs récents,À examiner
1032,Afghanistan,Mexico,58.4,Élevée,140,-1.4,Accélération du volume,À examiner
1033,Senegal,United Kingdom of Great Britain and Northern Ireland,58.3,Élevée,129,98.5,Accélération + deux hausses consécutives,À examiner
1034,Mauritania,Germany,58.3,Élevée,137,117.5,Accélération + deux hausses consécutives,À examiner
1035,Central African Rep.,Cote d'Ivoire,58.2,Élevée,106,307.7,Accélération du volume,À examiner
1036,Nigeria,Greece,58.2,Élevée,136,-9.9,Accélération du volume,À examiner
1037,Serbia and Kosovo: S/RES/1244 (1999),Switzerland,58.2,Élevée,144,-2.0,Signal limité dans les indicateurs récents,À examiner
1038,Algeria,Luxembourg,58.1,Élevée,116,-14.1,Signal limité dans les indicateurs récents,À examiner
1039,Iraq,United States of America,58.0,Élevée,79,-71.2,Signal limité dans les indicateurs récents,À examiner
1040,Chad,United States of America,58.0,Élevée,107,-78.6,Signal limité dans les indicateurs récents,À examiner
1041,Myanmar,United States of America,58.0,Élevée,89,-96.6,Signal limité dans les indicateurs récents,À examiner
1042,Colombia,United Kingdom of Great Britain and Northern Ireland,58.0,Élevée,311,-85.1,Signal limité dans les indicateurs récents,À examiner
1043,Cameroon,Morocco,57.9,Élevée,56,-65.4,Signal limité dans les indicateurs récents,À examiner
1044,Sudan,Tunisia,57.9,Élevée,8,-99.7,Signal limité dans les indicateurs récents,À examiner
1045,Türkiye,United States of America,57.9,Élevée,2687,-67.5,Signal limité dans les indicateurs récents,À examiner
1046,Sudan,Switzerland,57.9,Élevée,151,-3.8,Accélération du volume,À examiner
1047,Somalia,Tunisia,57.9,Élevée,8,-99.0,Signal limité dans les indicateurs récents,À examiner
1048,South Sudan,Germany,57.8,Élevée,148,1.4,Deux hausses annuelles consécutives,À examiner
1049,Angola,United States of America,57.8,Élevée,955,-54.1,Signal limité dans les indicateurs récents,À examiner
1050,Eritrea,United States of America,57.7,Élevée,272,-37.9,Accélération du volume,À examiner
1051,Bangladesh,Austria,57.6,Élevée,83,-36.2,Accélération du volume,À examiner
1052,Liberia,France,57.6,Élevée,146,-11.5,Signal limité dans les indicateurs récents,À examiner
1053,Cuba,Suriname,57.6,Élevée,52,-91.1,Signal limité dans les indicateurs récents,À examiner
1054,Jordan,Australia,57.5,Élevée,69,1050.0,Accélération du volume,À examiner
1055,Uganda,South Africa,57.5,Élevée,39,-65.5,Signal limité dans les indicateurs récents,À examiner
1056,Trinidad and Tobago,Canada,57.5,Élevée,172,13.2,Deux hausses annuelles consécutives,À examiner
1057,United States of America,Australia,57.5,Élevée,74,722.2,Accélération du volume,À examiner
1058,Zimbabwe,Canada,57.5,Élevée,220,-42.1,Signal limité dans les indicateurs récents,À examiner
1059,Somalia,Morocco,57.5,Élevée,86,115.0,Accélération + deux hausses consécutives,À examiner
1060,Dominican Rep.,Mexico,57.4,Élevée,139,-34.4,Accélération du volume,À examiner
1061,Liberia,Rep. of Korea,57.4,Élevée,152,-30.9,Signal limité dans les indicateurs récents,À examiner
1062,Rwanda,Mozambique,57.4,Élevée,62,-51.2,Signal limité dans les indicateurs récents,À examiner
1063,Pakistan,Cyprus,57.4,Élevée,70,-61.5,Accélération du volume,À examiner
1064,El Salvador,Costa Rica,57.3,Élevée,90,63.6,Accélération du volume,À examiner
1065,Iran (Islamic Rep. of),Spain,57.3,Élevée,117,24.5,Deux hausses annuelles consécutives,À examiner
1066,Guinea,United States of America,57.3,Élevée,835,-93.4,Signal limité dans les indicateurs récents,À examiner
1067,Mauritania,United States of America,57.3,Élevée,1098,-87.3,Signal limité dans les indicateurs récents,À examiner
1068,Uzbekistan,Germany,57.2,Élevée,189,21.9,Accélération du volume,À examiner
1069,Dem. Rep. of the Congo,United States of America,57.2,Élevée,316,-53.0,Signal limité dans les indicateurs récents,À examiner
1070,Venezuela (Bolivarian Republic of),Norway,57.1,Élevée,120,33.3,Accélération du volume,À examiner
1071,Uganda,Israel,57.1,Élevée,68,-56.7,Signal limité dans les indicateurs récents,À examiner
1072,Bangladesh,Spain,57.0,Élevée,56,-86.6,Signal limité dans les indicateurs récents,À examiner
1073,India,Sweden,57.0,Élevée,133,-16.4,Signal limité dans les indicateurs récents,À examiner
1074,Türkiye,Georgia,57.0,Élevée,87,-64.9,Signal limité dans les indicateurs récents,À examiner
1075,Nigeria,Austria,57.0,Élevée,117,-14.0,Accélération du volume,À examiner
1076,Syrian Arab Rep.,Rep. of Korea,56.9,Élevée,68,-35.8,Signal limité dans les indicateurs récents,À examiner
1077,Togo,Italy,56.9,Élevée,85,-53.0,Signal limité dans les indicateurs récents,À examiner
1078,State of Palestine,Russian Federation,56.9,Élevée,81,-74.1,Signal limité dans les indicateurs récents,À examiner
1079,Saint Lucia,France,56.9,Élevée,141,10.2,Deux hausses annuelles consécutives,À examiner
1080,Venezuela (Bolivarian Republic of),Finland,56.9,Élevée,79,203.8,Accélération du volume,À examiner
1081,Afghanistan,Portugal,56.9,Élevée,45,-74.6,Signal limité dans les indicateurs récents,À examiner
1082,Guinea,Egypt,56.9,Élevée,99,-71.6,Signal limité dans les indicateurs récents,À examiner
1083,Tajikistan,United Kingdom of Great Britain and Northern Ireland,56.9,Élevée,331,-14.7,Accélération du volume,À examiner
1084,Unknown ,Sweden,56.8,Élevée,110,-29.9,Signal limité dans les indicateurs récents,À examiner
1085,Egypt,Brazil,56.8,Élevée,127,9.5,Accélération + deux hausses consécutives,À examiner
1086,Eritrea,Zambia,56.8,Élevée,84,-27.0,Signal limité dans les indicateurs récents,À examiner
1087,United Rep. of Tanzania,Canada,56.8,Élevée,156,-66.2,Signal limité dans les indicateurs récents,À examiner
1088,Yemen,United States of America,56.8,Élevée,92,-72.0,Signal limité dans les indicateurs récents,À examiner
1089,Zimbabwe,United States of America,56.7,Élevée,79,-87.7,Signal limité dans les indicateurs récents,À examiner
1090,Mexico,Spain,56.7,Élevée,123,-28.1,Signal limité dans les indicateurs récents,À examiner
1091,Djibouti,Belgium,56.6,Élevée,154,-6.7,Signal limité dans les indicateurs récents,À examiner
1092,Cambodia,Germany,56.6,Élevée,158,97.5,Deux hausses annuelles consécutives,À examiner
1093,Türkiye,Luxembourg,56.6,Élevée,122,15.1,Deux hausses annuelles consécutives,À examiner
1094,Ethiopia,Australia,56.6,Élevée,72,1100.0,Accélération du volume,À examiner
1095,Senegal,Japan,56.6,Élevée,85,-12.4,Accélération du volume,À examiner
1096,Burkina Faso,Mauritania,56.5,Élevée,95,239.3,Accélération du volume,À examiner
1097,Ghana,France,56.5,Élevée,123,10.8,Deux hausses annuelles consécutives,À examiner
1098,Unknown ,Peru,56.5,Élevée,61,-43.0,Accélération du volume,À examiner
1099,Egypt,Lebanon,56.5,Élevée,87,-46.0,Signal limité dans les indicateurs récents,À examiner
1100,Kenya,United States of America,56.4,Élevée,125,-88.5,Signal limité dans les indicateurs récents,À examiner
1101,Peru,Australia,56.4,Élevée,59,1080.0,Accélération du volume,À examiner
1102,Bangladesh,Slovenia,56.4,Élevée,88,60.0,Accélération + deux hausses consécutives,À examiner
1103,Sudan,United States of America,56.4,Élevée,168,-84.7,Signal limité dans les indicateurs récents,À examiner
1104,Costa Rica,United States of America,56.3,Élevée,399,-31.1,Signal limité dans les indicateurs récents,À examiner
1105,Iran (Islamic Rep. of),Georgia,56.3,Élevée,67,-71.1,Signal limité dans les indicateurs récents,À examiner
1106,Cambodia,Canada,56.3,Élevée,205,14.5,Deux hausses annuelles consécutives,À examiner
1107,Afghanistan,Malaysia,56.3,Élevée,40,-71.0,Signal limité dans les indicateurs récents,À examiner
1108,Ukraine,Russian Federation,56.3,Élevée,3355,-10.2,Accélération du volume,À examiner
1109,Jamaica,United States of America,56.3,Élevée,1221,-42.1,Accélération du volume,À examiner
1110,Jordan,Sweden,56.2,Élevée,124,-9.5,Accélération du volume,À examiner
1111,Afghanistan,Romania,56.2,Élevée,69,130.0,Accélération du volume,À examiner
1112,Colombia,Guatemala,56.2,Élevée,85,-26.7,Signal limité dans les indicateurs récents,À examiner
1113,Tajikistan,United States of America,56.1,Élevée,219,-81.6,Signal limité dans les indicateurs récents,À examiner
1114,Iraq,Armenia,56.1,Élevée,52,-78.8,Signal limité dans les indicateurs récents,À examiner
1115,Argentina,United States of America,56.0,Élevée,390,-45.2,Signal limité dans les indicateurs récents,À examiner
1116,Congo,United States of America,56.0,Élevée,247,-64.4,Signal limité dans les indicateurs récents,À examiner
1117,United Rep. of Tanzania,Israel,56.0,Élevée,114,2.7,Deux hausses annuelles consécutives,À examiner
1118,Senegal,Portugal,55.9,Élevée,50,-87.1,Signal limité dans les indicateurs récents,À examiner
1119,Ghana,Belgium,55.8,Élevée,156,22.8,Deux hausses annuelles consécutives,À examiner
1120,Somalia,Ethiopia,55.8,Élevée,48,-72.3,Accélération du volume,À examiner
1121,Sierra Leone,Cyprus,55.8,Élevée,159,-50.9,Signal limité dans les indicateurs récents,À examiner
1122,Sri Lanka,United States of America,55.8,Élevée,158,-45.5,Accélération du volume,À examiner
1123,Haiti,Greece,55.8,Élevée,67,235.0,Accélération du volume,À examiner
1124,Syrian Arab Rep.,Morocco,55.8,Élevée,58,1060.0,Accélération du volume,À examiner
1125,Mali,Burkina Faso,55.8,Élevée,404,,Signal limité dans les indicateurs récents,À examiner
1126,Sudan,Belgium,55.7,Élevée,142,-11.2,Accélération du volume,À examiner
1127,Egypt,Bulgaria,55.7,Élevée,102,-84.4,Signal limité dans les indicateurs récents,À examiner
1128,Cote d'Ivoire,Switzerland,55.6,Élevée,122,-20.3,Accélération du volume,À examiner
1129,Israel,Australia,55.6,Élevée,89,790.0,Accélération du volume,À examiner
1130,Lebanon,United States of America,55.6,Élevée,63,-71.1,Signal limité dans les indicateurs récents,À examiner
1131,Ukraine,Netherlands (Kingdom of the),55.6,Élevée,84,-80.4,Signal limité dans les indicateurs récents,À examiner
1132,Sierra Leone,Italy,55.6,Élevée,97,-62.0,Signal limité dans les indicateurs récents,À examiner
1133,Romania,United States of America,55.5,Élevée,648,-26.3,Accélération du volume,À examiner
1134,Unknown ,Finland,55.5,Élevée,112,14.3,Accélération du volume,À examiner
1135,United States of America,Mexico,55.5,Élevée,82,148.5,Accélération du volume,À examiner
1136,Jordan,United Kingdom of Great Britain and Northern Ireland,55.5,Élevée,266,-83.8,Signal limité dans les indicateurs récents,À examiner
1137,Eritrea,Latvia,55.4,Élevée,60,1100.0,Accélération du volume,À examiner
1138,Kenya,France,55.4,Élevée,126,22.3,Accélération + deux hausses consécutives,À examiner
1139,Armenia,Sweden,55.3,Élevée,120,-27.7,Accélération du volume,À examiner
1140,Sri Lanka,Belgium,55.3,Élevée,124,-24.8,Signal limité dans les indicateurs récents,À examiner
1141,Mali,Greece,55.3,Élevée,91,56.9,Accélération du volume,À examiner
1142,Guatemala,Belgium,55.3,Élevée,68,277.8,Accélération du volume,À examiner
1143,Ukraine,Rep. of Moldova,55.3,Élevée,2185,-71.3,Signal limité dans les indicateurs récents,À examiner
1144,Russian Federation,Mexico,55.2,Élevée,122,13.0,Accélération du volume,À examiner
1145,Belarus,Poland,55.2,Élevée,2990,-26.7,Signal limité dans les indicateurs récents,À examiner
1146,Honduras,Germany,55.2,Élevée,107,17.6,Accélération + deux hausses consécutives,À examiner
1147,Philippines,Israel,55.2,Élevée,62,-44.1,Signal limité dans les indicateurs récents,À examiner
1148,Kenya,United Kingdom of Great Britain and Northern Ireland,55.2,Élevée,295,-20.3,Signal limité dans les indicateurs récents,À examiner
1149,Ukraine,Poland,55.1,Élevée,6992,-1.9,Signal limité dans les indicateurs récents,À examiner
1150,Egypt,Belgium,55.1,Élevée,153,4.1,Accélération du volume,À examiner
1151,India,Brazil,55.1,Élevée,24,-98.9,Signal limité dans les indicateurs récents,À examiner
1152,Uganda,France,55.1,Élevée,114,-2.6,Signal limité dans les indicateurs récents,À examiner
1153,Türkiye,Denmark,55.1,Élevée,107,-62.7,Signal limité dans les indicateurs récents,À examiner
1154,Burkina Faso,Algeria,55.0,Attention,67,-9.5,Signal limité dans les indicateurs récents,Surveillance renforcée
1155,Syrian Arab Rep.,Ireland,54.9,Attention,77,-79.0,Signal limité dans les indicateurs récents,Surveillance renforcée
1156,Niger,Nigeria,54.9,Attention,15602,311940.0,Accélération du volume,Surveillance renforcée
1157,Libya,Canada,54.8,Attention,126,-35.4,Signal limité dans les indicateurs récents,Surveillance renforcée
1158,Ethiopia,Malawi,54.8,Attention,68,6.2,Deux hausses annuelles consécutives,Surveillance renforcée
1159,Ecuador,Israel,54.8,Attention,80,48.1,Deux hausses annuelles consécutives,Surveillance renforcée
1160,Venezuela (Bolivarian Republic of),Sweden,54.7,Attention,98,-32.9,Signal limité dans les indicateurs récents,Surveillance renforcée
1161,Ecuador,Colombia,54.7,Attention,84,-5.6,Signal limité dans les indicateurs récents,Surveillance renforcée
1162,Liberia,Cyprus,54.7,Attention,74,-77.4,Signal limité dans les indicateurs récents,Surveillance renforcée
1163,Albania,United States of America,54.7,Attention,184,-48.0,Signal limité dans les indicateurs récents,Surveillance renforcée
1164,Eritrea,Poland,54.7,Attention,117,-79.4,Signal limité dans les indicateurs récents,Surveillance renforcée
1165,Syrian Arab Rep.,North Macedonia,54.6,Attention,52,-49.0,Accélération du volume,Surveillance renforcée
1166,Chad,Morocco,54.6,Attention,80,25.0,Accélération du volume,Surveillance renforcée
1167,Senegal,Brazil,54.6,Attention,104,-35.0,Signal limité dans les indicateurs récents,Surveillance renforcée
1168,Bangladesh,Lebanon,54.5,Attention,80,25.0,Accélération du volume,Surveillance renforcée
1169,India,Netherlands (Kingdom of the),54.5,Attention,84,-4.5,Accélération du volume,Surveillance renforcée
1170,Belize,United States of America,54.5,Attention,389,-20.0,Accélération du volume,Surveillance renforcée
1171,Iran (Islamic Rep. of),Brazil,54.5,Attention,113,0.9,Deux hausses annuelles consécutives,Surveillance renforcée
1172,Nepal,Cyprus,54.3,Attention,57,-66.3,Accélération du volume,Surveillance renforcée
1173,Honduras,Belize,54.1,Attention,72,-38.5,Signal limité dans les indicateurs récents,Surveillance renforcée
1174,Bangladesh,Cyprus,54.1,Attention,47,-75.8,Accélération du volume,Surveillance renforcée
1175,Sudan,Ethiopia,54.1,Attention,88,633.3,Accélération du volume,Surveillance renforcée
1176,Ghana,Greece,54.1,Attention,97,-45.8,Signal limité dans les indicateurs récents,Surveillance renforcée
1177,Zimbabwe,Australia,54.1,Attention,95,1800.0,Accélération du volume,Surveillance renforcée
1178,Nigeria,Israel,54.1,Attention,68,3.0,Accélération du volume,Surveillance renforcée
1179,Burundi,Mauritius,54.0,Attention,63,215.0,Croissance récente ≥ 30 %,Surveillance renforcée
1180,Egypt,Japan,54.0,Attention,83,3.8,Signal limité dans les indicateurs récents,Surveillance renforcée
1181,Morocco,Portugal,54.0,Attention,75,-21.9,Signal limité dans les indicateurs récents,Surveillance renforcée
1182,India,Georgia,54.0,Attention,66,-56.0,Signal limité dans les indicateurs récents,Surveillance renforcée
1183,Malaysia,United Kingdom of Great Britain and Northern Ireland,53.9,Attention,191,-25.4,Signal limité dans les indicateurs récents,Surveillance renforcée
1184,Djibouti,Germany,53.9,Attention,75,-40.5,Signal limité dans les indicateurs récents,Surveillance renforcée
1185,Bangladesh,New Zealand,53.9,Attention,113,113.2,Deux hausses annuelles consécutives,Surveillance renforcée
1186,Cameroon,Sweden,53.8,Attention,111,-10.5,Signal limité dans les indicateurs récents,Surveillance renforcée
1187,Burundi,Switzerland,53.8,Attention,89,-9.2,Accélération du volume,Surveillance renforcée
1188,Yemen,Cyprus,53.8,Attention,71,61.4,Deux hausses annuelles consécutives,Surveillance renforcée
1189,Colombia,Luxembourg,53.8,Attention,92,-7.1,Signal limité dans les indicateurs récents,Surveillance renforcée
1190,Syrian Arab Rep.,Mauritania,53.8,Attention,75,36.4,Accélération du volume,Surveillance renforcée
1191,Thailand,United Kingdom of Great Britain and Northern Ireland,53.8,Attention,152,20.6,Accélération du volume,Surveillance renforcée
1192,Congo,South Africa,53.7,Attention,81,12.5,Deux hausses annuelles consécutives,Surveillance renforcée
1193,United Rep. of Tanzania,Japan,53.6,Attention,70,-7.9,Signal limité dans les indicateurs récents,Surveillance renforcée
1194,Uzbekistan,Canada,53.6,Attention,138,-48.3,Signal limité dans les indicateurs récents,Surveillance renforcée
1195,Venezuela (Bolivarian Republic of),Switzerland,53.6,Attention,92,-12.4,Signal limité dans les indicateurs récents,Surveillance renforcée
1196,Kyrgyzstan,United Kingdom of Great Britain and Northern Ireland,53.5,Attention,222,-14.9,Signal limité dans les indicateurs récents,Surveillance renforcée
1197,Iraq,Norway,53.5,Attention,102,39.7,Accélération du volume,Surveillance renforcée
1198,Sierra Leone,Mauritania,53.5,Attention,70,-57.1,Signal limité dans les indicateurs récents,Surveillance renforcée
1199,Ukraine,United States of America,53.5,Attention,314,-71.2,Accélération du volume,Surveillance renforcée
1200,Lebanon,Italy,53.4,Attention,101,-12.9,Signal limité dans les indicateurs récents,Surveillance renforcée
1201,Lebanon,Belgium,53.4,Attention,85,-58.7,Signal limité dans les indicateurs récents,Surveillance renforcée
1202,Sudan,Sweden,53.4,Attention,110,-10.6,Accélération du volume,Surveillance renforcée
1203,Stateless,Denmark,53.4,Attention,123,-15.2,Signal limité dans les indicateurs récents,Surveillance renforcée
1204,Yemen,Spain,53.4,Attention,97,21.2,Deux hausses annuelles consécutives,Surveillance renforcée
1205,Botswana,United Kingdom of Great Britain and Northern Ireland,53.4,Attention,242,-23.4,Accélération du volume,Surveillance renforcée
1206,Ireland,Canada,53.4,Attention,163,8.7,Deux hausses annuelles consécutives,Surveillance renforcée
1207,Liberia,Canada,53.4,Attention,144,-40.0,Signal limité dans les indicateurs récents,Surveillance renforcée
1208,Philippines,Japan,53.4,Attention,96,,Signal limité dans les indicateurs récents,Surveillance renforcée
1209,Libya,Japan,53.3,Attention,105,,Signal limité dans les indicateurs récents,Surveillance renforcée
1210,Philippines,United States of America,53.3,Attention,97,-60.9,Signal limité dans les indicateurs récents,Surveillance renforcée
1211,Cambodia,Thailand,53.3,Attention,97,-21.8,Accélération du volume,Surveillance renforcée
1212,Tunisia,Sweden,53.3,Attention,93,6.9,Accélération du volume,Surveillance renforcée
1213,Uzbekistan,Czechia,53.2,Attention,132,-41.1,Signal limité dans les indicateurs récents,Surveillance renforcée
1214,Russian Federation,Greece,53.1,Attention,90,-21.7,Accélération du volume,Surveillance renforcée
1215,Niger,Algeria,53.1,Attention,69,-2.8,Signal limité dans les indicateurs récents,Surveillance renforcée
1216,Dominica,United States of America,53.1,Attention,156,-37.8,Signal limité dans les indicateurs récents,Surveillance renforcée
1217,Algeria,Greece,53.0,Attention,126,-6.7,Signal limité dans les indicateurs récents,Surveillance renforcée
1218,Dominican Rep.,Spain,53.0,Attention,101,2.0,Accélération du volume,Surveillance renforcée
1219,Gambia,Canada,52.9,Attention,133,-41.7,Signal limité dans les indicateurs récents,Surveillance renforcée
1220,Sudan,Romania,52.9,Attention,84,-16.8,Signal limité dans les indicateurs récents,Surveillance renforcée
1221,Nigeria,Switzerland,52.9,Attention,96,-37.7,Signal limité dans les indicateurs récents,Surveillance renforcée
1222,Myanmar,Australia,52.8,Attention,580,,Signal limité dans les indicateurs récents,Surveillance renforcée
1223,Colombia,Uruguay,52.8,Attention,88,14.3,Accélération du volume,Surveillance renforcée
1224,Unknown ,Canada,52.8,Attention,49,-59.2,Accélération du volume,Surveillance renforcée
1225,Ukraine,Czechia,52.7,Attention,172,-16.1,Signal limité dans les indicateurs récents,Surveillance renforcée
1226,Belarus,United States of America,52.7,Attention,319,-52.7,Accélération du volume,Surveillance renforcée
1227,Gambia,United States of America,52.7,Attention,112,-76.5,Signal limité dans les indicateurs récents,Surveillance renforcée
1228,Burundi,Cyprus,52.7,Attention,91,13.8,Deux hausses annuelles consécutives,Surveillance renforcée
1229,Myanmar,France,52.7,Attention,104,-4.6,Signal limité dans les indicateurs récents,Surveillance renforcée
1230,Nepal,Brazil,52.6,Attention,33,-97.7,Signal limité dans les indicateurs récents,Surveillance renforcée
1231,Guinea,Cameroon,52.6,Attention,78,20.0,Accélération du volume,Surveillance renforcée
1232,Guinea,Portugal,52.6,Attention,80,-14.9,Signal limité dans les indicateurs récents,Surveillance renforcée
1233,Tunisia,Slovenia,52.6,Attention,61,-37.1,Signal limité dans les indicateurs récents,Surveillance renforcée
1234,Bolivia (Plurinational State of),Spain,52.5,Attention,95,-29.1,Signal limité dans les indicateurs récents,Surveillance renforcée
1235,Trinidad and Tobago,United Kingdom of Great Britain and Northern Ireland,52.5,Attention,168,-63.2,Signal limité dans les indicateurs récents,Surveillance renforcée
1236,Nigeria,Morocco,52.4,Attention,46,-60.7,Signal limité dans les indicateurs récents,Surveillance renforcée
1237,Guatemala,Belize,52.4,Attention,74,42.3,Deux hausses annuelles consécutives,Surveillance renforcée
1238,Mali,Rep. of Korea,52.4,Attention,76,55.1,Accélération du volume,Surveillance renforcée
1239,Nigeria,Iceland,52.4,Attention,60,-68.3,Signal limité dans les indicateurs récents,Surveillance renforcée
1240,Kyrgyzstan,Sweden,52.4,Attention,109,-22.7,Signal limité dans les indicateurs récents,Surveillance renforcée
1241,Libya,Belgium,52.4,Attention,128,1.6,Accélération du volume,Surveillance renforcée
1242,Senegal,Netherlands (Kingdom of the),52.4,Attention,67,-66.3,Signal limité dans les indicateurs récents,Surveillance renforcée
1243,Georgia,Poland,52.3,Attention,96,-5.9,Signal limité dans les indicateurs récents,Surveillance renforcée
1244,Uganda,United States of America,52.3,Attention,52,-89.4,Signal limité dans les indicateurs récents,Surveillance renforcée
1245,Pakistan,South Africa,52.3,Attention,5,-97.2,Signal limité dans les indicateurs récents,Surveillance renforcée
1246,Ethiopia,Austria,52.2,Attention,77,-2.5,Signal limité dans les indicateurs récents,Surveillance renforcée
1247,South Sudan,Libya,52.2,Attention,25,-61.5,Accélération du volume,Surveillance renforcée
1248,Congo,Cyprus,52.1,Attention,64,-38.5,Signal limité dans les indicateurs récents,Surveillance renforcée
1249,Spain,United States of America,52.1,Attention,147,-69.2,Signal limité dans les indicateurs récents,Surveillance renforcée
1250,Nicaragua,Ireland,52.1,Attention,81,92.9,Accélération du volume,Surveillance renforcée
1251,Serbia and Kosovo: S/RES/1244 (1999),Austria,52.1,Attention,76,-17.4,Accélération du volume,Surveillance renforcée
1252,Brazil,Germany,52.1,Attention,108,21.3,Accélération + deux hausses consécutives,Surveillance renforcée
1253,Syrian Arab Rep.,Serbia and Kosovo: S/RES/1244 (1999),51.9,Attention,28,-72.5,Signal limité dans les indicateurs récents,Surveillance renforcée
1254,Albania,Sweden,51.9,Attention,79,2.6,Accélération du volume,Surveillance renforcée
1255,Gambia,Sweden,51.9,Attention,112,-16.4,Signal limité dans les indicateurs récents,Surveillance renforcée
1256,Russian Federation,United Kingdom of Great Britain and Northern Ireland,51.8,Attention,141,-18.5,Accélération du volume,Surveillance renforcée
1257,Ukraine,Georgia,51.8,Attention,92,-54.7,Signal limité dans les indicateurs récents,Surveillance renforcée
1258,Kenya,Rep. of Korea,51.8,Attention,76,-8.4,Accélération du volume,Surveillance renforcée
1259,Somalia,Luxembourg,51.7,Attention,69,102.9,Accélération + deux hausses consécutives,Surveillance renforcée
1260,State of Palestine,Brazil,51.7,Attention,86,45.8,Accélération + deux hausses consécutives,Surveillance renforcée
1261,Mozambique,Germany,51.7,Attention,123,55.7,Deux hausses annuelles consécutives,Surveillance renforcée
1262,South Africa,United States of America,51.7,Attention,56,-83.9,Signal limité dans les indicateurs récents,Surveillance renforcée
1263,Sudan,Poland,51.7,Attention,96,-60.2,Signal limité dans les indicateurs récents,Surveillance renforcée
1264,Ghana,Ireland,51.7,Attention,156,10.6,Deux hausses annuelles consécutives,Surveillance renforcée
1265,Cameroon,Ireland,51.6,Attention,92,76.9,Accélération + deux hausses consécutives,Surveillance renforcée
1266,United States of America,Sweden,51.6,Attention,71,115.2,Accélération + deux hausses consécutives,Surveillance renforcée
1267,Mali,Belgium,51.6,Attention,109,31.3,Accélération du volume,Surveillance renforcée
1268,Pakistan,New Zealand,51.6,Attention,126,24.8,Deux hausses annuelles consécutives,Surveillance renforcée
1269,Ukraine,Armenia,51.5,Attention,86,-42.7,Signal limité dans les indicateurs récents,Surveillance renforcée
1270,Eritrea,Rwanda,51.4,Attention,16,-93.1,Signal limité dans les indicateurs récents,Surveillance renforcée
1271,Benin,United States of America,51.4,Attention,110,-38.9,Signal limité dans les indicateurs récents,Surveillance renforcée
1272,Ukraine,Kazakhstan,51.4,Attention,73,-54.9,Signal limité dans les indicateurs récents,Surveillance renforcée
1273,Zambia,Israel,51.4,Attention,62,-53.4,Signal limité dans les indicateurs récents,Surveillance renforcée
1274,Yemen,Sweden,51.4,Attention,59,-48.2,Signal limité dans les indicateurs récents,Surveillance renforcée
1275,Liberia,United States of America,51.4,Attention,96,-75.1,Signal limité dans les indicateurs récents,Surveillance renforcée
1276,Cuba,Panama,51.3,Attention,88,8.6,Deux hausses annuelles consécutives,Surveillance renforcée
1277,Sudan,Somalia,51.2,Attention,65,195.5,Accélération du volume,Surveillance renforcée
1278,Gambia,Belgium,51.2,Attention,131,-15.5,Signal limité dans les indicateurs récents,Surveillance renforcée
1279,Pakistan,Slovenia,51.2,Attention,63,-27.6,Accélération du volume,Surveillance renforcée
1280,Ukraine,Greece,51.1,Attention,110,11.1,Accélération du volume,Surveillance renforcée
1281,Myanmar,Netherlands (Kingdom of the),51.0,Attention,90,50.0,Accélération + deux hausses consécutives,Surveillance renforcée
1282,Central African Rep.,Senegal,51.0,Attention,27,-85.1,Signal limité dans les indicateurs récents,Surveillance renforcée
1283,Cameroon,Philippines,51.0,Attention,69,91.7,Accélération du volume,Surveillance renforcée
1284,Guatemala,Italy,50.9,Attention,82,22.4,Deux hausses annuelles consécutives,Surveillance renforcée
1285,Pakistan,Bulgaria,50.9,Attention,94,3.3,Accélération du volume,Surveillance renforcée
1286,Lebanon,Netherlands (Kingdom of the),50.9,Attention,96,5.5,Accélération + deux hausses consécutives,Surveillance renforcée
1287,Lebanon,Greece,50.9,Attention,77,-17.2,Signal limité dans les indicateurs récents,Surveillance renforcée
1288,Ghana,Cote d'Ivoire,50.8,Attention,1747,,Signal limité dans les indicateurs récents,Surveillance renforcée
1289,Algeria,United States of America,50.8,Attention,36,-87.1,Signal limité dans les indicateurs récents,Surveillance renforcée
1290,Ecuador,Belgium,50.8,Attention,105,25.0,Accélération + deux hausses consécutives,Surveillance renforcée
1291,Gambia,Switzerland,50.8,Attention,94,-34.3,Signal limité dans les indicateurs récents,Surveillance renforcée
1292,Mali,Brazil,50.8,Attention,71,153.6,Accélération du volume,Surveillance renforcée
1293,Costa Rica,Spain,50.8,Attention,86,-28.3,Signal limité dans les indicateurs récents,Surveillance renforcée
1294,Burundi,Slovenia,50.8,Attention,61,117.9,Accélération du volume,Surveillance renforcée
1295,State of Palestine,Australia,50.8,Attention,929,,Signal limité dans les indicateurs récents,Surveillance renforcée
1296,Niger,Canada,50.8,Attention,95,-23.4,Signal limité dans les indicateurs récents,Surveillance renforcée
1297,Dem. Rep. of the Congo,Rep. of Korea,50.7,Attention,77,28.3,Deux hausses annuelles consécutives,Surveillance renforcée
1298,Nigeria,Tunisia,50.6,Attention,5,-98.3,Signal limité dans les indicateurs récents,Surveillance renforcée
1299,Yemen,Rep. of Korea,50.6,Attention,56,86.7,Accélération du volume,Surveillance renforcée
1300,Pakistan,Denmark,50.6,Attention,92,155.6,Accélération + deux hausses consécutives,Surveillance renforcée
1301,Sudan,United Rep. of Tanzania,50.6,Attention,75,8.7,Deux hausses annuelles consécutives,Surveillance renforcée
1302,Poland,Canada,50.6,Attention,120,-29.8,Signal limité dans les indicateurs récents,Surveillance renforcée
1303,State of Palestine,Chile,50.5,Attention,93,,Signal limité dans les indicateurs récents,Surveillance renforcée
1304,Uganda,Zambia,50.5,Attention,23,-85.0,Signal limité dans les indicateurs récents,Surveillance renforcée
1305,Iraq,Iceland,50.5,Attention,56,-41.1,Signal limité dans les indicateurs récents,Surveillance renforcée
1306,Morocco,Luxembourg,50.4,Attention,78,2.6,Deux hausses annuelles consécutives,Surveillance renforcée
1307,Viet Nam,Brazil,50.4,Attention,8,-99.6,Signal limité dans les indicateurs récents,Surveillance renforcée
1308,Armenia,Spain,50.4,Attention,84,-28.8,Accélération du volume,Surveillance renforcée
1309,Dem. Rep. of the Congo,Italy,50.4,Attention,55,-54.9,Signal limité dans les indicateurs récents,Surveillance renforcée
1310,India,South Africa,50.4,Attention,14,-75.9,Accélération du volume,Surveillance renforcée
1311,Dem. Rep. of the Congo,Central African Rep.,50.4,Attention,60,-18.9,Signal limité dans les indicateurs récents,Surveillance renforcée
1312,Dem. Rep. of the Congo,South Sudan,50.3,Attention,128,,Signal limité dans les indicateurs récents,Surveillance renforcée
1313,India,Poland,50.3,Attention,45,-83.8,Signal limité dans les indicateurs récents,Surveillance renforcée
1314,Azerbaijan,Switzerland,50.3,Attention,92,-22.7,Signal limité dans les indicateurs récents,Surveillance renforcée
1315,Pakistan,Poland,50.2,Attention,81,-33.6,Signal limité dans les indicateurs récents,Surveillance renforcée
1316,Cote d'Ivoire,United States of America,50.2,Attention,49,-83.3,Signal limité dans les indicateurs récents,Surveillance renforcée
1317,Ethiopia,Morocco,50.2,Attention,65,140.7,Accélération + deux hausses consécutives,Surveillance renforcée
1318,Georgia,Finland,50.1,Attention,88,37.5,Accélération du volume,Surveillance renforcée
1319,Ghana,Burkina Faso,50.1,Attention,187,,Signal limité dans les indicateurs récents,Surveillance renforcée
1320,Eritrea,Italy,50.1,Attention,63,-35.1,Signal limité dans les indicateurs récents,Surveillance renforcée
1321,China,Sweden,49.9,Attention,91,71.7,Accélération du volume,Surveillance renforcée
1322,Sri Lanka,Malaysia,49.9,Attention,49,-75.4,Signal limité dans les indicateurs récents,Surveillance renforcée
1323,Serbia and Kosovo: S/RES/1244 (1999),United States of America,49.8,Attention,75,-33.0,Accélération du volume,Surveillance renforcée
1324,Chile,Italy,49.8,Attention,80,-25.2,Signal limité dans les indicateurs récents,Surveillance renforcée
1325,Saudi Arabia,United Kingdom of Great Britain and Northern Ireland,49.8,Attention,146,-29.5,Signal limité dans les indicateurs récents,Surveillance renforcée
1326,Uganda,Rep. of Korea,49.7,Attention,67,3.1,Accélération du volume,Surveillance renforcée
1327,Tunisia,United Kingdom of Great Britain and Northern Ireland,49.7,Attention,130,-9.1,Accélération du volume,Surveillance renforcée
1328,Egypt,Poland,49.7,Attention,63,-67.7,Signal limité dans les indicateurs récents,Surveillance renforcée
1329,Kuwait,France,49.6,Attention,113,32.9,Deux hausses annuelles consécutives,Surveillance renforcée
1330,Ukraine,Denmark,49.5,Attention,108,1.9,Deux hausses annuelles consécutives,Surveillance renforcée
1331,Mongolia,United States of America,49.5,Attention,69,-72.3,Signal limité dans les indicateurs récents,Surveillance renforcée
1332,Iraq,Rep. of Korea,49.5,Attention,53,-34.6,Signal limité dans les indicateurs récents,Surveillance renforcée
1333,Iraq,Denmark,49.5,Attention,68,4.6,Accélération du volume,Surveillance renforcée
1334,Nicaragua,Finland,49.5,Attention,57,137.5,Accélération du volume,Surveillance renforcée
1335,Nicaragua,United Kingdom of Great Britain and Northern Ireland,49.4,Attention,129,-3.0,Accélération du volume,Surveillance renforcée
1336,Peru,United Kingdom of Great Britain and Northern Ireland,49.4,Attention,130,-28.6,Signal limité dans les indicateurs récents,Surveillance renforcée
1337,Somalia,Brazil,49.4,Attention,12,-97.2,Signal limité dans les indicateurs récents,Surveillance renforcée
1338,South Sudan,Tunisia,49.4,Attention,5,-93.8,Signal limité dans les indicateurs récents,Surveillance renforcée
1339,Kyrgyzstan,Germany,49.3,Attention,132,55.3,Accélération du volume,Surveillance renforcée
1340,North Macedonia,Italy,49.3,Attention,81,-8.0,Signal limité dans les indicateurs récents,Surveillance renforcée
1341,Turkmenistan,United States of America,49.3,Attention,93,-80.8,Signal limité dans les indicateurs récents,Surveillance renforcée
1342,Central African Rep.,Algeria,49.3,Attention,73,49.0,Accélération du volume,Surveillance renforcée
1343,South Africa,Germany,49.3,Attention,52,-44.1,Signal limité dans les indicateurs récents,Surveillance renforcée
1344,Ghana,Spain,49.3,Attention,68,-45.6,Signal limité dans les indicateurs récents,Surveillance renforcée
1345,Germany,Russian Federation,49.2,Attention,129,-29.1,Signal limité dans les indicateurs récents,Surveillance renforcée
1346,Nigeria,Portugal,49.0,Attention,60,-14.3,Signal limité dans les indicateurs récents,Surveillance renforcée
1347,Cameroon,Tunisia,49.0,Attention,7,-97.2,Signal limité dans les indicateurs récents,Surveillance renforcée
1348,Cuba,Greece,49.0,Attention,64,-34.7,Signal limité dans les indicateurs récents,Surveillance renforcée
1349,Guinea,Luxembourg,48.9,Attention,79,25.4,Accélération du volume,Surveillance renforcée
1350,Chad,Germany,48.8,Attention,108,36.7,Accélération du volume,Surveillance renforcée
1351,Guinea-Bissau,Germany,48.8,Attention,106,1.0,Deux hausses annuelles consécutives,Surveillance renforcée
1352,Sierra Leone,United States of America,48.8,Attention,94,-78.1,Signal limité dans les indicateurs récents,Surveillance renforcée
1353,Sierra Leone,Canada,48.7,Attention,128,-11.1,Signal limité dans les indicateurs récents,Surveillance renforcée
1354,Guyana,United States of America,48.7,Attention,134,-54.3,Signal limité dans les indicateurs récents,Surveillance renforcée
1355,Albania,Switzerland,48.7,Attention,66,6.5,Accélération du volume,Surveillance renforcée
1356,Kazakhstan,Russian Federation,48.7,Attention,103,-25.4,Signal limité dans les indicateurs récents,Surveillance renforcée
1357,Unknown ,Russian Federation,48.6,Attention,76,1.3,Deux hausses annuelles consécutives,Surveillance renforcée
1358,Cameroon,Ghana,48.6,Attention,47,-44.0,Signal limité dans les indicateurs récents,Surveillance renforcée
1359,Ukraine,Austria,48.5,Attention,106,16.5,Accélération du volume,Surveillance renforcée
1360,Ecuador,Costa Rica,48.4,Attention,74,-1.3,Signal limité dans les indicateurs récents,Surveillance renforcée
1361,South Sudan,Switzerland,48.4,Attention,86,14.7,Accélération du volume,Surveillance renforcée
1362,Bangladesh,Romania,48.3,Attention,35,-72.2,Accélération du volume,Surveillance renforcée
1363,United States of America,Norway,48.3,Attention,59,268.8,Accélération + deux hausses consécutives,Surveillance renforcée
1364,Ghana,Mexico,48.3,Attention,79,-25.5,Signal limité dans les indicateurs récents,Surveillance renforcée
1365,Cuba,Guatemala,48.3,Attention,68,15.3,Accélération du volume,Surveillance renforcée
1366,Cameroon,Benin,48.2,Attention,63,90.9,Accélération + deux hausses consécutives,Surveillance renforcée
1367,Argentina,Mexico,48.2,Attention,89,-16.8,Accélération du volume,Surveillance renforcée
1368,Angola,Ireland,48.1,Attention,89,128.2,Accélération du volume,Surveillance renforcée
1369,Benin,Brazil,48.1,Attention,95,-15.9,Signal limité dans les indicateurs récents,Surveillance renforcée
1370,Türkiye,Brazil,48.0,Attention,71,77.5,Accélération du volume,Surveillance renforcée
1371,Ethiopia,Libya,48.0,Attention,20,-63.0,Accélération du volume,Surveillance renforcée
1372,Niger,Italy,48.0,Attention,56,-26.3,Signal limité dans les indicateurs récents,Surveillance renforcée
1373,Sudan,Uganda,47.9,Attention,91,,Signal limité dans les indicateurs récents,Surveillance renforcée
1374,Costa Rica,Canada,47.9,Attention,102,43.7,Accélération du volume,Surveillance renforcée
1375,Egypt,Armenia,47.9,Attention,50,-62.1,Signal limité dans les indicateurs récents,Surveillance renforcée
1376,Israel,Canada,47.9,Attention,103,-9.6,Signal limité dans les indicateurs récents,Surveillance renforcée
1377,Dem. Rep. of the Congo,Mexico,47.8,Attention,47,-39.0,Accélération du volume,Surveillance renforcée
1378,Rwanda,South Africa,47.7,Attention,52,44.4,Accélération du volume,Surveillance renforcée
1379,Chad,Egypt,47.6,Attention,72,-24.2,Signal limité dans les indicateurs récents,Surveillance renforcée
1380,Gambia,Greece,47.6,Attention,84,-11.6,Accélération du volume,Surveillance renforcée
1381,Yemen,Austria,47.6,Attention,59,-11.9,Signal limité dans les indicateurs récents,Surveillance renforcée
1382,Bahamas,United States of America,47.5,Attention,56,-90.3,Signal limité dans les indicateurs récents,Surveillance renforcée
1383,Ghana,Netherlands (Kingdom of the),47.4,Attention,79,9.7,Deux hausses annuelles consécutives,Surveillance renforcée
1384,Senegal,Argentina,47.4,Attention,7,-99.0,Signal limité dans les indicateurs récents,Surveillance renforcée
1385,State of Palestine,Netherlands (Kingdom of the),47.4,Attention,126,,Signal limité dans les indicateurs récents,Surveillance renforcée
1386,Unknown ,Brazil,47.4,Attention,74,72.1,Accélération + deux hausses consécutives,Surveillance renforcée
1387,China,Norway,47.3,Attention,91,28.2,Deux hausses annuelles consécutives,Surveillance renforcée
1388,Belarus,Sweden,47.3,Attention,85,1.2,Accélération du volume,Surveillance renforcée
1389,Belarus,Israel,47.3,Attention,61,-61.6,Accélération du volume,Surveillance renforcée
1390,Indonesia,United Kingdom of Great Britain and Northern Ireland,47.3,Attention,114,-39.0,Signal limité dans les indicateurs récents,Surveillance renforcée
1391,Rep. of Moldova,Poland,47.3,Attention,76,40.7,Accélération + deux hausses consécutives,Surveillance renforcée
1392,Philippines,United Kingdom of Great Britain and Northern Ireland,47.3,Attention,101,-50.7,Signal limité dans les indicateurs récents,Surveillance renforcée
1393,Central African Rep.,Benin,47.2,Attention,91,23.0,Deux hausses annuelles consécutives,Surveillance renforcée
1394,Cote d'Ivoire,Greece,47.2,Attention,66,40.4,Accélération du volume,Surveillance renforcée
1395,Iraq,Poland,47.2,Attention,50,-46.8,Signal limité dans les indicateurs récents,Surveillance renforcée
1396,Niger,United States of America,47.2,Attention,47,-55.7,Signal limité dans les indicateurs récents,Surveillance renforcée
1397,India,Latvia,47.2,Attention,52,-66.0,Signal limité dans les indicateurs récents,Surveillance renforcée
1398,Panama,Spain,47.1,Attention,64,-35.4,Signal limité dans les indicateurs récents,Surveillance renforcée
1399,Russian Federation,Czechia,47.0,Attention,65,-28.6,Accélération du volume,Surveillance renforcée
1400,Cameroon,Luxembourg,47.0,Attention,65,41.3,Accélération du volume,Surveillance renforcée
1401,Bolivia (Plurinational State of),Ireland,46.9,Attention,95,5.6,Accélération du volume,Surveillance renforcée
1402,Türkiye,Bulgaria,46.9,Attention,65,54.8,Accélération + deux hausses consécutives,Surveillance renforcée
1403,Morocco,Denmark,46.8,Attention,59,-25.3,Signal limité dans les indicateurs récents,Surveillance renforcée
1404,United States of America,France,46.8,Attention,63,200.0,Accélération + deux hausses consécutives,Surveillance renforcée
1405,Equatorial Guinea,United States of America,46.6,Attention,106,-42.1,Signal limité dans les indicateurs récents,Surveillance renforcée
1406,Italy,United States of America,46.6,Attention,85,-71.7,Signal limité dans les indicateurs récents,Surveillance renforcée
1407,Mongolia,Canada,46.6,Attention,86,-47.9,Signal limité dans les indicateurs récents,Surveillance renforcée
1408,Guinea,Rep. of Korea,46.5,Attention,62,-13.9,Signal limité dans les indicateurs récents,Surveillance renforcée
1409,Türkiye,Czechia,46.5,Attention,62,-37.4,Accélération du volume,Surveillance renforcée
1410,Stateless,Australia,46.4,Attention,229,,Signal limité dans les indicateurs récents,Surveillance renforcée
1411,Kenya,Netherlands (Kingdom of the),46.3,Attention,68,-37.0,Signal limité dans les indicateurs récents,Surveillance renforcée
1412,Nepal,Croatia,46.3,Attention,55,161.9,Deux hausses annuelles consécutives,Surveillance renforcée
1413,Belarus,Spain,46.3,Attention,71,-37.7,Signal limité dans les indicateurs récents,Surveillance renforcée
1414,Dem. Rep. of the Congo,United Kingdom of Great Britain and Northern Ireland,46.3,Attention,129,-5.8,Signal limité dans les indicateurs récents,Surveillance renforcée
1415,Egypt,Switzerland,46.3,Attention,70,18.6,Deux hausses annuelles consécutives,Surveillance renforcée
1416,Ukraine,Slovenia,46.2,Attention,60,-50.8,Signal limité dans les indicateurs récents,Surveillance renforcée
1417,Angola,Mexico,46.2,Attention,23,-89.4,Signal limité dans les indicateurs récents,Surveillance renforcée
1418,Sudan,Congo,46.1,Attention,9,-94.8,Signal limité dans les indicateurs récents,Surveillance renforcée
1419,Syrian Arab Rep.,Algeria,46.1,Attention,6,-92.7,Signal limité dans les indicateurs récents,Surveillance renforcée
1420,Mexico,Germany,46.1,Attention,62,8.8,Deux hausses annuelles consécutives,Surveillance renforcée
1421,Azerbaijan,United Kingdom of Great Britain and Northern Ireland,46.0,Attention,107,7.0,Accélération du volume,Surveillance renforcée
1422,Russian Federation,Montenegro,46.0,Attention,63,16.7,Accélération du volume,Surveillance renforcée
1423,Ecuador,Australia,46.0,Attention,49,880.0,Accélération du volume,Surveillance renforcée
1424,Senegal,Gambia,46.0,Attention,52,,Signal limité dans les indicateurs récents,Surveillance renforcée
1425,Niger,Mauritania,46.0,Attention,63,90.9,Accélération + deux hausses consécutives,Surveillance renforcée
1426,Somalia,Norway,46.0,Attention,65,47.7,Accélération du volume,Surveillance renforcée
1427,Algeria,Bulgaria,45.9,Attention,60,-28.6,Accélération du volume,Surveillance renforcée
1428,Sudan,Norway,45.8,Attention,74,51.0,Accélération du volume,Surveillance renforcée
1429,Serbia and Kosovo: S/RES/1244 (1999),Canada,45.8,Attention,86,-31.7,Signal limité dans les indicateurs récents,Surveillance renforcée
1430,Yemen,Poland,45.8,Attention,45,-80.1,Signal limité dans les indicateurs récents,Surveillance renforcée
1431,Unknown ,Honduras,45.8,Attention,716,,Signal limité dans les indicateurs récents,Surveillance renforcée
1432,El Salvador,Sweden,45.8,Attention,48,-56.0,Signal limité dans les indicateurs récents,Surveillance renforcée
1433,Tunisia,Luxembourg,45.6,Attention,66,17.9,Deux hausses annuelles consécutives,Surveillance renforcée
1434,Paraguay,United States of America,45.6,Attention,97,-39.0,Signal limité dans les indicateurs récents,Surveillance renforcée
1435,Lebanon,United Kingdom of Great Britain and Northern Ireland,45.6,Attention,68,-66.0,Signal limité dans les indicateurs récents,Surveillance renforcée
1436,Iran (Islamic Rep. of),Poland,45.6,Attention,47,-64.1,Signal limité dans les indicateurs récents,Surveillance renforcée
1437,Sudan,Philippines,45.6,Attention,42,-46.8,Signal limité dans les indicateurs récents,Surveillance renforcée
1438,Ghana,Israel,45.5,Attention,52,-36.6,Accélération du volume,Surveillance renforcée
1439,Ukraine,Türkiye,45.5,Attention,29,-79.1,Accélération du volume,Surveillance renforcée
1440,Stateless,Norway,45.4,Attention,74,-37.3,Signal limité dans les indicateurs récents,Surveillance renforcée
1441,India,Denmark,45.4,Attention,55,587.5,Accélération du volume,Surveillance renforcée
1442,Pakistan,Senegal,45.3,Attention,49,-63.2,Signal limité dans les indicateurs récents,Surveillance renforcée
1443,India,Spain,45.3,Attention,68,-12.8,Signal limité dans les indicateurs récents,Surveillance renforcée
1444,Malaysia,New Zealand,45.3,Attention,76,-13.6,Accélération du volume,Surveillance renforcée
1445,Dominican Rep.,Italy,45.2,Attention,51,-57.1,Signal limité dans les indicateurs récents,Surveillance renforcée
1446,Hungary,United States of America,45.2,Attention,70,-56.0,Signal limité dans les indicateurs récents,Surveillance renforcée
1447,Sudan,Luxembourg,45.1,Attention,55,111.5,Accélération du volume,Surveillance renforcée
1448,Saint Lucia,United Kingdom of Great Britain and Northern Ireland,45.1,Attention,131,19.1,Deux hausses annuelles consécutives,Surveillance renforcée
1449,Türkiye,Cyprus,45.1,Attention,71,18.3,Accélération du volume,Surveillance renforcée
1450,Belarus,Lithuania,45.0,Attention,69,-43.9,Accélération du volume,Surveillance renforcée
1451,Lebanon,Cyprus,45.0,Attention,47,-53.5,Signal limité dans les indicateurs récents,Surveillance renforcée
1452,Sudan,Dem. Rep. of the Congo,45.0,Attention,74,270.0,Croissance récente ≥ 30 %,Surveillance renforcée
1453,Malawi,United States of America,44.9,Attention,8,-97.9,Signal limité dans les indicateurs récents,Surveillance renforcée
1454,Congo,Germany,44.9,Attention,106,29.3,Accélération du volume,Surveillance renforcée
1455,Algeria,Sweden,44.8,Attention,56,-24.3,Accélération du volume,Surveillance renforcée
1456,Eritrea,South Africa,44.8,Attention,40,-16.7,Accélération du volume,Surveillance renforcée
1457,Tajikistan,Russian Federation,44.8,Attention,71,22.4,Deux hausses annuelles consécutives,Surveillance renforcée
1458,Pakistan,Georgia,44.7,Attention,36,-83.6,Signal limité dans les indicateurs récents,Surveillance renforcée
1459,Yemen,Australia,44.6,Attention,56,33.3,Accélération du volume,Surveillance renforcée
1460,Cuba,Chile,44.6,Attention,19,-86.0,Signal limité dans les indicateurs récents,Surveillance renforcée
1461,Belarus,Italy,44.5,Attention,67,-17.3,Accélération du volume,Surveillance renforcée
1462,Argentina,Canada,44.5,Attention,81,-27.7,Signal limité dans les indicateurs récents,Surveillance renforcée
1463,Unknown ,Philippines,44.5,Attention,62,,Signal limité dans les indicateurs récents,Surveillance renforcée
1464,Ethiopia,Rwanda,44.4,Attention,22,-69.0,Signal limité dans les indicateurs récents,Surveillance renforcée
1465,Niger,Togo,44.4,Attention,55,266.7,Accélération + deux hausses consécutives,Surveillance renforcée
1466,Dem. Rep. of the Congo,Morocco,44.4,Attention,36,-61.3,Signal limité dans les indicateurs récents,Surveillance renforcée
1467,Ethiopia,Finland,44.4,Attention,57,96.6,Accélération du volume,Surveillance renforcée
1468,Ethiopia,India,44.3,Attention,52,246.7,Accélération du volume,Surveillance renforcée
1469,Rep. of Moldova,Czechia,44.2,Attention,86,-1.1,Accélération du volume,Surveillance renforcée
1470,Syrian Arab Rep.,Ghana,44.2,Attention,55,205.6,Accélération + deux hausses consécutives,Surveillance renforcée
1471,Congo,Belgium,44.2,Attention,39,-97.8,Signal limité dans les indicateurs récents,Surveillance renforcée
1472,Viet Nam,Spain,44.1,Attention,73,30.4,Accélération du volume,Surveillance renforcée
1473,Nicaragua,Italy,44.0,Attention,64,56.1,Accélération + deux hausses consécutives,Surveillance renforcée
1474,Rep. of Moldova,United States of America,44.0,Attention,56,-63.2,Accélération du volume,Surveillance renforcée
1475,Ethiopia,Ireland,44.0,Attention,74,76.2,Accélération du volume,Surveillance renforcée
1476,Myanmar,Switzerland,43.9,Attention,58,20.8,Deux hausses annuelles consécutives,Surveillance renforcée
1477,Rwanda,United States of America,43.9,Attention,43,-83.8,Signal limité dans les indicateurs récents,Surveillance renforcée
1478,Eritrea,Djibouti,43.7,Attention,7,-91.4,Signal limité dans les indicateurs récents,Surveillance renforcée
1479,El Salvador,United Kingdom of Great Britain and Northern Ireland,43.7,Attention,62,-28.7,Signal limité dans les indicateurs récents,Surveillance renforcée
1480,United Rep. of Tanzania,United States of America,43.7,Attention,43,-87.1,Signal limité dans les indicateurs récents,Surveillance renforcée
1481,Guinea-Bissau,Italy,43.6,Attention,50,-63.8,Signal limité dans les indicateurs récents,Surveillance renforcée
1482,Rep. of Moldova,Spain,43.6,Attention,63,-20.3,Signal limité dans les indicateurs récents,Surveillance renforcée
1483,Russian Federation,Armenia,43.5,Attention,55,-29.5,Signal limité dans les indicateurs récents,Surveillance renforcée
1484,Colombia,Poland,43.5,Attention,60,50.0,Deux hausses annuelles consécutives,Surveillance renforcée
1485,Mauritius,France,43.5,Attention,74,13.8,Accélération + deux hausses consécutives,Surveillance renforcée
1486,Turkmenistan,Russian Federation,43.4,Attention,93,-19.1,Signal limité dans les indicateurs récents,Surveillance renforcée
1487,Indonesia,Israel,43.3,Attention,46,,Signal limité dans les indicateurs récents,Surveillance renforcée
1488,Cuba,Georgia,43.3,Attention,62,,Signal limité dans les indicateurs récents,Surveillance renforcée
1489,Colombia,Iceland,43.3,Attention,52,-43.5,Signal limité dans les indicateurs récents,Surveillance renforcée
1490,Guinea-Bissau,Spain,43.2,Attention,84,20.0,Deux hausses annuelles consécutives,Surveillance renforcée
1491,Sudan,Malaysia,43.2,Attention,7,-93.9,Signal limité dans les indicateurs récents,Surveillance renforcée
1492,Haiti,Dominican Rep.,43.1,Attention,21,-61.1,Accélération du volume,Surveillance renforcée
1493,Gambia,Senegal,43.1,Attention,56,40.0,Accélération du volume,Surveillance renforcée
1494,Mauritius,United Kingdom of Great Britain and Northern Ireland,43.0,Attention,116,38.1,Accélération du volume,Surveillance renforcée
1495,Dem. Rep. of the Congo,Finland,43.0,Attention,56,166.7,Accélération du volume,Surveillance renforcée
1496,Brazil,Argentina,43.0,Attention,24,-87.8,Signal limité dans les indicateurs récents,Surveillance renforcée
1497,Dem. Rep. of the Congo,Austria,42.9,Attention,66,37.5,Accélération du volume,Surveillance renforcée
1498,Tunisia,United States of America,42.9,Attention,23,-80.8,Signal limité dans les indicateurs récents,Surveillance renforcée
1499,Central African Rep.,Spain,42.8,Attention,25,-89.6,Signal limité dans les indicateurs récents,Surveillance renforcée
1500,Guyana,Brazil,42.8,Attention,84,-21.5,Signal limité dans les indicateurs récents,Surveillance renforcée
1501,Dem. Rep. of the Congo,Algeria,42.8,Attention,49,81.5,Accélération du volume,Surveillance renforcée
1502,Rwanda,Israel,42.5,Attention,25,-84.4,Signal limité dans les indicateurs récents,Surveillance renforcée
1503,Mozambique,Zimbabwe,42.5,Attention,5,-93.9,Signal limité dans les indicateurs récents,Surveillance renforcée
1504,China,Finland,42.4,Attention,62,63.2,Accélération du volume,Surveillance renforcée
1505,Viet Nam,France,42.4,Attention,61,0.0,Signal limité dans les indicateurs récents,Surveillance renforcée
1506,Pakistan,Finland,42.4,Attention,76,40.7,Accélération du volume,Surveillance renforcée
1507,France,Canada,42.2,Attention,93,-15.5,Signal limité dans les indicateurs récents,Surveillance renforcée
1508,Cote d'Ivoire,Tunisia,42.2,Attention,6,-95.9,Signal limité dans les indicateurs récents,Surveillance renforcée
1509,Pakistan,Romania,42.2,Attention,20,-79.4,Accélération du volume,Surveillance renforcée
1510,Yemen,Malaysia,42.1,Attention,23,-76.8,Signal limité dans les indicateurs récents,Surveillance renforcée
1511,Azerbaijan,Russian Federation,42.0,Attention,55,34.1,Deux hausses annuelles consécutives,Surveillance renforcée
1512,Sri Lanka,Netherlands (Kingdom of the),42.0,Attention,66,13.8,Accélération + deux hausses consécutives,Surveillance renforcée
1513,Armenia,Russian Federation,41.9,Attention,58,-32.6,Signal limité dans les indicateurs récents,Surveillance renforcée
1514,Nepal,New Zealand,41.8,Attention,66,-17.5,Signal limité dans les indicateurs récents,Surveillance renforcée
1515,Dem. Rep. of the Congo,Spain,41.8,Attention,55,12.2,Accélération du volume,Surveillance renforcée
1516,Viet Nam,Sweden,41.8,Attention,59,59.5,Accélération du volume,Surveillance renforcée
1517,Pakistan,Azerbaijan,41.7,Attention,12,-90.7,Signal limité dans les indicateurs récents,Surveillance renforcée
1518,South Sudan,Chad,41.7,Attention,60,,Signal limité dans les indicateurs récents,Surveillance renforcée
1519,South Sudan,Malaysia,41.6,Attention,47,487.5,Accélération du volume,Surveillance renforcée
1520,Sudan,Australia,41.6,Attention,59,,Signal limité dans les indicateurs récents,Surveillance renforcée
1521,Ukraine,Azerbaijan,41.6,Attention,22,-84.1,Signal limité dans les indicateurs récents,Surveillance renforcée
1522,Rwanda,Sweden,41.6,Attention,55,-17.9,Accélération du volume,Surveillance renforcée
1523,Czechia,Canada,41.4,Attention,92,35.3,Accélération du volume,Surveillance renforcée
1524,Israel,United States of America,41.4,Attention,45,-69.8,Signal limité dans les indicateurs récents,Surveillance renforcée
1525,Ghana,Australia,41.3,Attention,43,760.0,Accélération du volume,Surveillance renforcée
1526,Kenya,Sweden,41.3,Attention,72,-6.5,Signal limité dans les indicateurs récents,Surveillance renforcée
1527,Kazakhstan,Canada,41.2,Attention,73,0.0,Accélération du volume,Surveillance renforcée
1528,Ecuador,Chile,41.1,Attention,15,-85.3,Signal limité dans les indicateurs récents,Surveillance renforcée
1529,Nepal,Romania,41.1,Attention,17,-91.7,Signal limité dans les indicateurs récents,Surveillance renforcée
1530,Sudan,Austria,41.1,Attention,61,10.9,Accélération du volume,Surveillance renforcée
1531,Unknown ,Portugal,41.0,Attention,45,,Signal limité dans les indicateurs récents,Surveillance renforcée
1532,Portugal,United States of America,41.0,Attention,56,-65.6,Signal limité dans les indicateurs récents,Surveillance renforcée
1533,Kenya,Ireland,41.0,Attention,97,14.1,Deux hausses annuelles consécutives,Surveillance renforcée
1534,South Sudan,Morocco,41.0,Attention,35,600.0,Croissance récente ≥ 30 %,Surveillance renforcée
1535,Syrian Arab Rep.,Latvia,41.0,Attention,32,-17.9,Accélération du volume,Surveillance renforcée
1536,Mexico,France,40.9,Attention,63,46.5,Deux hausses annuelles consécutives,Surveillance renforcée
1537,Egypt,Latvia,40.9,Attention,68,,Signal limité dans les indicateurs récents,Surveillance renforcée
1538,Sri Lanka,Austria,40.8,Attention,50,-21.9,Accélération du volume,Surveillance renforcée
1539,Rep. of Moldova,Russian Federation,40.8,Attention,63,-26.7,Signal limité dans les indicateurs récents,Surveillance renforcée
1540,Egypt,Finland,40.8,Attention,47,370.0,Accélération du volume,Surveillance renforcée
1541,Togo,Mauritania,40.7,Attention,20,-85.0,Signal limité dans les indicateurs récents,Surveillance renforcée
1542,Iran (Islamic Rep. of),Ireland,40.7,Attention,71,10.9,Accélération du volume,Surveillance renforcée
1543,Poland,United Kingdom of Great Britain and Northern Ireland,40.7,Attention,93,-5.1,Accélération du volume,Surveillance renforcée
1544,Namibia,United Kingdom of Great Britain and Northern Ireland,40.7,Attention,64,-62.1,Accélération du volume,Surveillance renforcée
1545,Sierra Leone,Spain,40.7,Attention,65,54.8,Deux hausses annuelles consécutives,Surveillance renforcée
1546,Colombia,Paraguay,40.7,Attention,41,173.3,Accélération du volume,Surveillance renforcée
1547,Uruguay,Spain,40.5,Attention,54,-60.3,Signal limité dans les indicateurs récents,Surveillance renforcée
1548,Syrian Arab Rep.,Djibouti,40.5,Attention,36,500.0,Accélération du volume,Surveillance renforcée
1549,Afghanistan,New Zealand,40.5,Attention,69,4.5,Deux hausses annuelles consécutives,Surveillance renforcée
1550,Ethiopia,Romania,40.5,Attention,13,-89.3,Signal limité dans les indicateurs récents,Surveillance renforcée
1551,Djibouti,United States of America,40.5,Attention,16,-93.4,Signal limité dans les indicateurs récents,Surveillance renforcée
1552,Morocco,Finland,40.4,Attention,47,235.7,Accélération du volume,Surveillance renforcée
1553,Liberia,Italy,40.4,Attention,37,-61.9,Signal limité dans les indicateurs récents,Surveillance renforcée
1554,Sudan,Latvia,40.3,Attention,79,,Signal limité dans les indicateurs récents,Surveillance renforcée
1555,Israel,Portugal,40.2,Attention,10,-90.8,Signal limité dans les indicateurs récents,Surveillance renforcée
1556,Italy,Canada,40.2,Attention,74,-9.8,Accélération du volume,Surveillance renforcée
1557,Nigeria,Mexico,40.2,Attention,54,68.8,Accélération du volume,Surveillance renforcée
1558,Eritrea,Morocco,40.2,Attention,54,54.3,Deux hausses annuelles consécutives,Surveillance renforcée
1559,Eswatini,Netherlands (Kingdom of the),40.1,Attention,51,628.6,Croissance récente ≥ 30 %,Surveillance renforcée
1560,Sierra Leone,Switzerland,40.1,Attention,53,130.4,Accélération du volume,Surveillance renforcée
1561,Ethiopia,Italy,40.0,Attention,45,-34.8,Signal limité dans les indicateurs récents,Surveillance renforcée
1562,Djibouti,Canada,40.0,Attention,53,-49.5,Signal limité dans les indicateurs récents,Surveillance renforcée
1563,Somalia,Romania,40.0,Attention,15,-77.3,Signal limité dans les indicateurs récents,Surveillance renforcée
1564,State of Palestine,Slovenia,39.9,Attention,46,24.3,Deux hausses annuelles consécutives,Surveillance renforcée
1565,Somalia,Mauritania,39.8,Attention,54,,Signal limité dans les indicateurs récents,Surveillance renforcée
1566,India,Slovenia,39.8,Attention,50,25.0,Accélération du volume,Surveillance renforcée
1567,Unknown ,Austria,39.8,Attention,17,-63.8,Accélération du volume,Surveillance renforcée
1568,Nepal,Israel,39.7,Attention,41,-43.8,Signal limité dans les indicateurs récents,Surveillance renforcée
1569,Spain,Canada,39.7,Attention,70,-19.5,Signal limité dans les indicateurs récents,Surveillance renforcée
1570,Bangladesh,Malta,39.7,Attention,36,33.3,Accélération du volume,Surveillance renforcée
1571,Nepal,Ireland,39.6,Attention,64,73.0,Accélération du volume,Surveillance renforcée
1572,Somalia,Iceland,39.6,Attention,19,-77.6,Signal limité dans les indicateurs récents,Surveillance renforcée
1573,Sudan,Malta,39.5,Attention,27,8.0,Accélération du volume,Surveillance renforcée
1574,State of Palestine,Libya,39.5,Attention,5,,Signal limité dans les indicateurs récents,Surveillance renforcée
1575,Congo,Italy,39.4,Attention,65,27.5,Accélération du volume,Surveillance renforcée
1576,Egypt,Croatia,39.4,Attention,47,67.9,Croissance récente ≥ 30 %,Surveillance renforcée
1577,Dem. Rep. of the Congo,Portugal,39.2,Attention,40,-41.2,Signal limité dans les indicateurs récents,Surveillance renforcée
1578,State of Palestine,Nigeria,39.2,Attention,53,-23.2,Signal limité dans les indicateurs récents,Surveillance renforcée
1579,Somalia,Denmark,39.2,Attention,54,-11.5,Signal limité dans les indicateurs récents,Surveillance renforcée
1580,Cote d'Ivoire,Algeria,39.1,Attention,45,-18.2,Signal limité dans les indicateurs récents,Surveillance renforcée
1581,United Rep. of Tanzania,Belgium,39.1,Attention,75,70.5,Accélération + deux hausses consécutives,Surveillance renforcée
1582,Burundi,Egypt,39.1,Attention,42,-45.5,Signal limité dans les indicateurs récents,Surveillance renforcée
1583,Cameroon,South Africa,39.1,Attention,31,34.8,Accélération du volume,Surveillance renforcée
1584,Guatemala,United Kingdom of Great Britain and Northern Ireland,39.1,Attention,38,-64.8,Signal limité dans les indicateurs récents,Surveillance renforcée
1585,Sierra Leone,Ireland,39.1,Attention,87,50.0,Accélération + deux hausses consécutives,Surveillance renforcée
1586,Kenya,Greece,39.0,Attention,63,85.3,Accélération + deux hausses consécutives,Surveillance renforcée
1587,Andorra,Brazil,39.0,Attention,46,820.0,Accélération du volume,Surveillance renforcée
1588,State of Palestine,Morocco,39.0,Attention,33,,Signal limité dans les indicateurs récents,Surveillance renforcée
1589,Zambia,United States of America,38.9,Attention,10,-92.3,Signal limité dans les indicateurs récents,Surveillance renforcée
1590,Ecuador,United Kingdom of Great Britain and Northern Ireland,38.9,Attention,65,-42.0,Signal limité dans les indicateurs récents,Surveillance renforcée
1591,Dem. Rep. of the Congo,Mauritius,38.8,Attention,31,40.9,Deux hausses annuelles consécutives,Surveillance renforcée
1592,Israel,Germany,38.7,Attention,71,51.1,Accélération du volume,Surveillance renforcée
1593,Chile,Brazil,38.7,Attention,56,-11.1,Signal limité dans les indicateurs récents,Surveillance renforcée
1594,Sierra Leone,Tunisia,38.7,Attention,7,-95.6,Signal limité dans les indicateurs récents,Surveillance renforcée
1595,Sweden,Canada,38.7,Attention,64,-37.3,Signal limité dans les indicateurs récents,Surveillance renforcée
1596,Indonesia,Canada,38.6,Attention,55,-11.3,Accélération du volume,Surveillance renforcée
1597,Mali,Switzerland,38.6,Attention,52,-28.8,Signal limité dans les indicateurs récents,Surveillance renforcée
1598,Paraguay,Brazil,38.6,Attention,60,-34.1,Signal limité dans les indicateurs récents,Surveillance renforcée
1599,Venezuela (Bolivarian Republic of),Austria,38.5,Attention,31,-63.5,Signal limité dans les indicateurs récents,Surveillance renforcée
1600,Dem. Rep. of the Congo,Tunisia,38.5,Attention,10,-71.4,Accélération du volume,Surveillance renforcée
1601,Ethiopia,Brazil,38.3,Attention,8,-94.0,Signal limité dans les indicateurs récents,Surveillance renforcée
1602,Zimbabwe,Netherlands (Kingdom of the),38.3,Attention,59,68.6,Accélération + deux hausses consécutives,Surveillance renforcée
1603,Saint Vincent and the Grenadines,United Kingdom of Great Britain and Northern Ireland,38.2,Attention,92,-14.0,Signal limité dans les indicateurs récents,Surveillance renforcée
1604,Mexico,United Kingdom of Great Britain and Northern Ireland,38.2,Attention,52,-48.0,Signal limité dans les indicateurs récents,Surveillance renforcée
1605,Benin,Algeria,38.1,Attention,46,-32.4,Signal limité dans les indicateurs récents,Surveillance renforcée
1606,Ethiopia,Chad,37.9,Attention,35,600.0,Accélération du volume,Surveillance renforcée
1607,El Salvador,Belize,37.9,Attention,42,-35.4,Accélération du volume,Surveillance renforcée
1608,Israel,Russian Federation,37.9,Attention,46,-57.4,Signal limité dans les indicateurs récents,Surveillance renforcée
1609,Zimbabwe,France,37.8,Attention,47,840.0,Accélération du volume,Surveillance renforcée
1610,Cameroon,Netherlands (Kingdom of the),37.8,Attention,46,-38.7,Signal limité dans les indicateurs récents,Surveillance renforcée
1611,Kazakhstan,Belgium,37.8,Attention,43,760.0,Accélération du volume,Surveillance renforcée
1612,Türkiye,Poland,37.7,Attention,49,-39.5,Accélération du volume,Surveillance renforcée
1613,Armenia,Austria,37.6,Attention,53,-23.2,Accélération du volume,Surveillance renforcée
1614,Gambia,Finland,37.4,Attention,59,63.9,Accélération + deux hausses consécutives,Surveillance renforcée
1615,Argentina,Australia,37.4,Attention,56,115.4,Accélération du volume,Surveillance renforcée
1616,Uganda,Denmark,37.4,Attention,64,12.3,Deux hausses annuelles consécutives,Surveillance renforcée
1617,Colombia,Malta,37.3,Attention,38,26.7,Accélération + deux hausses consécutives,Surveillance renforcée
1618,Belarus,Belgium,37.3,Attention,58,-35.6,Accélération du volume,Surveillance renforcée
1619,Rwanda,South Sudan,37.2,Attention,33,-42.1,Signal limité dans les indicateurs récents,Surveillance renforcée
1620,Mexico,Guatemala,37.2,Attention,32,-63.6,Signal limité dans les indicateurs récents,Surveillance renforcée
1621,China,Slovenia,37.2,Attention,33,560.0,Accélération du volume,Surveillance renforcée
1622,Cameroon,Poland,37.1,Attention,51,-31.1,Signal limité dans les indicateurs récents,Surveillance renforcée
1623,United States of America,Spain,37.1,Attention,52,160.0,Accélération du volume,Surveillance renforcée
1624,Bangladesh,Denmark,37.1,Attention,42,740.0,Accélération du volume,Surveillance renforcée
1625,Pakistan,Afghanistan,37.1,Attention,19,-80.2,Signal limité dans les indicateurs récents,Surveillance renforcée
1626,Syrian Arab Rep.,Malaysia,37.0,Attention,19,-71.6,Signal limité dans les indicateurs récents,Surveillance renforcée
1627,Mexico,Italy,37.0,Attention,51,4.1,Deux hausses annuelles consécutives,Surveillance renforcée
1628,Thailand,Canada,36.9,Attention,59,84.4,Deux hausses annuelles consécutives,Surveillance renforcée
1629,Ecuador,El Salvador,36.8,Attention,8,-91.4,Signal limité dans les indicateurs récents,Surveillance renforcée
1630,Portugal,Canada,36.7,Attention,69,21.1,Accélération + deux hausses consécutives,Surveillance renforcée
1631,Cuba,El Salvador,36.7,Attention,50,117.4,Accélération du volume,Surveillance renforcée
1632,Armenia,Greece,36.6,Attention,39,-55.7,Signal limité dans les indicateurs récents,Surveillance renforcée
1633,India,Finland,36.6,Attention,45,221.4,Accélération du volume,Surveillance renforcée
1634,United Rep. of Tanzania,France,36.5,Attention,52,300.0,Accélération du volume,Surveillance renforcée
1635,Liberia,Cote d'Ivoire,36.5,Attention,18,-87.8,Signal limité dans les indicateurs récents,Surveillance renforcée
1636,Türkiye,Romania,36.5,Attention,30,-65.5,Signal limité dans les indicateurs récents,Surveillance renforcée
1637,Tajikistan,France,36.4,Attention,83,48.2,Accélération + deux hausses consécutives,Surveillance renforcée
1638,Liberia,Greece,36.4,Attention,59,55.3,Accélération du volume,Surveillance renforcée
1639,Syrian Arab Rep.,Japan,36.3,Attention,35,,Signal limité dans les indicateurs récents,Surveillance renforcée
1640,Libya,Austria,36.3,Attention,51,75.9,Accélération du volume,Surveillance renforcée
1641,South Africa,United Kingdom of Great Britain and Northern Ireland,36.2,Attention,86,0.0,Signal limité dans les indicateurs récents,Surveillance renforcée
1642,United States of America,Portugal,36.2,Attention,35,288.9,Accélération + deux hausses consécutives,Surveillance renforcée
1643,Bahrain,United Kingdom of Great Britain and Northern Ireland,36.1,Attention,71,-65.0,Signal limité dans les indicateurs récents,Surveillance renforcée
1644,Algeria,Poland,36.1,Attention,35,-62.0,Signal limité dans les indicateurs récents,Surveillance renforcée
1645,Unknown ,Cyprus,36.1,Attention,23,-66.7,Signal limité dans les indicateurs récents,Surveillance renforcée
1646,Unknown ,Slovenia,35.9,Attention,32,,Signal limité dans les indicateurs récents,Surveillance renforcée
1647,Chile,France,35.9,Attention,53,-13.1,Signal limité dans les indicateurs récents,Surveillance renforcée
1648,Burundi,Philippines,35.9,Attention,6,-94.2,Signal limité dans les indicateurs récents,Surveillance renforcée
1649,Libya,United States of America,35.8,Attention,15,-79.7,Signal limité dans les indicateurs récents,Surveillance renforcée
1650,Yemen,United Rep. of Tanzania,35.7,Attention,35,150.0,Croissance récente ≥ 30 %,Surveillance renforcée
1651,Afghanistan,Rep. of Korea,35.6,Attention,48,20.0,Accélération du volume,Surveillance renforcée
1652,Afghanistan,Egypt,35.6,Attention,35,9.4,Accélération du volume,Surveillance renforcée
1653,Senegal,Switzerland,35.6,Attention,50,-18.0,Signal limité dans les indicateurs récents,Surveillance renforcée
1654,Mauritania,Netherlands (Kingdom of the),35.4,Attention,19,-84.9,Signal limité dans les indicateurs récents,Surveillance renforcée
1655,Burkina Faso,Japan,35.4,Attention,50,,Signal limité dans les indicateurs récents,Surveillance renforcée
1656,Libya,Algeria,35.3,Attention,34,,Signal limité dans les indicateurs récents,Surveillance renforcée
1657,Cameroon,India,35.3,Attention,45,12.5,Accélération du volume,Surveillance renforcée
1658,Sri Lanka,Romania,35.2,Attention,20,-66.1,Accélération du volume,Surveillance renforcée
1659,Bolivia (Plurinational State of),United Kingdom of Great Britain and Northern Ireland,35.2,Attention,54,-44.9,Signal limité dans les indicateurs récents,Surveillance renforcée
1660,Armenia,Netherlands (Kingdom of the),35.1,Attention,54,22.7,Accélération du volume,Surveillance renforcée
1661,Uganda,Australia,35.1,Attention,40,700.0,Accélération du volume,Surveillance renforcée
1662,Congo,Philippines,35.1,Attention,40,,Signal limité dans les indicateurs récents,Surveillance renforcée
1663,Madagascar,Canada,35.1,Attention,69,25.5,Deux hausses annuelles consécutives,Surveillance renforcée
1664,Liberia,Algeria,35.1,Attention,26,-61.8,Signal limité dans les indicateurs récents,Surveillance renforcée
1665,Stateless,Bulgaria,34.9,Attention,36,-63.6,Signal limité dans les indicateurs récents,Surveillance renforcée
1666,Guinea-Bissau,Portugal,34.9,Attention,30,-58.9,Signal limité dans les indicateurs récents,Surveillance renforcée
1667,Egypt,Serbia and Kosovo: S/RES/1244 (1999),34.8,Attention,31,287.5,Croissance récente ≥ 30 %,Surveillance renforcée
1668,Nepal,Spain,34.8,Attention,48,128.6,Accélération du volume,Surveillance renforcée
1669,Unknown ,Serbia and Kosovo: S/RES/1244 (1999),34.7,Attention,28,,Signal limité dans les indicateurs récents,Surveillance renforcée
1670,Dem. Rep. of the Congo,Norway,34.7,Attention,48,152.6,Croissance récente ≥ 30 %,Surveillance renforcée
1671,Somalia,Lithuania,34.7,Attention,45,,Signal limité dans les indicateurs récents,Surveillance renforcée
1672,Mongolia,Cyprus,34.7,Attention,32,,Signal limité dans les indicateurs récents,Surveillance renforcée
1673,Ecuador,Germany,34.7,Attention,45,-18.2,Signal limité dans les indicateurs récents,Surveillance renforcée
1674,Syrian Arab Rep.,Bosnia and Herzegovina,34.7,Attention,18,-62.5,Signal limité dans les indicateurs récents,Surveillance renforcée
1675,Tunisia,Spain,34.6,Attention,52,-11.9,Signal limité dans les indicateurs récents,Surveillance renforcée
1676,Montenegro,United States of America,34.5,Attention,13,-87.6,Signal limité dans les indicateurs récents,Surveillance renforcée
1677,Venezuela (Bolivarian Republic of),El Salvador,34.4,Attention,22,-18.5,Accélération du volume,Surveillance renforcée
1678,United States of America,Brazil,34.3,Attention,55,77.4,Accélération + deux hausses consécutives,Surveillance renforcée
1679,Ukraine,Luxembourg,34.3,Attention,53,76.7,Accélération + deux hausses consécutives,Surveillance renforcée
1680,Russian Federation,Georgia,34.2,Attention,26,-69.4,Signal limité dans les indicateurs récents,Surveillance renforcée
1681,Dem. Rep. of the Congo,Nigeria,34.2,Attention,46,84.0,Accélération du volume,Surveillance renforcée
1682,Morocco,Poland,34.2,Attention,34,-60.9,Signal limité dans les indicateurs récents,Surveillance renforcée
1683,Central African Rep.,Nigeria,34.1,Attention,36,260.0,Accélération du volume,Surveillance renforcée
1684,Türkiye,Slovenia,34.0,Attention,41,17.1,Deux hausses annuelles consécutives,Surveillance renforcée
1685,Liberia,Egypt,34.0,Attention,64,45.5,Croissance récente ≥ 30 %,Surveillance renforcée
1686,Yemen,Finland,34.0,Attention,50,-10.7,Accélération du volume,Surveillance renforcée
1687,Romania,United Kingdom of Great Britain and Northern Ireland,34.0,Attention,73,-16.1,Signal limité dans les indicateurs récents,Surveillance renforcée
1688,Guinea,Latvia,33.8,Attention,52,173.7,Accélération + deux hausses consécutives,Surveillance renforcée
1689,Sri Lanka,Cyprus,33.8,Attention,27,-47.1,Accélération du volume,Surveillance renforcée
1690,Nigeria,Benin,33.8,Attention,10,-87.3,Signal limité dans les indicateurs récents,Surveillance renforcée
1691,Afghanistan,Iceland,33.7,Attention,36,-39.0,Signal limité dans les indicateurs récents,Surveillance renforcée
1692,Central African Rep.,Morocco,33.7,Attention,49,-5.8,Signal limité dans les indicateurs récents,Surveillance renforcée
1693,China,Nauru,33.7,Attention,45,15.4,Signal limité dans les indicateurs récents,Surveillance renforcée
1694,Syrian Arab Rep.,United Rep. of Tanzania,33.6,Attention,19,72.7,Accélération + deux hausses consécutives,Surveillance renforcée
1695,Cameroon,China,33.5,Attention,36,9.1,Accélération du volume,Surveillance renforcée
1696,Kuwait,Germany,33.5,Attention,51,-17.7,Signal limité dans les indicateurs récents,Surveillance renforcée
1697,North Macedonia,Switzerland,33.4,Attention,50,-36.7,Signal limité dans les indicateurs récents,Surveillance renforcée
1698,Trinidad and Tobago,United States of America,33.4,Attention,56,-22.2,Accélération du volume,Surveillance renforcée
1699,Afghanistan,Rwanda,33.4,Attention,36,-16.3,Signal limité dans les indicateurs récents,Surveillance renforcée
1700,Mali,Nigeria,33.2,Attention,46,,Signal limité dans les indicateurs récents,Surveillance renforcée
1701,Russian Federation,Estonia,33.2,Attention,53,-24.3,Signal limité dans les indicateurs récents,Surveillance renforcée
1702,Colombia,Argentina,33.2,Attention,28,-60.0,Signal limité dans les indicateurs récents,Surveillance renforcée
1703,Israel,United Kingdom of Great Britain and Northern Ireland,33.2,Attention,70,75.0,Accélération + deux hausses consécutives,Surveillance renforcée
1704,Yemen,Switzerland,33.2,Attention,41,36.7,Deux hausses annuelles consécutives,Surveillance renforcée
1705,Singapore,United States of America,33.2,Attention,14,-89.1,Signal limité dans les indicateurs récents,Surveillance renforcée
1706,Eritrea,Austria,33.1,Attention,38,-40.6,Signal limité dans les indicateurs récents,Surveillance renforcée
1707,Sudan,Rep. of Korea,33.1,Attention,16,-72.4,Signal limité dans les indicateurs récents,Surveillance renforcée
1708,Bulgaria,Canada,33.0,Attention,65,-23.5,Signal limité dans les indicateurs récents,Surveillance renforcée
1709,Morocco,Croatia,32.9,Attention,39,-9.3,Accélération du volume,Surveillance renforcée
1710,Dem. Rep. of the Congo,Benin,32.9,Attention,33,371.4,Accélération + deux hausses consécutives,Surveillance renforcée
1711,Afghanistan,Chile,32.8,Attention,34,,Signal limité dans les indicateurs récents,Surveillance renforcée
1712,Dem. Rep. of the Congo,Luxembourg,32.8,Attention,39,77.3,Accélération + deux hausses consécutives,Surveillance renforcée
1713,Philippines,Cyprus,32.8,Attention,28,-53.3,Accélération du volume,Surveillance renforcée
1714,Latvia,Russian Federation,32.7,Attention,56,-16.4,Signal limité dans les indicateurs récents,Surveillance renforcée
1715,Yemen,Norway,32.6,Attention,45,25.0,Accélération + deux hausses consécutives,Surveillance renforcée
1716,Somalia,Australia,32.5,Attention,26,,Signal limité dans les indicateurs récents,Surveillance renforcée
1717,Georgia,Czechia,32.5,Attention,42,-10.6,Accélération du volume,Surveillance renforcée
1718,Zimbabwe,Mauritius,32.4,Attention,31,,Signal limité dans les indicateurs récents,Surveillance renforcée
1719,Georgia,Cyprus,32.4,Attention,26,-25.7,Accélération du volume,Surveillance renforcée
1720,Venezuela (Bolivarian Republic of),Australia,32.4,Attention,46,,Signal limité dans les indicateurs récents,Surveillance renforcée
1721,Mexico,Netherlands (Kingdom of the),32.4,Attention,40,344.4,Accélération du volume,Surveillance renforcée
1722,South Sudan,Italy,32.4,Attention,16,-64.4,Signal limité dans les indicateurs récents,Surveillance renforcée
1723,Cameroon,Finland,32.2,Attention,51,34.2,Accélération du volume,Surveillance renforcée
1724,Bangladesh,Latvia,32.2,Attention,48,-21.3,Signal limité dans les indicateurs récents,Surveillance renforcée
1725,Eritrea,Eswatini,32.0,Attention,19,35.7,Accélération du volume,Surveillance renforcée
1726,Afghanistan,North Macedonia,31.9,Attention,15,,Signal limité dans les indicateurs récents,Surveillance renforcée
1727,Türkiye,Spain,31.9,Attention,41,-18.0,Signal limité dans les indicateurs récents,Surveillance renforcée
1728,Iran (Islamic Rep. of),Latvia,31.9,Attention,35,-27.1,Accélération du volume,Surveillance renforcée
1729,Jordan,Austria,31.7,Attention,50,11.1,Accélération du volume,Surveillance renforcée
1730,Syrian Arab Rep.,Liberia,31.7,Attention,29,-46.3,Signal limité dans les indicateurs récents,Surveillance renforcée
1731,Russian Federation,Latvia,31.6,Attention,49,-35.5,Signal limité dans les indicateurs récents,Surveillance renforcée
1732,South Sudan,United States of America,31.5,Attention,9,-80.9,Signal limité dans les indicateurs récents,Surveillance renforcée
1733,Syrian Arab Rep.,Czechia,31.5,Attention,26,-21.2,Accélération du volume,Surveillance renforcée
1734,United Kingdom of Great Britain and Northern Ireland,United States of America,31.5,Attention,45,-50.0,Signal limité dans les indicateurs récents,Surveillance renforcée
1735,Syrian Arab Rep.,Rep. of Moldova,31.4,Attention,22,-62.1,Signal limité dans les indicateurs récents,Surveillance renforcée
1736,Grenada,United Kingdom of Great Britain and Northern Ireland,31.4,Attention,78,-1.3,Signal limité dans les indicateurs récents,Surveillance renforcée
1737,Syrian Arab Rep.,Armenia,31.4,Attention,29,52.6,Accélération du volume,Surveillance renforcée
1738,Libya,Malta,31.4,Attention,37,27.6,Accélération du volume,Surveillance renforcée
1739,Syrian Arab Rep.,Argentina,31.4,Attention,36,140.0,Accélération du volume,Surveillance renforcée
1740,Russian Federation,Bosnia and Herzegovina,31.4,Attention,44,15.8,Accélération du volume,Surveillance renforcée
1741,Zimbabwe,Israel,31.3,Attention,32,540.0,Accélération du volume,Surveillance renforcée
1742,Syrian Arab Rep.,Portugal,31.3,Attention,20,66.7,Accélération du volume,Surveillance renforcée
1743,Mauritius,Ireland,31.3,Attention,58,-12.1,Signal limité dans les indicateurs récents,Surveillance renforcée
1744,State of Palestine,Malta,31.2,Attention,16,60.0,Deux hausses annuelles consécutives,Surveillance renforcée
1745,Egypt,Georgia,31.2,Attention,16,-76.5,Signal limité dans les indicateurs récents,Surveillance renforcée
1746,Yemen,Japan,31.0,Attention,32,,Signal limité dans les indicateurs récents,Surveillance renforcée
1747,Chad,Tunisia,31.0,Attention,5,-89.4,Signal limité dans les indicateurs récents,Surveillance renforcée
1748,Lebanon,Austria,31.0,Attention,40,-4.8,Accélération du volume,Surveillance renforcée
1749,Chad,United Kingdom of Great Britain and Northern Ireland,30.9,Attention,51,-31.1,Signal limité dans les indicateurs récents,Surveillance renforcée
1750,Peru,Costa Rica,30.9,Attention,49,-5.8,Signal limité dans les indicateurs récents,Surveillance renforcée
1751,United States of America,Germany,30.9,Attention,53,12.8,Deux hausses annuelles consécutives,Surveillance renforcée
1752,Dem. Rep. of the Congo,India,30.9,Attention,40,5.3,Accélération du volume,Surveillance renforcée
1753,Russian Federation,Ukraine,30.8,Attention,53,-19.7,Accélération du volume,Surveillance renforcée
1754,Burundi,Zimbabwe,30.8,Attention,35,-27.1,Signal limité dans les indicateurs récents,Surveillance renforcée
1755,Türkiye,Bosnia and Herzegovina,30.8,Attention,35,6.1,Deux hausses annuelles consécutives,Surveillance renforcée
1756,India,Romania,30.7,Attention,5,-88.4,Accélération du volume,Surveillance renforcée
1757,Bosnia and Herzegovina,Belgium,30.7,Attention,53,-28.4,Signal limité dans les indicateurs récents,Surveillance renforcée
1758,Pakistan,Portugal,30.7,Attention,30,11.1,Accélération du volume,Surveillance renforcée
1759,Afghanistan,Albania,30.6,Attention,9,,Signal limité dans les indicateurs récents,Surveillance renforcée
1760,Burkina Faso,Brazil,30.6,Attention,20,-61.5,Signal limité dans les indicateurs récents,Surveillance renforcée
1761,Tajikistan,Canada,30.6,Attention,35,-54.5,Signal limité dans les indicateurs récents,Surveillance renforcée
1762,Burundi,United States of America,30.6,Attention,16,-71.4,Signal limité dans les indicateurs récents,Surveillance renforcée
1763,Somalia,Thailand,30.6,Attention,30,3.4,Deux hausses annuelles consécutives,Surveillance renforcée
1764,Yemen,Ethiopia,30.5,Attention,6,-85.7,Signal limité dans les indicateurs récents,Surveillance renforcée
1765,Yemen,Latvia,30.5,Attention,35,,Signal limité dans les indicateurs récents,Surveillance renforcée
1766,Afghanistan,Armenia,30.5,Attention,34,240.0,Croissance récente ≥ 30 %,Surveillance renforcée
1767,Sri Lanka,Denmark,30.5,Attention,34,466.7,Accélération du volume,Surveillance renforcée
1768,Uruguay,United States of America,30.4,Attention,38,-55.8,Accélération du volume,Surveillance renforcée
1769,Germany,United States of America,30.4,Attention,35,-64.6,Accélération du volume,Surveillance renforcée
1770,Afghanistan,Bosnia and Herzegovina,30.4,Attention,9,-65.4,Signal limité dans les indicateurs récents,Surveillance renforcée
1771,Cameroon,Latvia,30.4,Attention,37,-36.2,Signal limité dans les indicateurs récents,Surveillance renforcée
1772,Ethiopia,Luxembourg,30.4,Attention,40,-2.4,Signal limité dans les indicateurs récents,Surveillance renforcée
1773,Syrian Arab Rep.,Iceland,30.3,Attention,20,-57.4,Signal limité dans les indicateurs récents,Surveillance renforcée
1774,Stateless,Netherlands (Kingdom of the),30.3,Attention,34,-57.5,Signal limité dans les indicateurs récents,Surveillance renforcée
1775,Syrian Arab Rep.,Philippines,30.2,Attention,24,0.0,Accélération du volume,Surveillance renforcée
1776,Turkmenistan,Poland,30.1,Attention,51,-30.1,Signal limité dans les indicateurs récents,Surveillance renforcée
1777,Venezuela (Bolivarian Republic of),Belize,30.1,Attention,11,,Signal limité dans les indicateurs récents,Surveillance renforcée
1778,Saudi Arabia,Canada,30.0,Faible,45,-55.4,Signal limité dans les indicateurs récents,Suivi standard
1779,Guinea-Bissau,Canada,30.0,Faible,56,33.3,Deux hausses annuelles consécutives,Suivi standard
1780,Nepal,Slovenia,29.9,Faible,27,-61.4,Signal limité dans les indicateurs récents,Suivi standard
1781,Rwanda,Burundi,29.8,Faible,25,,Signal limité dans les indicateurs récents,Suivi standard
1782,Bangladesh,Nepal,29.8,Faible,33,135.7,Deux hausses annuelles consécutives,Suivi standard
1783,United Rep. of Tanzania,Sweden,29.8,Faible,51,6.2,Accélération du volume,Suivi standard
1784,Yemen,Italy,29.8,Faible,33,266.7,Accélération du volume,Suivi standard
1785,Colombia,Finland,29.7,Faible,35,6.1,Accélération du volume,Suivi standard
1786,Guinea-Bissau,United States of America,29.6,Faible,13,-84.3,Signal limité dans les indicateurs récents,Suivi standard
1787,Netherlands (Kingdom of the),Canada,29.6,Faible,58,28.9,Accélération du volume,Suivi standard
1788,Syrian Arab Rep.,Albania,29.6,Faible,7,16.7,Accélération du volume,Suivi standard
1789,Dem. Rep. of the Congo,Egypt,29.6,Faible,42,16.7,Deux hausses annuelles consécutives,Suivi standard
1790,Haiti,British Virgin Islands,29.5,Faible,10,-79.6,Signal limité dans les indicateurs récents,Suivi standard
1791,Angola,South Africa,29.5,Faible,24,118.2,Accélération + deux hausses consécutives,Suivi standard
1792,South Sudan,Rwanda,29.5,Faible,21,-40.0,Signal limité dans les indicateurs récents,Suivi standard
1793,"China, Hong Kong SAR",Australia,29.5,Faible,78,,Signal limité dans les indicateurs récents,Suivi standard
1794,Libya,Sweden,29.4,Faible,51,-5.6,Signal limité dans les indicateurs récents,Suivi standard
1795,United Rep. of Tanzania,South Africa,29.4,Faible,12,-78.2,Signal limité dans les indicateurs récents,Suivi standard
1796,Venezuela (Bolivarian Republic of),Liechtenstein,29.4,Faible,5,,Signal limité dans les indicateurs récents,Suivi standard
1797,Syrian Arab Rep.,Chile,29.4,Faible,16,,Signal limité dans les indicateurs récents,Suivi standard
1798,Azerbaijan,Poland,29.4,Faible,49,-9.3,Accélération du volume,Suivi standard
1799,China,Thailand,29.3,Faible,39,-22.0,Accélération du volume,Suivi standard
1800,Syrian Arab Rep.,Georgia,29.3,Faible,12,-65.7,Signal limité dans les indicateurs récents,Suivi standard
1801,Nigeria,Croatia,29.3,Faible,19,90.0,Deux hausses annuelles consécutives,Suivi standard
1802,Lebanon,Spain,29.2,Faible,34,-42.4,Signal limité dans les indicateurs récents,Suivi standard
1803,Armenia,Canada,29.2,Faible,53,47.2,Deux hausses annuelles consécutives,Suivi standard
1804,Gambia,Brazil,29.2,Faible,35,400.0,Accélération du volume,Suivi standard
1805,China,Mexico,29.2,Faible,46,0.0,Accélération du volume,Suivi standard
1806,French Guiana,United States of America,29.2,Faible,51,-42.0,Signal limité dans les indicateurs récents,Suivi standard
1807,Uzbekistan,Austria,29.1,Faible,50,4.2,Accélération du volume,Suivi standard
1808,Indonesia,Netherlands (Kingdom of the),29.1,Faible,33,371.4,Accélération + deux hausses consécutives,Suivi standard
1809,Yemen,Mauritania,29.1,Faible,23,360.0,Accélération du volume,Suivi standard
1810,El Salvador,France,29.1,Faible,7,-84.8,Signal limité dans les indicateurs récents,Suivi standard
1811,Paraguay,Belgium,29.0,Faible,15,-85.7,Signal limité dans les indicateurs récents,Suivi standard
1812,Sudan,Senegal,29.0,Faible,21,5.0,Deux hausses annuelles consécutives,Suivi standard
1813,Slovakia,Canada,29.0,Faible,58,-7.9,Signal limité dans les indicateurs récents,Suivi standard
1814,Yemen,Ireland,28.9,Faible,43,13.2,Accélération + deux hausses consécutives,Suivi standard
1815,Azerbaijan,Italy,28.9,Faible,42,82.6,Accélération du volume,Suivi standard
1816,Guyana,Canada,28.8,Faible,60,42.9,Accélération du volume,Suivi standard
1817,Uzbekistan,Poland,28.8,Faible,51,13.3,Accélération du volume,Suivi standard
1818,Malawi,Germany,28.8,Faible,44,4.8,Accélération du volume,Suivi standard
1819,Somalia,Bangladesh,28.8,Faible,28,86.7,Croissance récente ≥ 30 %,Suivi standard
1820,Syrian Arab Rep.,Kyrgyzstan,28.8,Faible,12,,Signal limité dans les indicateurs récents,Suivi standard
1821,Ghana,Egypt,28.8,Faible,17,-73.8,Signal limité dans les indicateurs récents,Suivi standard
1822,Syrian Arab Rep.,Lithuania,28.7,Faible,6,20.0,Accélération du volume,Suivi standard
1823,Georgia,Portugal,28.7,Faible,20,300.0,Accélération du volume,Suivi standard
1824,Sudan,Djibouti,28.7,Faible,7,16.7,Deux hausses annuelles consécutives,Suivi standard
1825,Afghanistan,Serbia and Kosovo: S/RES/1244 (1999),28.6,Faible,5,-64.3,Signal limité dans les indicateurs récents,Suivi standard
1826,Nepal,North Macedonia,28.6,Faible,26,188.9,Croissance récente ≥ 30 %,Suivi standard
1827,Rwanda,Cyprus,28.6,Faible,38,22.6,Accélération + deux hausses consécutives,Suivi standard
1828,State of Palestine,Croatia,28.6,Faible,26,,Signal limité dans les indicateurs récents,Suivi standard
1829,Niger,Switzerland,28.5,Faible,25,19.0,Accélération du volume,Suivi standard
1830,Timor-Leste,United Kingdom of Great Britain and Northern Ireland,28.5,Faible,34,-84.9,Signal limité dans les indicateurs récents,Suivi standard
1831,Sudan,Denmark,28.5,Faible,28,115.4,Accélération du volume,Suivi standard
1832,Lao People's Dem. Rep.,United States of America,28.4,Faible,23,-67.1,Signal limité dans les indicateurs récents,Suivi standard
1833,Venezuela (Bolivarian Republic of),United Kingdom of Great Britain and Northern Ireland,28.4,Faible,42,200.0,Accélération du volume,Suivi standard
1834,Russian Federation,Slovenia,28.4,Faible,22,-62.1,Signal limité dans les indicateurs récents,Suivi standard
1835,Azerbaijan,Norway,28.4,Faible,47,147.4,Accélération du volume,Suivi standard
1836,Eritrea,Ireland,28.3,Faible,51,104.0,Accélération du volume,Suivi standard
1837,Algeria,Denmark,28.3,Faible,49,22.5,Deux hausses annuelles consécutives,Suivi standard
1838,Dem. Rep. of the Congo,Sudan,28.3,Faible,5,,Signal limité dans les indicateurs récents,Suivi standard
1839,Nigeria,Slovenia,28.3,Faible,33,-2.9,Signal limité dans les indicateurs récents,Suivi standard
1840,Türkiye,Rep. of Moldova,28.3,Faible,38,40.7,Accélération + deux hausses consécutives,Suivi standard
1841,Nigeria,Malta,28.3,Faible,24,71.4,Accélération du volume,Suivi standard
1842,Chad,Senegal,28.3,Faible,25,400.0,Accélération du volume,Suivi standard
1843,Burundi,Namibia,28.2,Faible,39,105.3,Accélération + deux hausses consécutives,Suivi standard
1844,Panama,Canada,28.2,Faible,47,-31.9,Signal limité dans les indicateurs récents,Suivi standard
1845,Ecuador,France,28.2,Faible,29,-45.3,Signal limité dans les indicateurs récents,Suivi standard
1846,Turkmenistan,Netherlands (Kingdom of the),28.1,Faible,45,181.2,Accélération + deux hausses consécutives,Suivi standard
1847,Kenya,Italy,28.1,Faible,46,-20.7,Signal limité dans les indicateurs récents,Suivi standard
1848,Mozambique,United States of America,28.1,Faible,19,-73.6,Signal limité dans les indicateurs récents,Suivi standard
1849,Georgia,Denmark,28.1,Faible,43,-21.8,Signal limité dans les indicateurs récents,Suivi standard
1850,Pakistan,Croatia,28.1,Faible,28,-54.1,Signal limité dans les indicateurs récents,Suivi standard
1851,Armenia,Italy,28.0,Faible,37,-17.8,Signal limité dans les indicateurs récents,Suivi standard
1852,Syrian Arab Rep.,Montenegro,28.0,Faible,5,0.0,Signal limité dans les indicateurs récents,Suivi standard
1853,Cameroon,Chad,28.0,Faible,21,-59.6,Signal limité dans les indicateurs récents,Suivi standard
1854,South Sudan,Kenya,28.0,Faible,18,12.5,Accélération du volume,Suivi standard
1855,Unknown ,Hungary,27.9,Faible,14,180.0,Accélération du volume,Suivi standard
1856,Mauritius,Italy,27.8,Faible,34,-55.8,Signal limité dans les indicateurs récents,Suivi standard
1857,Pakistan,Norway,27.7,Faible,47,147.4,Accélération du volume,Suivi standard
1858,Syrian Arab Rep.,Cuba,27.6,Faible,9,12.5,Deux hausses annuelles consécutives,Suivi standard
1859,State of Palestine,Bosnia and Herzegovina,27.6,Faible,15,-57.1,Signal limité dans les indicateurs récents,Suivi standard
1860,Iraq,Malaysia,27.5,Faible,21,320.0,Accélération du volume,Suivi standard
1861,Unknown ,Botswana,27.5,Faible,13,,Signal limité dans les indicateurs récents,Suivi standard
1862,Yemen,Russian Federation,27.5,Faible,40,-9.1,Signal limité dans les indicateurs récents,Suivi standard
1863,Gabon,United States of America,27.5,Faible,10,-86.5,Signal limité dans les indicateurs récents,Suivi standard
1864,Nigeria,Senegal,27.4,Faible,29,,Signal limité dans les indicateurs récents,Suivi standard
1865,Haiti,Peru,27.4,Faible,30,11.1,Accélération du volume,Suivi standard
1866,Egypt,Romania,27.4,Faible,20,-51.2,Accélération du volume,Suivi standard
1867,Saint Lucia,Canada,27.4,Faible,56,-8.2,Signal limité dans les indicateurs récents,Suivi standard
1868,Myanmar,Finland,27.3,Faible,45,181.2,Accélération + deux hausses consécutives,Suivi standard
1869,Afghanistan,Syrian Arab Rep.,27.3,Faible,21,40.0,Accélération du volume,Suivi standard
1870,South Africa,France,27.3,Faible,41,2.5,Accélération du volume,Suivi standard
1871,Syrian Arab Rep.,Chad,27.3,Faible,15,150.0,Accélération du volume,Suivi standard
1872,Ukraine,Romania,27.3,Faible,36,-20.0,Accélération du volume,Suivi standard
1873,Syrian Arab Rep.,Hungary,27.2,Faible,16,220.0,Croissance récente ≥ 30 %,Suivi standard
1874,Ukraine,Montenegro,27.2,Faible,7,,Signal limité dans les indicateurs récents,Suivi standard
1875,South Sudan,Uganda,27.1,Faible,18,125.0,Accélération du volume,Suivi standard
1876,Togo,Benin,27.1,Faible,12,140.0,Accélération du volume,Suivi standard
1877,South Africa,Brazil,27.1,Faible,53,51.4,Accélération du volume,Suivi standard
1878,Iraq,Portugal,27.1,Faible,20,122.2,Accélération du volume,Suivi standard
1879,Guatemala,Ireland,27.0,Faible,46,21.1,Accélération + deux hausses consécutives,Suivi standard
1880,Uganda,Greece,27.0,Faible,30,-28.6,Accélération du volume,Suivi standard
1881,Jordan,Spain,27.0,Faible,41,70.8,Croissance récente ≥ 30 %,Suivi standard
1882,Iraq,Slovenia,27.0,Faible,29,-21.6,Signal limité dans les indicateurs récents,Suivi standard
1883,Serbia and Kosovo: S/RES/1244 (1999),Israel,27.0,Faible,21,-12.5,Accélération du volume,Suivi standard
1884,Eritrea,Lesotho,27.0,Faible,11,-63.3,Signal limité dans les indicateurs récents,Suivi standard
1885,Namibia,Germany,27.0,Faible,47,-24.2,Signal limité dans les indicateurs récents,Suivi standard
1886,Türkiye,Montenegro,27.0,Faible,19,111.1,Accélération du volume,Suivi standard
1887,Azerbaijan,Austria,27.0,Faible,42,27.3,Accélération du volume,Suivi standard
1888,Libya,Slovenia,27.0,Faible,22,83.3,Accélération + deux hausses consécutives,Suivi standard
1889,Benin,Spain,27.0,Faible,40,90.5,Accélération + deux hausses consécutives,Suivi standard
1890,Colombia,Austria,27.0,Faible,31,-38.0,Signal limité dans les indicateurs récents,Suivi standard
1891,Tajikistan,Sweden,26.9,Faible,26,-67.5,Signal limité dans les indicateurs récents,Suivi standard
1892,France,Australia,26.9,Faible,40,700.0,Accélération du volume,Suivi standard
1893,Pakistan,Latvia,26.8,Faible,47,14.6,Deux hausses annuelles consécutives,Suivi standard
1894,Mexico,Ireland,26.8,Faible,42,180.0,Accélération du volume,Suivi standard
1895,Syrian Arab Rep.,Cameroon,26.8,Faible,5,,Signal limité dans les indicateurs récents,Suivi standard
1896,Venezuela (Bolivarian Republic of),Greece,26.8,Faible,18,12.5,Accélération du volume,Suivi standard
1897,Philippines,France,26.8,Faible,29,383.3,Accélération du volume,Suivi standard
1898,Yemen,Philippines,26.7,Faible,28,-17.6,Signal limité dans les indicateurs récents,Suivi standard
1899,Syrian Arab Rep.,El Salvador,26.7,Faible,5,,Signal limité dans les indicateurs récents,Suivi standard
1900,Mongolia,Austria,26.7,Faible,36,-44.6,Signal limité dans les indicateurs récents,Suivi standard
1901,Mozambique,Eswatini,26.7,Faible,21,5.0,Signal limité dans les indicateurs récents,Suivi standard
1902,Unknown ,Georgia,26.7,Faible,7,-82.1,Signal limité dans les indicateurs récents,Suivi standard
1903,Jordan,Italy,26.6,Faible,41,46.4,Deux hausses annuelles consécutives,Suivi standard
1904,Cameroon,Mauritius,26.6,Faible,25,,Signal limité dans les indicateurs récents,Suivi standard
1905,Congo,Greece,26.5,Faible,39,-29.1,Accélération du volume,Suivi standard
1906,China,Croatia,26.5,Faible,26,160.0,Accélération du volume,Suivi standard
1907,Albania,Australia,26.5,Faible,28,75.0,Accélération du volume,Suivi standard
1908,Nigeria,Malaysia,26.5,Faible,25,-39.0,Signal limité dans les indicateurs récents,Suivi standard
1909,Lebanon,Nigeria,26.4,Faible,25,-55.4,Signal limité dans les indicateurs récents,Suivi standard
1910,Cuba,Armenia,26.4,Faible,30,36.4,Deux hausses annuelles consécutives,Suivi standard
1911,Kazakhstan,Czechia,26.4,Faible,36,2.9,Accélération du volume,Suivi standard
1912,Haiti,Israel,26.3,Faible,5,-90.4,Signal limité dans les indicateurs récents,Suivi standard
1913,Iran (Islamic Rep. of),New Zealand,26.3,Faible,40,-37.5,Signal limité dans les indicateurs récents,Suivi standard
1914,Colombia,Denmark,26.3,Faible,24,-59.3,Signal limité dans les indicateurs récents,Suivi standard
1915,India,Portugal,26.3,Faible,15,-65.9,Signal limité dans les indicateurs récents,Suivi standard
1916,Russian Federation,Portugal,26.3,Faible,35,105.9,Accélération du volume,Suivi standard
1917,South Sudan,Belgium,26.3,Faible,36,100.0,Accélération du volume,Suivi standard
1918,Afghanistan,Lithuania,26.3,Faible,18,125.0,Accélération du volume,Suivi standard
1919,Syrian Arab Rep.,Slovakia,26.3,Faible,8,14.3,Deux hausses annuelles consécutives,Suivi standard
1920,Bangladesh,Netherlands (Kingdom of the),26.3,Faible,40,5.3,Deux hausses annuelles consécutives,Suivi standard
1921,Algeria,Portugal,26.3,Faible,35,-16.7,Signal limité dans les indicateurs récents,Suivi standard
1922,Venezuela (Bolivarian Republic of),Estonia,26.2,Faible,5,,Signal limité dans les indicateurs récents,Suivi standard
1923,Egypt,South Africa,26.2,Faible,5,-75.0,Signal limité dans les indicateurs récents,Suivi standard
1924,Georgia,Russian Federation,26.2,Faible,39,-26.4,Accélération du volume,Suivi standard
1925,Dem. Rep. of the Congo,Ethiopia,26.2,Faible,11,-73.8,Signal limité dans les indicateurs récents,Suivi standard
1926,Türkiye,North Macedonia,26.2,Faible,21,5.0,Deux hausses annuelles consécutives,Suivi standard
1927,Iraq,North Macedonia,26.1,Faible,15,-37.5,Signal limité dans les indicateurs récents,Suivi standard
1928,Jamaica,Germany,26.1,Faible,34,-44.3,Signal limité dans les indicateurs récents,Suivi standard
1929,Sudan,Zambia,26.1,Faible,6,-68.4,Signal limité dans les indicateurs récents,Suivi standard
1930,Ukraine,Kyrgyzstan,26.1,Faible,28,33.3,Accélération + deux hausses consécutives,Suivi standard
1931,Syrian Arab Rep.,Uganda,26.0,Faible,11,57.1,Accélération du volume,Suivi standard
1932,Philippines,Germany,26.0,Faible,46,35.3,Deux hausses annuelles consécutives,Suivi standard
1933,Philippines,Brazil,26.0,Faible,38,-30.9,Signal limité dans les indicateurs récents,Suivi standard
1934,Azerbaijan,Montenegro,26.0,Faible,6,,Signal limité dans les indicateurs récents,Suivi standard
1935,Dem. Rep. of the Congo,Mali,26.0,Faible,5,-87.5,Signal limité dans les indicateurs récents,Suivi standard
1936,Cambodia,Rep. of Korea,26.0,Faible,37,19.4,Signal limité dans les indicateurs récents,Suivi standard
1937,Yemen,Morocco,26.0,Faible,14,,Signal limité dans les indicateurs récents,Suivi standard
1938,Nigeria,Luxembourg,25.9,Faible,31,14.8,Deux hausses annuelles consécutives,Suivi standard
1939,Sri Lanka,Sweden,25.9,Faible,47,-7.8,Signal limité dans les indicateurs récents,Suivi standard
1940,Somalia,Malta,25.9,Faible,12,20.0,Accélération du volume,Suivi standard
1941,Iraq,Czechia,25.9,Faible,15,200.0,Accélération du volume,Suivi standard
1942,Guinea,Poland,25.9,Faible,42,13.5,Deux hausses annuelles consécutives,Suivi standard
1943,Zambia,Germany,25.8,Faible,34,240.0,Accélération + deux hausses consécutives,Suivi standard
1944,Somalia,Malawi,25.8,Faible,12,-64.7,Signal limité dans les indicateurs récents,Suivi standard
1945,Guinea-Bissau,Brazil,25.8,Faible,40,8.1,Accélération du volume,Suivi standard
1946,Mali,Niger,25.7,Faible,17,,Signal limité dans les indicateurs récents,Suivi standard
1947,Cameroon,Austria,25.6,Faible,40,29.0,Accélération du volume,Suivi standard
1948,Morocco,Romania,25.6,Faible,16,-20.0,Accélération du volume,Suivi standard
1949,Venezuela (Bolivarian Republic of),Malta,25.5,Faible,5,-54.5,Signal limité dans les indicateurs récents,Suivi standard
1950,Azerbaijan,Greece,25.5,Faible,29,16.0,Deux hausses annuelles consécutives,Suivi standard
1951,Tunisia,Ireland,25.5,Faible,48,4.3,Accélération du volume,Suivi standard
1952,Bosnia and Herzegovina,Switzerland,25.5,Faible,42,35.5,Deux hausses annuelles consécutives,Suivi standard
1953,Viet Nam,Israel,25.5,Faible,30,-43.4,Signal limité dans les indicateurs récents,Suivi standard
1954,Guinea,Mexico,25.5,Faible,9,-73.5,Accélération du volume,Suivi standard
1955,State of Palestine,United States of America,25.5,Faible,31,244.4,Accélération du volume,Suivi standard
1956,Türkiye,Serbia and Kosovo: S/RES/1244 (1999),25.4,Faible,19,-56.8,Signal limité dans les indicateurs récents,Suivi standard
1957,Rwanda,Cameroon,25.4,Faible,26,-46.9,Signal limité dans les indicateurs récents,Suivi standard
1958,Chad,Benin,25.4,Faible,17,-63.0,Signal limité dans les indicateurs récents,Suivi standard
1959,Dem. Rep. of the Congo,Netherlands (Kingdom of the),25.4,Faible,36,20.0,Accélération + deux hausses consécutives,Suivi standard
1960,Kenya,South Africa,25.4,Faible,21,16.7,Accélération du volume,Suivi standard
1961,Iraq,Croatia,25.3,Faible,15,-40.0,Signal limité dans les indicateurs récents,Suivi standard
1962,Syrian Arab Rep.,Thailand,25.3,Faible,14,-22.2,Signal limité dans les indicateurs récents,Suivi standard
1963,Sudan,Gambia,25.3,Faible,5,-66.7,Signal limité dans les indicateurs récents,Suivi standard
1964,Cameroon,Panama,25.3,Faible,27,,Signal limité dans les indicateurs récents,Suivi standard
1965,Syrian Arab Rep.,Rwanda,25.2,Faible,5,,Signal limité dans les indicateurs récents,Suivi standard
1966,Mozambique,Belgium,25.2,Faible,26,420.0,Accélération du volume,Suivi standard
1967,Mozambique,Brazil,25.2,Faible,33,73.7,Accélération du volume,Suivi standard
1968,Central African Rep.,Canada,25.2,Faible,41,-10.9,Signal limité dans les indicateurs récents,Suivi standard
1969,Kyrgyzstan,France,25.2,Faible,53,55.9,Accélération + deux hausses consécutives,Suivi standard
1970,United States of America,Italy,25.2,Faible,31,138.5,Accélération + deux hausses consécutives,Suivi standard
1971,Sudan,South Sudan,25.2,Faible,5,-81.5,Signal limité dans les indicateurs récents,Suivi standard
1972,Congo,Mauritania,25.2,Faible,22,340.0,Accélération du volume,Suivi standard
1973,Unknown ,Spain,25.2,Faible,7,-30.0,Accélération du volume,Suivi standard
1974,Cameroon,Romania,25.1,Faible,22,-45.0,Signal limité dans les indicateurs récents,Suivi standard
1975,Tunisia,Denmark,25.1,Faible,38,22.6,Accélération du volume,Suivi standard
1976,Syrian Arab Rep.,Cote d'Ivoire,25.1,Faible,22,340.0,Croissance récente ≥ 30 %,Suivi standard
1977,Sudan,Japan,25.1,Faible,14,,Signal limité dans les indicateurs récents,Suivi standard
1978,Stateless,Finland,25.0,Faible,43,115.0,Accélération + deux hausses consécutives,Suivi standard
1979,Pakistan,Montenegro,25.0,Faible,5,,Signal limité dans les indicateurs récents,Suivi standard
1980,France,United States of America,25.0,Faible,21,-66.7,Signal limité dans les indicateurs récents,Suivi standard
1981,Central African Rep.,Mali,25.0,Faible,10,-70.6,Signal limité dans les indicateurs récents,Suivi standard
1982,Ukraine,Mexico,24.9,Faible,29,-32.6,Signal limité dans les indicateurs récents,Suivi standard
1983,Burkina Faso,Senegal,24.9,Faible,19,,Signal limité dans les indicateurs récents,Suivi standard
1984,Libya,Spain,24.9,Faible,25,8.7,Accélération du volume,Suivi standard
1985,Venezuela (Bolivarian Republic of),Denmark,24.9,Faible,15,36.4,Deux hausses annuelles consécutives,Suivi standard
1986,Sudan,Benin,24.8,Faible,24,33.3,Accélération du volume,Suivi standard
1987,Peru,Switzerland,24.8,Faible,39,105.3,Accélération du volume,Suivi standard
1988,Dem. Rep. of the Congo,Croatia,24.8,Faible,19,-13.6,Signal limité dans les indicateurs récents,Suivi standard
1989,Brazil,Portugal,24.8,Faible,25,31.6,Accélération du volume,Suivi standard
1990,Iran (Islamic Rep. of),Romania,24.7,Faible,21,-40.0,Signal limité dans les indicateurs récents,Suivi standard
1991,Costa Rica,Mexico,24.7,Faible,23,-66.7,Signal limité dans les indicateurs récents,Suivi standard
1992,Ukraine,Slovakia,24.6,Faible,40,33.3,Accélération du volume,Suivi standard
1993,Syrian Arab Rep.,South Africa,24.6,Faible,5,0.0,Signal limité dans les indicateurs récents,Suivi standard
1994,Saudi Arabia,United States of America,24.6,Faible,19,-67.8,Signal limité dans les indicateurs récents,Suivi standard
1995,Bangladesh,Croatia,24.6,Faible,24,-38.5,Signal limité dans les indicateurs récents,Suivi standard
1996,Panama,Mexico,24.6,Faible,48,54.8,Accélération du volume,Suivi standard
1997,Mozambique,South Africa,24.5,Faible,12,140.0,Accélération du volume,Suivi standard
1998,Cameroon,Thailand,24.5,Faible,13,-63.9,Signal limité dans les indicateurs récents,Suivi standard
1999,Yemen,Uganda,24.5,Faible,10,42.9,Accélération du volume,Suivi standard
2000,Belarus,Argentina,24.4,Faible,42,-12.5,Signal limité dans les indicateurs récents,Suivi standard
2001,Nepal,Austria,24.4,Faible,12,-52.0,Accélération du volume,Suivi standard
2002,Syrian Arab Rep.,Uruguay,24.4,Faible,5,,Signal limité dans les indicateurs récents,Suivi standard
2003,Cabo Verde,United States of America,24.4,Faible,13,-75.9,Signal limité dans les indicateurs récents,Suivi standard
2004,Cote d'Ivoire,Luxembourg,24.4,Faible,33,83.3,Accélération du volume,Suivi standard
2005,Central African Rep.,Gabon,24.4,Faible,7,,Signal limité dans les indicateurs récents,Suivi standard
2006,State of Palestine,Philippines,24.4,Faible,19,-24.0,Signal limité dans les indicateurs récents,Suivi standard
2007,Colombia,Ireland,24.3,Faible,17,240.0,Accélération du volume,Suivi standard
2008,Pakistan,Malta,24.3,Faible,20,-16.7,Signal limité dans les indicateurs récents,Suivi standard
2009,Russian Federation,Serbia and Kosovo: S/RES/1244 (1999),24.3,Faible,29,31.8,Accélération du volume,Suivi standard
2010,Burundi,Croatia,24.3,Faible,6,-87.0,Signal limité dans les indicateurs récents,Suivi standard
2011,Unknown ,Poland,24.3,Faible,10,-56.5,Signal limité dans les indicateurs récents,Suivi standard
2012,Angola,Spain,24.2,Faible,22,-21.4,Accélération du volume,Suivi standard
2013,Jordan,Cyprus,24.2,Faible,35,-28.6,Signal limité dans les indicateurs récents,Suivi standard
2014,Mexico,Switzerland,24.2,Faible,27,237.5,Accélération + deux hausses consécutives,Suivi standard
2015,Nicaragua,Belize,24.2,Faible,18,125.0,Accélération du volume,Suivi standard
2016,Sudan,Russian Federation,24.2,Faible,18,-48.6,Signal limité dans les indicateurs récents,Suivi standard
2017,Iran (Islamic Rep. of),Malaysia,24.2,Faible,21,-61.1,Signal limité dans les indicateurs récents,Suivi standard
2018,Bolivia (Plurinational State of),Italy,24.2,Faible,33,37.5,Deux hausses annuelles consécutives,Suivi standard
2019,Myanmar,Ireland,24.1,Faible,37,27.6,Deux hausses annuelles consécutives,Suivi standard
2020,Haiti,Germany,24.1,Faible,37,60.9,Accélération du volume,Suivi standard
2021,Cuba,Serbia and Kosovo: S/RES/1244 (1999),24.1,Faible,7,-74.1,Signal limité dans les indicateurs récents,Suivi standard
2022,Iran (Islamic Rep. of),Portugal,24.1,Faible,30,-33.3,Signal limité dans les indicateurs récents,Suivi standard
2023,United Rep. of Tanzania,Spain,24.0,Faible,33,371.4,Accélération du volume,Suivi standard
2024,Congo,Egypt,24.0,Faible,22,-59.3,Signal limité dans les indicateurs récents,Suivi standard
2025,Afghanistan,Sri Lanka,24.0,Faible,5,,Signal limité dans les indicateurs récents,Suivi standard
2026,Dominican Rep.,Israel,24.0,Faible,22,-57.7,Signal limité dans les indicateurs récents,Suivi standard
2027,Sierra Leone,Croatia,24.0,Faible,20,42.9,Deux hausses annuelles consécutives,Suivi standard
2028,Nigeria,Armenia,23.9,Faible,16,,Signal limité dans les indicateurs récents,Suivi standard
2029,Guatemala,El Salvador,23.9,Faible,19,72.7,Accélération + deux hausses consécutives,Suivi standard
2030,State of Palestine,Mauritania,23.9,Faible,23,,Signal limité dans les indicateurs récents,Suivi standard
2031,Nigeria,Niger,23.9,Faible,25,56.2,Accélération du volume,Suivi standard
2032,Eritrea,Ghana,23.8,Faible,13,8.3,Deux hausses annuelles consécutives,Suivi standard
2033,Rwanda,Zimbabwe,23.8,Faible,13,-7.1,Accélération du volume,Suivi standard
2034,Kuwait,Netherlands (Kingdom of the),23.8,Faible,32,166.7,Accélération + deux hausses consécutives,Suivi standard
2035,Uganda,China,23.7,Faible,15,7.1,Deux hausses annuelles consécutives,Suivi standard
2036,Syrian Arab Rep.,Colombia,23.7,Faible,9,,Signal limité dans les indicateurs récents,Suivi standard
2037,Nepal,Poland,23.7,Faible,28,115.4,Accélération + deux hausses consécutives,Suivi standard
2038,Nigeria,Rep. of Moldova,23.7,Faible,29,20.8,Deux hausses annuelles consécutives,Suivi standard
2039,Nigeria,Albania,23.7,Faible,5,,Signal limité dans les indicateurs récents,Suivi standard
2040,Malaysia,United States of America,23.7,Faible,6,-88.2,Signal limité dans les indicateurs récents,Suivi standard
2041,India,Norway,23.7,Faible,34,100.0,Accélération + deux hausses consécutives,Suivi standard
2042,Cameroon,Rep. of Moldova,23.7,Faible,28,16.7,Deux hausses annuelles consécutives,Suivi standard
2043,Dem. Rep. of the Congo,Serbia and Kosovo: S/RES/1244 (1999),23.6,Faible,5,0.0,Signal limité dans les indicateurs récents,Suivi standard
2044,Nigeria,Philippines,23.6,Faible,25,-3.8,Signal limité dans les indicateurs récents,Suivi standard
2045,Türkiye,Slovakia,23.6,Faible,5,0.0,Accélération du volume,Suivi standard
2046,Chad,Belgium,23.6,Faible,39,62.5,Accélération du volume,Suivi standard
2047,Unknown ,Luxembourg,23.6,Faible,12,-42.9,Signal limité dans les indicateurs récents,Suivi standard
2048,Yemen,Kenya,23.6,Faible,14,-39.1,Signal limité dans les indicateurs récents,Suivi standard
2049,Uganda,Iceland,23.6,Faible,29,222.2,Accélération + deux hausses consécutives,Suivi standard
2050,Haiti,Spain,23.5,Faible,28,-12.5,Accélération du volume,Suivi standard
2051,Iraq,India,23.5,Faible,12,20.0,Accélération + deux hausses consécutives,Suivi standard
2052,Fiji,United States of America,23.5,Faible,5,-86.8,Signal limité dans les indicateurs récents,Suivi standard
2053,Nigeria,Poland,23.5,Faible,37,-5.1,Signal limité dans les indicateurs récents,Suivi standard
2054,Georgia,Luxembourg,23.5,Faible,26,44.4,Accélération + deux hausses consécutives,Suivi standard
2055,Venezuela (Bolivarian Republic of),Czechia,23.5,Faible,8,-46.7,Signal limité dans les indicateurs récents,Suivi standard
2056,Yemen,Syrian Arab Rep.,23.5,Faible,14,180.0,Croissance récente ≥ 30 %,Suivi standard
2057,Senegal,Cameroon,23.4,Faible,23,,Signal limité dans les indicateurs récents,Suivi standard
2058,Ukraine,Malta,23.4,Faible,13,-59.4,Signal limité dans les indicateurs récents,Suivi standard
2059,Pakistan,Sri Lanka,23.4,Faible,8,,Signal limité dans les indicateurs récents,Suivi standard
2060,Ethiopia,Georgia,23.4,Faible,14,7.7,Deux hausses annuelles consécutives,Suivi standard
2061,Morocco,North Macedonia,23.4,Faible,5,-89.6,Signal limité dans les indicateurs récents,Suivi standard
2062,Montenegro,France,23.4,Faible,46,-17.9,Signal limité dans les indicateurs récents,Suivi standard
2063,Unknown ,Ukraine,23.4,Faible,5,,Signal limité dans les indicateurs récents,Suivi standard
2064,Suriname,France,23.4,Faible,49,22.5,Signal limité dans les indicateurs récents,Suivi standard
2065,Tunisia,Greece,23.3,Faible,37,-7.5,Signal limité dans les indicateurs récents,Suivi standard
2066,Iraq,Spain,23.3,Faible,26,-3.7,Accélération du volume,Suivi standard
2067,Liberia,Belgium,23.3,Faible,50,66.7,Accélération du volume,Suivi standard
2068,Comoros,United States of America,23.3,Faible,5,-81.5,Accélération du volume,Suivi standard
2069,Somalia,Portugal,23.3,Faible,5,-80.0,Signal limité dans les indicateurs récents,Suivi standard
2070,Honduras,El Salvador,23.3,Faible,33,-26.7,Signal limité dans les indicateurs récents,Suivi standard
2071,Syrian Arab Rep.,Ukraine,23.2,Faible,5,-50.0,Signal limité dans les indicateurs récents,Suivi standard
2072,Sudan,Croatia,23.2,Faible,5,0.0,Accélération du volume,Suivi standard
2073,Afghanistan,Belarus,23.2,Faible,7,-70.8,Signal limité dans les indicateurs récents,Suivi standard
2074,Chad,Italy,23.2,Faible,14,-57.6,Signal limité dans les indicateurs récents,Suivi standard
2075,Syrian Arab Rep.,Liechtenstein,23.2,Faible,5,-44.4,Signal limité dans les indicateurs récents,Suivi standard
2076,Nigeria,Mauritius,23.2,Faible,15,-28.6,Signal limité dans les indicateurs récents,Suivi standard
2077,Venezuela (Bolivarian Republic of),Poland,23.2,Faible,19,-13.6,Signal limité dans les indicateurs récents,Suivi standard
2078,Ghana,Slovenia,23.2,Faible,18,100.0,Accélération du volume,Suivi standard
2079,China,Malaysia,23.2,Faible,18,157.1,Accélération + deux hausses consécutives,Suivi standard
2080,Mexico,Brazil,23.1,Faible,39,21.9,Accélération + deux hausses consécutives,Suivi standard
2081,Ukraine,Lithuania,23.1,Faible,29,26.1,Deux hausses annuelles consécutives,Suivi standard
2082,Benin,Luxembourg,23.1,Faible,18,260.0,Accélération du volume,Suivi standard
2083,Türkiye,Ireland,23.1,Faible,43,-21.8,Signal limité dans les indicateurs récents,Suivi standard
2084,Russian Federation,Cyprus,23.1,Faible,32,68.4,Accélération du volume,Suivi standard
2085,Peru,Netherlands (Kingdom of the),23.0,Faible,30,11.1,Accélération du volume,Suivi standard
2086,Nigeria,Denmark,23.0,Faible,33,-26.7,Signal limité dans les indicateurs récents,Suivi standard
2087,Rwanda,Zambia,23.0,Faible,11,-73.8,Signal limité dans les indicateurs récents,Suivi standard
2088,Ukraine,Finland,23.0,Faible,34,142.9,Accélération + deux hausses consécutives,Suivi standard
2089,Sudan,Brazil,23.0,Faible,14,-39.1,Signal limité dans les indicateurs récents,Suivi standard
2090,Somalia,Madagascar,23.0,Faible,13,,Signal limité dans les indicateurs récents,Suivi standard
2091,Venezuela (Bolivarian Republic of),Slovenia,23.0,Faible,5,,Signal limité dans les indicateurs récents,Suivi standard
2092,Syrian Arab Rep.,Zambia,22.9,Faible,9,50.0,Accélération du volume,Suivi standard
2093,Dem. Rep. of the Congo,Lesotho,22.9,Faible,6,-57.1,Signal limité dans les indicateurs récents,Suivi standard
2094,Dem. Rep. of the Congo,Denmark,22.9,Faible,17,142.9,Accélération du volume,Suivi standard
2095,Azerbaijan,Czechia,22.9,Faible,24,-25.0,Accélération du volume,Suivi standard
2096,Iraq,Serbia and Kosovo: S/RES/1244 (1999),22.9,Faible,5,-28.6,Signal limité dans les indicateurs récents,Suivi standard
2097,Colombia,Dominican Rep.,22.9,Faible,6,,Signal limité dans les indicateurs récents,Suivi standard
2098,Ireland,United States of America,22.9,Faible,23,-64.1,Signal limité dans les indicateurs récents,Suivi standard
2099,Ethiopia,Denmark,22.9,Faible,27,3.8,Accélération du volume,Suivi standard
2100,Nigeria,Czechia,22.9,Faible,30,-18.9,Signal limité dans les indicateurs récents,Suivi standard
2101,Jordan,Serbia and Kosovo: S/RES/1244 (1999),22.9,Faible,19,0.0,Signal limité dans les indicateurs récents,Suivi standard
2102,Italy,Australia,22.8,Faible,41,241.7,Accélération du volume,Suivi standard
2103,Poland,United States of America,22.8,Faible,21,-60.4,Signal limité dans les indicateurs récents,Suivi standard
2104,Eritrea,Niger,22.8,Faible,9,-30.8,Accélération du volume,Suivi standard
2105,Comoros,Spain,22.7,Faible,21,320.0,Accélération du volume,Suivi standard
2106,Burundi,Sweden,22.7,Faible,39,0.0,Accélération du volume,Suivi standard
2107,Jordan,South Africa,22.7,Faible,5,,Signal limité dans les indicateurs récents,Suivi standard
2108,Chile,Germany,22.7,Faible,29,-19.4,Accélération du volume,Suivi standard
2109,Afghanistan,Hungary,22.7,Faible,7,,Signal limité dans les indicateurs récents,Suivi standard
2110,Indonesia,Germany,22.7,Faible,38,22.6,Deux hausses annuelles consécutives,Suivi standard
2111,Iran (Islamic Rep. of),Philippines,22.7,Faible,16,23.1,Deux hausses annuelles consécutives,Suivi standard
2112,Peru,Argentina,22.7,Faible,20,100.0,Accélération du volume,Suivi standard
2113,Ecuador,Panama,22.7,Faible,32,-33.3,Signal limité dans les indicateurs récents,Suivi standard
2114,Peru,Bolivia (Plurinational State of),22.7,Faible,10,,Signal limité dans les indicateurs récents,Suivi standard
2115,Chad,Spain,22.7,Faible,23,15.0,Deux hausses annuelles consécutives,Suivi standard
2116,Jordan,Montenegro,22.6,Faible,5,,Signal limité dans les indicateurs récents,Suivi standard
2117,Iraq,Morocco,22.6,Faible,6,,Signal limité dans les indicateurs récents,Suivi standard
2118,Burkina Faso,Cameroon,22.6,Faible,23,-54.0,Signal limité dans les indicateurs récents,Suivi standard
2119,Angola,Austria,22.6,Faible,24,140.0,Accélération + deux hausses consécutives,Suivi standard
2120,Iraq,Latvia,22.6,Faible,5,-86.5,Signal limité dans les indicateurs récents,Suivi standard
2121,Iran (Islamic Rep. of),Luxembourg,22.5,Faible,31,14.8,Accélération du volume,Suivi standard
2122,South Africa,Argentina,22.5,Faible,12,140.0,Croissance récente ≥ 30 %,Suivi standard
2123,Ethiopia,Spain,22.5,Faible,17,21.4,Deux hausses annuelles consécutives,Suivi standard
2124,Ukraine,Chile,22.5,Faible,16,,Signal limité dans les indicateurs récents,Suivi standard
2125,Pakistan,Serbia and Kosovo: S/RES/1244 (1999),22.4,Faible,10,-9.1,Accélération du volume,Suivi standard
2126,Algeria,Serbia and Kosovo: S/RES/1244 (1999),22.4,Faible,6,20.0,Accélération du volume,Suivi standard
2127,Bhutan,Australia,22.4,Faible,32,540.0,Accélération du volume,Suivi standard
2128,Kazakhstan,Montenegro,22.4,Faible,8,,Signal limité dans les indicateurs récents,Suivi standard
2129,Dem. Rep. of the Congo,Australia,22.4,Faible,30,,Signal limité dans les indicateurs récents,Suivi standard
2130,Thailand,Italy,22.3,Faible,22,-51.1,Signal limité dans les indicateurs récents,Suivi standard
2131,Lebanon,Switzerland,22.2,Faible,26,-36.6,Signal limité dans les indicateurs récents,Suivi standard
2132,Sudan,Slovenia,22.2,Faible,6,,Signal limité dans les indicateurs récents,Suivi standard
2133,Lebanon,Syrian Arab Rep.,22.2,Faible,9,80.0,Accélération du volume,Suivi standard
2134,Pakistan,Czechia,22.2,Faible,17,183.3,Accélération du volume,Suivi standard
2135,Afghanistan,Burundi,22.2,Faible,7,,Signal limité dans les indicateurs récents,Suivi standard
2136,Chad,Algeria,22.2,Faible,18,-5.3,Accélération du volume,Suivi standard
2137,Unknown ,Israel,22.2,Faible,5,0.0,Accélération du volume,Suivi standard
2138,Algeria,Croatia,22.2,Faible,18,28.6,Accélération du volume,Suivi standard
2139,Syrian Arab Rep.,Costa Rica,22.2,Faible,5,-54.5,Signal limité dans les indicateurs récents,Suivi standard
2140,Kuwait,Serbia and Kosovo: S/RES/1244 (1999),22.1,Faible,8,,Signal limité dans les indicateurs récents,Suivi standard
2141,Nigeria,Lesotho,22.1,Faible,9,80.0,Accélération du volume,Suivi standard
2142,Mauritania,Mexico,22.1,Faible,5,-28.6,Accélération du volume,Suivi standard
2143,Pakistan,Luxembourg,22.1,Faible,34,142.9,Accélération du volume,Suivi standard
2144,Afghanistan,Liechtenstein,22.1,Faible,7,,Signal limité dans les indicateurs récents,Suivi standard
2145,Iran (Islamic Rep. of),India,22.1,Faible,15,-34.8,Accélération du volume,Suivi standard
2146,Lebanon,South Africa,22.1,Faible,5,,Signal limité dans les indicateurs récents,Suivi standard
2147,Egypt,Luxembourg,22.1,Faible,20,122.2,Accélération + deux hausses consécutives,Suivi standard
2148,Afghanistan,Slovakia,22.1,Faible,21,23.5,Accélération du volume,Suivi standard
2149,Sudan,South Africa,22.1,Faible,8,60.0,Accélération du volume,Suivi standard
2150,Cameroon,Niger,22.1,Faible,14,-65.0,Signal limité dans les indicateurs récents,Suivi standard
2151,Central African Rep.,Mauritania,22.0,Faible,20,-25.9,Accélération du volume,Suivi standard
2152,Dem. Rep. of the Congo,Poland,22.0,Faible,36,24.1,Accélération du volume,Suivi standard
2153,State of Palestine,Albania,22.0,Faible,5,,Signal limité dans les indicateurs récents,Suivi standard
2154,India,Croatia,22.0,Faible,16,23.1,Accélération du volume,Suivi standard
2155,Tajikistan,Ukraine,22.0,Faible,22,-33.3,Signal limité dans les indicateurs récents,Suivi standard
2156,Chad,Nigeria,22.0,Faible,23,,Signal limité dans les indicateurs récents,Suivi standard
2157,Armenia,Switzerland,22.0,Faible,37,32.1,Accélération du volume,Suivi standard
2158,Israel,Italy,21.9,Faible,39,-22.0,Signal limité dans les indicateurs récents,Suivi standard
2159,Yemen,Brazil,21.9,Faible,14,-12.5,Accélération du volume,Suivi standard
2160,Burkina Faso,Morocco,21.9,Faible,20,-54.5,Signal limité dans les indicateurs récents,Suivi standard
2161,Afghanistan,China,21.9,Faible,5,0.0,Accélération du volume,Suivi standard
2162,Mali,Malta,21.9,Faible,10,,Signal limité dans les indicateurs récents,Suivi standard
2163,Nicaragua,El Salvador,21.9,Faible,15,-68.8,Signal limité dans les indicateurs récents,Suivi standard
2164,Iraq,Brazil,21.9,Faible,17,142.9,Accélération du volume,Suivi standard
2165,Lebanon,Georgia,21.9,Faible,5,-87.2,Signal limité dans les indicateurs récents,Suivi standard
2166,Venezuela (Bolivarian Republic of),Ireland,21.9,Faible,29,16.0,Accélération + deux hausses consécutives,Suivi standard
2167,Ukraine,Portugal,21.9,Faible,15,150.0,Accélération du volume,Suivi standard
2168,Thailand,United States of America,21.9,Faible,18,-62.5,Signal limité dans les indicateurs récents,Suivi standard
2169,Albania,Luxembourg,21.8,Faible,19,90.0,Accélération du volume,Suivi standard
2170,Syrian Arab Rep.,Belarus,21.8,Faible,11,-38.9,Signal limité dans les indicateurs récents,Suivi standard
2171,Algeria,Liechtenstein,21.8,Faible,19,46.2,Deux hausses annuelles consécutives,Suivi standard
2172,Armenia,Poland,21.8,Faible,29,-42.0,Accélération du volume,Suivi standard
2173,Thailand,Germany,21.8,Faible,38,90.0,Accélération du volume,Suivi standard
2174,Cote d'Ivoire,Cyprus,21.7,Faible,24,-42.9,Signal limité dans les indicateurs récents,Suivi standard
2175,Congo,Morocco,21.7,Faible,24,-11.1,Accélération du volume,Suivi standard
2176,Senegal,Rep. of Korea,21.7,Faible,28,-20.0,Accélération du volume,Suivi standard
2177,Burkina Faso,Greece,21.7,Faible,28,115.4,Accélération du volume,Suivi standard
2178,Nicaragua,France,21.7,Faible,28,-9.7,Signal limité dans les indicateurs récents,Suivi standard
2179,Trinidad and Tobago,Belgium,21.6,Faible,27,440.0,Accélération du volume,Suivi standard
2180,Russian Federation,Romania,21.6,Faible,33,50.0,Accélération du volume,Suivi standard
2181,Bolivia (Plurinational State of),Mexico,21.6,Faible,33,-21.4,Signal limité dans les indicateurs récents,Suivi standard
2182,Cuba,Guyana,21.6,Faible,5,-16.7,Signal limité dans les indicateurs récents,Suivi standard
2183,Egypt,Russian Federation,21.6,Faible,21,110.0,Accélération + deux hausses consécutives,Suivi standard
2184,Congo,North Macedonia,21.6,Faible,5,-76.2,Accélération du volume,Suivi standard
2185,Sri Lanka,Finland,21.5,Faible,33,3.1,Accélération du volume,Suivi standard
2186,Peru,Uruguay,21.5,Faible,30,20.0,Accélération du volume,Suivi standard
2187,Ghana,Sweden,21.5,Faible,37,-15.9,Accélération du volume,Suivi standard
2188,China,Albania,21.5,Faible,5,,Signal limité dans les indicateurs récents,Suivi standard
2189,Sierra Leone,Algeria,21.5,Faible,16,-27.3,Signal limité dans les indicateurs récents,Suivi standard
2190,Sudan,Finland,21.5,Faible,10,11.1,Accélération du volume,Suivi standard
2191,Mauritania,Senegal,21.4,Faible,26,100.0,Accélération du volume,Suivi standard
2192,Cote d'Ivoire,Mauritania,21.4,Faible,26,23.8,Accélération du volume,Suivi standard
2193,Jamaica,United Kingdom of Great Britain and Northern Ireland,21.4,Faible,50,-21.9,Signal limité dans les indicateurs récents,Suivi standard
2194,Uganda,Italy,21.4,Faible,21,75.0,Accélération + deux hausses consécutives,Suivi standard
2195,Uzbekistan,Australia,21.4,Faible,44,,Signal limité dans les indicateurs récents,Suivi standard
2196,Iran (Islamic Rep. of),Croatia,21.4,Faible,15,-40.0,Signal limité dans les indicateurs récents,Suivi standard
2197,Cuba,Slovenia,21.4,Faible,10,0.0,Accélération du volume,Suivi standard
2198,Serbia and Kosovo: S/RES/1244 (1999),Luxembourg,21.4,Faible,30,-28.6,Signal limité dans les indicateurs récents,Suivi standard
2199,Angola,United Kingdom of Great Britain and Northern Ireland,21.4,Faible,24,-42.9,Accélération du volume,Suivi standard
2200,Congo,Netherlands (Kingdom of the),21.4,Faible,40,60.0,Accélération du volume,Suivi standard
2201,Cuba,Russian Federation,21.4,Faible,27,107.7,Accélération du volume,Suivi standard
2202,Morocco,Armenia,21.3,Faible,10,42.9,Accélération + deux hausses consécutives,Suivi standard
2203,Eritrea,Algeria,21.3,Faible,5,,Signal limité dans les indicateurs récents,Suivi standard
2204,Viet Nam,Netherlands (Kingdom of the),21.3,Faible,25,150.0,Accélération du volume,Suivi standard
2205,Ecuador,Netherlands (Kingdom of the),21.2,Faible,12,-75.5,Signal limité dans les indicateurs récents,Suivi standard
2206,Ethiopia,Thailand,21.2,Faible,13,-48.0,Signal limité dans les indicateurs récents,Suivi standard
2207,Iraq,Georgia,21.2,Faible,14,-39.1,Signal limité dans les indicateurs récents,Suivi standard
2208,Ethiopia,Zimbabwe,21.1,Faible,5,-28.6,Signal limité dans les indicateurs récents,Suivi standard
2209,Afghanistan,Czechia,21.1,Faible,13,62.5,Accélération du volume,Suivi standard
2210,Egypt,Iraq,21.1,Faible,15,-57.1,Signal limité dans les indicateurs récents,Suivi standard
2211,Ukraine,Serbia and Kosovo: S/RES/1244 (1999),21.1,Faible,10,-9.1,Signal limité dans les indicateurs récents,Suivi standard
2212,Rep. of Moldova,Greece,21.1,Faible,30,-18.9,Accélération du volume,Suivi standard
2213,Niger,Mali,21.1,Faible,5,,Signal limité dans les indicateurs récents,Suivi standard
2214,Serbia and Kosovo: S/RES/1244 (1999),Netherlands (Kingdom of the),21.1,Faible,26,-21.2,Accélération du volume,Suivi standard
2215,State of Palestine,Cuba,21.0,Faible,11,,Signal limité dans les indicateurs récents,Suivi standard
2216,Syrian Arab Rep.,Dem. Rep. of the Congo,21.0,Faible,13,85.7,Accélération du volume,Suivi standard
2217,Myanmar,Czechia,21.0,Faible,18,-37.9,Signal limité dans les indicateurs récents,Suivi standard
2218,Iran (Islamic Rep. of),Bosnia and Herzegovina,21.0,Faible,9,0.0,Signal limité dans les indicateurs récents,Suivi standard
2219,Lebanon,Mauritania,21.0,Faible,15,,Signal limité dans les indicateurs récents,Suivi standard
2220,Iran (Islamic Rep. of),Serbia and Kosovo: S/RES/1244 (1999),21.0,Faible,5,-44.4,Signal limité dans les indicateurs récents,Suivi standard
2221,Myanmar,Philippines,21.0,Faible,8,-63.6,Signal limité dans les indicateurs récents,Suivi standard
2222,Jordan,France,21.0,Faible,15,-62.5,Signal limité dans les indicateurs récents,Suivi standard
2223,Bangladesh,Iraq,20.9,Faible,5,,Signal limité dans les indicateurs récents,Suivi standard
2224,Senegal,Luxembourg,20.9,Faible,24,50.0,Deux hausses annuelles consécutives,Suivi standard
2225,North Macedonia,Austria,20.9,Faible,20,-35.5,Accélération du volume,Suivi standard
2226,Stateless,Russian Federation,20.9,Faible,31,40.9,Accélération du volume,Suivi standard
2227,Poland,Germany,20.9,Faible,25,400.0,Accélération du volume,Suivi standard
2228,Nigeria,China,20.9,Faible,11,-52.2,Signal limité dans les indicateurs récents,Suivi standard
2229,Lesotho,South Africa,20.9,Faible,5,-50.0,Signal limité dans les indicateurs récents,Suivi standard
2230,Argentina,France,20.9,Faible,39,30.0,Deux hausses annuelles consécutives,Suivi standard
2231,Morocco,Cyprus,20.9,Faible,18,260.0,Accélération du volume,Suivi standard
2232,Nigeria,Indonesia,20.9,Faible,5,,Signal limité dans les indicateurs récents,Suivi standard
2233,Gambia,Austria,20.9,Faible,38,-2.6,Signal limité dans les indicateurs récents,Suivi standard
2234,Ukraine,Switzerland,20.9,Faible,28,86.7,Accélération du volume,Suivi standard
2235,Algeria,Finland,20.9,Faible,35,84.2,Accélération du volume,Suivi standard
2236,Nicaragua,Argentina,20.9,Faible,23,,Signal limité dans les indicateurs récents,Suivi standard
2237,Libya,Greece,20.9,Faible,18,63.6,Accélération du volume,Suivi standard
2238,Pakistan,Lebanon,20.8,Faible,12,20.0,Deux hausses annuelles consécutives,Suivi standard
2239,Sudan,Liberia,20.8,Faible,5,0.0,Signal limité dans les indicateurs récents,Suivi standard
2240,Central African Rep.,Greece,20.8,Faible,26,,Signal limité dans les indicateurs récents,Suivi standard
2241,Türkiye,Lithuania,20.8,Faible,12,50.0,Deux hausses annuelles consécutives,Suivi standard
2242,Syrian Arab Rep.,Mexico,20.8,Faible,5,0.0,Accélération du volume,Suivi standard
2243,Zambia,Australia,20.8,Faible,20,300.0,Accélération du volume,Suivi standard
2244,Djibouti,Greece,20.8,Faible,21,10.5,Accélération du volume,Suivi standard
2245,Azerbaijan,Croatia,20.7,Faible,14,55.6,Croissance récente ≥ 30 %,Suivi standard
2246,Colombia,El Salvador,20.7,Faible,9,-40.0,Signal limité dans les indicateurs récents,Suivi standard
2247,Suriname,Belgium,20.7,Faible,48,-2.0,Accélération du volume,Suivi standard
2248,Serbia and Kosovo: S/RES/1244 (1999),Iceland,20.7,Faible,22,175.0,Croissance récente ≥ 30 %,Suivi standard
2249,Sierra Leone,Brazil,20.7,Faible,29,61.1,Accélération du volume,Suivi standard
2250,Kenya,Norway,20.7,Faible,28,133.3,Deux hausses annuelles consécutives,Suivi standard
2251,Iraq,New Zealand,20.7,Faible,12,50.0,Deux hausses annuelles consécutives,Suivi standard
2252,Mali,Netherlands (Kingdom of the),20.7,Faible,34,-15.0,Signal limité dans les indicateurs récents,Suivi standard
2253,Viet Nam,Romania,20.6,Faible,5,-90.4,Signal limité dans les indicateurs récents,Suivi standard
2254,China,Serbia and Kosovo: S/RES/1244 (1999),20.6,Faible,5,,Signal limité dans les indicateurs récents,Suivi standard
2255,Mozambique,France,20.6,Faible,21,133.3,Croissance récente ≥ 30 %,Suivi standard
2256,China,Iceland,20.6,Faible,23,130.0,Accélération + deux hausses consécutives,Suivi standard
2257,Russian Federation,Costa Rica,20.6,Faible,8,-20.0,Accélération du volume,Suivi standard
2258,Eritrea,Chad,20.6,Faible,10,42.9,Accélération du volume,Suivi standard
2259,Rep. of Korea,Brazil,20.6,Faible,19,-57.8,Signal limité dans les indicateurs récents,Suivi standard
2260,Cuba,Dominican Rep.,20.5,Faible,9,-10.0,Accélération du volume,Suivi standard
2261,Ethiopia,Iraq,20.5,Faible,5,,Signal limité dans les indicateurs récents,Suivi standard
2262,State of Palestine,Ghana,20.5,Faible,7,,Signal limité dans les indicateurs récents,Suivi standard
2263,Jordan,Iceland,20.5,Faible,17,240.0,Accélération du volume,Suivi standard
2264,Chad,Switzerland,20.5,Faible,18,200.0,Accélération du volume,Suivi standard
2265,Iraq,Russian Federation,20.5,Faible,11,10.0,Deux hausses annuelles consécutives,Suivi standard
2266,Yemen,Ghana,20.5,Faible,8,,Signal limité dans les indicateurs récents,Suivi standard
2267,Mongolia,Switzerland,20.5,Faible,9,-84.2,Signal limité dans les indicateurs récents,Suivi standard
2268,United States of America,South Africa,20.5,Faible,6,,Signal limité dans les indicateurs récents,Suivi standard
2269,Iraq,Japan,20.5,Faible,20,,Signal limité dans les indicateurs récents,Suivi standard
2270,Ethiopia,Zambia,20.5,Faible,11,-62.1,Signal limité dans les indicateurs récents,Suivi standard
2271,Somalia,Niger,20.5,Faible,8,-27.3,Signal limité dans les indicateurs récents,Suivi standard
2272,Serbia and Kosovo: S/RES/1244 (1999),United Kingdom of Great Britain and Northern Ireland,20.4,Faible,26,-31.6,Accélération du volume,Suivi standard
2273,Serbia and Kosovo: S/RES/1244 (1999),Slovenia,20.4,Faible,11,10.0,Deux hausses annuelles consécutives,Suivi standard
2274,Albania,Spain,20.4,Faible,15,-31.8,Accélération du volume,Suivi standard
2275,Pakistan,Rwanda,20.4,Faible,15,150.0,Croissance récente ≥ 30 %,Suivi standard
2276,Cameroon,Central African Rep.,20.4,Faible,15,-55.9,Signal limité dans les indicateurs récents,Suivi standard
2277,Saint Vincent and the Grenadines,Canada,20.4,Faible,44,-35.3,Signal limité dans les indicateurs récents,Suivi standard
2278,Iran (Islamic Rep. of),Mexico,20.3,Faible,24,84.6,Accélération du volume,Suivi standard
2279,Kenya,Switzerland,20.3,Faible,25,150.0,Accélération + deux hausses consécutives,Suivi standard
2280,Guatemala,Germany,20.2,Faible,5,-50.0,Signal limité dans les indicateurs récents,Suivi standard
2281,Mozambique,Portugal,20.2,Faible,10,100.0,Croissance récente ≥ 30 %,Suivi standard
2282,Eritrea,Spain,20.2,Faible,5,-68.8,Signal limité dans les indicateurs récents,Suivi standard
2283,Cuba,Latvia,20.2,Faible,14,180.0,Accélération du volume,Suivi standard
2284,Pakistan,North Macedonia,20.2,Faible,5,-44.4,Accélération du volume,Suivi standard
2285,Sierra Leone,Portugal,20.2,Faible,15,0.0,Accélération du volume,Suivi standard
2286,Armenia,Czechia,20.2,Faible,21,50.0,Accélération du volume,Suivi standard
2287,Afghanistan,Georgia,20.2,Faible,5,-28.6,Accélération du volume,Suivi standard
2288,Dem. Rep. of the Congo,Slovenia,20.2,Faible,6,-76.0,Signal limité dans les indicateurs récents,Suivi standard
2289,Kenya,Brazil,20.2,Faible,14,-74.5,Signal limité dans les indicateurs récents,Suivi standard
2290,United Rep. of Tanzania,Kenya,20.2,Faible,23,53.3,Deux hausses annuelles consécutives,Suivi standard
2291,Haiti,Armenia,20.1,Faible,10,-33.3,Accélération du volume,Suivi standard
2292,Angola,Luxembourg,20.1,Faible,20,25.0,Deux hausses annuelles consécutives,Suivi standard
2293,Sri Lanka,Albania,20.1,Faible,5,,Signal limité dans les indicateurs récents,Suivi standard
2294,State of Palestine,Portugal,20.1,Faible,10,66.7,Accélération du volume,Suivi standard
2295,Eritrea,Malta,20.1,Faible,5,-64.3,Signal limité dans les indicateurs récents,Suivi standard
2296,Zambia,South Africa,20.1,Faible,5,-44.4,Signal limité dans les indicateurs récents,Suivi standard
2297,Burundi,Serbia and Kosovo: S/RES/1244 (1999),20.1,Faible,8,-38.5,Accélération du volume,Suivi standard
2298,United Rep. of Tanzania,Italy,20.0,Faible,21,133.3,Accélération + deux hausses consécutives,Suivi standard
2299,Cuba,Belgium,20.0,Faible,22,-29.0,Accélération du volume,Suivi standard
2300,Libya,Norway,20.0,Faible,31,6.9,Accélération du volume,Suivi standard
2301,Ukraine,Croatia,20.0,Faible,17,54.5,Croissance récente ≥ 30 %,Suivi standard
2302,Belarus,Armenia,20.0,Faible,15,50.0,Deux hausses annuelles consécutives,Suivi standard
2303,Nigeria,Thailand,19.9,Faible,14,-46.2,Signal limité dans les indicateurs récents,Suivi standard
2304,Canada,United States of America,19.9,Faible,31,-34.0,Accélération du volume,Suivi standard
2305,Bangladesh,Rep. of Moldova,19.9,Faible,29,-38.3,Signal limité dans les indicateurs récents,Suivi standard
2306,Sudan,Portugal,19.9,Faible,10,100.0,Croissance récente ≥ 30 %,Suivi standard
2307,Myanmar,Norway,19.9,Faible,30,172.7,Accélération du volume,Suivi standard
2308,Serbia and Kosovo: S/RES/1244 (1999),Norway,19.9,Faible,39,-26.4,Signal limité dans les indicateurs récents,Suivi standard
2309,Kyrgyzstan,Poland,19.9,Faible,29,-29.3,Accélération du volume,Suivi standard
2310,Zimbabwe,Luxembourg,19.8,Faible,18,63.6,Croissance récente ≥ 30 %,Suivi standard
2311,Eritrea,Somalia,19.8,Faible,9,50.0,Accélération du volume,Suivi standard
2312,South Sudan,Algeria,19.8,Faible,6,20.0,Signal limité dans les indicateurs récents,Suivi standard
2313,Brazil,Rep. of Korea,19.8,Faible,18,28.6,Deux hausses annuelles consécutives,Suivi standard
2314,South Sudan,India,19.7,Faible,16,0.0,Signal limité dans les indicateurs récents,Suivi standard
2315,Iran (Islamic Rep. of),Iceland,19.7,Faible,10,-65.5,Signal limité dans les indicateurs récents,Suivi standard
2316,Afghanistan,Costa Rica,19.7,Faible,5,,Signal limité dans les indicateurs récents,Suivi standard
2317,Mali,Senegal,19.7,Faible,12,140.0,Accélération du volume,Suivi standard
2318,Mongolia,United Kingdom of Great Britain and Northern Ireland,19.7,Faible,48,71.4,Accélération du volume,Suivi standard
2319,Azerbaijan,Bosnia and Herzegovina,19.7,Faible,5,,Signal limité dans les indicateurs récents,Suivi standard
2320,Cote d'Ivoire,United Kingdom of Great Britain and Northern Ireland,19.7,Faible,38,-20.8,Signal limité dans les indicateurs récents,Suivi standard
2321,Cameroon,Portugal,19.7,Faible,15,-31.8,Signal limité dans les indicateurs récents,Suivi standard
2322,Syrian Arab Rep.,Kenya,19.7,Faible,12,140.0,Croissance récente ≥ 30 %,Suivi standard
2323,Bolivia (Plurinational State of),Argentina,19.6,Faible,10,42.9,Accélération + deux hausses consécutives,Suivi standard
2324,Kazakhstan,Spain,19.6,Faible,26,0.0,Signal limité dans les indicateurs récents,Suivi standard
2325,Türkiye,Iceland,19.6,Faible,19,-48.6,Signal limité dans les indicateurs récents,Suivi standard
2326,Romania,Australia,19.6,Faible,20,233.3,Accélération + deux hausses consécutives,Suivi standard
2327,Myanmar,Spain,19.6,Faible,15,200.0,Croissance récente ≥ 30 %,Suivi standard
2328,Kenya,Belgium,19.6,Faible,38,-20.8,Signal limité dans les indicateurs récents,Suivi standard
2329,Peru,Colombia,19.6,Faible,24,4.3,Signal limité dans les indicateurs récents,Suivi standard
2330,Egypt,North Macedonia,19.6,Faible,10,-56.5,Signal limité dans les indicateurs récents,Suivi standard
2331,Morocco,Serbia and Kosovo: S/RES/1244 (1999),19.6,Faible,7,-58.8,Signal limité dans les indicateurs récents,Suivi standard
2332,Sweden,Australia,19.6,Faible,35,337.5,Accélération du volume,Suivi standard
2333,India,Czechia,19.5,Faible,12,140.0,Accélération du volume,Suivi standard
2334,Somalia,Croatia,19.5,Faible,5,-16.7,Signal limité dans les indicateurs récents,Suivi standard
2335,Bangladesh,Morocco,19.5,Faible,9,,Signal limité dans les indicateurs récents,Suivi standard
2336,Pakistan,Mexico,19.5,Faible,15,-16.7,Accélération du volume,Suivi standard
2337,Ukraine,Rep. of Korea,19.5,Faible,22,22.2,Accélération du volume,Suivi standard
2338,Cuba,Sweden,19.5,Faible,25,-44.4,Signal limité dans les indicateurs récents,Suivi standard
2339,Kazakhstan,Australia,19.5,Faible,42,,Signal limité dans les indicateurs récents,Suivi standard
2340,Trinidad and Tobago,Netherlands (Kingdom of the),19.5,Faible,32,128.6,Accélération + deux hausses consécutives,Suivi standard
2341,Central African Rep.,Ghana,19.5,Faible,7,-36.4,Signal limité dans les indicateurs récents,Suivi standard
2342,Madagascar,Italy,19.5,Faible,13,30.0,Deux hausses annuelles consécutives,Suivi standard
2343,Yemen,China,19.4,Faible,5,,Signal limité dans les indicateurs récents,Suivi standard
2344,Kuwait,Finland,19.4,Faible,14,,Signal limité dans les indicateurs récents,Suivi standard
2345,Kyrgyzstan,Russian Federation,19.4,Faible,25,-35.9,Signal limité dans les indicateurs récents,Suivi standard
2346,Colombia,New Zealand,19.4,Faible,6,-78.6,Signal limité dans les indicateurs récents,Suivi standard
2347,Uganda,India,19.4,Faible,15,-63.4,Signal limité dans les indicateurs récents,Suivi standard
2348,Iran (Islamic Rep. of),Iraq,19.4,Faible,5,,Signal limité dans les indicateurs récents,Suivi standard
2349,Central African Rep.,Germany,19.4,Faible,11,-35.3,Signal limité dans les indicateurs récents,Suivi standard
2350,Dominican Rep.,Argentina,19.3,Faible,15,-48.3,Signal limité dans les indicateurs récents,Suivi standard
2351,Bolivia (Plurinational State of),Peru,19.3,Faible,19,11.8,Accélération + deux hausses consécutives,Suivi standard
2352,Morocco,Bosnia and Herzegovina,19.3,Faible,5,,Signal limité dans les indicateurs récents,Suivi standard
2353,Sri Lanka,Ireland,19.3,Faible,43,19.4,Deux hausses annuelles consécutives,Suivi standard
2354,Syrian Arab Rep.,Benin,19.3,Faible,5,-16.7,Accélération du volume,Suivi standard
2355,Cambodia,Malaysia,19.3,Faible,5,-89.8,Signal limité dans les indicateurs récents,Suivi standard
2356,India,Mexico,19.3,Faible,17,112.5,Accélération du volume,Suivi standard
2357,India,Switzerland,19.3,Faible,27,17.4,Accélération du volume,Suivi standard
2358,Cote d'Ivoire,Portugal,19.3,Faible,15,36.4,Accélération du volume,Suivi standard
2359,Central African Rep.,United States of America,19.3,Faible,5,-75.0,Signal limité dans les indicateurs récents,Suivi standard
2360,South Sudan,Netherlands (Kingdom of the),19.3,Faible,27,68.8,Accélération du volume,Suivi standard
2361,Iran (Islamic Rep. of),Sri Lanka,19.3,Faible,5,,Signal limité dans les indicateurs récents,Suivi standard
2362,Afghanistan,Bangladesh,19.3,Faible,6,-14.3,Signal limité dans les indicateurs récents,Suivi standard
2363,Peru,Finland,19.3,Faible,23,187.5,Accélération du volume,Suivi standard
2364,Israel,Bosnia and Herzegovina,19.2,Faible,8,,Signal limité dans les indicateurs récents,Suivi standard
2365,Russian Federation,Ecuador,19.2,Faible,16,77.8,Accélération du volume,Suivi standard
2366,Haiti,Italy,19.2,Faible,5,0.0,Signal limité dans les indicateurs récents,Suivi standard
2367,South Sudan,Spain,19.2,Faible,14,180.0,Accélération du volume,Suivi standard
2368,Azerbaijan,Spain,19.2,Faible,21,-36.4,Signal limité dans les indicateurs récents,Suivi standard
2369,Gambia,Cyprus,19.2,Faible,18,12.5,Accélération du volume,Suivi standard
2370,Somalia,Botswana,19.2,Faible,5,,Signal limité dans les indicateurs récents,Suivi standard
2371,Cameroon,North Macedonia,19.2,Faible,5,,Signal limité dans les indicateurs récents,Suivi standard
2372,Tunisia,Bulgaria,19.2,Faible,20,-25.9,Accélération du volume,Suivi standard
2373,Dem. Rep. of the Congo,Niger,19.1,Faible,5,-73.7,Signal limité dans les indicateurs récents,Suivi standard
2374,Gambia,Rep. of Korea,19.1,Faible,33,-21.4,Signal limité dans les indicateurs récents,Suivi standard
2375,Tajikistan,Italy,19.1,Faible,20,-23.1,Signal limité dans les indicateurs récents,Suivi standard
2376,Lebanon,Armenia,19.1,Faible,11,-31.2,Signal limité dans les indicateurs récents,Suivi standard
2377,Angola,Greece,19.1,Faible,23,109.1,Accélération du volume,Suivi standard
2378,Jamaica,Brazil,19.1,Faible,24,100.0,Deux hausses annuelles consécutives,Suivi standard
2379,Jordan,Lebanon,19.1,Faible,15,-31.8,Signal limité dans les indicateurs récents,Suivi standard
2380,Jordan,Algeria,19.1,Faible,5,,Signal limité dans les indicateurs récents,Suivi standard
2381,Sri Lanka,Spain,19.1,Faible,21,-8.7,Signal limité dans les indicateurs récents,Suivi standard
2382,Tunisia,Finland,19.1,Faible,22,37.5,Deux hausses annuelles consécutives,Suivi standard
2383,State of Palestine,Georgia,19.0,Faible,5,-70.6,Signal limité dans les indicateurs récents,Suivi standard
2384,Israel,Romania,19.0,Faible,7,40.0,Accélération du volume,Suivi standard
2385,Afghanistan,Panama,19.0,Faible,7,,Signal limité dans les indicateurs récents,Suivi standard
2386,Guinea,Norway,19.0,Faible,17,6.2,Deux hausses annuelles consécutives,Suivi standard
2387,Jordan,Georgia,19.0,Faible,8,-82.2,Signal limité dans les indicateurs récents,Suivi standard
2388,Cameroon,Croatia,19.0,Faible,5,-70.6,Signal limité dans les indicateurs récents,Suivi standard
2389,Sierra Leone,Serbia and Kosovo: S/RES/1244 (1999),19.0,Faible,5,,Signal limité dans les indicateurs récents,Suivi standard
2390,Chile,Peru,19.0,Faible,28,-28.2,Signal limité dans les indicateurs récents,Suivi standard
2391,State of Palestine,Liechtenstein,19.0,Faible,5,,Signal limité dans les indicateurs récents,Suivi standard
2392,Peru,Malta,19.0,Faible,6,0.0,Signal limité dans les indicateurs récents,Suivi standard
2393,Myanmar,Italy,19.0,Faible,8,-42.9,Signal limité dans les indicateurs récents,Suivi standard
2394,Afghanistan,Estonia,18.9,Faible,5,,Signal limité dans les indicateurs récents,Suivi standard
2395,Pakistan,Lithuania,18.9,Faible,12,20.0,Deux hausses annuelles consécutives,Suivi standard
2396,Lebanon,Bosnia and Herzegovina,18.9,Faible,5,-28.6,Signal limité dans les indicateurs récents,Suivi standard
2397,State of Palestine,Mexico,18.9,Faible,15,,Signal limité dans les indicateurs récents,Suivi standard
2398,Belarus,Czechia,18.9,Faible,23,-8.0,Accélération du volume,Suivi standard
2399,Haiti,Cuba,18.9,Faible,5,,Signal limité dans les indicateurs récents,Suivi standard
2400,Nigeria,Ghana,18.9,Faible,5,-37.5,Signal limité dans les indicateurs récents,Suivi standard
2401,Sierra Leone,Senegal,18.9,Faible,8,,Signal limité dans les indicateurs récents,Suivi standard
2402,Bhutan,France,18.8,Faible,21,250.0,Croissance récente ≥ 30 %,Suivi standard
2403,Tunisia,Czechia,18.8,Faible,20,11.1,Accélération du volume,Suivi standard
2404,Mauritius,Australia,18.8,Faible,54,,Signal limité dans les indicateurs récents,Suivi standard
2405,Cuba,Fiji,18.8,Faible,5,,Signal limité dans les indicateurs récents,Suivi standard
2406,Mali,Portugal,18.8,Faible,15,-42.3,Signal limité dans les indicateurs récents,Suivi standard
2407,Guinea,Malta,18.8,Faible,5,-16.7,Accélération du volume,Suivi standard
2408,Rep. of Moldova,Norway,18.7,Faible,12,,Signal limité dans les indicateurs récents,Suivi standard
2409,Central African Rep.,Egypt,18.7,Faible,23,15.0,Accélération du volume,Suivi standard
2410,Malaysia,Germany,18.7,Faible,31,40.9,Accélération + deux hausses consécutives,Suivi standard
2411,Ghana,Finland,18.7,Faible,35,105.9,Accélération du volume,Suivi standard
2412,State of Palestine,Malaysia,18.7,Faible,5,-76.2,Signal limité dans les indicateurs récents,Suivi standard
2413,Afghanistan,Djibouti,18.7,Faible,5,,Signal limité dans les indicateurs récents,Suivi standard
2414,Central African Rep.,Belgium,18.7,Faible,21,31.2,Deux hausses annuelles consécutives,Suivi standard
2415,Burundi,Vanuatu,18.7,Faible,7,,Signal limité dans les indicateurs récents,Suivi standard
2416,Colombia,Greece,18.7,Faible,9,-10.0,Signal limité dans les indicateurs récents,Suivi standard
2417,Haiti,Switzerland,18.7,Faible,19,58.3,Accélération du volume,Suivi standard
2418,Ecuador,Dominican Rep.,18.7,Faible,6,,Signal limité dans les indicateurs récents,Suivi standard
2419,Iraq,Bosnia and Herzegovina,18.7,Faible,5,0.0,Signal limité dans les indicateurs récents,Suivi standard
2420,Russian Federation,Lithuania,18.7,Faible,24,-38.5,Signal limité dans les indicateurs récents,Suivi standard
2421,China,Argentina,18.7,Faible,17,-26.1,Signal limité dans les indicateurs récents,Suivi standard
2422,Israel,France,18.6,Faible,5,-84.4,Signal limité dans les indicateurs récents,Suivi standard
2423,Dominican Rep.,Costa Rica,18.6,Faible,25,-10.7,Signal limité dans les indicateurs récents,Suivi standard
2424,United States of America,Switzerland,18.6,Faible,29,38.1,Accélération + deux hausses consécutives,Suivi standard
2425,Burkina Faso,Liberia,18.6,Faible,5,,Signal limité dans les indicateurs récents,Suivi standard
2426,Nepal,Georgia,18.6,Faible,7,16.7,Deux hausses annuelles consécutives,Suivi standard
2427,Equatorial Guinea,France,18.6,Faible,39,25.8,Accélération + deux hausses consécutives,Suivi standard
2428,Bolivia (Plurinational State of),Costa Rica,18.5,Faible,15,114.3,Croissance récente ≥ 30 %,Suivi standard
2429,Mauritania,Italy,18.5,Faible,15,-34.8,Signal limité dans les indicateurs récents,Suivi standard
2430,Indonesia,New Zealand,18.5,Faible,22,46.7,Deux hausses annuelles consécutives,Suivi standard
2431,Ukraine,Bosnia and Herzegovina,18.5,Faible,5,0.0,Accélération du volume,Suivi standard
2432,Myanmar,New Zealand,18.5,Faible,29,-14.7,Signal limité dans les indicateurs récents,Suivi standard
2433,Eritrea,Philippines,18.5,Faible,7,-12.5,Signal limité dans les indicateurs récents,Suivi standard
2434,Iran (Islamic Rep. of),Lithuania,18.5,Faible,11,,Signal limité dans les indicateurs récents,Suivi standard
2435,Algeria,Brazil,18.5,Faible,30,87.5,Accélération du volume,Suivi standard
2436,France,Brazil,18.5,Faible,31,-39.2,Signal limité dans les indicateurs récents,Suivi standard
2437,United Arab Emirates,Canada,18.5,Faible,8,-86.9,Signal limité dans les indicateurs récents,Suivi standard
2438,Liberia,Philippines,18.5,Faible,15,7.1,Accélération du volume,Suivi standard
2439,Sudan,Bulgaria,18.5,Faible,5,-16.7,Accélération du volume,Suivi standard
2440,Dem. Rep. of the Congo,Botswana,18.4,Faible,8,,Signal limité dans les indicateurs récents,Suivi standard
2441,Sudan,New Zealand,18.4,Faible,8,-33.3,Signal limité dans les indicateurs récents,Suivi standard
2442,United States of America,Belgium,18.4,Faible,22,175.0,Accélération du volume,Suivi standard
2443,Portugal,Australia,18.4,Faible,23,283.3,Accélération + deux hausses consécutives,Suivi standard
2444,Uruguay,Italy,18.4,Faible,19,5.6,Deux hausses annuelles consécutives,Suivi standard
2445,Nigeria,Panama,18.4,Faible,10,,Signal limité dans les indicateurs récents,Suivi standard
2446,Liberia,Ireland,18.4,Faible,27,,Signal limité dans les indicateurs récents,Suivi standard
2447,Angola,Italy,18.4,Faible,17,21.4,Deux hausses annuelles consécutives,Suivi standard
2448,Yemen,Georgia,18.4,Faible,8,-33.3,Signal limité dans les indicateurs récents,Suivi standard
2449,Egypt,Malta,18.4,Faible,11,-31.2,Signal limité dans les indicateurs récents,Suivi standard
2450,Morocco,Slovakia,18.4,Faible,5,,Signal limité dans les indicateurs récents,Suivi standard
2451,Colombia,Romania,18.4,Faible,5,0.0,Accélération du volume,Suivi standard
2452,Serbia and Kosovo: S/RES/1244 (1999),Croatia,18.4,Faible,9,80.0,Accélération du volume,Suivi standard
2453,Yemen,Pakistan,18.4,Faible,5,-37.5,Signal limité dans les indicateurs récents,Suivi standard
2454,Nigeria,Georgia,18.4,Faible,5,-76.2,Signal limité dans les indicateurs récents,Suivi standard
2455,Mexico,Belgium,18.4,Faible,23,9.5,Deux hausses annuelles consécutives,Suivi standard
2456,Algeria,Czechia,18.4,Faible,24,0.0,Accélération du volume,Suivi standard
2457,Ecuador,Guatemala,18.3,Faible,16,-38.5,Signal limité dans les indicateurs récents,Suivi standard
2458,Cameroon,Indonesia,18.3,Faible,5,,Signal limité dans les indicateurs récents,Suivi standard
2459,Bangladesh,Belgium,18.3,Faible,25,-3.8,Signal limité dans les indicateurs récents,Suivi standard
2460,Iran (Islamic Rep. of),Pakistan,18.3,Faible,9,-35.7,Signal limité dans les indicateurs récents,Suivi standard
2461,Uruguay,Brazil,18.3,Faible,33,65.0,Accélération + deux hausses consécutives,Suivi standard
2462,Afghanistan,Lebanon,18.3,Faible,5,-61.5,Signal limité dans les indicateurs récents,Suivi standard
2463,Belarus,Switzerland,18.3,Faible,28,-48.1,Signal limité dans les indicateurs récents,Suivi standard
2464,Guinea,Senegal,18.3,Faible,17,-43.3,Signal limité dans les indicateurs récents,Suivi standard
2465,Malaysia,Sweden,18.3,Faible,15,200.0,Croissance récente ≥ 30 %,Suivi standard
2466,Honduras,Belgium,18.3,Faible,28,-24.3,Signal limité dans les indicateurs récents,Suivi standard
2467,Cameroon,Gambia,18.3,Faible,6,,Signal limité dans les indicateurs récents,Suivi standard
2468,Iran (Islamic Rep. of),Syrian Arab Rep.,18.3,Faible,12,,Signal limité dans les indicateurs récents,Suivi standard
2469,Serbia and Kosovo: S/RES/1244 (1999),North Macedonia,18.2,Faible,5,,Signal limité dans les indicateurs récents,Suivi standard
2470,Togo,Greece,18.2,Faible,25,-34.2,Signal limité dans les indicateurs récents,Suivi standard
2471,Algeria,Iraq,18.2,Faible,6,,Signal limité dans les indicateurs récents,Suivi standard
2472,Argentina,Uruguay,18.2,Faible,19,111.1,Accélération du volume,Suivi standard
2473,Pakistan,Syrian Arab Rep.,18.2,Faible,5,-50.0,Signal limité dans les indicateurs récents,Suivi standard
2474,Cuba,Portugal,18.2,Faible,5,-73.7,Signal limité dans les indicateurs récents,Suivi standard
2475,Cameroon,Zambia,18.2,Faible,11,57.1,Accélération du volume,Suivi standard
2476,Grenada,Slovakia,18.2,Faible,5,,Signal limité dans les indicateurs récents,Suivi standard
2477,Mexico,Costa Rica,18.2,Faible,16,166.7,Accélération du volume,Suivi standard
2478,Haiti,Argentina,18.2,Faible,5,-75.0,Signal limité dans les indicateurs récents,Suivi standard
2479,Dem. Rep. of the Congo,Gambia,18.2,Faible,6,,Signal limité dans les indicateurs récents,Suivi standard
2480,South Sudan,Canada,18.2,Faible,22,22.2,Accélération du volume,Suivi standard
2481,Rwanda,Dem. Rep. of the Congo,18.1,Faible,8,-76.5,Signal limité dans les indicateurs récents,Suivi standard
2482,United States of America,Iceland,18.1,Faible,17,112.5,Accélération + deux hausses consécutives,Suivi standard
2483,Uganda,Norway,18.1,Faible,22,22.2,Deux hausses annuelles consécutives,Suivi standard
2484,Nigeria,Romania,18.1,Faible,8,-75.8,Signal limité dans les indicateurs récents,Suivi standard
2485,Romania,Norway,18.1,Faible,16,220.0,Croissance récente ≥ 30 %,Suivi standard
2486,Dem. Rep. of the Congo,Latvia,18.1,Faible,5,-72.2,Signal limité dans les indicateurs récents,Suivi standard
2487,Togo,Mexico,18.1,Faible,24,26.3,Accélération + deux hausses consécutives,Suivi standard
2488,Niger,Morocco,18.1,Faible,16,45.5,Accélération du volume,Suivi standard
2489,Burundi,Cameroon,18.0,Faible,17,183.3,Croissance récente ≥ 30 %,Suivi standard
2490,Nigeria,Lithuania,18.0,Faible,5,,Signal limité dans les indicateurs récents,Suivi standard
2491,Türkiye,Kyrgyzstan,18.0,Faible,7,40.0,Accélération du volume,Suivi standard
2492,Bangladesh,Finland,18.0,Faible,25,38.9,Accélération du volume,Suivi standard
2493,Cameroon,Senegal,18.0,Faible,5,-16.7,Accélération du volume,Suivi standard
2494,Mexico,Norway,18.0,Faible,15,200.0,Accélération du volume,Suivi standard
2495,Dominican Rep.,Ecuador,18.0,Faible,15,,Signal limité dans les indicateurs récents,Suivi standard
2496,Lithuania,Russian Federation,18.0,Faible,31,-27.9,Signal limité dans les indicateurs récents,Suivi standard
2497,Ukraine,Cyprus,18.0,Faible,13,160.0,Accélération du volume,Suivi standard
2498,Azerbaijan,Israel,18.0,Faible,13,-38.1,Signal limité dans les indicateurs récents,Suivi standard
2499,Cuba,United Kingdom of Great Britain and Northern Ireland,18.0,Faible,23,76.9,Accélération du volume,Suivi standard
2500,Belarus,Russian Federation,17.9,Faible,26,85.7,Accélération du volume,Suivi standard
2501,Niger,Chad,17.9,Faible,5,,Signal limité dans les indicateurs récents,Suivi standard
2502,Bolivia (Plurinational State of),Paraguay,17.9,Faible,7,40.0,Accélération du volume,Suivi standard
2503,Azerbaijan,Slovenia,17.9,Faible,12,,Signal limité dans les indicateurs récents,Suivi standard
2504,Tajikistan,Lithuania,17.9,Faible,18,63.6,Accélération du volume,Suivi standard
2505,South Africa,New Zealand,17.9,Faible,16,45.5,Deux hausses annuelles consécutives,Suivi standard
2506,United Rep. of Tanzania,Luxembourg,17.9,Faible,16,,Signal limité dans les indicateurs récents,Suivi standard
2507,India,Belgium,17.9,Faible,29,0.0,Accélération du volume,Suivi standard
2508,Viet Nam,Cyprus,17.9,Faible,10,-23.1,Accélération du volume,Suivi standard
2509,Brazil,Uruguay,17.9,Faible,16,-40.7,Signal limité dans les indicateurs récents,Suivi standard
2510,Chad,Uganda,17.9,Faible,8,14.3,Accélération du volume,Suivi standard
2511,Bosnia and Herzegovina,Austria,17.9,Faible,19,18.8,Accélération + deux hausses consécutives,Suivi standard
2512,Pakistan,Nepal,17.9,Faible,5,,Signal limité dans les indicateurs récents,Suivi standard
2513,Burundi,Italy,17.9,Faible,7,40.0,Accélération du volume,Suivi standard
2514,Chad,Ghana,17.9,Faible,5,-28.6,Signal limité dans les indicateurs récents,Suivi standard
2515,Dem. Rep. of the Congo,Mauritania,17.8,Faible,11,83.3,Accélération du volume,Suivi standard
2516,Nigeria,Uruguay,17.8,Faible,11,120.0,Accélération du volume,Suivi standard
2517,Nepal,Sweden,17.8,Faible,22,46.7,Deux hausses annuelles consécutives,Suivi standard
2518,Serbia and Kosovo: S/RES/1244 (1999),Serbia and Kosovo: S/RES/1244 (1999),17.8,Faible,6,-25.0,Signal limité dans les indicateurs récents,Suivi standard
2519,Russian Federation,Japan,17.8,Faible,21,,Signal limité dans les indicateurs récents,Suivi standard
2520,Eritrea,Liechtenstein,17.8,Faible,6,,Signal limité dans les indicateurs récents,Suivi standard
2521,Congo,Spain,17.8,Faible,25,0.0,Accélération du volume,Suivi standard
2522,Chile,Ecuador,17.8,Faible,11,57.1,Accélération + deux hausses consécutives,Suivi standard
2523,Eritrea,China,17.8,Faible,7,,Signal limité dans les indicateurs récents,Suivi standard
2524,Brazil,Greece,17.7,Faible,13,-13.3,Signal limité dans les indicateurs récents,Suivi standard
2525,Lebanon,Romania,17.7,Faible,12,9.1,Accélération du volume,Suivi standard
2526,India,Slovakia,17.7,Faible,7,,Signal limité dans les indicateurs récents,Suivi standard
2527,United Rep. of Tanzania,Netherlands (Kingdom of the),17.7,Faible,32,14.3,Accélération + deux hausses consécutives,Suivi standard
2528,Kenya,Uganda,17.7,Faible,5,-85.3,Signal limité dans les indicateurs récents,Suivi standard
2529,Ghana,Croatia,17.7,Faible,14,,Signal limité dans les indicateurs récents,Suivi standard
2530,State of Palestine,Armenia,17.7,Faible,7,,Signal limité dans les indicateurs récents,Suivi standard
2531,Yemen,Madagascar,17.7,Faible,5,-44.4,Signal limité dans les indicateurs récents,Suivi standard
2532,Burkina Faso,Switzerland,17.7,Faible,17,-41.4,Signal limité dans les indicateurs récents,Suivi standard
2533,Belarus,Georgia,17.7,Faible,5,-87.5,Signal limité dans les indicateurs récents,Suivi standard
2534,Ethiopia,Ghana,17.7,Faible,5,,Signal limité dans les indicateurs récents,Suivi standard
2535,Uganda,Belgium,17.7,Faible,31,-11.4,Signal limité dans les indicateurs récents,Suivi standard
2536,Guatemala,Costa Rica,17.6,Faible,18,-18.2,Signal limité dans les indicateurs récents,Suivi standard
2537,Somalia,Zimbabwe,17.6,Faible,7,,Signal limité dans les indicateurs récents,Suivi standard
2538,Nepal,Mexico,17.6,Faible,19,,Signal limité dans les indicateurs récents,Suivi standard
2539,Türkiye,Armenia,17.6,Faible,12,-33.3,Signal limité dans les indicateurs récents,Suivi standard
2540,Dem. Rep. of the Congo,Madagascar,17.6,Faible,6,,Signal limité dans les indicateurs récents,Suivi standard
2541,Nigeria,Norway,17.6,Faible,27,-27.0,Signal limité dans les indicateurs récents,Suivi standard
2542,Somalia,Algeria,17.6,Faible,5,0.0,Signal limité dans les indicateurs récents,Suivi standard
2543,Togo,Algeria,17.6,Faible,13,85.7,Accélération du volume,Suivi standard
2544,Mali,United Kingdom of Great Britain and Northern Ireland,17.6,Faible,27,200.0,Accélération du volume,Suivi standard
2545,Uzbekistan,France,17.6,Faible,12,-66.7,Signal limité dans les indicateurs récents,Suivi standard
2546,Dem. Rep. of the Congo,Israel,17.6,Faible,5,0.0,Accélération du volume,Suivi standard
2547,Lebanon,Ghana,17.6,Faible,5,,Signal limité dans les indicateurs récents,Suivi standard
2548,Ukraine,Costa Rica,17.6,Faible,5,-66.7,Signal limité dans les indicateurs récents,Suivi standard
2549,Chad,Greece,17.6,Faible,26,,Signal limité dans les indicateurs récents,Suivi standard
2550,Iran (Islamic Rep. of),Hungary,17.6,Faible,11,,Signal limité dans les indicateurs récents,Suivi standard
2551,Rwanda,Lesotho,17.5,Faible,9,,Signal limité dans les indicateurs récents,Suivi standard
2552,Yemen,Chad,17.5,Faible,5,,Signal limité dans les indicateurs récents,Suivi standard
2553,Italy,Russian Federation,17.5,Faible,12,100.0,Accélération + deux hausses consécutives,Suivi standard
2554,Togo,Spain,17.5,Faible,19,-24.0,Signal limité dans les indicateurs récents,Suivi standard
2555,Egypt,Slovakia,17.5,Faible,5,,Signal limité dans les indicateurs récents,Suivi standard
2556,Senegal,Sweden,17.5,Faible,29,16.0,Accélération + deux hausses consécutives,Suivi standard
2557,Angola,Norway,17.5,Faible,16,,Signal limité dans les indicateurs récents,Suivi standard
2558,Bolivia (Plurinational State of),Uruguay,17.5,Faible,12,140.0,Accélération du volume,Suivi standard
2559,Guatemala,Sweden,17.5,Faible,18,38.5,Accélération + deux hausses consécutives,Suivi standard
2560,Benin,Israel,17.4,Faible,13,30.0,Accélération + deux hausses consécutives,Suivi standard
2561,Dem. Rep. of the Congo,Costa Rica,17.4,Faible,5,,Signal limité dans les indicateurs récents,Suivi standard
2562,Yemen,Romania,17.4,Faible,12,0.0,Accélération du volume,Suivi standard
2563,Colombia,Slovenia,17.4,Faible,5,0.0,Signal limité dans les indicateurs récents,Suivi standard
2564,Jordan,Denmark,17.4,Faible,21,16.7,Deux hausses annuelles consécutives,Suivi standard
2565,Dem. Rep. of the Congo,Djibouti,17.4,Faible,5,-66.7,Signal limité dans les indicateurs récents,Suivi standard
2566,Botswana,South Africa,17.4,Faible,5,,Signal limité dans les indicateurs récents,Suivi standard
2567,El Salvador,Finland,17.4,Faible,11,83.3,Accélération + deux hausses consécutives,Suivi standard
2568,Türkiye,Hungary,17.4,Faible,5,,Signal limité dans les indicateurs récents,Suivi standard
2569,Bangladesh,Mexico,17.4,Faible,6,-78.6,Signal limité dans les indicateurs récents,Suivi standard
2570,Bangladesh,Fiji,17.4,Faible,5,,Signal limité dans les indicateurs récents,Suivi standard
2571,Peru,Israel,17.4,Faible,16,-27.3,Signal limité dans les indicateurs récents,Suivi standard
2572,Belarus,Finland,17.4,Faible,19,58.3,Accélération + deux hausses consécutives,Suivi standard
2573,Pakistan,Philippines,17.4,Faible,11,-21.4,Signal limité dans les indicateurs récents,Suivi standard
2574,Congo,India,17.4,Faible,12,140.0,Accélération du volume,Suivi standard
2575,Somalia,Philippines,17.4,Faible,5,-44.4,Signal limité dans les indicateurs récents,Suivi standard
2576,State of Palestine,Hungary,17.4,Faible,5,,Signal limité dans les indicateurs récents,Suivi standard
2577,Ghana,Denmark,17.4,Faible,28,16.7,Deux hausses annuelles consécutives,Suivi standard
2578,Haiti,Belgium,17.3,Faible,12,-53.8,Signal limité dans les indicateurs récents,Suivi standard
2579,Myanmar,Belgium,17.3,Faible,10,25.0,Deux hausses annuelles consécutives,Suivi standard
2580,Zimbabwe,Lesotho,17.3,Faible,8,,Signal limité dans les indicateurs récents,Suivi standard
2581,Chile,Costa Rica,17.3,Faible,11,57.1,Accélération + deux hausses consécutives,Suivi standard
2582,Lebanon,Congo,17.3,Faible,5,,Signal limité dans les indicateurs récents,Suivi standard
2583,Algeria,North Macedonia,17.3,Faible,5,-61.5,Signal limité dans les indicateurs récents,Suivi standard
2584,Togo,Mali,17.3,Faible,5,,Signal limité dans les indicateurs récents,Suivi standard
2585,Cote d'Ivoire,Netherlands (Kingdom of the),17.3,Faible,22,-48.8,Signal limité dans les indicateurs récents,Suivi standard
2586,Yemen,Armenia,17.2,Faible,5,,Signal limité dans les indicateurs récents,Suivi standard
2587,Jordan,Bosnia and Herzegovina,17.2,Faible,5,,Signal limité dans les indicateurs récents,Suivi standard
2588,Ghana,Norway,17.2,Faible,17,240.0,Croissance récente ≥ 30 %,Suivi standard
2589,Kazakhstan,Japan,17.2,Faible,5,,Signal limité dans les indicateurs récents,Suivi standard
2590,Brazil,Netherlands (Kingdom of the),17.2,Faible,18,-10.0,Signal limité dans les indicateurs récents,Suivi standard
2591,Türkiye,Kenya,17.2,Faible,10,100.0,Accélération du volume,Suivi standard
2592,Sierra Leone,Syrian Arab Rep.,17.2,Faible,10,,Signal limité dans les indicateurs récents,Suivi standard
2593,South Sudan,Lebanon,17.2,Faible,7,40.0,Accélération du volume,Suivi standard
2594,Dem. Rep. of the Congo,Thailand,17.2,Faible,7,,Signal limité dans les indicateurs récents,Suivi standard
2595,Burkina Faso,Syrian Arab Rep.,17.1,Faible,5,,Signal limité dans les indicateurs récents,Suivi standard
2596,Comoros,Latvia,17.1,Faible,13,160.0,Accélération du volume,Suivi standard
2597,Nicaragua,Brazil,17.1,Faible,18,125.0,Accélération du volume,Suivi standard
2598,Kenya,Spain,17.1,Faible,30,0.0,Signal limité dans les indicateurs récents,Suivi standard
2599,Thailand,Brazil,17.1,Faible,18,12.5,Deux hausses annuelles consécutives,Suivi standard
2600,Jamaica,Serbia and Kosovo: S/RES/1244 (1999),17.1,Faible,5,,Signal limité dans les indicateurs récents,Suivi standard
2601,Congo,Algeria,17.1,Faible,11,10.0,Signal limité dans les indicateurs récents,Suivi standard
2602,Georgia,Norway,17.1,Faible,11,-47.6,Accélération du volume,Suivi standard
2603,Togo,Ireland,17.1,Faible,39,30.0,Deux hausses annuelles consécutives,Suivi standard
2604,Rwanda,Mauritius,17.1,Faible,7,,Signal limité dans les indicateurs récents,Suivi standard
2605,Iran (Islamic Rep. of),Liechtenstein,17.0,Faible,5,,Signal limité dans les indicateurs récents,Suivi standard
2606,Ethiopia,Niger,17.0,Faible,5,0.0,Accélération du volume,Suivi standard
2607,Cameroon,Slovenia,17.0,Faible,10,-28.6,Signal limité dans les indicateurs récents,Suivi standard
2608,Türkiye,Algeria,17.0,Faible,5,0.0,Signal limité dans les indicateurs récents,Suivi standard
2609,Namibia,United States of America,17.0,Faible,9,-72.7,Signal limité dans les indicateurs récents,Suivi standard
2610,Somalia,Belarus,17.0,Faible,5,-54.5,Signal limité dans les indicateurs récents,Suivi standard
2611,Russian Federation,Luxembourg,17.0,Faible,25,8.7,Deux hausses annuelles consécutives,Suivi standard
2612,Iraq,Philippines,17.0,Faible,5,,Signal limité dans les indicateurs récents,Suivi standard
2613,Morocco,Norway,17.0,Faible,31,40.9,Accélération du volume,Suivi standard
2614,Kazakhstan,Netherlands (Kingdom of the),17.0,Faible,28,-3.4,Accélération du volume,Suivi standard
2615,Myanmar,Denmark,16.9,Faible,16,33.3,Accélération du volume,Suivi standard
2616,Bhutan,Canada,16.9,Faible,21,320.0,Accélération du volume,Suivi standard
2617,Somalia,Slovenia,16.9,Faible,7,-36.4,Signal limité dans les indicateurs récents,Suivi standard
2618,Azerbaijan,Georgia,16.9,Faible,9,-40.0,Signal limité dans les indicateurs récents,Suivi standard
2619,Azerbaijan,Slovakia,16.9,Faible,6,20.0,Accélération du volume,Suivi standard
2620,Ethiopia,Peru,16.9,Faible,6,-60.0,Accélération du volume,Suivi standard
2621,Azerbaijan,Lithuania,16.9,Faible,10,0.0,Signal limité dans les indicateurs récents,Suivi standard
2622,Dem. Rep. of the Congo,Argentina,16.9,Faible,5,,Signal limité dans les indicateurs récents,Suivi standard
2623,Haiti,Sweden,16.9,Faible,10,,Signal limité dans les indicateurs récents,Suivi standard
2624,Lebanon,Togo,16.9,Faible,5,,Signal limité dans les indicateurs récents,Suivi standard
2625,Bosnia and Herzegovina,Sweden,16.9,Faible,16,-20.0,Accélération du volume,Suivi standard
2626,South Sudan,Israel,16.9,Faible,5,,Signal limité dans les indicateurs récents,Suivi standard
2627,Peru,Luxembourg,16.9,Faible,15,50.0,Accélération du volume,Suivi standard
2628,Burkina Faso,Netherlands (Kingdom of the),16.8,Faible,17,0.0,Signal limité dans les indicateurs récents,Suivi standard
2629,Myanmar,Sweden,16.8,Faible,15,114.3,Accélération du volume,Suivi standard
2630,Dominica,Norway,16.8,Faible,14,,Signal limité dans les indicateurs récents,Suivi standard
2631,South Africa,Finland,16.8,Faible,15,,Signal limité dans les indicateurs récents,Suivi standard
2632,Ukraine,Brazil,16.8,Faible,19,58.3,Accélération du volume,Suivi standard
2633,India,Lithuania,16.8,Faible,5,,Signal limité dans les indicateurs récents,Suivi standard
2634,Cote d'Ivoire,Philippines,16.8,Faible,5,-54.5,Signal limité dans les indicateurs récents,Suivi standard
2635,Fiji,New Zealand,16.8,Faible,21,10.5,Deux hausses annuelles consécutives,Suivi standard
2636,North Macedonia,Greece,16.8,Faible,5,,Signal limité dans les indicateurs récents,Suivi standard
2637,North Macedonia,Czechia,16.8,Faible,5,,Signal limité dans les indicateurs récents,Suivi standard
2638,Chad,Philippines,16.8,Faible,8,-33.3,Signal limité dans les indicateurs récents,Suivi standard
2639,Uganda,Finland,16.7,Faible,20,11.1,Deux hausses annuelles consécutives,Suivi standard
2640,Nigeria,Ukraine,16.7,Faible,5,-16.7,Signal limité dans les indicateurs récents,Suivi standard
2641,State of Palestine,India,16.7,Faible,10,-23.1,Signal limité dans les indicateurs récents,Suivi standard
2642,Russian Federation,Hungary,16.7,Faible,8,,Signal limité dans les indicateurs récents,Suivi standard
2643,Niger,Greece,16.7,Faible,15,-6.2,Signal limité dans les indicateurs récents,Suivi standard
2644,Belarus,Slovakia,16.7,Faible,14,-17.6,Signal limité dans les indicateurs récents,Suivi standard
2645,Congo,Switzerland,16.7,Faible,20,81.8,Accélération du volume,Suivi standard
2646,Ukraine,Philippines,16.7,Faible,11,-26.7,Accélération du volume,Suivi standard
2647,Serbia and Kosovo: S/RES/1244 (1999),Spain,16.7,Faible,10,-9.1,Accélération du volume,Suivi standard
2648,Equatorial Guinea,Spain,16.7,Faible,26,-21.2,Accélération du volume,Suivi standard
2649,Ecuador,Uruguay,16.7,Faible,13,-38.1,Signal limité dans les indicateurs récents,Suivi standard
2650,Togo,Israel,16.7,Faible,18,-25.0,Signal limité dans les indicateurs récents,Suivi standard
2651,Sierra Leone,Madagascar,16.7,Faible,6,,Signal limité dans les indicateurs récents,Suivi standard
2652,Türkiye,Portugal,16.6,Faible,10,-23.1,Signal limité dans les indicateurs récents,Suivi standard
2653,Egypt,Syrian Arab Rep.,16.6,Faible,10,66.7,Croissance récente ≥ 30 %,Suivi standard
2654,Uganda,Brazil,16.6,Faible,6,20.0,Signal limité dans les indicateurs récents,Suivi standard
2655,State of Palestine,Poland,16.6,Faible,20,5.3,Accélération du volume,Suivi standard
2656,Somalia,Cameroon,16.6,Faible,5,,Signal limité dans les indicateurs récents,Suivi standard
2657,Dem. Rep. of the Congo,Bulgaria,16.6,Faible,5,,Signal limité dans les indicateurs récents,Suivi standard
2658,Ghana,Austria,16.6,Faible,19,72.7,Accélération du volume,Suivi standard
2659,Brazil,Switzerland,16.6,Faible,15,66.7,Accélération + deux hausses consécutives,Suivi standard
2660,Brazil,Israel,16.5,Faible,12,-50.0,Signal limité dans les indicateurs récents,Suivi standard
2661,Nigeria,Ecuador,16.5,Faible,5,,Signal limité dans les indicateurs récents,Suivi standard
2662,United States of America,Finland,16.5,Faible,21,133.3,Accélération du volume,Suivi standard
2663,Bolivia (Plurinational State of),France,16.5,Faible,7,40.0,Accélération du volume,Suivi standard
2664,Chile,Sweden,16.5,Faible,27,17.4,Accélération du volume,Suivi standard
2665,Türkiye,Costa Rica,16.5,Faible,5,,Signal limité dans les indicateurs récents,Suivi standard
2666,Egypt,Bosnia and Herzegovina,16.5,Faible,5,0.0,Signal limité dans les indicateurs récents,Suivi standard
2667,Bangladesh,Switzerland,16.5,Faible,17,70.0,Accélération du volume,Suivi standard
2668,Belarus,Latvia,16.5,Faible,24,-17.2,Signal limité dans les indicateurs récents,Suivi standard
2669,Guinea,Romania,16.4,Faible,6,-72.7,Signal limité dans les indicateurs récents,Suivi standard
2670,Djibouti,India,16.4,Faible,11,,Signal limité dans les indicateurs récents,Suivi standard
2671,Dominican Rep.,Germany,16.4,Faible,6,-40.0,Signal limité dans les indicateurs récents,Suivi standard
2672,Jordan,Slovenia,16.4,Faible,11,,Signal limité dans les indicateurs récents,Suivi standard
2673,Guinea,Ireland,16.4,Faible,26,188.9,Accélération du volume,Suivi standard
2674,Cuba,Finland,16.4,Faible,12,140.0,Accélération du volume,Suivi standard
2675,Russian Federation,Bulgaria,16.4,Faible,16,-61.9,Signal limité dans les indicateurs récents,Suivi standard
2676,Cote d'Ivoire,Mexico,16.4,Faible,5,-16.7,Accélération du volume,Suivi standard
2677,Latvia,Fiji,16.4,Faible,10,100.0,Croissance récente ≥ 30 %,Suivi standard
2678,Viet Nam,Italy,16.4,Faible,19,46.2,Croissance récente ≥ 30 %,Suivi standard
2679,Serbia and Kosovo: S/RES/1244 (1999),Slovakia,16.4,Faible,5,,Signal limité dans les indicateurs récents,Suivi standard
2680,Japan,Australia,16.4,Faible,25,177.8,Accélération du volume,Suivi standard
2681,Tunisia,Liechtenstein,16.4,Faible,8,-20.0,Signal limité dans les indicateurs récents,Suivi standard
2682,Angola,Slovakia,16.4,Faible,5,,Signal limité dans les indicateurs récents,Suivi standard
2683,Kazakhstan,Italy,16.4,Faible,17,6.2,Deux hausses annuelles consécutives,Suivi standard
2684,Türkiye,Peru,16.4,Faible,5,,Signal limité dans les indicateurs récents,Suivi standard
2685,Spain,Switzerland,16.4,Faible,15,150.0,Accélération + deux hausses consécutives,Suivi standard
2686,Nigeria,Lebanon,16.4,Faible,7,-50.0,Accélération du volume,Suivi standard
2687,Philippines,Sweden,16.4,Faible,20,-60.0,Signal limité dans les indicateurs récents,Suivi standard
2688,Ukraine,Lebanon,16.4,Faible,5,,Signal limité dans les indicateurs récents,Suivi standard
2689,Stateless,Luxembourg,16.3,Faible,15,,Signal limité dans les indicateurs récents,Suivi standard
2690,Honduras,Panama,16.3,Faible,5,,Signal limité dans les indicateurs récents,Suivi standard
2691,Mexico,El Salvador,16.3,Faible,6,,Signal limité dans les indicateurs récents,Suivi standard
2692,Fiji,Canada,16.3,Faible,29,-31.0,Signal limité dans les indicateurs récents,Suivi standard
2693,"China, Hong Kong SAR",Canada,16.3,Faible,28,-34.9,Signal limité dans les indicateurs récents,Suivi standard
2694,Iran (Islamic Rep. of),Czechia,16.3,Faible,13,-18.8,Accélération du volume,Suivi standard
2695,Peru,Guatemala,16.3,Faible,15,-51.6,Signal limité dans les indicateurs récents,Suivi standard
2696,Eritrea,Lithuania,16.3,Faible,7,,Signal limité dans les indicateurs récents,Suivi standard
2697,Mozambique,Malawi,16.3,Faible,5,,Signal limité dans les indicateurs récents,Suivi standard
2698,Morocco,Argentina,16.3,Faible,12,-53.8,Signal limité dans les indicateurs récents,Suivi standard
2699,Kuwait,Slovenia,16.3,Faible,8,,Signal limité dans les indicateurs récents,Suivi standard
2700,Ukraine,Ecuador,16.3,Faible,18,-10.0,Accélération du volume,Suivi standard
2701,Georgia,Malta,16.2,Faible,5,-54.5,Signal limité dans les indicateurs récents,Suivi standard
2702,Mexico,Malta,16.2,Faible,5,,Signal limité dans les indicateurs récents,Suivi standard
2703,Hungary,Finland,16.2,Faible,13,,Signal limité dans les indicateurs récents,Suivi standard
2704,Tajikistan,Netherlands (Kingdom of the),16.2,Faible,30,-30.2,Signal limité dans les indicateurs récents,Suivi standard
2705,Belarus,Montenegro,16.2,Faible,7,0.0,Signal limité dans les indicateurs récents,Suivi standard
2706,Afghanistan,Eswatini,16.2,Faible,5,0.0,Signal limité dans les indicateurs récents,Suivi standard
2707,Western Sahara,Spain,16.2,Faible,13,-18.8,Signal limité dans les indicateurs récents,Suivi standard
2708,Haiti,Costa Rica,16.2,Faible,7,40.0,Accélération du volume,Suivi standard
2709,Jordan,Croatia,16.2,Faible,7,40.0,Accélération du volume,Suivi standard
2710,Togo,Ghana,16.2,Faible,7,,Signal limité dans les indicateurs récents,Suivi standard
2711,Serbia and Kosovo: S/RES/1244 (1999),Ireland,16.2,Faible,12,-68.4,Signal limité dans les indicateurs récents,Suivi standard
2712,Cuba,Czechia,16.2,Faible,8,-27.3,Accélération du volume,Suivi standard
2713,Morocco,Malta,16.2,Faible,6,,Signal limité dans les indicateurs récents,Suivi standard
2714,Nigeria,Hungary,16.1,Faible,5,0.0,Signal limité dans les indicateurs récents,Suivi standard
2715,Jamaica,Cayman Islands,16.1,Faible,5,,Signal limité dans les indicateurs récents,Suivi standard
2716,Comoros,Poland,16.1,Faible,15,87.5,Croissance récente ≥ 30 %,Suivi standard
2717,Kazakhstan,Serbia and Kosovo: S/RES/1244 (1999),16.1,Faible,5,0.0,Signal limité dans les indicateurs récents,Suivi standard
2718,North Macedonia,Netherlands (Kingdom of the),16.1,Faible,24,-17.2,Signal limité dans les indicateurs récents,Suivi standard
2719,Liberia,Gambia,16.1,Faible,5,,Signal limité dans les indicateurs récents,Suivi standard
2720,Nigeria,Argentina,16.1,Faible,5,-72.2,Signal limité dans les indicateurs récents,Suivi standard
2721,Belarus,Canada,16.1,Faible,29,-17.1,Signal limité dans les indicateurs récents,Suivi standard
2722,Libya,Ireland,16.0,Faible,19,18.8,Accélération du volume,Suivi standard
2723,Mozambique,Ireland,16.0,Faible,14,133.3,Accélération + deux hausses consécutives,Suivi standard
2724,Cuba,Netherlands (Kingdom of the),16.0,Faible,19,-13.6,Signal limité dans les indicateurs récents,Suivi standard
2725,Egypt,Madagascar,16.0,Faible,5,,Signal limité dans les indicateurs récents,Suivi standard
2726,Brazil,Peru,16.0,Faible,7,-41.7,Signal limité dans les indicateurs récents,Suivi standard
2727,Jamaica,Panama,16.0,Faible,13,-18.8,Signal limité dans les indicateurs récents,Suivi standard
2728,Nicaragua,Belgium,16.0,Faible,17,-39.3,Signal limité dans les indicateurs récents,Suivi standard
2729,Guatemala,Brazil,16.0,Faible,5,-16.7,Signal limité dans les indicateurs récents,Suivi standard
2730,Guyana,Mexico,16.0,Faible,5,-58.3,Accélération du volume,Suivi standard
2731,Kazakhstan,Norway,16.0,Faible,20,185.7,Accélération du volume,Suivi standard
2732,Lebanon,Morocco,16.0,Faible,7,40.0,Accélération du volume,Suivi standard
2733,Kuwait,Ireland,16.0,Faible,34,88.9,Accélération du volume,Suivi standard
2734,Guinea,Sweden,16.0,Faible,30,15.4,Accélération du volume,Suivi standard
2735,Sierra Leone,Malaysia,16.0,Faible,11,-42.1,Signal limité dans les indicateurs récents,Suivi standard
2736,State of Palestine,Argentina,16.0,Faible,5,-61.5,Signal limité dans les indicateurs récents,Suivi standard
2737,China,Philippines,16.0,Faible,14,-6.7,Signal limité dans les indicateurs récents,Suivi standard
2738,Honduras,Switzerland,15.9,Faible,16,220.0,Accélération du volume,Suivi standard
2739,Rwanda,Denmark,15.9,Faible,16,,Signal limité dans les indicateurs récents,Suivi standard
2740,Cote d'Ivoire,Brazil,15.9,Faible,7,-70.8,Signal limité dans les indicateurs récents,Suivi standard
2741,Morocco,Hungary,15.9,Faible,5,,Signal limité dans les indicateurs récents,Suivi standard
2742,China,Bosnia and Herzegovina,15.9,Faible,5,0.0,Signal limité dans les indicateurs récents,Suivi standard
2743,Israel,Belgium,15.9,Faible,26,23.8,Deux hausses annuelles consécutives,Suivi standard
2744,Yemen,Thailand,15.9,Faible,5,-16.7,Signal limité dans les indicateurs récents,Suivi standard
2745,Peru,Paraguay,15.9,Faible,8,,Signal limité dans les indicateurs récents,Suivi standard
2746,Bolivia (Plurinational State of),Germany,15.9,Faible,5,-50.0,Signal limité dans les indicateurs récents,Suivi standard
2747,Sri Lanka,Nepal,15.9,Faible,5,-37.5,Signal limité dans les indicateurs récents,Suivi standard
2748,Uganda,Poland,15.8,Faible,15,7.1,Deux hausses annuelles consécutives,Suivi standard
2749,South Sudan,Australia,15.8,Faible,19,,Signal limité dans les indicateurs récents,Suivi standard
2750,Dem. Rep. of the Congo,Chad,15.8,Faible,5,-58.3,Signal limité dans les indicateurs récents,Suivi standard
2751,Syrian Arab Rep.,New Zealand,15.8,Faible,5,-16.7,Accélération du volume,Suivi standard
2752,Tunisia,Romania,15.8,Faible,7,40.0,Accélération du volume,Suivi standard
2753,Cuba,Eswatini,15.8,Faible,6,,Signal limité dans les indicateurs récents,Suivi standard
2754,Cameroon,Lithuania,15.8,Faible,5,0.0,Signal limité dans les indicateurs récents,Suivi standard
2755,Lebanon,Colombia,15.8,Faible,13,,Signal limité dans les indicateurs récents,Suivi standard
2756,Cote d'Ivoire,Croatia,15.8,Faible,5,-37.5,Accélération du volume,Suivi standard
2757,Niger,Central African Rep.,15.8,Faible,5,,Signal limité dans les indicateurs récents,Suivi standard
2758,Costa Rica,Italy,15.8,Faible,14,-26.3,Signal limité dans les indicateurs récents,Suivi standard
2759,Bangladesh,Bulgaria,15.8,Faible,5,-81.5,Signal limité dans les indicateurs récents,Suivi standard
2760,Viet Nam,New Zealand,15.8,Faible,16,60.0,Deux hausses annuelles consécutives,Suivi standard
2761,Türkiye,Liechtenstein,15.8,Faible,5,0.0,Signal limité dans les indicateurs récents,Suivi standard
2762,Cote d'Ivoire,Senegal,15.7,Faible,5,0.0,Accélération du volume,Suivi standard
2763,Ecuador,Paraguay,15.7,Faible,5,,Signal limité dans les indicateurs récents,Suivi standard
2764,Kazakhstan,Poland,15.7,Faible,20,-48.7,Signal limité dans les indicateurs récents,Suivi standard
2765,South Africa,Italy,15.7,Faible,9,-25.0,Signal limité dans les indicateurs récents,Suivi standard
2766,Haiti,Netherlands (Kingdom of the),15.7,Faible,11,57.1,Accélération du volume,Suivi standard
2767,El Salvador,Panama,15.7,Faible,7,-56.2,Signal limité dans les indicateurs récents,Suivi standard
2768,Spain,Brazil,15.7,Faible,41,0.0,Signal limité dans les indicateurs récents,Suivi standard
2769,El Salvador,Netherlands (Kingdom of the),15.7,Faible,20,25.0,Accélération du volume,Suivi standard
2770,Iran (Islamic Rep. of),Thailand,15.7,Faible,5,-54.5,Signal limité dans les indicateurs récents,Suivi standard
2771,Sierra Leone,Hungary,15.6,Faible,5,,Signal limité dans les indicateurs récents,Suivi standard
2772,Haiti,Ecuador,15.6,Faible,11,37.5,Croissance récente ≥ 30 %,Suivi standard
2773,Zimbabwe,Italy,15.6,Faible,7,40.0,Accélération du volume,Suivi standard
2774,Dominican Rep.,Panama,15.6,Faible,6,20.0,Signal limité dans les indicateurs récents,Suivi standard
2775,Cote d'Ivoire,India,15.6,Faible,10,-47.4,Signal limité dans les indicateurs récents,Suivi standard
2776,Zambia,Canada,15.5,Faible,26,8.3,Accélération du volume,Suivi standard
2777,Bangladesh,Hungary,15.5,Faible,5,,Signal limité dans les indicateurs récents,Suivi standard
2778,United Rep. of Tanzania,Indonesia,15.5,Faible,5,,Signal limité dans les indicateurs récents,Suivi standard
2779,Albania,Norway,15.5,Faible,23,-39.5,Signal limité dans les indicateurs récents,Suivi standard
2780,Guyana,United Kingdom of Great Britain and Northern Ireland,15.5,Faible,46,70.4,Accélération + deux hausses consécutives,Suivi standard
2781,Hungary,United Kingdom of Great Britain and Northern Ireland,15.5,Faible,41,10.8,Accélération du volume,Suivi standard
2782,Malaysia,Canada,15.5,Faible,31,6.9,Accélération du volume,Suivi standard
2783,Mongolia,Belgium,15.5,Faible,24,,Signal limité dans les indicateurs récents,Suivi standard
2784,Bhutan,United States of America,15.5,Faible,5,-85.3,Signal limité dans les indicateurs récents,Suivi standard
2785,State of Palestine,Czechia,15.5,Faible,5,,Signal limité dans les indicateurs récents,Suivi standard
2786,Ghana,Mauritania,15.5,Faible,13,-27.8,Signal limité dans les indicateurs récents,Suivi standard
2787,Uzbekistan,Kazakhstan,15.5,Faible,5,-50.0,Signal limité dans les indicateurs récents,Suivi standard
2788,State of Palestine,Luxembourg,15.5,Faible,8,,Signal limité dans les indicateurs récents,Suivi standard
2789,Kenya,Mauritius,15.5,Faible,6,,Signal limité dans les indicateurs récents,Suivi standard
2790,Panama,Italy,15.5,Faible,14,-26.3,Signal limité dans les indicateurs récents,Suivi standard
2791,Kazakhstan,Finland,15.5,Faible,13,,Signal limité dans les indicateurs récents,Suivi standard
2792,Togo,Senegal,15.4,Faible,6,,Signal limité dans les indicateurs récents,Suivi standard
2793,Dem. Rep. of the Congo,Romania,15.4,Faible,5,-58.3,Accélération du volume,Suivi standard
2794,Bangladesh,Poland,15.4,Faible,9,-76.3,Signal limité dans les indicateurs récents,Suivi standard
2795,Namibia,Brazil,15.4,Faible,19,111.1,Accélération du volume,Suivi standard
2796,Cuba,Poland,15.4,Faible,10,100.0,Accélération du volume,Suivi standard
2797,Bangladesh,Uruguay,15.4,Faible,14,16.7,Accélération du volume,Suivi standard
2798,Russian Federation,Malta,15.4,Faible,5,0.0,Accélération du volume,Suivi standard
2799,Viet Nam,Norway,15.4,Faible,12,,Signal limité dans les indicateurs récents,Suivi standard
2800,Türkiye,Chile,15.4,Faible,5,,Signal limité dans les indicateurs récents,Suivi standard
2801,Viet Nam,Poland,15.3,Faible,14,55.6,Accélération + deux hausses consécutives,Suivi standard
2802,Peru,Rep. of Korea,15.3,Faible,16,6.7,Signal limité dans les indicateurs récents,Suivi standard
2803,Viet Nam,Morocco,15.3,Faible,5,,Signal limité dans les indicateurs récents,Suivi standard
2804,Chad,Togo,15.3,Faible,5,0.0,Accélération du volume,Suivi standard
2805,Kuwait,Greece,15.3,Faible,13,0.0,Accélération du volume,Suivi standard
2806,Senegal,Uruguay,15.3,Faible,11,83.3,Accélération du volume,Suivi standard
2807,Montenegro,Italy,15.3,Faible,18,-40.0,Signal limité dans les indicateurs récents,Suivi standard
2808,Kiribati,Australia,15.3,Faible,36,50.0,Deux hausses annuelles consécutives,Suivi standard
2809,Lao People's Dem. Rep.,Canada,15.3,Faible,31,72.2,Deux hausses annuelles consécutives,Suivi standard
2810,Russian Federation,Paraguay,15.3,Faible,13,,Signal limité dans les indicateurs récents,Suivi standard
2811,Russian Federation,Kazakhstan,15.3,Faible,11,-63.3,Signal limité dans les indicateurs récents,Suivi standard
2812,North Macedonia,Sweden,15.3,Faible,24,-4.0,Accélération du volume,Suivi standard
2813,Lebanon,Belarus,15.3,Faible,11,,Signal limité dans les indicateurs récents,Suivi standard
2814,Cameroon,Egypt,15.3,Faible,5,-54.5,Signal limité dans les indicateurs récents,Suivi standard
2815,Niger,Netherlands (Kingdom of the),15.3,Faible,17,-10.5,Accélération du volume,Suivi standard
2816,Serbia and Kosovo: S/RES/1244 (1999),Greece,15.3,Faible,5,-16.7,Accélération du volume,Suivi standard
2817,Bosnia and Herzegovina,Croatia,15.3,Faible,5,,Signal limité dans les indicateurs récents,Suivi standard
2818,Panama,El Salvador,15.3,Faible,5,,Signal limité dans les indicateurs récents,Suivi standard
2819,North Macedonia,United States of America,15.2,Faible,16,45.5,Accélération du volume,Suivi standard
2820,Bangladesh,Portugal,15.2,Faible,5,-68.8,Signal limité dans les indicateurs récents,Suivi standard
2821,Saudi Arabia,Syrian Arab Rep.,15.2,Faible,5,,Signal limité dans les indicateurs récents,Suivi standard
2822,Guatemala,Argentina,15.2,Faible,9,,Signal limité dans les indicateurs récents,Suivi standard
2823,South Sudan,Sweden,15.2,Faible,15,114.3,Accélération du volume,Suivi standard
2824,India,Estonia,15.2,Faible,5,,Signal limité dans les indicateurs récents,Suivi standard
2825,United Rep. of Tanzania,Finland,15.2,Faible,13,,Signal limité dans les indicateurs récents,Suivi standard
2826,State of Palestine,Ecuador,15.2,Faible,12,,Signal limité dans les indicateurs récents,Suivi standard
2827,Georgia,Iceland,15.2,Faible,15,0.0,Accélération du volume,Suivi standard
2828,Ethiopia,Malta,15.2,Faible,5,-16.7,Signal limité dans les indicateurs récents,Suivi standard
2829,Algeria,Morocco,15.2,Faible,11,-54.2,Signal limité dans les indicateurs récents,Suivi standard
2830,Pakistan,Hungary,15.2,Faible,5,,Signal limité dans les indicateurs récents,Suivi standard
2831,Cambodia,United States of America,15.2,Faible,17,-54.1,Signal limité dans les indicateurs récents,Suivi standard
2832,Dominican Rep.,Belgium,15.1,Faible,12,50.0,Deux hausses annuelles consécutives,Suivi standard
2833,Eritrea,Cameroon,15.1,Faible,5,,Signal limité dans les indicateurs récents,Suivi standard
2834,Malawi,Netherlands (Kingdom of the),15.1,Faible,12,100.0,Accélération + deux hausses consécutives,Suivi standard
2835,Congo,Dem. Rep. of the Congo,15.1,Faible,13,160.0,Accélération du volume,Suivi standard
2836,Türkiye,Argentina,15.1,Faible,11,0.0,Signal limité dans les indicateurs récents,Suivi standard
2837,Georgia,Armenia,15.1,Faible,8,-42.9,Signal limité dans les indicateurs récents,Suivi standard
2838,Nigeria,Bulgaria,15.1,Faible,7,,Signal limité dans les indicateurs récents,Suivi standard
2839,Israel,Brazil,15.1,Faible,20,-25.9,Signal limité dans les indicateurs récents,Suivi standard
2840,Egypt,Philippines,15.1,Faible,5,0.0,Signal limité dans les indicateurs récents,Suivi standard
2841,Ghana,Hungary,15.1,Faible,5,,Signal limité dans les indicateurs récents,Suivi standard
2842,Portugal,Brazil,15.1,Faible,13,-38.1,Accélération du volume,Suivi standard
2843,Mozambique,Italy,15.1,Faible,8,60.0,Croissance récente ≥ 30 %,Suivi standard
2844,Latvia,Belarus,15.0,Faible,9,-57.1,Signal limité dans les indicateurs récents,Suivi standard
2845,Uzbekistan,Croatia,15.0,Faible,9,0.0,Signal limité dans les indicateurs récents,Suivi standard
2846,Dem. Rep. of the Congo,Russian Federation,15.0,Faible,11,57.1,Accélération du volume,Suivi standard
2847,Somalia,Benin,15.0,Faible,5,0.0,Accélération du volume,Suivi standard
2848,Malawi,Canada,15.0,Faible,28,16.7,Accélération du volume,Suivi standard
2849,Israel,Sweden,15.0,Faible,26,-21.2,Signal limité dans les indicateurs récents,Suivi standard
2850,Iran (Islamic Rep. of),Kazakhstan,15.0,Faible,6,20.0,Signal limité dans les indicateurs récents,Suivi standard
2851,Nepal,Costa Rica,15.0,Faible,7,-22.2,Accélération du volume,Suivi standard
2852,Ghana,Senegal,15.0,Faible,5,,Signal limité dans les indicateurs récents,Suivi standard
2853,Egypt,Lithuania,15.0,Faible,5,,Signal limité dans les indicateurs récents,Suivi standard
2854,Nicaragua,Chile,15.0,Faible,5,,Signal limité dans les indicateurs récents,Suivi standard
2855,Algeria,Malta,15.0,Faible,5,-16.7,Signal limité dans les indicateurs récents,Suivi standard
2856,Bosnia and Herzegovina,United States of America,14.9,Faible,10,-54.5,Accélération du volume,Suivi standard
2857,India,Argentina,14.9,Faible,6,-53.8,Accélération du volume,Suivi standard
2858,Guatemala,France,14.9,Faible,5,,Signal limité dans les indicateurs récents,Suivi standard
2859,Ethiopia,Mexico,14.9,Faible,16,100.0,Croissance récente ≥ 30 %,Suivi standard
2860,Ethiopia,Philippines,14.9,Faible,5,-44.4,Signal limité dans les indicateurs récents,Suivi standard
2861,Thailand,Malaysia,14.9,Faible,11,-15.4,Signal limité dans les indicateurs récents,Suivi standard
2862,Rwanda,Senegal,14.9,Faible,5,,Signal limité dans les indicateurs récents,Suivi standard
2863,Afghanistan,Ecuador,14.9,Faible,8,14.3,Signal limité dans les indicateurs récents,Suivi standard
2864,Argentina,Germany,14.9,Faible,17,-10.5,Accélération du volume,Suivi standard
2865,Peru,Denmark,14.9,Faible,5,,Signal limité dans les indicateurs récents,Suivi standard
2866,Viet Nam,Denmark,14.9,Faible,14,180.0,Accélération du volume,Suivi standard
2867,Lebanon,Croatia,14.9,Faible,5,0.0,Signal limité dans les indicateurs récents,Suivi standard
2868,Yemen,South Sudan,14.9,Faible,5,,Signal limité dans les indicateurs récents,Suivi standard
2869,Gambia,Malta,14.9,Faible,5,,Signal limité dans les indicateurs récents,Suivi standard
2870,Central African Rep.,Togo,14.9,Faible,5,-37.5,Signal limité dans les indicateurs récents,Suivi standard
2871,Mali,Chad,14.9,Faible,5,-66.7,Signal limité dans les indicateurs récents,Suivi standard
2872,Stateless,Malta,14.9,Faible,6,,Signal limité dans les indicateurs récents,Suivi standard
2873,Azerbaijan,Romania,14.8,Faible,7,,Signal limité dans les indicateurs récents,Suivi standard
2874,United States of America,Russian Federation,14.8,Faible,21,-34.4,Signal limité dans les indicateurs récents,Suivi standard
2875,China,Malta,14.8,Faible,6,20.0,Signal limité dans les indicateurs récents,Suivi standard
2876,Ecuador,Argentina,14.8,Faible,7,-46.2,Signal limité dans les indicateurs récents,Suivi standard
2877,United States of America,Costa Rica,14.8,Faible,11,10.0,Deux hausses annuelles consécutives,Suivi standard
2878,Armenia,Argentina,14.8,Faible,9,-65.4,Signal limité dans les indicateurs récents,Suivi standard
2879,Mongolia,Hungary,14.8,Faible,5,,Signal limité dans les indicateurs récents,Suivi standard
2880,Ghana,Malta,14.8,Faible,5,,Signal limité dans les indicateurs récents,Suivi standard
2881,Burkina Faso,Mexico,14.8,Faible,5,-58.3,Accélération du volume,Suivi standard
2882,Sri Lanka,Portugal,14.8,Faible,5,0.0,Accélération du volume,Suivi standard
2883,China,Romania,14.8,Faible,5,,Signal limité dans les indicateurs récents,Suivi standard
2884,Rep. of Moldova,Luxembourg,14.8,Faible,11,,Signal limité dans les indicateurs récents,Suivi standard
2885,Lebanon,Slovenia,14.8,Faible,5,,Signal limité dans les indicateurs récents,Suivi standard
2886,Tunisia,Portugal,14.8,Faible,5,-64.3,Signal limité dans les indicateurs récents,Suivi standard
2887,Germany,Brazil,14.8,Faible,35,9.4,Deux hausses annuelles consécutives,Suivi standard
2888,Brazil,Ecuador,14.8,Faible,5,0.0,Signal limité dans les indicateurs récents,Suivi standard
2889,Nigeria,Uganda,14.8,Faible,5,-44.4,Signal limité dans les indicateurs récents,Suivi standard
2890,United Kingdom of Great Britain and Northern Ireland,Spain,14.8,Faible,11,22.2,Deux hausses annuelles consécutives,Suivi standard
2891,Algeria,Georgia,14.8,Faible,5,,Signal limité dans les indicateurs récents,Suivi standard
2892,Senegal,Latvia,14.8,Faible,14,7.7,Accélération du volume,Suivi standard
2893,Cuba,Norway,14.7,Faible,11,120.0,Accélération du volume,Suivi standard
2894,Congo,Portugal,14.7,Faible,10,-41.2,Signal limité dans les indicateurs récents,Suivi standard
2895,Mali,Latvia,14.7,Faible,10,-54.5,Signal limité dans les indicateurs récents,Suivi standard
2896,Comoros,Portugal,14.7,Faible,5,0.0,Accélération du volume,Suivi standard
2897,Israel,Greece,14.7,Faible,22,-31.2,Signal limité dans les indicateurs récents,Suivi standard
2898,Albania,Netherlands (Kingdom of the),14.7,Faible,18,-33.3,Signal limité dans les indicateurs récents,Suivi standard
2899,Cote d'Ivoire,Cameroon,14.7,Faible,5,,Signal limité dans les indicateurs récents,Suivi standard
2900,Mexico,Peru,14.7,Faible,5,-54.5,Signal limité dans les indicateurs récents,Suivi standard
2901,Paraguay,France,14.7,Faible,22,46.7,Croissance récente ≥ 30 %,Suivi standard
2902,Cameroon,Norway,14.7,Faible,17,-19.0,Signal limité dans les indicateurs récents,Suivi standard
2903,Ethiopia,Mauritania,14.7,Faible,5,,Signal limité dans les indicateurs récents,Suivi standard
2904,Ethiopia,Lithuania,14.7,Faible,5,,Signal limité dans les indicateurs récents,Suivi standard
2905,Bosnia and Herzegovina,Luxembourg,14.7,Faible,6,,Signal limité dans les indicateurs récents,Suivi standard
2906,Tunisia,Croatia,14.7,Faible,5,0.0,Signal limité dans les indicateurs récents,Suivi standard
2907,Serbia and Kosovo: S/RES/1244 (1999),Malta,14.7,Faible,5,-37.5,Signal limité dans les indicateurs récents,Suivi standard
2908,Morocco,Mexico,14.7,Faible,12,0.0,Accélération du volume,Suivi standard
2909,Congo,United Kingdom of Great Britain and Northern Ireland,14.7,Faible,27,-15.6,Accélération du volume,Suivi standard
2910,Gabon,Canada,14.7,Faible,19,-61.2,Signal limité dans les indicateurs récents,Suivi standard
2911,Morocco,Liechtenstein,14.7,Faible,5,0.0,Accélération du volume,Suivi standard
2912,Sri Lanka,Lebanon,14.6,Faible,8,14.3,Accélération du volume,Suivi standard
2913,Mozambique,Canada,14.6,Faible,10,-28.6,Signal limité dans les indicateurs récents,Suivi standard
2914,Kyrgyzstan,Serbia and Kosovo: S/RES/1244 (1999),14.6,Faible,5,0.0,Signal limité dans les indicateurs récents,Suivi standard
2915,Uzbekistan,Norway,14.6,Faible,14,16.7,Deux hausses annuelles consécutives,Suivi standard
2916,Indonesia,Italy,14.6,Faible,5,-54.5,Signal limité dans les indicateurs récents,Suivi standard
2917,Congo,Senegal,14.6,Faible,9,-30.8,Signal limité dans les indicateurs récents,Suivi standard
2918,Haiti,Guatemala,14.6,Faible,6,,Signal limité dans les indicateurs récents,Suivi standard
2919,Russian Federation,Ireland,14.6,Faible,35,0.0,Accélération du volume,Suivi standard
2920,Mongolia,Ireland,14.6,Faible,19,216.7,Accélération du volume,Suivi standard
2921,Russian Federation,Chile,14.6,Faible,10,-60.0,Signal limité dans les indicateurs récents,Suivi standard
2922,Rwanda,Norway,14.6,Faible,12,33.3,Deux hausses annuelles consécutives,Suivi standard
2923,Rwanda,Namibia,14.6,Faible,5,0.0,Signal limité dans les indicateurs récents,Suivi standard
2924,Jordan,Greece,14.6,Faible,12,0.0,Accélération du volume,Suivi standard
2925,Rwanda,Togo,14.6,Faible,5,,Signal limité dans les indicateurs récents,Suivi standard
2926,Rep. of Korea,United States of America,14.6,Faible,28,-33.3,Signal limité dans les indicateurs récents,Suivi standard
2927,Mexico,Argentina,14.5,Faible,8,,Signal limité dans les indicateurs récents,Suivi standard
2928,China,Armenia,14.5,Faible,5,,Signal limité dans les indicateurs récents,Suivi standard
2929,Nicaragua,Greece,14.5,Faible,5,,Signal limité dans les indicateurs récents,Suivi standard
2930,State of Palestine,Somalia,14.5,Faible,7,,Signal limité dans les indicateurs récents,Suivi standard
2931,Spain,Germany,14.5,Faible,18,200.0,Accélération du volume,Suivi standard
2932,Iran (Islamic Rep. of),Lebanon,14.5,Faible,5,0.0,Accélération du volume,Suivi standard
2933,Türkiye,Nigeria,14.5,Faible,9,-43.8,Signal limité dans les indicateurs récents,Suivi standard
2934,Chad,Mauritania,14.5,Faible,9,80.0,Croissance récente ≥ 30 %,Suivi standard
2935,Rwanda,United Kingdom of Great Britain and Northern Ireland,14.5,Faible,22,-45.0,Signal limité dans les indicateurs récents,Suivi standard
2936,China,Egypt,14.5,Faible,5,,Signal limité dans les indicateurs récents,Suivi standard
2937,Niger,United Kingdom of Great Britain and Northern Ireland,14.5,Faible,15,36.4,Deux hausses annuelles consécutives,Suivi standard
2938,Pakistan,Russian Federation,14.5,Faible,7,-69.6,Signal limité dans les indicateurs récents,Suivi standard
2939,Turkmenistan,Armenia,14.5,Faible,8,,Signal limité dans les indicateurs récents,Suivi standard
2940,Mexico,Sweden,14.5,Faible,12,20.0,Accélération du volume,Suivi standard
2941,Zimbabwe,Fiji,14.5,Faible,5,,Signal limité dans les indicateurs récents,Suivi standard
2942,Jordan,Armenia,14.5,Faible,5,,Signal limité dans les indicateurs récents,Suivi standard
2943,Uzbekistan,Lithuania,14.5,Faible,8,-60.0,Signal limité dans les indicateurs récents,Suivi standard
2944,Brazil,Sweden,14.5,Faible,13,-60.6,Signal limité dans les indicateurs récents,Suivi standard
2945,Kyrgyzstan,Canada,14.5,Faible,22,57.1,Accélération du volume,Suivi standard
2946,Ukraine,Kenya,14.4,Faible,5,,Signal limité dans les indicateurs récents,Suivi standard
2947,Belize,Guatemala,14.4,Faible,5,,Signal limité dans les indicateurs récents,Suivi standard
2948,Cote d'Ivoire,Rep. of Korea,14.4,Faible,18,-28.0,Signal limité dans les indicateurs récents,Suivi standard
2949,Senegal,Finland,14.4,Faible,10,,Signal limité dans les indicateurs récents,Suivi standard
2950,Honduras,Brazil,14.4,Faible,7,40.0,Accélération du volume,Suivi standard
2951,Yemen,Rwanda,14.4,Faible,5,,Signal limité dans les indicateurs récents,Suivi standard
2952,Egypt,Portugal,14.4,Faible,5,-61.5,Signal limité dans les indicateurs récents,Suivi standard
2953,Haiti,Rep. of Korea,14.4,Faible,8,-38.5,Signal limité dans les indicateurs récents,Suivi standard
2954,Cameroon,Bulgaria,14.4,Faible,10,,Signal limité dans les indicateurs récents,Suivi standard
2955,Barbados,United Kingdom of Great Britain and Northern Ireland,14.4,Faible,26,225.0,Accélération du volume,Suivi standard
2956,Panama,Costa Rica,14.4,Faible,20,-23.1,Signal limité dans les indicateurs récents,Suivi standard
2957,Zambia,Ireland,14.4,Faible,38,-7.3,Signal limité dans les indicateurs récents,Suivi standard
2958,Central African Rep.,United Kingdom of Great Britain and Northern Ireland,14.4,Faible,5,,Signal limité dans les indicateurs récents,Suivi standard
2959,Libya,Luxembourg,14.4,Faible,8,60.0,Accélération du volume,Suivi standard
2960,Namibia,Canada,14.4,Faible,5,-87.2,Signal limité dans les indicateurs récents,Suivi standard
2961,India,Egypt,14.4,Faible,5,-16.7,Signal limité dans les indicateurs récents,Suivi standard
2962,Iran (Islamic Rep. of),Slovakia,14.4,Faible,5,-58.3,Signal limité dans les indicateurs récents,Suivi standard
2963,Israel,Rep. of Moldova,14.3,Faible,10,-33.3,Signal limité dans les indicateurs récents,Suivi standard
2964,Montenegro,Denmark,14.3,Faible,5,,Signal limité dans les indicateurs récents,Suivi standard
2965,Uganda,Ireland,14.3,Faible,35,-16.7,Signal limité dans les indicateurs récents,Suivi standard
2966,Mexico,Australia,14.3,Faible,13,,Signal limité dans les indicateurs récents,Suivi standard
2967,Ukraine,Argentina,14.3,Faible,15,0.0,Signal limité dans les indicateurs récents,Suivi standard
2968,Libya,Croatia,14.3,Faible,5,0.0,Signal limité dans les indicateurs récents,Suivi standard
2969,Uzbekistan,Ukraine,14.3,Faible,5,-50.0,Signal limité dans les indicateurs récents,Suivi standard
2970,Comoros,Mauritania,14.3,Faible,5,,Signal limité dans les indicateurs récents,Suivi standard
2971,Chile,Paraguay,14.3,Faible,5,,Signal limité dans les indicateurs récents,Suivi standard
2972,Guinea,Austria,14.3,Faible,14,75.0,Accélération du volume,Suivi standard
2973,Angola,Finland,14.3,Faible,20,25.0,Accélération du volume,Suivi standard
2974,Azerbaijan,Luxembourg,14.3,Faible,8,,Signal limité dans les indicateurs récents,Suivi standard
2975,Lebanon,Russian Federation,14.3,Faible,11,22.2,Signal limité dans les indicateurs récents,Suivi standard
2976,Gambia,Luxembourg,14.3,Faible,14,7.7,Accélération du volume,Suivi standard
2977,Uzbekistan,Kyrgyzstan,14.2,Faible,5,,Signal limité dans les indicateurs récents,Suivi standard
2978,Niger,Mexico,14.2,Faible,5,,Signal limité dans les indicateurs récents,Suivi standard
2979,Brazil,Luxembourg,14.2,Faible,5,,Signal limité dans les indicateurs récents,Suivi standard
2980,Burundi,Poland,14.2,Faible,19,-29.6,Signal limité dans les indicateurs récents,Suivi standard
2981,Myanmar,Greece,14.2,Faible,12,,Signal limité dans les indicateurs récents,Suivi standard
2982,Sierra Leone,Luxembourg,14.2,Faible,10,100.0,Croissance récente ≥ 30 %,Suivi standard
2983,Israel,Spain,14.2,Faible,10,-68.8,Signal limité dans les indicateurs récents,Suivi standard
2984,Algeria,Lithuania,14.2,Faible,5,,Signal limité dans les indicateurs récents,Suivi standard
2985,Egypt,Czechia,14.2,Faible,5,,Signal limité dans les indicateurs récents,Suivi standard
2986,Ukraine,Latvia,14.2,Faible,11,37.5,Accélération du volume,Suivi standard
2987,Eritrea,Finland,14.2,Faible,5,-50.0,Accélération du volume,Suivi standard
2988,United Rep. of Tanzania,Somalia,14.2,Faible,7,,Signal limité dans les indicateurs récents,Suivi standard
2989,Gambia,Mauritania,14.2,Faible,8,60.0,Accélération du volume,Suivi standard
2990,Gabon,Italy,14.2,Faible,14,40.0,Accélération du volume,Suivi standard
2991,Sierra Leone,Australia,14.2,Faible,25,,Signal limité dans les indicateurs récents,Suivi standard
2992,Benin,Senegal,14.2,Faible,5,,Signal limité dans les indicateurs récents,Suivi standard
2993,Niger,Cote d'Ivoire,14.2,Faible,8,,Signal limité dans les indicateurs récents,Suivi standard
2994,Tunisia,Morocco,14.1,Faible,5,,Signal limité dans les indicateurs récents,Suivi standard
2995,Kazakhstan,Mauritania,14.1,Faible,7,,Signal limité dans les indicateurs récents,Suivi standard
2996,Azerbaijan,Mexico,14.1,Faible,6,,Signal limité dans les indicateurs récents,Suivi standard
2997,Madagascar,United States of America,14.1,Faible,5,-76.2,Signal limité dans les indicateurs récents,Suivi standard
2998,State of Palestine,New Zealand,14.1,Faible,10,-69.7,Signal limité dans les indicateurs récents,Suivi standard
2999,Egypt,Ghana,14.1,Faible,5,0.0,Signal limité dans les indicateurs récents,Suivi standard
3000,Haiti,Russian Federation,14.1,Faible,11,120.0,Accélération du volume,Suivi standard
3001,Russian Federation,Mauritania,14.1,Faible,5,,Signal limité dans les indicateurs récents,Suivi standard
3002,Mali,Mexico,14.1,Faible,11,83.3,Accélération du volume,Suivi standard
3003,Yemen,Costa Rica,14.1,Faible,5,,Signal limité dans les indicateurs récents,Suivi standard
3004,El Salvador,Norway,14.1,Faible,13,160.0,Accélération du volume,Suivi standard
3005,Cuba,Rep. of Moldova,14.1,Faible,8,-52.9,Signal limité dans les indicateurs récents,Suivi standard
3006,Jordan,Czechia,14.1,Faible,5,,Signal limité dans les indicateurs récents,Suivi standard
3007,Afghanistan,United Rep. of Tanzania,14.1,Faible,7,0.0,Signal limité dans les indicateurs récents,Suivi standard
3008,Sri Lanka,Thailand,14.1,Faible,5,-70.6,Signal limité dans les indicateurs récents,Suivi standard
3009,Brazil,Austria,14.1,Faible,5,0.0,Signal limité dans les indicateurs récents,Suivi standard
3010,China,Denmark,14.1,Faible,17,-34.6,Signal limité dans les indicateurs récents,Suivi standard
3011,Jamaica,Spain,14.1,Faible,14,55.6,Accélération du volume,Suivi standard
3012,Belarus,Denmark,14.1,Faible,19,-20.8,Signal limité dans les indicateurs récents,Suivi standard
3013,Angola,Philippines,14.1,Faible,5,,Signal limité dans les indicateurs récents,Suivi standard
3014,Chile,Norway,14.0,Faible,10,,Signal limité dans les indicateurs récents,Suivi standard
3015,South Sudan,United Rep. of Tanzania,14.0,Faible,6,,Signal limité dans les indicateurs récents,Suivi standard
3016,Morocco,Thailand,14.0,Faible,5,,Signal limité dans les indicateurs récents,Suivi standard
3017,Ghana,Portugal,14.0,Faible,5,-73.7,Signal limité dans les indicateurs récents,Suivi standard
3018,Indonesia,Brazil,14.0,Faible,6,20.0,Accélération du volume,Suivi standard
3019,Georgia,Estonia,14.0,Faible,7,0.0,Accélération du volume,Suivi standard
3020,Philippines,New Zealand,14.0,Faible,15,114.3,Accélération du volume,Suivi standard
3021,India,Rep. of Moldova,14.0,Faible,14,-12.5,Signal limité dans les indicateurs récents,Suivi standard
3022,Costa Rica,Panama,14.0,Faible,5,,Signal limité dans les indicateurs récents,Suivi standard
3023,Russian Federation,Kyrgyzstan,14.0,Faible,5,,Signal limité dans les indicateurs récents,Suivi standard
3024,Guinea,Slovenia,14.0,Faible,5,,Signal limité dans les indicateurs récents,Suivi standard
3025,Yemen,Iceland,14.0,Faible,6,,Signal limité dans les indicateurs récents,Suivi standard
3026,Sierra Leone,India,14.0,Faible,5,,Signal limité dans les indicateurs récents,Suivi standard
3027,Nicaragua,Uruguay,14.0,Faible,5,,Signal limité dans les indicateurs récents,Suivi standard
3028,Morocco,Lebanon,14.0,Faible,5,0.0,Signal limité dans les indicateurs récents,Suivi standard
3029,United Rep. of Tanzania,Ireland,14.0,Faible,22,120.0,Accélération + deux hausses consécutives,Suivi standard
3030,Togo,Luxembourg,14.0,Faible,10,,Signal limité dans les indicateurs récents,Suivi standard
3031,Rep. of Moldova,Finland,14.0,Faible,11,57.1,Accélération + deux hausses consécutives,Suivi standard
3032,Ecuador,Portugal,14.0,Faible,5,,Signal limité dans les indicateurs récents,Suivi standard
3033,Dominica,Canada,14.0,Faible,15,200.0,Accélération du volume,Suivi standard
3034,Madagascar,Lebanon,13.9,Faible,5,,Signal limité dans les indicateurs récents,Suivi standard
3035,Yemen,Slovenia,13.9,Faible,6,0.0,Signal limité dans les indicateurs récents,Suivi standard
3036,Mauritania,Portugal,13.9,Faible,5,-72.2,Signal limité dans les indicateurs récents,Suivi standard
3037,Madagascar,Morocco,13.9,Faible,5,,Signal limité dans les indicateurs récents,Suivi standard
3038,Stateless,Ireland,13.9,Faible,26,44.4,Accélération du volume,Suivi standard
3039,Paraguay,Argentina,13.9,Faible,7,-66.7,Signal limité dans les indicateurs récents,Suivi standard
3040,Yemen,Czechia,13.9,Faible,5,0.0,Signal limité dans les indicateurs récents,Suivi standard
3041,Lebanon,Argentina,13.9,Faible,5,,Signal limité dans les indicateurs récents,Suivi standard
3042,Bolivia (Plurinational State of),Chile,13.9,Faible,5,,Signal limité dans les indicateurs récents,Suivi standard
3043,Comoros,Cameroon,13.9,Faible,5,,Signal limité dans les indicateurs récents,Suivi standard
3044,Libya,Chad,13.9,Faible,6,20.0,Signal limité dans les indicateurs récents,Suivi standard
3045,Egypt,Kenya,13.9,Faible,7,16.7,Accélération du volume,Suivi standard
3046,Suriname,Netherlands (Kingdom of the),13.9,Faible,19,18.8,Deux hausses annuelles consécutives,Suivi standard
3047,Sri Lanka,Lithuania,13.9,Faible,5,,Signal limité dans les indicateurs récents,Suivi standard
3048,Saudi Arabia,Netherlands (Kingdom of the),13.9,Faible,32,14.3,Accélération du volume,Suivi standard
3049,Dominican Rep.,Peru,13.8,Faible,7,-74.1,Signal limité dans les indicateurs récents,Suivi standard
3050,Uganda,Spain,13.8,Faible,5,-58.3,Signal limité dans les indicateurs récents,Suivi standard
3051,Central African Rep.,Netherlands (Kingdom of the),13.8,Faible,5,-72.2,Signal limité dans les indicateurs récents,Suivi standard
3052,Yemen,Belarus,13.8,Faible,5,-66.7,Signal limité dans les indicateurs récents,Suivi standard
3053,Morocco,Mauritania,13.8,Faible,5,,Signal limité dans les indicateurs récents,Suivi standard
3054,Mali,Luxembourg,13.8,Faible,6,20.0,Accélération du volume,Suivi standard
3055,State of Palestine,Thailand,13.8,Faible,5,-16.7,Signal limité dans les indicateurs récents,Suivi standard
3056,Lebanon,Denmark,13.8,Faible,11,-54.2,Signal limité dans les indicateurs récents,Suivi standard
3057,Viet Nam,Finland,13.8,Faible,10,,Signal limité dans les indicateurs récents,Suivi standard
3058,India,Iceland,13.8,Faible,5,,Signal limité dans les indicateurs récents,Suivi standard
3059,Chile,Belgium,13.8,Faible,11,120.0,Accélération du volume,Suivi standard
3060,Gambia,Denmark,13.8,Faible,18,50.0,Accélération du volume,Suivi standard
3061,Bangladesh,Norway,13.8,Faible,13,-35.0,Signal limité dans les indicateurs récents,Suivi standard
3062,Stateless,Italy,13.8,Faible,6,-25.0,Signal limité dans les indicateurs récents,Suivi standard
3063,Cuba,Switzerland,13.8,Faible,8,-27.3,Signal limité dans les indicateurs récents,Suivi standard
3064,Sierra Leone,Egypt,13.7,Faible,12,-36.8,Signal limité dans les indicateurs récents,Suivi standard
3065,Mexico,Portugal,13.7,Faible,5,0.0,Signal limité dans les indicateurs récents,Suivi standard
3066,Bangladesh,Peru,13.7,Faible,5,0.0,Accélération du volume,Suivi standard
3067,Serbia and Kosovo: S/RES/1244 (1999),Denmark,13.7,Faible,11,10.0,Signal limité dans les indicateurs récents,Suivi standard
3068,Albania,Denmark,13.7,Faible,14,75.0,Accélération du volume,Suivi standard
3069,Sri Lanka,Croatia,13.7,Faible,5,,Signal limité dans les indicateurs récents,Suivi standard
3070,Lebanon,Czechia,13.7,Faible,5,,Signal limité dans les indicateurs récents,Suivi standard
3071,Kuwait,Canada,13.7,Faible,12,-60.0,Signal limité dans les indicateurs récents,Suivi standard
3072,Russian Federation,Philippines,13.7,Faible,13,-7.1,Signal limité dans les indicateurs récents,Suivi standard
3073,Iran (Islamic Rep. of),Estonia,13.7,Faible,5,,Signal limité dans les indicateurs récents,Suivi standard
3074,Djibouti,Egypt,13.7,Faible,21,110.0,Accélération du volume,Suivi standard
3075,India,Armenia,13.7,Faible,5,,Signal limité dans les indicateurs récents,Suivi standard
3076,Tajikistan,Rep. of Moldova,13.7,Faible,12,-57.1,Signal limité dans les indicateurs récents,Suivi standard
3077,Jordan,Brazil,13.6,Faible,11,-38.9,Signal limité dans les indicateurs récents,Suivi standard
3078,Peru,Panama,13.6,Faible,5,,Signal limité dans les indicateurs récents,Suivi standard
3079,Liberia,Senegal,13.6,Faible,5,,Signal limité dans les indicateurs récents,Suivi standard
3080,Viet Nam,Mexico,13.6,Faible,5,,Signal limité dans les indicateurs récents,Suivi standard
3081,Philippines,Mexico,13.6,Faible,6,20.0,Accélération du volume,Suivi standard
3082,Algeria,Norway,13.6,Faible,17,88.9,Accélération du volume,Suivi standard
3083,Myanmar,Romania,13.6,Faible,5,,Signal limité dans les indicateurs récents,Suivi standard
3084,Georgia,Slovenia,13.6,Faible,5,,Signal limité dans les indicateurs récents,Suivi standard
3085,Belarus,Estonia,13.6,Faible,14,-30.0,Signal limité dans les indicateurs récents,Suivi standard
3086,Cote d'Ivoire,Egypt,13.6,Faible,6,,Signal limité dans les indicateurs récents,Suivi standard
3087,Jordan,Philippines,13.6,Faible,5,0.0,Signal limité dans les indicateurs récents,Suivi standard
3088,Stateless,Costa Rica,13.6,Faible,5,-58.3,Signal limité dans les indicateurs récents,Suivi standard
3089,Liberia,Netherlands (Kingdom of the),13.6,Faible,26,-18.8,Signal limité dans les indicateurs récents,Suivi standard
3090,Morocco,Uruguay,13.6,Faible,12,50.0,Accélération du volume,Suivi standard
3091,United States of America,Malta,13.6,Faible,5,,Signal limité dans les indicateurs récents,Suivi standard
3092,Azerbaijan,Finland,13.5,Faible,17,142.9,Accélération du volume,Suivi standard
3093,Albania,Austria,13.5,Faible,16,-11.1,Accélération du volume,Suivi standard
3094,India,Philippines,13.5,Faible,5,,Signal limité dans les indicateurs récents,Suivi standard
3095,Ethiopia,Belarus,13.5,Faible,10,100.0,Croissance récente ≥ 30 %,Suivi standard
3096,Pakistan,Mauritania,13.5,Faible,5,,Signal limité dans les indicateurs récents,Suivi standard
3097,Pakistan,Morocco,13.5,Faible,6,-33.3,Signal limité dans les indicateurs récents,Suivi standard
3098,Nepal,Netherlands (Kingdom of the),13.5,Faible,11,57.1,Accélération du volume,Suivi standard
3099,United Rep. of Tanzania,Brazil,13.5,Faible,17,-34.6,Signal limité dans les indicateurs récents,Suivi standard
3100,Kazakhstan,Brazil,13.5,Faible,13,30.0,Accélération du volume,Suivi standard
3101,"China, Hong Kong SAR",United States of America,13.5,Faible,7,-63.2,Accélération du volume,Suivi standard
3102,Armenia,Bulgaria,13.5,Faible,12,140.0,Accélération du volume,Suivi standard
3103,Burundi,Benin,13.5,Faible,5,,Signal limité dans les indicateurs récents,Suivi standard
3104,Viet Nam,Latvia,13.5,Faible,7,,Signal limité dans les indicateurs récents,Suivi standard
3105,Cabo Verde,Italy,13.5,Faible,5,-28.6,Signal limité dans les indicateurs récents,Suivi standard
3106,Uganda,Eswatini,13.5,Faible,7,,Signal limité dans les indicateurs récents,Suivi standard
3107,Netherlands (Kingdom of the),United States of America,13.5,Faible,18,-35.7,Accélération du volume,Suivi standard
3108,Gambia,Egypt,13.5,Faible,11,37.5,Croissance récente ≥ 30 %,Suivi standard
3109,Nicaragua,Netherlands (Kingdom of the),13.4,Faible,12,-20.0,Accélération du volume,Suivi standard
3110,Guinea,Estonia,13.4,Faible,5,,Signal limité dans les indicateurs récents,Suivi standard
3111,Estonia,Russian Federation,13.4,Faible,17,-57.5,Signal limité dans les indicateurs récents,Suivi standard
3112,Rep. of Moldova,Lithuania,13.4,Faible,5,,Signal limité dans les indicateurs récents,Suivi standard
3113,Zimbabwe,Poland,13.4,Faible,19,-13.6,Signal limité dans les indicateurs récents,Suivi standard
3114,Morocco,Lithuania,13.4,Faible,5,,Signal limité dans les indicateurs récents,Suivi standard
3115,North Macedonia,Canada,13.4,Faible,6,-33.3,Signal limité dans les indicateurs récents,Suivi standard
3116,Burundi,United Kingdom of Great Britain and Northern Ireland,13.4,Faible,23,109.1,Accélération du volume,Suivi standard
3117,Nicaragua,Ecuador,13.4,Faible,5,0.0,Signal limité dans les indicateurs récents,Suivi standard
3118,Haiti,Panama,13.4,Faible,5,0.0,Signal limité dans les indicateurs récents,Suivi standard
3119,Belarus,India,13.4,Faible,5,,Signal limité dans les indicateurs récents,Suivi standard
3120,Philippines,Costa Rica,13.4,Faible,8,-42.9,Signal limité dans les indicateurs récents,Suivi standard
3121,Egypt,Morocco,13.4,Faible,5,0.0,Signal limité dans les indicateurs récents,Suivi standard
3122,Kazakhstan,Argentina,13.4,Faible,7,,Signal limité dans les indicateurs récents,Suivi standard
3123,Belarus,Portugal,13.4,Faible,5,,Signal limité dans les indicateurs récents,Suivi standard
3124,Senegal,Slovenia,13.4,Faible,6,-40.0,Signal limité dans les indicateurs récents,Suivi standard
3125,Burkina Faso,Sweden,13.4,Faible,10,100.0,Croissance récente ≥ 30 %,Suivi standard
3126,Armenia,Mexico,13.4,Faible,5,,Signal limité dans les indicateurs récents,Suivi standard
3127,France,Switzerland,13.4,Faible,23,15.0,Deux hausses annuelles consécutives,Suivi standard
3128,China,Cyprus,13.4,Faible,5,,Signal limité dans les indicateurs récents,Suivi standard
3129,Uzbekistan,Rep. of Moldova,13.4,Faible,14,-39.1,Signal limité dans les indicateurs récents,Suivi standard
3130,Uzbekistan,Armenia,13.3,Faible,5,-50.0,Signal limité dans les indicateurs récents,Suivi standard
3131,Rep. of Moldova,Denmark,13.3,Faible,12,140.0,Accélération du volume,Suivi standard
3132,Cuba,Cyprus,13.3,Faible,5,,Signal limité dans les indicateurs récents,Suivi standard
3133,North Macedonia,Luxembourg,13.3,Faible,8,60.0,Accélération du volume,Suivi standard
3134,Philippines,Lebanon,13.3,Faible,5,,Signal limité dans les indicateurs récents,Suivi standard
3135,Türkiye,New Zealand,13.3,Faible,12,-45.5,Signal limité dans les indicateurs récents,Suivi standard
3136,South Sudan,Mexico,13.3,Faible,5,0.0,Signal limité dans les indicateurs récents,Suivi standard
3137,Indonesia,Georgia,13.3,Faible,6,,Signal limité dans les indicateurs récents,Suivi standard
3138,Lao People's Dem. Rep.,Israel,13.2,Faible,11,120.0,Croissance récente ≥ 30 %,Suivi standard
3139,Tajikistan,Croatia,13.2,Faible,6,,Signal limité dans les indicateurs récents,Suivi standard
3140,Brazil,Costa Rica,13.2,Faible,5,,Signal limité dans les indicateurs récents,Suivi standard
3141,Belarus,Ukraine,13.2,Faible,13,-7.1,Accélération du volume,Suivi standard
3142,Spain,Australia,13.2,Faible,14,180.0,Accélération du volume,Suivi standard
3143,Cote d'Ivoire,Slovenia,13.2,Faible,5,,Signal limité dans les indicateurs récents,Suivi standard
3144,Lebanon,Bulgaria,13.2,Faible,7,-50.0,Signal limité dans les indicateurs récents,Suivi standard
3145,Sri Lanka,Georgia,13.2,Faible,6,-62.5,Signal limité dans les indicateurs récents,Suivi standard
3146,Benin,Malta,13.2,Faible,5,,Signal limité dans les indicateurs récents,Suivi standard
3147,Russian Federation,Slovakia,13.2,Faible,11,57.1,Accélération du volume,Suivi standard
3148,Ghana,Philippines,13.2,Faible,5,,Signal limité dans les indicateurs récents,Suivi standard
3149,Jordan,Portugal,13.2,Faible,5,,Signal limité dans les indicateurs récents,Suivi standard
3150,Sierra Leone,Mexico,13.2,Faible,5,-28.6,Signal limité dans les indicateurs récents,Suivi standard
3151,Egypt,Norway,13.2,Faible,16,100.0,Accélération du volume,Suivi standard
3152,Gambia,Romania,13.2,Faible,5,,Signal limité dans les indicateurs récents,Suivi standard
3153,Zambia,United Kingdom of Great Britain and Northern Ireland,13.2,Faible,18,63.6,Accélération + deux hausses consécutives,Suivi standard
3154,State of Palestine,Rep. of Moldova,13.2,Faible,5,,Signal limité dans les indicateurs récents,Suivi standard
3155,Russian Federation,Uruguay,13.1,Faible,11,57.1,Accélération du volume,Suivi standard
3156,Morocco,Czechia,13.1,Faible,5,0.0,Accélération du volume,Suivi standard
3157,Bosnia and Herzegovina,Netherlands (Kingdom of the),13.1,Faible,11,57.1,Accélération du volume,Suivi standard
3158,Albania,Finland,13.1,Faible,13,62.5,Accélération du volume,Suivi standard
3159,Western Sahara,Mauritania,13.1,Faible,5,,Signal limité dans les indicateurs récents,Suivi standard
3160,Uzbekistan,Georgia,13.1,Faible,5,0.0,Signal limité dans les indicateurs récents,Suivi standard
3161,Türkiye,Russian Federation,13.1,Faible,5,0.0,Signal limité dans les indicateurs récents,Suivi standard
3162,Lebanon,Norway,13.1,Faible,12,-40.0,Signal limité dans les indicateurs récents,Suivi standard
3163,Jordan,Bulgaria,13.1,Faible,7,,Signal limité dans les indicateurs récents,Suivi standard
3164,Argentina,Ireland,13.1,Faible,22,4.8,Deux hausses annuelles consécutives,Suivi standard
3165,Stateless,Spain,13.1,Faible,5,0.0,Accélération du volume,Suivi standard
3166,Myanmar,Austria,13.1,Faible,6,-33.3,Signal limité dans les indicateurs récents,Suivi standard
3167,Jordan,Luxembourg,13.1,Faible,6,,Signal limité dans les indicateurs récents,Suivi standard
3168,Liberia,Spain,13.1,Faible,10,-23.1,Signal limité dans les indicateurs récents,Suivi standard
3169,Dem. Rep. of the Congo,New Zealand,13.1,Faible,5,,Signal limité dans les indicateurs récents,Suivi standard
3170,Congo,Croatia,13.0,Faible,5,0.0,Signal limité dans les indicateurs récents,Suivi standard
3171,Montenegro,Belgium,13.0,Faible,28,40.0,Accélération du volume,Suivi standard
3172,Gambia,Morocco,13.0,Faible,5,-75.0,Signal limité dans les indicateurs récents,Suivi standard
3173,Turkmenistan,Georgia,13.0,Faible,5,-16.7,Accélération du volume,Suivi standard
3174,Haiti,Cyprus,13.0,Faible,7,,Signal limité dans les indicateurs récents,Suivi standard
3175,Cabo Verde,Portugal,13.0,Faible,5,-28.6,Signal limité dans les indicateurs récents,Suivi standard
3176,Brazil,Guatemala,13.0,Faible,5,,Signal limité dans les indicateurs récents,Suivi standard
3177,Benin,Netherlands (Kingdom of the),13.0,Faible,14,40.0,Accélération du volume,Suivi standard
3178,Oman,Sweden,13.0,Faible,12,,Signal limité dans les indicateurs récents,Suivi standard
3179,Lebanon,Japan,13.0,Faible,9,,Signal limité dans les indicateurs récents,Suivi standard
3180,Cameroon,Iceland,13.0,Faible,5,,Signal limité dans les indicateurs récents,Suivi standard
3181,Liberia,Eswatini,13.0,Faible,5,,Signal limité dans les indicateurs récents,Suivi standard
3182,Angola,Argentina,13.0,Faible,5,,Signal limité dans les indicateurs récents,Suivi standard
3183,Congo,Cameroon,13.0,Faible,8,-20.0,Accélération du volume,Suivi standard
3184,Egypt,New Zealand,13.0,Faible,13,,Signal limité dans les indicateurs récents,Suivi standard
3185,United States of America,Uruguay,13.0,Faible,11,,Signal limité dans les indicateurs récents,Suivi standard
3186,Peru,Austria,12.9,Faible,5,-28.6,Accélération du volume,Suivi standard
3187,Congo,Benin,12.9,Faible,5,,Signal limité dans les indicateurs récents,Suivi standard
3188,Ghana,Cyprus,12.9,Faible,6,-73.9,Signal limité dans les indicateurs récents,Suivi standard
3189,Kyrgyzstan,Mauritania,12.9,Faible,7,,Signal limité dans les indicateurs récents,Suivi standard
3190,Stateless,Cyprus,12.9,Faible,5,-85.7,Signal limité dans les indicateurs récents,Suivi standard
3191,Mexico,Uruguay,12.9,Faible,5,,Signal limité dans les indicateurs récents,Suivi standard
3192,Poland,Norway,12.9,Faible,14,180.0,Accélération du volume,Suivi standard
3193,Niger,South Sudan,12.9,Faible,6,20.0,Signal limité dans les indicateurs récents,Suivi standard
3194,South Africa,Netherlands (Kingdom of the),12.9,Faible,17,-19.0,Signal limité dans les indicateurs récents,Suivi standard
3195,China,Ecuador,12.9,Faible,5,,Signal limité dans les indicateurs récents,Suivi standard
3196,United States of America,Morocco,12.9,Faible,5,,Signal limité dans les indicateurs récents,Suivi standard
3197,Burundi,Netherlands (Kingdom of the),12.9,Faible,12,9.1,Deux hausses annuelles consécutives,Suivi standard
3198,Lebanon,Ireland,12.9,Faible,11,-15.4,Accélération du volume,Suivi standard
3199,Rwanda,Spain,12.8,Faible,5,-16.7,Signal limité dans les indicateurs récents,Suivi standard
3200,Rep. of Moldova,Romania,12.8,Faible,6,20.0,Accélération du volume,Suivi standard
3201,Sierra Leone,Morocco,12.8,Faible,7,-73.1,Signal limité dans les indicateurs récents,Suivi standard
3202,Germany,Canada,12.8,Faible,28,-39.1,Signal limité dans les indicateurs récents,Suivi standard
3203,Papua New Guinea,Canada,12.8,Faible,17,-29.2,Signal limité dans les indicateurs récents,Suivi standard
3204,Burundi,Australia,12.8,Faible,17,,Signal limité dans les indicateurs récents,Suivi standard
3205,Turkmenistan,Kyrgyzstan,12.8,Faible,5,,Signal limité dans les indicateurs récents,Suivi standard
3206,Ghana,Romania,12.8,Faible,5,0.0,Accélération du volume,Suivi standard
3207,Guinea,Finland,12.8,Faible,12,140.0,Accélération du volume,Suivi standard
3208,Congo,Chad,12.8,Faible,5,,Signal limité dans les indicateurs récents,Suivi standard
3209,Eswatini,Germany,12.8,Faible,20,185.7,Croissance récente ≥ 30 %,Suivi standard
3210,Mexico,New Zealand,12.8,Faible,5,,Signal limité dans les indicateurs récents,Suivi standard
3211,Israel,Bulgaria,12.8,Faible,7,16.7,Signal limité dans les indicateurs récents,Suivi standard
3212,United Rep. of Tanzania,Croatia,12.8,Faible,5,,Signal limité dans les indicateurs récents,Suivi standard
3213,Cuba,Austria,12.8,Faible,5,-37.5,Accélération du volume,Suivi standard
3214,Sri Lanka,Poland,12.8,Faible,18,-18.2,Signal limité dans les indicateurs récents,Suivi standard
3215,Burkina Faso,United Kingdom of Great Britain and Northern Ireland,12.7,Faible,6,-45.5,Signal limité dans les indicateurs récents,Suivi standard
3216,Cote d'Ivoire,Norway,12.7,Faible,5,,Signal limité dans les indicateurs récents,Suivi standard
3217,Cote d'Ivoire,Sweden,12.7,Faible,16,60.0,Accélération du volume,Suivi standard
3218,Trinidad and Tobago,Mexico,12.7,Faible,5,0.0,Signal limité dans les indicateurs récents,Suivi standard
3219,Lebanon,Luxembourg,12.7,Faible,5,-37.5,Signal limité dans les indicateurs récents,Suivi standard
3220,Zambia,France,12.7,Faible,5,,Signal limité dans les indicateurs récents,Suivi standard
3221,Sierra Leone,Lebanon,12.7,Faible,5,,Signal limité dans les indicateurs récents,Suivi standard
3222,Sri Lanka,Latvia,12.7,Faible,10,-23.1,Accélération du volume,Suivi standard
3223,Rep. of Moldova,Switzerland,12.7,Faible,19,-13.6,Signal limité dans les indicateurs récents,Suivi standard
3224,Kyrgyzstan,Czechia,12.7,Faible,5,-16.7,Accélération du volume,Suivi standard
3225,Mexico,Iceland,12.7,Faible,5,0.0,Accélération du volume,Suivi standard
3226,Pakistan,Rep. of Moldova,12.6,Faible,5,,Signal limité dans les indicateurs récents,Suivi standard
3227,Panama,Germany,12.6,Faible,10,-44.4,Signal limité dans les indicateurs récents,Suivi standard
3228,Cabo Verde,France,12.6,Faible,5,-58.3,Signal limité dans les indicateurs récents,Suivi standard
3229,Nepal,Finland,12.6,Faible,9,,Signal limité dans les indicateurs récents,Suivi standard
3230,Congo,Ghana,12.6,Faible,5,0.0,Signal limité dans les indicateurs récents,Suivi standard
3231,Tajikistan,Armenia,12.6,Faible,5,0.0,Signal limité dans les indicateurs récents,Suivi standard
3232,Bolivia (Plurinational State of),Portugal,12.6,Faible,5,,Signal limité dans les indicateurs récents,Suivi standard
3233,Burkina Faso,Finland,12.6,Faible,6,,Signal limité dans les indicateurs récents,Suivi standard
3234,Ghana,Switzerland,12.6,Faible,13,-13.3,Signal limité dans les indicateurs récents,Suivi standard
3235,Chile,Israel,12.6,Faible,6,,Signal limité dans les indicateurs récents,Suivi standard
3236,Rep. of Moldova,Canada,12.5,Faible,7,-73.1,Signal limité dans les indicateurs récents,Suivi standard
3237,Ethiopia,Czechia,12.5,Faible,6,20.0,Signal limité dans les indicateurs récents,Suivi standard
3238,Belize,Mexico,12.5,Faible,9,-40.0,Accélération du volume,Suivi standard
3239,Russian Federation,New Zealand,12.5,Faible,17,41.7,Accélération du volume,Suivi standard
3240,Bosnia and Herzegovina,Canada,12.5,Faible,7,-80.0,Signal limité dans les indicateurs récents,Suivi standard
3241,Peru,Greece,12.5,Faible,7,40.0,Croissance récente ≥ 30 %,Suivi standard
3242,Costa Rica,France,12.5,Faible,5,,Signal limité dans les indicateurs récents,Suivi standard
3243,Haiti,Kenya,12.5,Faible,5,,Signal limité dans les indicateurs récents,Suivi standard
3244,Viet Nam,Iceland,12.5,Faible,5,,Signal limité dans les indicateurs récents,Suivi standard
3245,Egypt,Uruguay,12.5,Faible,6,,Signal limité dans les indicateurs récents,Suivi standard
3246,Mauritania,Cameroon,12.5,Faible,5,,Signal limité dans les indicateurs récents,Suivi standard
3247,United Rep. of Tanzania,India,12.5,Faible,5,,Signal limité dans les indicateurs récents,Suivi standard
3248,Romania,France,12.5,Faible,5,0.0,Signal limité dans les indicateurs récents,Suivi standard
3249,Ecuador,Rep. of Moldova,12.5,Faible,10,,Signal limité dans les indicateurs récents,Suivi standard
3250,Guinea,Thailand,12.4,Faible,5,0.0,Signal limité dans les indicateurs récents,Suivi standard
3251,Azerbaijan,Rep. of Moldova,12.4,Faible,9,-64.0,Signal limité dans les indicateurs récents,Suivi standard
3252,Ghana,Panama,12.4,Faible,5,,Signal limité dans les indicateurs récents,Suivi standard
3253,Stateless,Romania,12.4,Faible,7,-53.3,Signal limité dans les indicateurs récents,Suivi standard
3254,Uzbekistan,Italy,12.4,Faible,11,0.0,Signal limité dans les indicateurs récents,Suivi standard
3255,Chile,Colombia,12.4,Faible,9,,Signal limité dans les indicateurs récents,Suivi standard
3256,Armenia,Luxembourg,12.4,Faible,5,,Signal limité dans les indicateurs récents,Suivi standard
3257,South Africa,Belgium,12.4,Faible,10,100.0,Accélération du volume,Suivi standard
3258,China,Peru,12.4,Faible,5,-28.6,Signal limité dans les indicateurs récents,Suivi standard
3259,Mongolia,Croatia,12.4,Faible,5,0.0,Signal limité dans les indicateurs récents,Suivi standard
3260,Djibouti,Morocco,12.4,Faible,5,,Signal limité dans les indicateurs récents,Suivi standard
3261,Liberia,Israel,12.4,Faible,11,,Signal limité dans les indicateurs récents,Suivi standard
3262,South Africa,Mexico,12.4,Faible,5,-28.6,Accélération du volume,Suivi standard
3263,Jordan,Switzerland,12.4,Faible,10,11.1,Deux hausses annuelles consécutives,Suivi standard
3264,Mexico,Finland,12.4,Faible,5,-37.5,Signal limité dans les indicateurs récents,Suivi standard
3265,Philippines,Ireland,12.3,Faible,14,,Signal limité dans les indicateurs récents,Suivi standard
3266,Chile,Guatemala,12.3,Faible,5,-28.6,Signal limité dans les indicateurs récents,Suivi standard
3267,Gambia,Slovenia,12.3,Faible,8,-33.3,Signal limité dans les indicateurs récents,Suivi standard
3268,Angola,Dem. Rep. of the Congo,12.3,Faible,5,-50.0,Signal limité dans les indicateurs récents,Suivi standard
3269,Mali,Poland,12.3,Faible,5,-81.5,Signal limité dans les indicateurs récents,Suivi standard
3270,Tajikistan,Austria,12.3,Faible,19,-5.0,Accélération du volume,Suivi standard
3271,Azerbaijan,Bulgaria,12.3,Faible,5,,Signal limité dans les indicateurs récents,Suivi standard
3272,Panama,Colombia,12.3,Faible,10,,Signal limité dans les indicateurs récents,Suivi standard
3273,Congo,Rep. of Korea,12.3,Faible,13,,Signal limité dans les indicateurs récents,Suivi standard
3274,Honduras,Sweden,12.3,Faible,17,-37.0,Signal limité dans les indicateurs récents,Suivi standard
3275,Sri Lanka,Czechia,12.3,Faible,6,,Signal limité dans les indicateurs récents,Suivi standard
3276,Angola,Cyprus,12.3,Faible,8,60.0,Croissance récente ≥ 30 %,Suivi standard
3277,Mauritania,Cote d'Ivoire,12.3,Faible,8,,Signal limité dans les indicateurs récents,Suivi standard
3278,Liberia,Portugal,12.3,Faible,5,0.0,Signal limité dans les indicateurs récents,Suivi standard
3279,Chad,Netherlands (Kingdom of the),12.3,Faible,7,-74.1,Signal limité dans les indicateurs récents,Suivi standard
3280,Lebanon,Rep. of Moldova,12.3,Faible,6,20.0,Accélération du volume,Suivi standard
3281,Ghana,Argentina,12.3,Faible,5,-28.6,Signal limité dans les indicateurs récents,Suivi standard
3282,Benin,Togo,12.3,Faible,5,0.0,Accélération du volume,Suivi standard
3283,Cameroon,Belarus,12.3,Faible,5,,Signal limité dans les indicateurs récents,Suivi standard
3284,Rwanda,Portugal,12.3,Faible,5,,Signal limité dans les indicateurs récents,Suivi standard
3285,Brazil,Norway,12.2,Faible,10,100.0,Accélération du volume,Suivi standard
3286,Argentina,Israel,12.2,Faible,11,120.0,Accélération du volume,Suivi standard
3287,Armenia,Brazil,12.2,Faible,5,-16.7,Signal limité dans les indicateurs récents,Suivi standard
3288,Sierra Leone,Nigeria,12.2,Faible,5,,Signal limité dans les indicateurs récents,Suivi standard
3289,Lebanon,Finland,12.2,Faible,5,-50.0,Signal limité dans les indicateurs récents,Suivi standard
3290,Nigeria,New Zealand,12.2,Faible,5,0.0,Signal limité dans les indicateurs récents,Suivi standard
3291,Armenia,Denmark,12.2,Faible,12,-53.8,Signal limité dans les indicateurs récents,Suivi standard
3292,Tunisia,Poland,12.2,Faible,12,-40.0,Signal limité dans les indicateurs récents,Suivi standard
3293,South Sudan,Norway,12.2,Faible,5,-16.7,Signal limité dans les indicateurs récents,Suivi standard
3294,El Salvador,Luxembourg,12.2,Faible,5,,Signal limité dans les indicateurs récents,Suivi standard
3295,Saint Kitts and Nevis,United Kingdom of Great Britain and Northern Ireland,12.2,Faible,36,80.0,Accélération du volume,Suivi standard
3296,Dominican Rep.,Netherlands (Kingdom of the),12.2,Faible,7,40.0,Accélération du volume,Suivi standard
3297,Liberia,Nigeria,12.2,Faible,5,,Signal limité dans les indicateurs récents,Suivi standard
3298,Georgia,Australia,12.2,Faible,9,,Signal limité dans les indicateurs récents,Suivi standard
3299,United States of America,Guatemala,12.2,Faible,5,0.0,Signal limité dans les indicateurs récents,Suivi standard
3300,Slovenia,Brazil,12.1,Faible,10,25.0,Accélération du volume,Suivi standard
3301,Ghana,Nigeria,12.1,Faible,5,,Signal limité dans les indicateurs récents,Suivi standard
3302,Rep. of Korea,Canada,12.1,Faible,29,26.1,Accélération du volume,Suivi standard
3303,Guatemala,Switzerland,12.1,Faible,7,,Signal limité dans les indicateurs récents,Suivi standard
3304,Jamaica,Mexico,12.1,Faible,11,-47.6,Signal limité dans les indicateurs récents,Suivi standard
3305,Togo,Morocco,12.1,Faible,5,-61.5,Signal limité dans les indicateurs récents,Suivi standard
3306,Malaysia,Netherlands (Kingdom of the),12.1,Faible,11,120.0,Croissance récente ≥ 30 %,Suivi standard
3307,Burundi,Luxembourg,12.1,Faible,5,,Signal limité dans les indicateurs récents,Suivi standard
3308,Slovakia,Norway,12.1,Faible,5,,Signal limité dans les indicateurs récents,Suivi standard
3309,El Salvador,Argentina,12.1,Faible,5,0.0,Signal limité dans les indicateurs récents,Suivi standard
3310,Viet Nam,Greece,12.1,Faible,10,66.7,Croissance récente ≥ 30 %,Suivi standard
3311,Cameroon,Russian Federation,12.1,Faible,11,-26.7,Signal limité dans les indicateurs récents,Suivi standard
3312,Congo,Costa Rica,12.1,Faible,5,,Signal limité dans les indicateurs récents,Suivi standard
3313,Belarus,Greece,12.1,Faible,6,-40.0,Accélération du volume,Suivi standard
3314,Cote d'Ivoire,Finland,12.1,Faible,10,100.0,Croissance récente ≥ 30 %,Suivi standard
3315,Libya,Poland,12.1,Faible,7,40.0,Accélération du volume,Suivi standard
3316,Philippines,Belgium,12.1,Faible,11,-15.4,Accélération du volume,Suivi standard
3317,Kazakhstan,Costa Rica,12.1,Faible,5,,Signal limité dans les indicateurs récents,Suivi standard
3318,Panama,Luxembourg,12.1,Faible,5,,Signal limité dans les indicateurs récents,Suivi standard
3319,Iran (Islamic Rep. of),Rep. of Korea,12.1,Faible,12,20.0,Accélération du volume,Suivi standard
3320,Chile,Uruguay,12.1,Faible,6,-25.0,Signal limité dans les indicateurs récents,Suivi standard
3321,United Kingdom of Great Britain and Northern Ireland,Croatia,12.1,Faible,5,,Signal limité dans les indicateurs récents,Suivi standard
3322,Uganda,Czechia,12.1,Faible,5,,Signal limité dans les indicateurs récents,Suivi standard
3323,Hungary,Russian Federation,12.1,Faible,7,40.0,Croissance récente ≥ 30 %,Suivi standard
3324,El Salvador,Switzerland,12.1,Faible,10,100.0,Accélération du volume,Suivi standard
3325,Jordan,Mexico,12.1,Faible,5,,Signal limité dans les indicateurs récents,Suivi standard
3326,Mauritania,Luxembourg,12.0,Faible,5,,Signal limité dans les indicateurs récents,Suivi standard
3327,Pakistan,Ecuador,12.0,Faible,8,,Signal limité dans les indicateurs récents,Suivi standard
3328,Israel,Iceland,12.0,Faible,5,,Signal limité dans les indicateurs récents,Suivi standard
3329,Viet Nam,Japan,12.0,Faible,5,,Signal limité dans les indicateurs récents,Suivi standard
3330,Nicaragua,Norway,12.0,Faible,11,57.1,Accélération du volume,Suivi standard
3331,Armenia,United Kingdom of Great Britain and Northern Ireland,12.0,Faible,19,46.2,Deux hausses annuelles consécutives,Suivi standard
3332,Cote d'Ivoire,Austria,12.0,Faible,10,,Signal limité dans les indicateurs récents,Suivi standard
3333,Mongolia,Slovenia,12.0,Faible,5,-50.0,Signal limité dans les indicateurs récents,Suivi standard
3334,Czechia,United Kingdom of Great Britain and Northern Ireland,12.0,Faible,26,62.5,Accélération du volume,Suivi standard
3335,Egypt,Denmark,12.0,Faible,8,33.3,Accélération du volume,Suivi standard
3336,Burkina Faso,Austria,12.0,Faible,5,,Signal limité dans les indicateurs récents,Suivi standard
3337,Uganda,Switzerland,12.0,Faible,14,7.7,Accélération du volume,Suivi standard
3338,Belarus,Luxembourg,12.0,Faible,5,,Signal limité dans les indicateurs récents,Suivi standard
3339,Mozambique,United Kingdom of Great Britain and Northern Ireland,12.0,Faible,9,80.0,Croissance récente ≥ 30 %,Suivi standard
3340,Rep. of Moldova,Sweden,12.0,Faible,16,14.3,Accélération du volume,Suivi standard
3341,Cote d'Ivoire,Bulgaria,12.0,Faible,5,,Signal limité dans les indicateurs récents,Suivi standard
3342,Egypt,Rep. of Moldova,11.9,Faible,5,,Signal limité dans les indicateurs récents,Suivi standard
3343,Haiti,Bulgaria,11.9,Faible,5,0.0,Signal limité dans les indicateurs récents,Suivi standard
3344,Mauritania,Greece,11.9,Faible,5,,Signal limité dans les indicateurs récents,Suivi standard
3345,Israel,Austria,11.9,Faible,9,80.0,Accélération du volume,Suivi standard
3346,Brazil,New Zealand,11.9,Faible,5,,Signal limité dans les indicateurs récents,Suivi standard
3347,Mali,Austria,11.9,Faible,5,0.0,Signal limité dans les indicateurs récents,Suivi standard
3348,Ukraine,Uruguay,11.9,Faible,5,0.0,Signal limité dans les indicateurs récents,Suivi standard
3349,United States of America,Argentina,11.9,Faible,5,0.0,Signal limité dans les indicateurs récents,Suivi standard
3350,Panama,France,11.9,Faible,5,,Signal limité dans les indicateurs récents,Suivi standard
3351,Kenya,Zambia,11.9,Faible,8,,Signal limité dans les indicateurs récents,Suivi standard
3352,Nicaragua,Switzerland,11.9,Faible,6,20.0,Accélération du volume,Suivi standard
3353,Gambia,Japan,11.9,Faible,11,,Signal limité dans les indicateurs récents,Suivi standard
3354,Serbia and Kosovo: S/RES/1244 (1999),Finland,11.8,Faible,14,0.0,Signal limité dans les indicateurs récents,Suivi standard
3355,Rwanda,Australia,11.8,Faible,23,,Signal limité dans les indicateurs récents,Suivi standard
3356,Uzbekistan,Mexico,11.8,Faible,7,,Signal limité dans les indicateurs récents,Suivi standard
3357,Iran (Islamic Rep. of),Argentina,11.8,Faible,5,0.0,Signal limité dans les indicateurs récents,Suivi standard
3358,Benin,Mexico,11.8,Faible,11,-31.2,Signal limité dans les indicateurs récents,Suivi standard
3359,China,Czechia,11.8,Faible,5,-58.3,Signal limité dans les indicateurs récents,Suivi standard
3360,Egypt,Cameroon,11.8,Faible,5,0.0,Signal limité dans les indicateurs récents,Suivi standard
3361,Italy,Sweden,11.8,Faible,5,,Signal limité dans les indicateurs récents,Suivi standard
3362,Burkina Faso,Denmark,11.8,Faible,5,,Signal limité dans les indicateurs récents,Suivi standard
3363,Togo,Egypt,11.8,Faible,10,66.7,Croissance récente ≥ 30 %,Suivi standard
3364,United States of America,Panama,11.8,Faible,5,,Signal limité dans les indicateurs récents,Suivi standard
3365,Ecuador,Sweden,11.8,Faible,10,-23.1,Accélération du volume,Suivi standard
3366,Thailand,Peru,11.8,Faible,5,,Signal limité dans les indicateurs récents,Suivi standard
3367,Benin,Mauritania,11.8,Faible,7,-53.3,Signal limité dans les indicateurs récents,Suivi standard
3368,Belarus,Norway,11.8,Faible,15,-6.2,Accélération du volume,Suivi standard
3369,Mexico,Colombia,11.8,Faible,7,,Signal limité dans les indicateurs récents,Suivi standard
3370,"China, Hong Kong SAR",United Kingdom of Great Britain and Northern Ireland,11.8,Faible,17,-45.2,Signal limité dans les indicateurs récents,Suivi standard
3371,Bolivia (Plurinational State of),Ecuador,11.8,Faible,8,,Signal limité dans les indicateurs récents,Suivi standard
3372,Ecuador,Switzerland,11.8,Faible,6,20.0,Signal limité dans les indicateurs récents,Suivi standard
3373,Pakistan,Iceland,11.8,Faible,5,0.0,Accélération du volume,Suivi standard
3374,Guatemala,Peru,11.8,Faible,5,-16.7,Signal limité dans les indicateurs récents,Suivi standard
3375,Honduras,Netherlands (Kingdom of the),11.7,Faible,8,14.3,Accélération du volume,Suivi standard
3376,Suriname,United States of America,11.7,Faible,6,-77.8,Signal limité dans les indicateurs récents,Suivi standard
3377,Guinea,Denmark,11.7,Faible,11,37.5,Accélération du volume,Suivi standard
3378,Slovakia,United Kingdom of Great Britain and Northern Ireland,11.7,Faible,21,50.0,Deux hausses annuelles consécutives,Suivi standard
3379,Gabon,Belgium,11.7,Faible,23,9.5,Deux hausses annuelles consécutives,Suivi standard
3380,Mauritania,Norway,11.7,Faible,5,,Signal limité dans les indicateurs récents,Suivi standard
3381,Equatorial Guinea,Mexico,11.7,Faible,8,60.0,Accélération du volume,Suivi standard
3382,Kenya,Egypt,11.7,Faible,15,-21.1,Signal limité dans les indicateurs récents,Suivi standard
3383,Cameroon,Denmark,11.7,Faible,5,-66.7,Signal limité dans les indicateurs récents,Suivi standard
3384,Morocco,Iceland,11.7,Faible,9,-43.8,Signal limité dans les indicateurs récents,Suivi standard
3385,Montenegro,Sweden,11.7,Faible,8,,Signal limité dans les indicateurs récents,Suivi standard
3386,Senegal,Denmark,11.7,Faible,7,16.7,Signal limité dans les indicateurs récents,Suivi standard
3387,Trinidad and Tobago,Brazil,11.7,Faible,10,-9.1,Accélération du volume,Suivi standard
3388,Uzbekistan,Denmark,11.7,Faible,9,80.0,Croissance récente ≥ 30 %,Suivi standard
3389,Libya,Egypt,11.7,Faible,6,,Signal limité dans les indicateurs récents,Suivi standard
3390,Senegal,Cyprus,11.7,Faible,5,0.0,Accélération du volume,Suivi standard
3391,United States of America,Lithuania,11.7,Faible,5,,Signal limité dans les indicateurs récents,Suivi standard
3392,United Rep. of Tanzania,Portugal,11.7,Faible,5,,Signal limité dans les indicateurs récents,Suivi standard
3393,El Salvador,Greece,11.6,Faible,5,,Signal limité dans les indicateurs récents,Suivi standard
3394,Chad,Brazil,11.6,Faible,5,,Signal limité dans les indicateurs récents,Suivi standard
3395,Italy,Brazil,11.6,Faible,17,-34.6,Signal limité dans les indicateurs récents,Suivi standard
3396,Mexico,Austria,11.6,Faible,5,,Signal limité dans les indicateurs récents,Suivi standard
3397,Costa Rica,Germany,11.6,Faible,10,100.0,Accélération du volume,Suivi standard
3398,Mongolia,Spain,11.6,Faible,10,-9.1,Signal limité dans les indicateurs récents,Suivi standard
3399,Mali,Finland,11.6,Faible,5,,Signal limité dans les indicateurs récents,Suivi standard
3400,Algeria,Australia,11.6,Faible,5,,Signal limité dans les indicateurs récents,Suivi standard
3401,Honduras,Norway,11.6,Faible,6,20.0,Signal limité dans les indicateurs récents,Suivi standard
3402,Uganda,Luxembourg,11.6,Faible,5,0.0,Signal limité dans les indicateurs récents,Suivi standard
3403,Eritrea,Australia,11.5,Faible,9,,Signal limité dans les indicateurs récents,Suivi standard
3404,Chad,Norway,11.5,Faible,5,,Signal limité dans les indicateurs récents,Suivi standard
3405,Russian Federation,Iceland,11.5,Faible,11,-15.4,Signal limité dans les indicateurs récents,Suivi standard
3406,Rwanda,Netherlands (Kingdom of the),11.5,Faible,12,71.4,Accélération du volume,Suivi standard
3407,Czechia,United States of America,11.5,Faible,8,-55.6,Signal limité dans les indicateurs récents,Suivi standard
3408,Madagascar,Belgium,11.5,Faible,7,40.0,Accélération du volume,Suivi standard
3409,Armenia,Cyprus,11.5,Faible,5,,Signal limité dans les indicateurs récents,Suivi standard
3410,Jamaica,Costa Rica,11.5,Faible,5,-37.5,Signal limité dans les indicateurs récents,Suivi standard
3411,Argentina,Belgium,11.5,Faible,18,-5.3,Signal limité dans les indicateurs récents,Suivi standard
3412,Uzbekistan,Bulgaria,11.5,Faible,5,,Signal limité dans les indicateurs récents,Suivi standard
3413,Uruguay,Mexico,11.5,Faible,12,-25.0,Signal limité dans les indicateurs récents,Suivi standard
3414,Thailand,Sweden,11.5,Faible,12,-36.8,Signal limité dans les indicateurs récents,Suivi standard
3415,Turkmenistan,Romania,11.5,Faible,5,0.0,Signal limité dans les indicateurs récents,Suivi standard
3416,Mongolia,Denmark,11.5,Faible,9,80.0,Croissance récente ≥ 30 %,Suivi standard
3417,Gabon,Germany,11.5,Faible,21,50.0,Accélération du volume,Suivi standard
3418,Lebanon,Peru,11.5,Faible,5,,Signal limité dans les indicateurs récents,Suivi standard
3419,Dominica,Brazil,11.4,Faible,6,-62.5,Signal limité dans les indicateurs récents,Suivi standard
3420,Rwanda,Brazil,11.4,Faible,8,,Signal limité dans les indicateurs récents,Suivi standard
3421,Romania,Israel,11.4,Faible,10,42.9,Accélération du volume,Suivi standard
3422,Mongolia,Finland,11.4,Faible,5,,Signal limité dans les indicateurs récents,Suivi standard
3423,Romania,Rep. of Moldova,11.4,Faible,5,,Signal limité dans les indicateurs récents,Suivi standard
3424,Tunisia,Ecuador,11.4,Faible,5,,Signal limité dans les indicateurs récents,Suivi standard
3425,Azerbaijan,Ireland,11.3,Faible,10,-41.2,Signal limité dans les indicateurs récents,Suivi standard
3426,Morocco,Australia,11.3,Faible,15,,Signal limité dans les indicateurs récents,Suivi standard
3427,Germany,Switzerland,11.3,Faible,15,36.4,Deux hausses annuelles consécutives,Suivi standard
3428,United Kingdom of Great Britain and Northern Ireland,Sweden,11.3,Faible,10,100.0,Croissance récente ≥ 30 %,Suivi standard
3429,Bulgaria,United States of America,11.3,Faible,9,-40.0,Accélération du volume,Suivi standard
3430,Belgium,Canada,11.3,Faible,19,-50.0,Signal limité dans les indicateurs récents,Suivi standard
3431,Mauritius,Canada,11.3,Faible,15,-42.3,Signal limité dans les indicateurs récents,Suivi standard
3432,Uganda,Austria,11.3,Faible,10,100.0,Accélération du volume,Suivi standard
3433,Argentina,Peru,11.3,Faible,10,-58.3,Signal limité dans les indicateurs récents,Suivi standard
3434,Iran (Islamic Rep. of),Russian Federation,11.3,Faible,10,100.0,Accélération du volume,Suivi standard
3435,Israel,Finland,11.3,Faible,12,9.1,Accélération du volume,Suivi standard
3436,Uzbekistan,Spain,11.3,Faible,6,,Signal limité dans les indicateurs récents,Suivi standard
3437,Lebanon,New Zealand,11.3,Faible,6,-50.0,Signal limité dans les indicateurs récents,Suivi standard
3438,Benin,Switzerland,11.3,Faible,11,-21.4,Accélération du volume,Suivi standard
3439,Libya,Portugal,11.3,Faible,5,-37.5,Signal limité dans les indicateurs récents,Suivi standard
3440,Congo,Estonia,11.3,Faible,5,,Signal limité dans les indicateurs récents,Suivi standard
3441,Angola,Romania,11.3,Faible,5,-16.7,Signal limité dans les indicateurs récents,Suivi standard
3442,Belarus,Austria,11.3,Faible,15,-28.6,Signal limité dans les indicateurs récents,Suivi standard
3443,Oman,United Kingdom of Great Britain and Northern Ireland,11.3,Faible,28,-9.7,Signal limité dans les indicateurs récents,Suivi standard
3444,Libya,Cyprus,11.3,Faible,5,,Signal limité dans les indicateurs récents,Suivi standard
3445,Seychelles,Italy,11.3,Faible,5,-28.6,Signal limité dans les indicateurs récents,Suivi standard
3446,Zambia,Netherlands (Kingdom of the),11.3,Faible,7,40.0,Croissance récente ≥ 30 %,Suivi standard
3447,Libya,Belarus,11.3,Faible,5,,Signal limité dans les indicateurs récents,Suivi standard
3448,Zimbabwe,Dem. Rep. of the Congo,11.2,Faible,5,,Signal limité dans les indicateurs récents,Suivi standard
3449,Guinea-Bissau,Morocco,11.2,Faible,7,-22.2,Accélération du volume,Suivi standard
3450,Mali,Bulgaria,11.2,Faible,5,,Signal limité dans les indicateurs récents,Suivi standard
3451,Panama,Brazil,11.2,Faible,6,20.0,Accélération du volume,Suivi standard
3452,Dominica,United Kingdom of Great Britain and Northern Ireland,11.2,Faible,20,81.8,Accélération du volume,Suivi standard
3453,Viet Nam,Bulgaria,11.2,Faible,5,,Signal limité dans les indicateurs récents,Suivi standard
3454,Stateless,Czechia,11.2,Faible,5,-68.8,Signal limité dans les indicateurs récents,Suivi standard
3455,Ukraine,Panama,11.2,Faible,5,0.0,Signal limité dans les indicateurs récents,Suivi standard
3456,Stateless,Rep. of Korea,11.2,Faible,10,,Signal limité dans les indicateurs récents,Suivi standard
3457,Equatorial Guinea,Germany,11.2,Faible,17,-15.0,Signal limité dans les indicateurs récents,Suivi standard
3458,Kyrgyzstan,Lithuania,11.2,Faible,5,,Signal limité dans les indicateurs récents,Suivi standard
3459,Uzbekistan,Greece,11.2,Faible,5,-58.3,Signal limité dans les indicateurs récents,Suivi standard
3460,Kenya,Lebanon,11.2,Faible,5,0.0,Accélération du volume,Suivi standard
3461,Pakistan,Uruguay,11.2,Faible,7,,Signal limité dans les indicateurs récents,Suivi standard
3462,Saudi Arabia,Germany,11.2,Faible,14,-12.5,Accélération du volume,Suivi standard
3463,Guatemala,Norway,11.2,Faible,5,0.0,Signal limité dans les indicateurs récents,Suivi standard
3464,Ghana,Luxembourg,11.2,Faible,5,-16.7,Signal limité dans les indicateurs récents,Suivi standard
3465,Dominican Rep.,Bulgaria,11.1,Faible,5,0.0,Signal limité dans les indicateurs récents,Suivi standard
3466,Belarus,Rep. of Korea,11.1,Faible,5,-50.0,Signal limité dans les indicateurs récents,Suivi standard
3467,Nepal,Latvia,11.1,Faible,5,-68.8,Signal limité dans les indicateurs récents,Suivi standard
3468,Suriname,Brazil,11.1,Faible,8,-68.0,Signal limité dans les indicateurs récents,Suivi standard
3469,Sierra Leone,Sweden,11.1,Faible,12,-60.0,Signal limité dans les indicateurs récents,Suivi standard
3470,Tajikistan,Estonia,11.1,Faible,5,,Signal limité dans les indicateurs récents,Suivi standard
3471,China,Poland,11.1,Faible,7,,Signal limité dans les indicateurs récents,Suivi standard
3472,United Kingdom of Great Britain and Northern Ireland,Portugal,11.1,Faible,5,,Signal limité dans les indicateurs récents,Suivi standard
3473,Burkina Faso,Poland,11.1,Faible,5,,Signal limité dans les indicateurs récents,Suivi standard
3474,South Sudan,Ireland,11.1,Faible,5,0.0,Signal limité dans les indicateurs récents,Suivi standard
3475,Senegal,Austria,11.1,Faible,5,-28.6,Signal limité dans les indicateurs récents,Suivi standard
3476,Argentina,Costa Rica,11.1,Faible,6,-33.3,Signal limité dans les indicateurs récents,Suivi standard
3477,Uganda,Cyprus,11.0,Faible,5,0.0,Signal limité dans les indicateurs récents,Suivi standard
3478,Congo,Lebanon,11.0,Faible,5,,Signal limité dans les indicateurs récents,Suivi standard
3479,Belarus,Brazil,11.0,Faible,5,0.0,Accélération du volume,Suivi standard
3480,Uzbekistan,Belgium,11.0,Faible,11,37.5,Accélération du volume,Suivi standard
3481,Uruguay,Canada,11.0,Faible,19,18.8,Accélération du volume,Suivi standard
3482,Burundi,Norway,11.0,Faible,12,140.0,Accélération du volume,Suivi standard
3483,Guinea,Australia,11.0,Faible,5,,Signal limité dans les indicateurs récents,Suivi standard
3484,Georgia,Rep. of Moldova,11.0,Faible,5,0.0,Accélération du volume,Suivi standard
3485,Rep. of Moldova,United Kingdom of Great Britain and Northern Ireland,11.0,Faible,12,0.0,Accélération du volume,Suivi standard
3486,Equatorial Guinea,Brazil,11.0,Faible,5,-61.5,Signal limité dans les indicateurs récents,Suivi standard
3487,Bahrain,Canada,11.0,Faible,16,-38.5,Signal limité dans les indicateurs récents,Suivi standard
3488,Ghana,Poland,11.0,Faible,8,-20.0,Accélération du volume,Suivi standard
3489,Cambodia,Israel,11.0,Faible,9,0.0,Signal limité dans les indicateurs récents,Suivi standard
3490,Turkmenistan,Sweden,11.0,Faible,16,60.0,Accélération du volume,Suivi standard
3491,Malawi,United Kingdom of Great Britain and Northern Ireland,11.0,Faible,26,44.4,Accélération du volume,Suivi standard
3492,Chile,United Kingdom of Great Britain and Northern Ireland,11.0,Faible,11,10.0,Accélération du volume,Suivi standard
3493,Cote d'Ivoire,Poland,10.9,Faible,5,0.0,Signal limité dans les indicateurs récents,Suivi standard
3494,Cabo Verde,Brazil,10.9,Faible,5,-44.4,Signal limité dans les indicateurs récents,Suivi standard
3495,Rwanda,Italy,10.9,Faible,6,,Signal limité dans les indicateurs récents,Suivi standard
3496,Togo,Switzerland,10.9,Faible,10,-37.5,Accélération du volume,Suivi standard
3497,Malaysia,Brazil,10.9,Faible,5,0.0,Signal limité dans les indicateurs récents,Suivi standard
3498,Australia,Canada,10.9,Faible,11,-66.7,Signal limité dans les indicateurs récents,Suivi standard
3499,Canada,Brazil,10.9,Faible,6,20.0,Accélération du volume,Suivi standard
3500,Stateless,Poland,10.9,Faible,15,-6.2,Signal limité dans les indicateurs récents,Suivi standard
3501,Algeria,Iceland,10.9,Faible,5,-50.0,Signal limité dans les indicateurs récents,Suivi standard
3502,Belarus,United Kingdom of Great Britain and Northern Ireland,10.9,Faible,7,-72.0,Signal limité dans les indicateurs récents,Suivi standard
3503,Sierra Leone,Denmark,10.9,Faible,5,,Signal limité dans les indicateurs récents,Suivi standard
3504,Malaysia,Ireland,10.9,Faible,20,-4.8,Signal limité dans les indicateurs récents,Suivi standard
3505,Rwanda,Central African Rep.,10.9,Faible,5,0.0,Signal limité dans les indicateurs récents,Suivi standard
3506,Algeria,New Zealand,10.9,Faible,5,,Signal limité dans les indicateurs récents,Suivi standard
3507,Ethiopia,New Zealand,10.8,Faible,11,120.0,Croissance récente ≥ 30 %,Suivi standard
3508,Congo,Malaysia,10.8,Faible,5,,Signal limité dans les indicateurs récents,Suivi standard
3509,Mongolia,Netherlands (Kingdom of the),10.8,Faible,14,-22.2,Signal limité dans les indicateurs récents,Suivi standard
3510,Armenia,Rep. of Moldova,10.8,Faible,5,-73.7,Signal limité dans les indicateurs récents,Suivi standard
3511,Kazakhstan,Greece,10.8,Faible,5,-50.0,Signal limité dans les indicateurs récents,Suivi standard
3512,Paraguay,Germany,10.8,Faible,10,100.0,Accélération du volume,Suivi standard
3513,Slovakia,United States of America,10.8,Faible,5,-44.4,Signal limité dans les indicateurs récents,Suivi standard
3514,Sao Tome and Principe,Germany,10.8,Faible,5,-54.5,Signal limité dans les indicateurs récents,Suivi standard
3515,Cameroon,Australia,10.8,Faible,7,,Signal limité dans les indicateurs récents,Suivi standard
3516,Philippines,Netherlands (Kingdom of the),10.8,Faible,13,0.0,Signal limité dans les indicateurs récents,Suivi standard
3517,Poland,Russian Federation,10.8,Faible,7,40.0,Accélération du volume,Suivi standard
3518,Benin,United Kingdom of Great Britain and Northern Ireland,10.8,Faible,5,-83.3,Signal limité dans les indicateurs récents,Suivi standard
3519,Zimbabwe,Rep. of Korea,10.7,Faible,9,-10.0,Signal limité dans les indicateurs récents,Suivi standard
3520,Philippines,Spain,10.7,Faible,6,,Signal limité dans les indicateurs récents,Suivi standard
3521,Zimbabwe,Sweden,10.7,Faible,17,21.4,Accélération du volume,Suivi standard
3522,Argentina,Ecuador,10.7,Faible,6,,Signal limité dans les indicateurs récents,Suivi standard
3523,Spain,United Kingdom of Great Britain and Northern Ireland,10.7,Faible,23,43.8,Deux hausses annuelles consécutives,Suivi standard
3524,Burundi,Denmark,10.7,Faible,5,,Signal limité dans les indicateurs récents,Suivi standard
3525,Sierra Leone,Austria,10.7,Faible,10,66.7,Accélération du volume,Suivi standard
3526,Portugal,United Kingdom of Great Britain and Northern Ireland,10.7,Faible,24,20.0,Accélération + deux hausses consécutives,Suivi standard
3527,Romania,Brazil,10.7,Faible,5,0.0,Accélération du volume,Suivi standard
3528,Saint Lucia,United States of America,10.7,Faible,5,-16.7,Accélération du volume,Suivi standard
3529,Maldives,Germany,10.7,Faible,9,,Signal limité dans les indicateurs récents,Suivi standard
3530,Kyrgyzstan,Austria,10.7,Faible,10,11.1,Deux hausses annuelles consécutives,Suivi standard
3531,Argentina,United Kingdom of Great Britain and Northern Ireland,10.7,Faible,22,0.0,Signal limité dans les indicateurs récents,Suivi standard
3532,Burundi,Greece,10.7,Faible,9,,Signal limité dans les indicateurs récents,Suivi standard
3533,Guinea-Bissau,Switzerland,10.7,Faible,13,116.7,Accélération du volume,Suivi standard
3534,Kenya,Romania,10.6,Faible,5,0.0,Signal limité dans les indicateurs récents,Suivi standard
3535,New Zealand,Australia,10.6,Faible,12,140.0,Accélération du volume,Suivi standard
3536,Sri Lanka,Norway,10.6,Faible,10,0.0,Accélération du volume,Suivi standard
3537,Ghana,Iceland,10.6,Faible,5,0.0,Accélération du volume,Suivi standard
3538,Central African Rep.,Switzerland,10.6,Faible,5,0.0,Signal limité dans les indicateurs récents,Suivi standard
3539,Chad,Ireland,10.6,Faible,10,100.0,Croissance récente ≥ 30 %,Suivi standard
3540,Liberia,South Sudan,10.6,Faible,6,,Signal limité dans les indicateurs récents,Suivi standard
3541,Libya,Iceland,10.6,Faible,7,-70.8,Signal limité dans les indicateurs récents,Suivi standard
3542,Singapore,Australia,10.6,Faible,29,,Signal limité dans les indicateurs récents,Suivi standard
3543,Burundi,Finland,10.5,Faible,6,,Signal limité dans les indicateurs récents,Suivi standard
3544,United Rep. of Tanzania,Norway,10.5,Faible,13,160.0,Accélération du volume,Suivi standard
3545,Spain,Mexico,10.5,Faible,9,0.0,Signal limité dans les indicateurs récents,Suivi standard
3546,Jamaica,Netherlands (Kingdom of the),10.5,Faible,17,-22.7,Signal limité dans les indicateurs récents,Suivi standard
3547,Indonesia,Spain,10.5,Faible,5,,Signal limité dans les indicateurs récents,Suivi standard
3548,Germany,Belarus,10.5,Faible,5,0.0,Signal limité dans les indicateurs récents,Suivi standard
3549,Stateless,Belgium,10.5,Faible,8,-20.0,Accélération du volume,Suivi standard
3550,Saint Kitts and Nevis,Canada,10.5,Faible,20,-20.0,Signal limité dans les indicateurs récents,Suivi standard
3551,United Arab Emirates,Norway,10.5,Faible,5,,Signal limité dans les indicateurs récents,Suivi standard
3552,United States of America,Greece,10.5,Faible,6,-57.1,Signal limité dans les indicateurs récents,Suivi standard
3553,Uzbekistan,Latvia,10.5,Faible,5,-54.5,Signal limité dans les indicateurs récents,Suivi standard
3554,Uganda,United Rep. of Tanzania,10.5,Faible,5,,Signal limité dans les indicateurs récents,Suivi standard
3555,Sweden,United Kingdom of Great Britain and Northern Ireland,10.5,Faible,16,-57.9,Signal limité dans les indicateurs récents,Suivi standard
3556,Sweden,United States of America,10.5,Faible,9,-67.9,Signal limité dans les indicateurs récents,Suivi standard
3557,Vanuatu,United States of America,10.4,Faible,5,-28.6,Signal limité dans les indicateurs récents,Suivi standard
3558,Guinea,Russian Federation,10.4,Faible,5,,Signal limité dans les indicateurs récents,Suivi standard
3559,Israel,Netherlands (Kingdom of the),10.4,Faible,11,-15.4,Signal limité dans les indicateurs récents,Suivi standard
3560,Bulgaria,United Kingdom of Great Britain and Northern Ireland,10.4,Faible,15,-16.7,Signal limité dans les indicateurs récents,Suivi standard
3561,Sierra Leone,Rep. of Korea,10.4,Faible,6,-53.8,Signal limité dans les indicateurs récents,Suivi standard
3562,United Rep. of Tanzania,Greece,10.4,Faible,5,0.0,Signal limité dans les indicateurs récents,Suivi standard
3563,Greece,United States of America,10.4,Faible,9,80.0,Accélération du volume,Suivi standard
3564,Djibouti,Switzerland,10.4,Faible,13,18.2,Accélération du volume,Suivi standard
3565,Sao Tome and Principe,Spain,10.4,Faible,5,,Signal limité dans les indicateurs récents,Suivi standard
3566,Chile,Ireland,10.4,Faible,14,-26.3,Signal limité dans les indicateurs récents,Suivi standard
3567,Antigua and Barbuda,United States of America,10.4,Faible,5,-54.5,Signal limité dans les indicateurs récents,Suivi standard
3568,Chile,New Zealand,10.4,Faible,6,20.0,Accélération du volume,Suivi standard
3569,Kazakhstan,Rep. of Moldova,10.4,Faible,5,0.0,Signal limité dans les indicateurs récents,Suivi standard
3570,Libya,Denmark,10.3,Faible,10,-50.0,Signal limité dans les indicateurs récents,Suivi standard
3571,Angola,Sweden,10.3,Faible,5,-68.8,Signal limité dans les indicateurs récents,Suivi standard
3572,Guyana,France,10.3,Faible,5,0.0,Signal limité dans les indicateurs récents,Suivi standard
3573,United Arab Emirates,United States of America,10.3,Faible,6,-45.5,Signal limité dans les indicateurs récents,Suivi standard
3574,Slovenia,United States of America,10.3,Faible,6,-75.0,Signal limité dans les indicateurs récents,Suivi standard
3575,Bolivia (Plurinational State of),Belgium,10.3,Faible,5,,Signal limité dans les indicateurs récents,Suivi standard
3576,Congo,Slovenia,10.3,Faible,5,0.0,Signal limité dans les indicateurs récents,Suivi standard
3577,Italy,United Kingdom of Great Britain and Northern Ireland,10.3,Faible,24,9.1,Deux hausses annuelles consécutives,Suivi standard
3578,Peru,New Zealand,10.3,Faible,5,,Signal limité dans les indicateurs récents,Suivi standard
3579,Tajikistan,Belgium,10.3,Faible,10,-52.4,Signal limité dans les indicateurs récents,Suivi standard
3580,Jordan,Rep. of Korea,10.3,Faible,8,-42.9,Signal limité dans les indicateurs récents,Suivi standard
3581,Zimbabwe,Finland,10.3,Faible,7,40.0,Croissance récente ≥ 30 %,Suivi standard
3582,Togo,Netherlands (Kingdom of the),10.3,Faible,8,60.0,Accélération du volume,Suivi standard
3583,Stateless,Switzerland,10.3,Faible,9,0.0,Accélération du volume,Suivi standard
3584,Israel,Switzerland,10.3,Faible,7,0.0,Accélération du volume,Suivi standard
3585,Grenada,Canada,10.2,Faible,13,30.0,Accélération du volume,Suivi standard
3586,Nepal,Russian Federation,10.2,Faible,5,,Signal limité dans les indicateurs récents,Suivi standard
3587,Bolivia (Plurinational State of),Sweden,10.2,Faible,8,-50.0,Signal limité dans les indicateurs récents,Suivi standard
3588,Guadeloupe,United States of America,10.2,Faible,10,42.9,Accélération du volume,Suivi standard
3589,Zimbabwe,Cyprus,10.2,Faible,5,-66.7,Signal limité dans les indicateurs récents,Suivi standard
3590,Belgium,Australia,10.2,Faible,7,16.7,Deux hausses annuelles consécutives,Suivi standard
3591,Congo,Poland,10.2,Faible,10,11.1,Accélération du volume,Suivi standard
3592,Honduras,Ireland,10.2,Faible,14,-22.2,Signal limité dans les indicateurs récents,Suivi standard
3593,Serbia and Kosovo: S/RES/1244 (1999),Australia,10.2,Faible,5,,Signal limité dans les indicateurs récents,Suivi standard
3594,Zambia,Italy,10.2,Faible,5,,Signal limité dans les indicateurs récents,Suivi standard
3595,Chad,Luxembourg,10.2,Faible,5,0.0,Signal limité dans les indicateurs récents,Suivi standard
3596,Canada,United Kingdom of Great Britain and Northern Ireland,10.2,Faible,16,33.3,Deux hausses annuelles consécutives,Suivi standard
3597,Thailand,Poland,10.1,Faible,5,,Signal limité dans les indicateurs récents,Suivi standard
3598,Mauritania,Switzerland,10.1,Faible,6,0.0,Signal limité dans les indicateurs récents,Suivi standard
3599,Senegal,Norway,10.1,Faible,5,-50.0,Signal limité dans les indicateurs récents,Suivi standard
3600,Estonia,Finland,10.1,Faible,10,100.0,Croissance récente ≥ 30 %,Suivi standard
3601,Costa Rica,Brazil,10.1,Faible,9,0.0,Signal limité dans les indicateurs récents,Suivi standard
3602,Ecuador,Norway,10.1,Faible,5,0.0,Signal limité dans les indicateurs récents,Suivi standard
3603,Turkmenistan,Canada,10.1,Faible,6,20.0,Accélération du volume,Suivi standard
3604,Comoros,Canada,10.1,Faible,7,-36.4,Signal limité dans les indicateurs récents,Suivi standard
3605,Viet Nam,Austria,10.1,Faible,7,-61.1,Signal limité dans les indicateurs récents,Suivi standard
3606,Mauritania,Ireland,10.1,Faible,7,,Signal limité dans les indicateurs récents,Suivi standard
3607,Italy,Spain,10.1,Faible,5,,Signal limité dans les indicateurs récents,Suivi standard
3608,Papua New Guinea,United States of America,10.1,Faible,5,,Signal limité dans les indicateurs récents,Suivi standard
3609,Micronesia (Federated States of),United States of America,10.1,Faible,9,80.0,Accélération du volume,Suivi standard
3610,Madagascar,Germany,10.1,Faible,12,,Signal limité dans les indicateurs récents,Suivi standard
3611,Philippines,Austria,10.0,Faible,5,-16.7,Accélération du volume,Suivi standard
3612,Canada,France,10.0,Faible,5,0.0,Signal limité dans les indicateurs récents,Suivi standard
3613,Burundi,Ireland,10.0,Faible,11,-54.2,Signal limité dans les indicateurs récents,Suivi standard
3614,Benin,Egypt,10.0,Faible,5,0.0,Signal limité dans les indicateurs récents,Suivi standard
3615,Antigua and Barbuda,Canada,10.0,Faible,14,-30.0,Signal limité dans les indicateurs récents,Suivi standard
3616,Congo,Austria,10.0,Faible,15,0.0,Signal limité dans les indicateurs récents,Suivi standard
3617,Chile,Austria,10.0,Faible,5,,Signal limité dans les indicateurs récents,Suivi standard
3618,Senegal,Ireland,10.0,Faible,10,100.0,Accélération du volume,Suivi standard
3619,Philippines,Russian Federation,10.0,Faible,8,-20.0,Signal limité dans les indicateurs récents,Suivi standard
3620,Kuwait,Denmark,10.0,Faible,5,,Signal limité dans les indicateurs récents,Suivi standard
3621,Zimbabwe,Spain,10.0,Faible,10,,Signal limité dans les indicateurs récents,Suivi standard
3622,Kyrgyzstan,Latvia,10.0,Faible,5,0.0,Signal limité dans les indicateurs récents,Suivi standard
3623,Morocco,New Zealand,10.0,Faible,5,,Signal limité dans les indicateurs récents,Suivi standard
3624,Kyrgyzstan,Spain,10.0,Faible,5,-28.6,Signal limité dans les indicateurs récents,Suivi standard
3625,Timor-Leste,Germany,10.0,Faible,5,0.0,Accélération du volume,Suivi standard
3626,Italy,Finland,10.0,Faible,5,,Signal limité dans les indicateurs récents,Suivi standard
3627,Hungary,Brazil,10.0,Faible,5,0.0,Accélération du volume,Suivi standard
3628,Congo,Bulgaria,9.9,Faible,5,0.0,Signal limité dans les indicateurs récents,Suivi standard
3629,Armenia,Australia,9.9,Faible,9,,Signal limité dans les indicateurs récents,Suivi standard
3630,Spain,Uruguay,9.9,Faible,5,,Signal limité dans les indicateurs récents,Suivi standard
3631,Israel,Ireland,9.9,Faible,13,44.4,Accélération du volume,Suivi standard
3632,Mongolia,Czechia,9.9,Faible,5,-50.0,Signal limité dans les indicateurs récents,Suivi standard
3633,Russian Federation,Belarus,9.9,Faible,5,-54.5,Signal limité dans les indicateurs récents,Suivi standard
3634,Malaysia,Iceland,9.9,Faible,5,0.0,Signal limité dans les indicateurs récents,Suivi standard
3635,Gambia,Latvia,9.9,Faible,5,-37.5,Signal limité dans les indicateurs récents,Suivi standard
3636,Solomon Islands,Canada,9.9,Faible,5,0.0,Signal limité dans les indicateurs récents,Suivi standard
3637,Greece,Australia,9.9,Faible,19,46.2,Accélération du volume,Suivi standard
3638,Lithuania,United States of America,9.9,Faible,9,-50.0,Signal limité dans les indicateurs récents,Suivi standard
3639,Tajikistan,Cyprus,9.9,Faible,5,,Signal limité dans les indicateurs récents,Suivi standard
3640,Maldives,Norway,9.9,Faible,9,0.0,Signal limité dans les indicateurs récents,Suivi standard
3641,Albania,Poland,9.9,Faible,5,,Signal limité dans les indicateurs récents,Suivi standard
3642,Israel,Norway,9.9,Faible,12,-33.3,Signal limité dans les indicateurs récents,Suivi standard
3643,Bahrain,Netherlands (Kingdom of the),9.9,Faible,10,100.0,Accélération du volume,Suivi standard
3644,Belarus,Rep. of Moldova,9.9,Faible,6,-57.1,Signal limité dans les indicateurs récents,Suivi standard
3645,Liberia,Sweden,9.9,Faible,10,,Signal limité dans les indicateurs récents,Suivi standard
3646,Rwanda,Switzerland,9.9,Faible,6,20.0,Accélération du volume,Suivi standard
3647,Canada,Italy,9.8,Faible,5,0.0,Signal limité dans les indicateurs récents,Suivi standard
3648,Canada,Russian Federation,9.8,Faible,11,-31.2,Signal limité dans les indicateurs récents,Suivi standard
3649,Dominican Rep.,Australia,9.8,Faible,5,,Signal limité dans les indicateurs récents,Suivi standard
3650,France,Russian Federation,9.8,Faible,8,60.0,Accélération du volume,Suivi standard
3651,Italy,Switzerland,9.8,Faible,17,41.7,Accélération du volume,Suivi standard
3652,Chad,Poland,9.8,Faible,5,0.0,Signal limité dans les indicateurs récents,Suivi standard
3653,Japan,Norway,9.8,Faible,10,,Signal limité dans les indicateurs récents,Suivi standard
3654,South Africa,Egypt,9.8,Faible,5,,Signal limité dans les indicateurs récents,Suivi standard
3655,Tajikistan,Denmark,9.8,Faible,5,,Signal limité dans les indicateurs récents,Suivi standard
3656,United States of America,New Zealand,9.8,Faible,9,,Signal limité dans les indicateurs récents,Suivi standard
3657,Japan,Italy,9.8,Faible,5,,Signal limité dans les indicateurs récents,Suivi standard
3658,Mauritius,Luxembourg,9.8,Faible,5,-44.4,Signal limité dans les indicateurs récents,Suivi standard
3659,Gabon,Greece,9.8,Faible,7,-50.0,Signal limité dans les indicateurs récents,Suivi standard
3660,Kyrgyzstan,Belgium,9.8,Faible,13,-35.0,Signal limité dans les indicateurs récents,Suivi standard
3661,Bahrain,Germany,9.8,Faible,11,0.0,Accélération du volume,Suivi standard
3662,Indonesia,Belgium,9.8,Faible,5,,Signal limité dans les indicateurs récents,Suivi standard
3663,Tunisia,Norway,9.8,Faible,8,-20.0,Accélération du volume,Suivi standard
3664,Turkmenistan,Cyprus,9.7,Faible,5,,Signal limité dans les indicateurs récents,Suivi standard
3665,Lithuania,United Kingdom of Great Britain and Northern Ireland,9.7,Faible,26,-7.1,Signal limité dans les indicateurs récents,Suivi standard
3666,Liberia,Morocco,9.7,Faible,5,-28.6,Accélération du volume,Suivi standard
3667,Belgium,United States of America,9.7,Faible,6,-60.0,Accélération du volume,Suivi standard
3668,Philippines,Poland,9.7,Faible,7,0.0,Signal limité dans les indicateurs récents,Suivi standard
3669,Eswatini,Norway,9.7,Faible,5,,Signal limité dans les indicateurs récents,Suivi standard
3670,Libya,Finland,9.7,Faible,5,0.0,Accélération du volume,Suivi standard
3671,Armenia,Norway,9.7,Faible,5,-68.8,Signal limité dans les indicateurs récents,Suivi standard
3672,Tajikistan,Norway,9.7,Faible,5,,Signal limité dans les indicateurs récents,Suivi standard
3673,Libya,Russian Federation,9.7,Faible,5,0.0,Signal limité dans les indicateurs récents,Suivi standard
3674,Croatia,United States of America,9.7,Faible,5,-58.3,Signal limité dans les indicateurs récents,Suivi standard
3675,Germany,Australia,9.7,Faible,27,,Signal limité dans les indicateurs récents,Suivi standard
3676,North Macedonia,United Kingdom of Great Britain and Northern Ireland,9.6,Faible,7,-41.7,Signal limité dans les indicateurs récents,Suivi standard
3677,Cambodia,Italy,9.6,Faible,6,,Signal limité dans les indicateurs récents,Suivi standard
3678,Thailand,Finland,9.6,Faible,5,0.0,Signal limité dans les indicateurs récents,Suivi standard
3679,Bosnia and Herzegovina,Russian Federation,9.6,Faible,5,,Signal limité dans les indicateurs récents,Suivi standard
3680,Hungary,Mexico,9.6,Faible,5,,Signal limité dans les indicateurs récents,Suivi standard
3681,Kazakhstan,Denmark,9.6,Faible,5,0.0,Signal limité dans les indicateurs récents,Suivi standard
3682,Costa Rica,Sweden,9.6,Faible,11,-45.0,Signal limité dans les indicateurs récents,Suivi standard
3683,Canada,Spain,9.6,Faible,9,80.0,Croissance récente ≥ 30 %,Suivi standard
3684,El Salvador,Peru,9.6,Faible,5,,Signal limité dans les indicateurs récents,Suivi standard
3685,Sweden,Germany,9.6,Faible,10,-41.2,Signal limité dans les indicateurs récents,Suivi standard
3686,Sierra Leone,Finland,9.5,Faible,7,-12.5,Accélération du volume,Suivi standard
3687,Trinidad and Tobago,Spain,9.5,Faible,5,0.0,Signal limité dans les indicateurs récents,Suivi standard
3688,Jordan,New Zealand,9.5,Faible,10,-16.7,Signal limité dans les indicateurs récents,Suivi standard
3689,Kenya,Finland,9.5,Faible,5,-77.3,Signal limité dans les indicateurs récents,Suivi standard
3690,Israel,New Zealand,9.5,Faible,5,-37.5,Signal limité dans les indicateurs récents,Suivi standard
3691,Kazakhstan,Austria,9.5,Faible,11,-42.1,Signal limité dans les indicateurs récents,Suivi standard
3692,Kenya,Denmark,9.5,Faible,10,-47.4,Signal limité dans les indicateurs récents,Suivi standard
3693,Kuwait,Switzerland,9.5,Faible,10,0.0,Signal limité dans les indicateurs récents,Suivi standard
3694,Mozambique,Australia,9.5,Faible,5,,Signal limité dans les indicateurs récents,Suivi standard
3695,Turkmenistan,United Kingdom of Great Britain and Northern Ireland,9.5,Faible,7,-58.8,Signal limité dans les indicateurs récents,Suivi standard
3696,Panama,United Kingdom of Great Britain and Northern Ireland,9.5,Faible,16,100.0,Accélération du volume,Suivi standard
3697,Trinidad and Tobago,Ireland,9.5,Faible,10,100.0,Croissance récente ≥ 30 %,Suivi standard
3698,Italy,Germany,9.5,Faible,7,-36.4,Signal limité dans les indicateurs récents,Suivi standard
3699,Indonesia,Switzerland,9.5,Faible,5,,Signal limité dans les indicateurs récents,Suivi standard
3700,Cote d'Ivoire,Ireland,9.5,Faible,10,100.0,Accélération du volume,Suivi standard
3701,United States of America,Cyprus,9.5,Faible,5,,Signal limité dans les indicateurs récents,Suivi standard
3702,Spain,Denmark,9.4,Faible,5,,Signal limité dans les indicateurs récents,Suivi standard
3703,Mali,Norway,9.4,Faible,5,0.0,Signal limité dans les indicateurs récents,Suivi standard
3704,Botswana,Canada,9.4,Faible,10,-16.7,Signal limité dans les indicateurs récents,Suivi standard
3705,Tuvalu,Australia,9.4,Faible,9,80.0,Croissance récente ≥ 30 %,Suivi standard
3706,United Kingdom of Great Britain and Northern Ireland,Russian Federation,9.4,Faible,10,-23.1,Signal limité dans les indicateurs récents,Suivi standard
3707,Uganda,New Zealand,9.4,Faible,9,-18.2,Signal limité dans les indicateurs récents,Suivi standard
3708,Slovakia,Austria,9.4,Faible,7,,Signal limité dans les indicateurs récents,Suivi standard
3709,Kazakhstan,Switzerland,9.4,Faible,6,-25.0,Signal limité dans les indicateurs récents,Suivi standard
3710,Turkmenistan,Italy,9.4,Faible,5,,Signal limité dans les indicateurs récents,Suivi standard
3711,Samoa,New Zealand,9.4,Faible,6,,Signal limité dans les indicateurs récents,Suivi standard
3712,Kenya,Poland,9.4,Faible,6,20.0,Signal limité dans les indicateurs récents,Suivi standard
3713,Portugal,Germany,9.3,Faible,10,100.0,Accélération du volume,Suivi standard
3714,Uzbekistan,Switzerland,9.3,Faible,14,-6.7,Signal limité dans les indicateurs récents,Suivi standard
3715,Jordan,Poland,9.3,Faible,5,-54.5,Signal limité dans les indicateurs récents,Suivi standard
3716,Zimbabwe,Switzerland,9.3,Faible,14,,Signal limité dans les indicateurs récents,Suivi standard
3717,United Kingdom of Great Britain and Northern Ireland,Brazil,9.3,Faible,5,0.0,Signal limité dans les indicateurs récents,Suivi standard
3718,Samoa,Canada,9.3,Faible,5,,Signal limité dans les indicateurs récents,Suivi standard
3719,Seychelles,United Kingdom of Great Britain and Northern Ireland,9.3,Faible,5,,Signal limité dans les indicateurs récents,Suivi standard
3720,Gambia,Poland,9.3,Faible,5,-58.3,Signal limité dans les indicateurs récents,Suivi standard
3721,Cabo Verde,Germany,9.2,Faible,10,-16.7,Signal limité dans les indicateurs récents,Suivi standard
3722,Hungary,New Zealand,9.2,Faible,8,14.3,Signal limité dans les indicateurs récents,Suivi standard
3723,Botswana,Israel,9.2,Faible,5,,Signal limité dans les indicateurs récents,Suivi standard
3724,New Zealand,Canada,9.2,Faible,7,,Signal limité dans les indicateurs récents,Suivi standard
3725,Turkmenistan,Switzerland,9.2,Faible,7,40.0,Accélération du volume,Suivi standard
3726,Botswana,Germany,9.2,Faible,13,62.5,Croissance récente ≥ 30 %,Suivi standard
3727,Benin,Austria,9.2,Faible,7,-12.5,Accélération du volume,Suivi standard
3728,Belarus,Australia,9.2,Faible,11,,Signal limité dans les indicateurs récents,Suivi standard
3729,Gambia,Norway,9.2,Faible,9,80.0,Accélération du volume,Suivi standard
3730,Botswana,Australia,9.2,Faible,27,,Signal limité dans les indicateurs récents,Suivi standard
3731,Djibouti,Cyprus,9.2,Faible,5,-50.0,Signal limité dans les indicateurs récents,Suivi standard
3732,Mauritania,United Kingdom of Great Britain and Northern Ireland,9.2,Faible,8,33.3,Accélération du volume,Suivi standard
3733,Gabon,Morocco,9.2,Faible,5,-61.5,Signal limité dans les indicateurs récents,Suivi standard
3734,Germany,Austria,9.2,Faible,11,120.0,Croissance récente ≥ 30 %,Suivi standard
3735,Thailand,New Zealand,9.2,Faible,5,0.0,Accélération du volume,Suivi standard
3736,Equatorial Guinea,Canada,9.2,Faible,9,28.6,Accélération du volume,Suivi standard
3737,Honduras,Finland,9.2,Faible,5,-50.0,Signal limité dans les indicateurs récents,Suivi standard
3738,Namibia,Costa Rica,9.1,Faible,5,0.0,Signal limité dans les indicateurs récents,Suivi standard
3739,Papua New Guinea,New Zealand,9.1,Faible,5,0.0,Signal limité dans les indicateurs récents,Suivi standard
3740,Brazil,Finland,9.1,Faible,5,0.0,Signal limité dans les indicateurs récents,Suivi standard
3741,United States of America,Ecuador,9.1,Faible,5,,Signal limité dans les indicateurs récents,Suivi standard
3742,Jordan,Finland,9.1,Faible,5,0.0,Accélération du volume,Suivi standard
3743,Estonia,Australia,9.1,Faible,26,,Signal limité dans les indicateurs récents,Suivi standard
3744,New Zealand,United States of America,9.1,Faible,5,,Signal limité dans les indicateurs récents,Suivi standard
3745,Canada,Poland,9.1,Faible,5,,Signal limité dans les indicateurs récents,Suivi standard
3746,Latvia,United States of America,9.1,Faible,12,20.0,Accélération du volume,Suivi standard
3747,Saint Kitts and Nevis,Germany,9.1,Faible,5,,Signal limité dans les indicateurs récents,Suivi standard
3748,Kenya,Austria,9.0,Faible,6,20.0,Accélération du volume,Suivi standard
3749,Romania,Denmark,9.0,Faible,6,20.0,Accélération du volume,Suivi standard
3750,Malaysia,Finland,9.0,Faible,5,,Signal limité dans les indicateurs récents,Suivi standard
3751,Romania,Switzerland,9.0,Faible,9,80.0,Accélération du volume,Suivi standard
3752,Romania,Austria,9.0,Faible,5,,Signal limité dans les indicateurs récents,Suivi standard
3753,Dem. People's Rep. of Korea,Brazil,9.0,Faible,6,,Signal limité dans les indicateurs récents,Suivi standard
3754,Belize,Canada,9.0,Faible,5,,Signal limité dans les indicateurs récents,Suivi standard
3755,United States of America,Denmark,9.0,Faible,7,-22.2,Signal limité dans les indicateurs récents,Suivi standard
3756,Cambodia,Ireland,9.0,Faible,5,,Signal limité dans les indicateurs récents,Suivi standard
3757,Western Sahara,Switzerland,8.9,Faible,5,-16.7,Accélération du volume,Suivi standard
3758,United Kingdom of Great Britain and Northern Ireland,Germany,8.9,Faible,14,40.0,Accélération du volume,Suivi standard
3759,Suriname,Uruguay,8.9,Faible,5,0.0,Signal limité dans les indicateurs récents,Suivi standard
3760,Malta,United States of America,8.9,Faible,5,,Signal limité dans les indicateurs récents,Suivi standard
3761,Jordan,Russian Federation,8.9,Faible,5,,Signal limité dans les indicateurs récents,Suivi standard
3762,South Africa,Greece,8.9,Faible,5,,Signal limité dans les indicateurs récents,Suivi standard
3763,Greece,Canada,8.9,Faible,14,-17.6,Signal limité dans les indicateurs récents,Suivi standard
3764,Japan,Canada,8.9,Faible,6,-33.3,Signal limité dans les indicateurs récents,Suivi standard
3765,Zimbabwe,Belgium,8.9,Faible,5,0.0,Signal limité dans les indicateurs récents,Suivi standard
3766,Botswana,Brazil,8.9,Faible,5,,Signal limité dans les indicateurs récents,Suivi standard
3767,Kyrgyzstan,Denmark,8.9,Faible,5,,Signal limité dans les indicateurs récents,Suivi standard
3768,Romania,Germany,8.9,Faible,6,,Signal limité dans les indicateurs récents,Suivi standard
3769,Slovakia,Belgium,8.9,Faible,5,,Signal limité dans les indicateurs récents,Suivi standard
3770,Djibouti,Sweden,8.9,Faible,5,-80.0,Signal limité dans les indicateurs récents,Suivi standard
3771,Comoros,Netherlands (Kingdom of the),8.9,Faible,9,,Signal limité dans les indicateurs récents,Suivi standard
3772,Zimbabwe,Norway,8.8,Faible,9,-47.1,Signal limité dans les indicateurs récents,Suivi standard
3773,Togo,United Kingdom of Great Britain and Northern Ireland,8.8,Faible,7,-41.7,Signal limité dans les indicateurs récents,Suivi standard
3774,Panama,Ireland,8.8,Faible,15,-11.8,Signal limité dans les indicateurs récents,Suivi standard
3775,Tajikistan,Ireland,8.8,Faible,6,,Signal limité dans les indicateurs récents,Suivi standard
3776,Finland,Norway,8.8,Faible,5,,Signal limité dans les indicateurs récents,Suivi standard
3777,Marshall Islands,Canada,8.8,Faible,9,80.0,Croissance récente ≥ 30 %,Suivi standard
3778,Tonga,New Zealand,8.8,Faible,5,-54.5,Signal limité dans les indicateurs récents,Suivi standard
3779,New Zealand,United Kingdom of Great Britain and Northern Ireland,8.7,Faible,8,,Signal limité dans les indicateurs récents,Suivi standard
3780,Malawi,Australia,8.7,Faible,9,,Signal limité dans les indicateurs récents,Suivi standard
3781,Namibia,Ireland,8.7,Faible,14,55.6,Accélération du volume,Suivi standard
3782,Portugal,Belgium,8.7,Faible,5,,Signal limité dans les indicateurs récents,Suivi standard
3783,Liberia,Poland,8.7,Faible,5,,Signal limité dans les indicateurs récents,Suivi standard
3784,Antigua and Barbuda,United Kingdom of Great Britain and Northern Ireland,8.7,Faible,8,-50.0,Signal limité dans les indicateurs récents,Suivi standard
3785,Japan,Brazil,8.7,Faible,5,,Signal limité dans les indicateurs récents,Suivi standard
3786,Lithuania,Sweden,8.7,Faible,5,,Signal limité dans les indicateurs récents,Suivi standard
3787,Kenya,Cyprus,8.7,Faible,5,-50.0,Signal limité dans les indicateurs récents,Suivi standard
3788,Argentina,Sweden,8.7,Faible,6,-45.5,Signal limité dans les indicateurs récents,Suivi standard
3789,Gambia,Ireland,8.7,Faible,9,80.0,Accélération du volume,Suivi standard
3790,Saudi Arabia,Sweden,8.7,Faible,5,,Signal limité dans les indicateurs récents,Suivi standard
3791,Paraguay,Canada,8.6,Faible,5,,Signal limité dans les indicateurs récents,Suivi standard
3792,Congo,Finland,8.6,Faible,6,20.0,Accélération du volume,Suivi standard
3793,Oman,Canada,8.6,Faible,5,0.0,Accélération du volume,Suivi standard
3794,Netherlands (Kingdom of the),Germany,8.6,Faible,10,0.0,Signal limité dans les indicateurs récents,Suivi standard
3795,Cyprus,United Kingdom of Great Britain and Northern Ireland,8.6,Faible,8,0.0,Signal limité dans les indicateurs récents,Suivi standard
3796,Paraguay,United Kingdom of Great Britain and Northern Ireland,8.6,Faible,8,-38.5,Signal limité dans les indicateurs récents,Suivi standard
3797,Spain,Peru,8.6,Faible,5,,Signal limité dans les indicateurs récents,Suivi standard
3798,Dem. People's Rep. of Korea,United Kingdom of Great Britain and Northern Ireland,8.6,Faible,10,,Signal limité dans les indicateurs récents,Suivi standard
3799,South Africa,Switzerland,8.6,Faible,5,-28.6,Signal limité dans les indicateurs récents,Suivi standard
3800,Qatar,United Kingdom of Great Britain and Northern Ireland,8.5,Faible,5,0.0,Signal limité dans les indicateurs récents,Suivi standard
3801,Guinea-Bissau,Netherlands (Kingdom of the),8.5,Faible,7,40.0,Accélération du volume,Suivi standard
3802,Comoros,Switzerland,8.5,Faible,5,,Signal limité dans les indicateurs récents,Suivi standard
3803,Jamaica,Switzerland,8.5,Faible,5,0.0,Signal limité dans les indicateurs récents,Suivi standard
3804,Congo,Ireland,8.5,Faible,9,80.0,Accélération du volume,Suivi standard
3805,United Kingdom of Great Britain and Northern Ireland,Ireland,8.5,Faible,17,41.7,Accélération du volume,Suivi standard
3806,Serbia and Kosovo: S/RES/1244 (1999),Russian Federation,8.5,Faible,5,-37.5,Signal limité dans les indicateurs récents,Suivi standard
3807,Canada,Finland,8.4,Faible,5,,Signal limité dans les indicateurs récents,Suivi standard
3808,Togo,Finland,8.4,Faible,5,,Signal limité dans les indicateurs récents,Suivi standard
3809,Denmark,Canada,8.4,Faible,11,-26.7,Signal limité dans les indicateurs récents,Suivi standard
3810,Lesotho,Ireland,8.4,Faible,14,-22.2,Signal limité dans les indicateurs récents,Suivi standard
3811,Brunei Darussalam,United Kingdom of Great Britain and Northern Ireland,8.4,Faible,5,,Signal limité dans les indicateurs récents,Suivi standard
3812,United Kingdom of Great Britain and Northern Ireland,Finland,8.4,Faible,6,,Signal limité dans les indicateurs récents,Suivi standard
3813,Djibouti,Austria,8.4,Faible,5,,Signal limité dans les indicateurs récents,Suivi standard
3814,Australia,United Kingdom of Great Britain and Northern Ireland,8.4,Faible,5,-50.0,Signal limité dans les indicateurs récents,Suivi standard
3815,United Rep. of Tanzania,Poland,8.4,Faible,7,16.7,Accélération du volume,Suivi standard
3816,Israel,Denmark,8.4,Faible,5,-16.7,Signal limité dans les indicateurs récents,Suivi standard
3817,Finland,Canada,8.4,Faible,5,,Signal limité dans les indicateurs récents,Suivi standard
3818,Congo,Russian Federation,8.4,Faible,5,0.0,Signal limité dans les indicateurs récents,Suivi standard
3819,Saudi Arabia,Belgium,8.4,Faible,5,,Signal limité dans les indicateurs récents,Suivi standard
3820,United States of America,Poland,8.4,Faible,5,,Signal limité dans les indicateurs récents,Suivi standard
3821,Netherlands (Kingdom of the),United Kingdom of Great Britain and Northern Ireland,8.4,Faible,11,10.0,Deux hausses annuelles consécutives,Suivi standard
3822,Belarus,Ireland,8.4,Faible,6,-60.0,Signal limité dans les indicateurs récents,Suivi standard
3823,Argentina,Netherlands (Kingdom of the),8.4,Faible,5,,Signal limité dans les indicateurs récents,Suivi standard
3824,Singapore,Canada,8.3,Faible,5,,Signal limité dans les indicateurs récents,Suivi standard
3825,Netherlands (Kingdom of the),Brazil,8.3,Faible,6,-14.3,Accélération du volume,Suivi standard
3826,Equatorial Guinea,Italy,8.3,Faible,5,,Signal limité dans les indicateurs récents,Suivi standard
3827,Ireland,New Zealand,8.3,Faible,6,,Signal limité dans les indicateurs récents,Suivi standard
3828,Costa Rica,Ireland,8.3,Faible,7,40.0,Accélération du volume,Suivi standard
3829,Kyrgyzstan,Finland,8.3,Faible,5,,Signal limité dans les indicateurs récents,Suivi standard
3830,Costa Rica,Switzerland,8.3,Faible,5,,Signal limité dans les indicateurs récents,Suivi standard
3831,Zimbabwe,Austria,8.3,Faible,5,-61.5,Signal limité dans les indicateurs récents,Suivi standard
3832,Jamaica,Ireland,8.3,Faible,5,,Signal limité dans les indicateurs récents,Suivi standard
3833,Croatia,Canada,8.3,Faible,9,50.0,Croissance récente ≥ 30 %,Suivi standard
3834,Guinea-Bissau,Belgium,8.3,Faible,5,-37.5,Signal limité dans les indicateurs récents,Suivi standard
3835,Saudi Arabia,Brazil,8.3,Faible,8,,Signal limité dans les indicateurs récents,Suivi standard
3836,Gabon,Austria,8.3,Faible,5,,Signal limité dans les indicateurs récents,Suivi standard
3837,Sao Tome and Principe,Switzerland,8.2,Faible,5,,Signal limité dans les indicateurs récents,Suivi standard
3838,Kyrgyzstan,Netherlands (Kingdom of the),8.2,Faible,5,-50.0,Signal limité dans les indicateurs récents,Suivi standard
3839,Trinidad and Tobago,Sweden,8.2,Faible,5,,Signal limité dans les indicateurs récents,Suivi standard
3840,South Africa,Sweden,8.2,Faible,5,-68.8,Signal limité dans les indicateurs récents,Suivi standard
3841,Finland,United States of America,8.2,Faible,5,0.0,Accélération du volume,Suivi standard
3842,Switzerland,Brazil,8.2,Faible,5,-44.4,Signal limité dans les indicateurs récents,Suivi standard
3843,United Rep. of Tanzania,Switzerland,8.2,Faible,8,0.0,Signal limité dans les indicateurs récents,Suivi standard
3844,Saint Vincent and the Grenadines,Netherlands (Kingdom of the),8.2,Faible,6,,Signal limité dans les indicateurs récents,Suivi standard
3845,Germany,Spain,8.1,Faible,5,,Signal limité dans les indicateurs récents,Suivi standard
3846,Fiji,United Kingdom of Great Britain and Northern Ireland,8.1,Faible,5,,Signal limité dans les indicateurs récents,Suivi standard
3847,Belgium,Brazil,8.1,Faible,5,-16.7,Signal limité dans les indicateurs récents,Suivi standard
3848,Timor-Leste,Canada,8.1,Faible,5,0.0,Signal limité dans les indicateurs récents,Suivi standard
3849,Uzbekistan,Ireland,8.1,Faible,5,0.0,Accélération du volume,Suivi standard
3850,Kyrgyzstan,Norway,8.1,Faible,5,,Signal limité dans les indicateurs récents,Suivi standard
3851,Congo,Sweden,8.1,Faible,5,-54.5,Signal limité dans les indicateurs récents,Suivi standard
3852,Liberia,United Kingdom of Great Britain and Northern Ireland,8.1,Faible,19,18.8,Accélération du volume,Suivi standard
3853,Equatorial Guinea,Sweden,8.1,Faible,10,-9.1,Signal limité dans les indicateurs récents,Suivi standard
3854,Latvia,United Kingdom of Great Britain and Northern Ireland,8.0,Faible,10,-41.2,Signal limité dans les indicateurs récents,Suivi standard
3855,Romania,Belgium,8.0,Faible,6,,Signal limité dans les indicateurs récents,Suivi standard
3856,Gabon,Brazil,8.0,Faible,5,,Signal limité dans les indicateurs récents,Suivi standard
3857,South Africa,Austria,8.0,Faible,5,,Signal limité dans les indicateurs récents,Suivi standard
3858,France,Germany,8.0,Faible,5,,Signal limité dans les indicateurs récents,Suivi standard
3859,Sweden,Brazil,8.0,Faible,5,,Signal limité dans les indicateurs récents,Suivi standard
3860,Suriname,Canada,8.0,Faible,5,,Signal limité dans les indicateurs récents,Suivi standard
3861,Costa Rica,United Kingdom of Great Britain and Northern Ireland,8.0,Faible,9,80.0,Accélération du volume,Suivi standard
3862,Liberia,Denmark,7.9,Faible,5,,Signal limité dans les indicateurs récents,Suivi standard
3863,Saint-Martin (French part),Australia,7.9,Faible,5,,Signal limité dans les indicateurs récents,Suivi standard
3864,Sweden,Denmark,7.9,Faible,5,0.0,Signal limité dans les indicateurs récents,Suivi standard
3865,"China, Hong Kong SAR",New Zealand,7.9,Faible,5,,Signal limité dans les indicateurs récents,Suivi standard
3866,Zimbabwe,New Zealand,7.9,Faible,5,-16.7,Signal limité dans les indicateurs récents,Suivi standard
3867,Latvia,Denmark,7.9,Faible,5,0.0,Signal limité dans les indicateurs récents,Suivi standard
3868,Rwanda,Poland,7.9,Faible,5,,Signal limité dans les indicateurs récents,Suivi standard
3869,Maldives,United Kingdom of Great Britain and Northern Ireland,7.9,Faible,6,20.0,Accélération du volume,Suivi standard
3870,Canada,Sweden,7.9,Faible,5,-50.0,Signal limité dans les indicateurs récents,Suivi standard
3871,Bosnia and Herzegovina,Norway,7.8,Faible,6,0.0,Accélération du volume,Suivi standard
3872,Poland,Denmark,7.8,Faible,5,0.0,Signal limité dans les indicateurs récents,Suivi standard
3873,Rwanda,Ireland,7.8,Faible,10,-16.7,Signal limité dans les indicateurs récents,Suivi standard
3874,Estonia,United States of America,7.8,Faible,5,,Signal limité dans les indicateurs récents,Suivi standard
3875,Gabon,United Kingdom of Great Britain and Northern Ireland,7.8,Faible,5,,Signal limité dans les indicateurs récents,Suivi standard
3876,Lithuania,Canada,7.8,Faible,5,-66.7,Signal limité dans les indicateurs récents,Suivi standard
3877,Hungary,Switzerland,7.8,Faible,7,,Signal limité dans les indicateurs récents,Suivi standard
3878,Netherlands (Kingdom of the),Mexico,7.8,Faible,5,,Signal limité dans les indicateurs récents,Suivi standard
3879,France,Spain,7.8,Faible,5,0.0,Signal limité dans les indicateurs récents,Suivi standard
3880,Norway,Germany,7.7,Faible,5,-50.0,Signal limité dans les indicateurs récents,Suivi standard
3881,Zimbabwe,Denmark,7.7,Faible,5,0.0,Signal limité dans les indicateurs récents,Suivi standard
3882,Gabon,Switzerland,7.7,Faible,5,,Signal limité dans les indicateurs récents,Suivi standard
3883,Togo,Poland,7.7,Faible,5,,Signal limité dans les indicateurs récents,Suivi standard
3884,Poland,Brazil,7.7,Faible,5,,Signal limité dans les indicateurs récents,Suivi standard
3885,Canada,Ireland,7.7,Faible,5,,Signal limité dans les indicateurs récents,Suivi standard
3886,Costa Rica,Finland,7.7,Faible,5,0.0,Signal limité dans les indicateurs récents,Suivi standard
3887,Saudi Arabia,Norway,7.7,Faible,7,-22.2,Signal limité dans les indicateurs récents,Suivi standard
3888,United Arab Emirates,Netherlands (Kingdom of the),7.7,Faible,5,0.0,Signal limité dans les indicateurs récents,Suivi standard
3889,Papua New Guinea,United Kingdom of Great Britain and Northern Ireland,7.7,Faible,5,0.0,Signal limité dans les indicateurs récents,Suivi standard
3890,Djibouti,United Kingdom of Great Britain and Northern Ireland,7.7,Faible,5,0.0,Signal limité dans les indicateurs récents,Suivi standard
3891,Kyrgyzstan,Switzerland,7.6,Faible,6,-40.0,Signal limité dans les indicateurs récents,Suivi standard
3892,Netherlands (Kingdom of the),Peru,7.6,Faible,5,,Signal limité dans les indicateurs récents,Suivi standard
3893,"China, Hong Kong SAR",Germany,7.6,Faible,5,-50.0,Signal limité dans les indicateurs récents,Suivi standard
3894,Dominica,Australia,7.6,Faible,8,,Signal limité dans les indicateurs récents,Suivi standard
3895,Panama,Netherlands (Kingdom of the),7.6,Faible,6,0.0,Signal limité dans les indicateurs récents,Suivi standard
3896,Western Sahara,United Kingdom of Great Britain and Northern Ireland,7.6,Faible,5,,Signal limité dans les indicateurs récents,Suivi standard
3897,United Arab Emirates,United Kingdom of Great Britain and Northern Ireland,7.6,Faible,6,20.0,Accélération du volume,Suivi standard
3898,Bulgaria,Poland,7.5,Faible,5,0.0,Signal limité dans les indicateurs récents,Suivi standard
3899,Norway,Australia,7.5,Faible,5,0.0,Accélération du volume,Suivi standard
3900,Paraguay,Australia,7.5,Faible,5,,Signal limité dans les indicateurs récents,Suivi standard
3901,Lithuania,Denmark,7.5,Faible,5,0.0,Signal limité dans les indicateurs récents,Suivi standard
3902,Montenegro,Switzerland,7.4,Faible,5,-44.4,Signal limité dans les indicateurs récents,Suivi standard
3903,Liberia,Norway,7.4,Faible,5,0.0,Signal limité dans les indicateurs récents,Suivi standard
3904,Poland,Switzerland,7.4,Faible,6,20.0,Accélération du volume,Suivi standard
3905,Greece,United Kingdom of Great Britain and Northern Ireland,7.4,Faible,12,50.0,Croissance récente ≥ 30 %,Suivi standard
3906,Hungary,Australia,7.4,Faible,5,,Signal limité dans les indicateurs récents,Suivi standard
3907,Bahrain,Australia,7.4,Faible,7,,Signal limité dans les indicateurs récents,Suivi standard
3908,Kyrgyzstan,Australia,7.4,Faible,5,,Signal limité dans les indicateurs récents,Suivi standard
3909,Canada,Netherlands (Kingdom of the),7.4,Faible,5,,Signal limité dans les indicateurs récents,Suivi standard
3910,Turkmenistan,Australia,7.4,Faible,9,,Signal limité dans les indicateurs récents,Suivi standard
3911,France,United Kingdom of Great Britain and Northern Ireland,7.3,Faible,12,-29.4,Signal limité dans les indicateurs récents,Suivi standard
3912,United Rep. of Tanzania,Australia,7.3,Faible,8,,Signal limité dans les indicateurs récents,Suivi standard
3913,United States of America,Austria,7.2,Faible,8,,Signal limité dans les indicateurs récents,Suivi standard
3914,Germany,Poland,7.2,Faible,5,0.0,Accélération du volume,Suivi standard
3915,Uruguay,Netherlands (Kingdom of the),7.2,Faible,5,,Signal limité dans les indicateurs récents,Suivi standard
3916,Germany,Sweden,7.2,Faible,5,,Signal limité dans les indicateurs récents,Suivi standard
3917,Saudi Arabia,Australia,7.1,Faible,14,,Signal limité dans les indicateurs récents,Suivi standard
3918,Marshall Islands,United States of America,7.1,Faible,5,,Signal limité dans les indicateurs récents,Suivi standard
3919,Eswatini,United Kingdom of Great Britain and Northern Ireland,7.1,Faible,6,20.0,Signal limité dans les indicateurs récents,Suivi standard
3920,Latvia,Brazil,7.1,Faible,5,,Signal limité dans les indicateurs récents,Suivi standard
3921,Guyana,Ireland,7.1,Faible,8,-46.7,Signal limité dans les indicateurs récents,Suivi standard
3922,Saudi Arabia,Switzerland,7.0,Faible,5,0.0,Signal limité dans les indicateurs récents,Suivi standard
3923,United Kingdom of Great Britain and Northern Ireland,Switzerland,7.0,Faible,6,-14.3,Signal limité dans les indicateurs récents,Suivi standard
3924,Ireland,Belgium,7.0,Faible,5,,Signal limité dans les indicateurs récents,Suivi standard
3925,Sweden,Finland,7.0,Faible,5,0.0,Signal limité dans les indicateurs récents,Suivi standard
3926,Liberia,Australia,6.9,Faible,5,,Signal limité dans les indicateurs récents,Suivi standard
3927,Paraguay,Ireland,6.9,Faible,5,0.0,Signal limité dans les indicateurs récents,Suivi standard
3928,Eswatini,New Zealand,6.9,Faible,5,0.0,Signal limité dans les indicateurs récents,Suivi standard
3929,Saudi Arabia,Austria,6.8,Faible,5,,Signal limité dans les indicateurs récents,Suivi standard
3930,Poland,Australia,6.8,Faible,14,,Signal limité dans les indicateurs récents,Suivi standard
3931,Singapore,Germany,6.8,Faible,5,,Signal limité dans les indicateurs récents,Suivi standard
3932,Slovakia,Switzerland,6.7,Faible,5,0.0,Signal limité dans les indicateurs récents,Suivi standard
3933,United Kingdom of Great Britain and Northern Ireland,Belgium,6.7,Faible,11,-8.3,Signal limité dans les indicateurs récents,Suivi standard
3934,Belize,Ireland,6.6,Faible,5,0.0,Signal limité dans les indicateurs récents,Suivi standard
3935,Denmark,United States of America,6.6,Faible,5,,Signal limité dans les indicateurs récents,Suivi standard
3936,United Kingdom of Great Britain and Northern Ireland,Norway,6.5,Faible,5,0.0,Accélération du volume,Suivi standard
3937,Spain,Belgium,6.5,Faible,7,,Signal limité dans les indicateurs récents,Suivi standard
3938,Poland,Austria,6.5,Faible,6,,Signal limité dans les indicateurs récents,Suivi standard
3939,Austria,Russian Federation,6.4,Faible,5,,Signal limité dans les indicateurs récents,Suivi standard
3940,Netherlands (Kingdom of the),Russian Federation,6.4,Faible,5,,Signal limité dans les indicateurs récents,Suivi standard
3941,Singapore,United Kingdom of Great Britain and Northern Ireland,6.4,Faible,7,,Signal limité dans les indicateurs récents,Suivi standard
3942,Saudi Arabia,Ireland,6.4,Faible,5,,Signal limité dans les indicateurs récents,Suivi standard
3943,Finland,Switzerland,6.3,Faible,7,,Signal limité dans les indicateurs récents,Suivi standard
3944,Hungary,Austria,6.3,Faible,8,0.0,Signal limité dans les indicateurs récents,Suivi standard
3945,Switzerland,United States of America,6.3,Faible,6,,Signal limité dans les indicateurs récents,Suivi standard
3946,Czechia,Switzerland,6.3,Faible,5,,Signal limité dans les indicateurs récents,Suivi standard
3947,Latvia,Switzerland,6.2,Faible,5,,Signal limité dans les indicateurs récents,Suivi standard
3948,Dem. People's Rep. of Korea,Australia,6.2,Faible,5,,Signal limité dans les indicateurs récents,Suivi standard
3949,Austria,United States of America,6.2,Faible,6,,Signal limité dans les indicateurs récents,Suivi standard
3950,Denmark,Australia,6.2,Faible,5,,Signal limité dans les indicateurs récents,Suivi standard
3951,Vanuatu,United Kingdom of Great Britain and Northern Ireland,6.2,Faible,5,,Signal limité dans les indicateurs récents,Suivi standard
3952,Lithuania,Australia,6.1,Faible,5,,Signal limité dans les indicateurs récents,Suivi standard
3953,Namibia,Australia,6.1,Faible,6,,Signal limité dans les indicateurs récents,Suivi standard
3954,United Kingdom of Great Britain and Northern Ireland,Netherlands (Kingdom of the),6.1,Faible,10,-9.1,Signal limité dans les indicateurs récents,Suivi standard
3955,Belize,United Kingdom of Great Britain and Northern Ireland,6.0,Faible,5,0.0,Signal limité dans les indicateurs récents,Suivi standard
3956,Oman,Netherlands (Kingdom of the),6.0,Faible,8,,Signal limité dans les indicateurs récents,Suivi standard
3957,France,Belgium,6.0,Faible,5,,Signal limité dans les indicateurs récents,Suivi standard
3958,United Arab Emirates,Australia,6.0,Faible,6,,Signal limité dans les indicateurs récents,Suivi standard
3959,Finland,United Kingdom of Great Britain and Northern Ireland,5.9,Faible,5,0.0,Signal limité dans les indicateurs récents,Suivi standard
3960,Rep. of Korea,United Kingdom of Great Britain and Northern Ireland,5.9,Faible,5,-37.5,Signal limité dans les indicateurs récents,Suivi standard
3961,Latvia,Germany,5.8,Faible,5,,Signal limité dans les indicateurs récents,Suivi standard
3962,Uruguay,Ireland,5.8,Faible,5,,Signal limité dans les indicateurs récents,Suivi standard
3963,Switzerland,Australia,5.8,Faible,5,,Signal limité dans les indicateurs récents,Suivi standard
3964,Canada,Australia,5.7,Faible,8,,Signal limité dans les indicateurs récents,Suivi standard
3965,Germany,United Kingdom of Great Britain and Northern Ireland,5.6,Faible,6,0.0,Signal limité dans les indicateurs récents,Suivi standard
3966,Netherlands (Kingdom of the),Belgium,5.4,Faible,5,,Signal limité dans les indicateurs récents,Suivi standard
3967,Netherlands (Kingdom of the),Australia,5.3,Faible,5,,Signal limité dans les indicateurs récents,Suivi standard
