year,coa_id,asylum_applications,origin_countries,demand_rows,asylum_iso,asylum_iso2,asylum_country,asylum_country_fr,asylum_region,asylum_region_fr,asylum_major_area,asylum_major_area_fr
2000,2,14,2,2,AFG,AF,Afghanistan,Afghanistan,Southern Asia,Sud de l'Asie centrale,Asia,Asie
2000,3,84,5,5,ALB,AL,Albania,Albanie,Southern Europe,Europe australe,Europe,Europe
2000,4,93,6,6,DZA,DZ,Algeria,Alg,Northern Africa,Afrique septentrionale,Africa,Afrique
2000,6,90,7,7,AGO,AO,Angola,Angola,Middle Africa,Afrique australe,Africa,Afrique
2000,8,15160,18,18,EGY,EG,Egypt,Egypte,Northern Africa,Afrique septentrionale,Africa,Afrique
2000,9,534,22,22,ARG,AR,Argentina,Argentine,South America,Am,Latin America and the Caribbean,Am
2000,11,19541,108,186,AUS,AU,Australia,Australie,Australia-New Zealand,Australie-Nouvelle-Z,Oceania,Oc
2000,12,18274,79,79,AUT,AT,Austria,Autriche,Western Europe,Europe occidentale,Europe,Europe
2000,13,3533,11,11,AZE,AZ,Azerbaijan,Azerba,Western Asia,Asie occidentale,Asia,Asie
2000,16,5502,4,4,BDI,BI,Burundi,Burundi,Eastern Africa,Afrique orientale,Africa,Afrique
2000,17,42670,88,88,BEL,BE,Belgium,Belgique,Western Europe,Europe occidentale,Europe,Europe
2000,18,2618,18,18,BEN,BJ,Benin,B,Western Africa,Afrique occidentale,Africa,Afrique
2000,20,26,1,1,BGD,BD,Bangladesh,Bangladesh,Southern Asia,Sud de l'Asie centrale,Asia,Asie
2000,21,336,2,2,BHS,BS,Bahamas,Bahamas,Caribbean,Cara,Latin America and the Caribbean,Am
2000,23,42,7,7,BFA,BF,Burkina Faso,Burkina Faso,Western Africa,Afrique occidentale,Africa,Afrique
2000,24,455,15,15,BLR,BY,Belarus,B,Eastern Europe,Europe orientale,Europe,Europe
2000,26,2657,12,12,BWA,BW,Botswana,Botswana,Southern Africa,Afrique australe,Africa,Afrique
2000,27,902,25,25,BRA,BR,Brazil,Br,South America,Am,Latin America and the Caribbean,Am
2000,29,258,6,6,BIH,BA,Bosnia and Herzegovina,Bosnie-Herz,Southern Europe,Europe australe,Europe,Europe
2000,30,1741,21,21,BGR,BG,Bulgaria,Bulgarie,Eastern Europe,Europe orientale,Europe,Europe
2000,31,44,4,4,BLZ,BZ,Belize,Belize,Central America,Am,Latin America and the Caribbean,Am
2000,32,207,7,7,KHM,KH,Cambodia,Cambodge,South-eastern Asia,Asie du Sud-Est,Asia,Asie
2000,33,34260,146,146,CAN,CA,Canada,Canada,Northern America,Am,Northern America,Am
2000,34,9686,5,5,CAF,CF,Central African Rep.,R,Middle Africa,Afrique australe,Africa,Afrique
2000,36,282,4,4,TCD,TD,Chad,Tchad,Middle Africa,Afrique australe,Africa,Afrique
2000,37,49,6,6,CHN,CN,China,Chine,Eastern Asia,Asie orientale,Asia,Asie
2000,38,64,7,7,CHL,CL,Chile,Chili,South America,Am,Latin America and the Caribbean,Am
2000,39,1353,7,7,CMR,CM,Cameroon,Cameroun,Middle Africa,Afrique australe,Africa,Afrique
2000,40,954,6,6,COG,CG,Congo,Congo,Middle Africa,Afrique australe,Africa,Afrique
2000,41,290,8,8,COD,CD,Dem. Rep. of the Congo,R,Middle Africa,Afrique australe,Africa,Afrique
2000,44,10,2,2,COL,CO,Colombia,Colombie,South America,Am,Latin America and the Caribbean,Am
2000,45,1686,4,4,CRI,CR,Costa Rica,Costa Rica,Central America,Am,Latin America and the Caribbean,Am
2000,46,112,8,8,CUB,CU,Cuba,Cuba,Caribbean,Cara,Latin America and the Caribbean,Am
2000,48,637,17,17,CYP,CY,Cyprus,Chypre,Western Asia,Asie occidentale,Asia,Asie
2000,49,10171,51,87,CZE,CZ,Czechia,R,Eastern Europe,Europe orientale,Europe,Europe
2000,50,10325,71,71,DNK,DK,Denmark,Danemark,Northern Europe,Europe septentrionale,Europe,Europe
2000,53,49,2,2,DOM,DO,Dominican Rep.,R,Caribbean,Cara,Latin America and the Caribbean,Am
2000,54,1662,6,6,ECU,EC,Ecuador,Equateur,South America,Am,Latin America and the Caribbean,Am
2000,56,382,2,2,ERI,ER,Eritrea,Erythr,Eastern Africa,Afrique orientale,Africa,Afrique
2000,58,73,4,4,ETH,ET,Ethiopia,Ethiopie,Eastern Africa,Afrique orientale,Africa,Afrique
2000,61,3147,47,47,FIN,FI,Finland,Finlande,Northern Europe,Europe septentrionale,Europe,Europe
2000,64,59897,100,130,FRA,FR,France,France,Western Europe,Europe occidentale,Europe,Europe
2000,67,935,13,13,GAB,GA,Gabon,Gabon,Middle Africa,Afrique australe,Africa,Afrique
2000,68,681,1,1,GMB,GM,Gambia,Gambie,Western Africa,Afrique occidentale,Africa,Afrique
2000,70,128425,35,37,GBR,GB,United Kingdom of Great Britain and Northern Ireland,Royaume-Uni,Northern Europe,Europe septentrionale,Europe,Europe
2000,72,117600,95,167,DEU,DE,Germany,Allemagne,Western Europe,Europe occidentale,Europe,Europe
2000,73,733,9,9,GHA,GH,Ghana,Ghana,Western Africa,Afrique occidentale,Africa,Afrique
2000,75,185,3,3,GNB,GW,Guinea-Bissau,Guin,Western Africa,Afrique occidentale,Africa,Afrique
2000,76,3080,34,34,GRC,GR,Greece,Gr,Southern Europe,Europe australe,Europe,Europe
2000,78,54,5,5,GTM,GT,Guatemala,Guatemala,Central America,Am,Latin America and the Caribbean,Am
2000,79,1570,6,6,GIN,GN,Guinea,Guin,Western Africa,Afrique occidentale,Africa,Afrique
2000,82,66,5,5,HKG,HK,"China, Hong Kong SAR","Hong Kong, RAS de la R",Eastern Asia,Asie orientale,Asia,Asie
2000,83,33,4,4,HND,HN,Honduras,Honduras,Central America,Am,Latin America and the Caribbean,Am
2000,84,21,4,4,HRV,HR,Croatia,Croatie,Southern Europe,Europe australe,Europe,Europe
2000,85,7790,50,50,HUN,HU,Hungary,Hongrie,Eastern Europe,Europe orientale,Europe,Europe
2000,86,28,4,5,ISL,IS,Iceland,Islande,Northern Europe,Europe septentrionale,Europe,Europe
2000,87,1448,10,10,CIV,CI,Cote d'Ivoire,C,Western Africa,Afrique occidentale,Africa,Afrique
2000,88,811,10,10,IND,IN,India,Inde,Southern Asia,Sud de l'Asie centrale,Asia,Asie
2000,89,1027,9,9,IDN,ID,Indonesia,Indon,South-eastern Asia,Asie du Sud-Est,Asia,Asie
2000,90,14630,74,74,IRL,IE,Ireland,Irlande,Northern Europe,Europe septentrionale,Europe,Europe
2000,91,245854,1,1,IRN,IR,Iran (Islamic Rep. of),R,Southern Asia,Sud de l'Asie centrale,Asia,Asie
2000,92,1288,4,4,IRQ,IQ,Iraq,Iraq,Western Asia,Asie occidentale,Asia,Asie
2000,93,6129,7,7,ISR,IL,Israel,Isra,Western Asia,Asie occidentale,Asia,Asie
2000,94,15561,59,59,ITA,IT,Italy,Italie,Southern Europe,Europe australe,Europe,Europe
2000,95,15,1,1,JAM,JM,Jamaica,Jama,Caribbean,Cara,Latin America and the Caribbean,Am
2000,96,7256,18,18,JOR,JO,Jordan,Jordanie,Western Asia,Asie occidentale,Asia,Asie
2000,97,224,13,13,JPN,JP,Japan,Japon,Eastern Asia,Asie orientale,Asia,Asie
2000,98,72,3,3,KAZ,KZ,Kazakhstan,Kazakhstan,Central Asia,Sud de l'Asie centrale,Asia,Asie
2000,99,8561,12,12,KEN,KE,Kenya,Kenya,Eastern Africa,Afrique orientale,Africa,Afrique
2000,100,2193,4,4,KGZ,KG,Kyrgyzstan,Kirghizistan,Central Asia,Sud de l'Asie centrale,Asia,Asie
2000,102,37,2,2,KOR,KR,Rep. of Korea,R,Eastern Asia,Asie orientale,Asia,Asie
2000,104,698,5,5,KWT,KW,Kuwait,Kowe,Western Asia,Asie occidentale,Asia,Asie
2000,107,147,4,4,LBY,LY,Libya,Libye,Northern Africa,Afrique septentrionale,Africa,Afrique
2000,109,4112,9,9,LBN,LB,Lebanon,Liban,Western Asia,Asie occidentale,Asia,Asie
2000,111,11,1,1,LIE,LI,Liechtenstein,Liechtenstein,Western Europe,Europe occidentale,Europe,Europe
2000,112,32,2,2,LKA,LK,Sri Lanka,Sri Lanka,Southern Asia,Sud de l'Asie centrale,Asia,Asie
2000,113,190,7,7,LTU,LT,Lithuania,Lituanie,Northern Europe,Europe septentrionale,Europe,Europe
2000,114,620,24,24,LUX,LU,Luxembourg,Luxembourg,Western Europe,Europe occidentale,Europe,Europe
2000,119,134,5,5,MRT,MR,Mauritania,Mauritanie,Western Africa,Afrique occidentale,Africa,Afrique
2000,122,316,10,10,MDA,MD,Rep. of Moldova,R,Eastern Europe,Europe orientale,Europe,Europe
2000,124,261,22,22,MEX,MX,Mexico,Mexique,Central America,Am,Latin America and the Caribbean,Am
2000,126,286,9,9,MLI,ML,Mali,Mali,Western Africa,Afrique occidentale,Africa,Afrique
2000,127,440,12,12,MYS,MY,Malaysia,Malaisie,South-eastern Asia,Asie du Sud-Est,Asia,Asie
2000,128,900,3,3,MWI,MW,Malawi,Malawi,Eastern Africa,Afrique orientale,Africa,Afrique
2000,131,1096,11,11,MOZ,MZ,Mozambique,Mozambique,Eastern Africa,Afrique orientale,Africa,Afrique
2000,132,69,11,11,MLT,MT,Malta,Malte,Southern Europe,Europe australe,Europe,Europe
2000,136,718,9,9,NAM,,Namibia,Namibie,Southern Africa,Afrique australe,Africa,Afrique
2000,137,73,5,5,NPL,NP,Nepal,N,Southern Asia,Sud de l'Asie centrale,Asia,Asie
2000,138,43871,101,101,NLD,NL,Netherlands (Kingdom of the),Pays-Bas,Western Europe,Europe occidentale,Europe,Europe
2000,139,150,7,7,NER,NE,Niger,Niger,Western Africa,Afrique occidentale,Africa,Afrique
2000,140,25,5,5,NIC,NI,Nicaragua,Nicaragua,Central America,Am,Latin America and the Caribbean,Am
2000,141,509,7,7,NGA,NG,Nigeria,Nig,Western Africa,Afrique occidentale,Africa,Afrique
2000,143,10835,70,70,NOR,NO,Norway,Norv,Northern Europe,Europe septentrionale,Europe,Europe
2000,145,1551,1,1,NZL,NZ,New Zealand,Nouvelle-Z,Australia-New Zealand,Australie-Nouvelle-Z,Oceania,Oc
2000,147,1075,15,15,PAK,PK,Pakistan,Pakistan,Southern Asia,Sud de l'Asie centrale,Asia,Asie
2000,148,201,2,2,PAN,PA,Panama,Panama,Central America,Am,Latin America and the Caribbean,Am
2000,149,5,1,1,PRY,PY,Paraguay,Paraguay,South America,Am,Latin America and the Caribbean,Am
2000,150,18,3,3,PER,PE,Peru,P,South America,Am,Latin America and the Caribbean,Am
2000,151,21,4,4,PHL,PH,Philippines,Philippines,South-eastern Asia,Asie du Sud-Est,Asia,Asie
2000,154,4581,42,42,POL,PL,Poland,Pologne,Eastern Europe,Europe orientale,Europe,Europe
2000,155,198,17,17,PRT,PT,Portugal,Portugal,Southern Europe,Europe australe,Europe,Europe
2000,157,37,2,2,QAT,QA,Qatar,Qatar,Western Asia,Asie occidentale,Asia,Asie
2000,158,1355,26,26,ROU,RO,Romania,Roumanie,Eastern Europe,Europe orientale,Europe,Europe
2000,159,3137,33,33,ZAF,ZA,South Africa,Afrique du Sud,Southern Africa,Afrique australe,Africa,Afrique
2000,160,1465,16,16,RUS,RU,Russian Federation,F,Eastern Europe,Europe orientale,Europe,Europe
2000,161,427,3,3,RWA,RW,Rwanda,Rwanda,Eastern Africa,Afrique orientale,Africa,Afrique
2000,162,5,1,1,SLV,SV,El Salvador,El Salvador,Central America,Am,Latin America and the Caribbean,Am
2000,163,292,6,6,SAU,SA,Saudi Arabia,Arabie saoudite,Western Asia,Asie occidentale,Asia,Asie
2000,164,37,3,3,SRB,RS,Serbia and Kosovo: S/RES/1244 (1999),Serbie,Southern Europe,Europe australe,Europe,Europe
2000,165,642,15,15,SEN,SN,Senegal,S,Western Africa,Afrique occidentale,Africa,Afrique
2000,168,16,3,3,SGP,SG,Singapore,Singapour,South-eastern Asia,Asie du Sud-Est,Asia,Asie
2000,169,436,1,1,SLE,SL,Sierra Leone,Sierra Leone,Western Africa,Afrique occidentale,Africa,Afrique
2000,172,10,2,2,SOM,SO,Somalia,Somalie,Eastern Africa,Afrique orientale,Africa,Afrique
2000,173,7912,70,70,ESP,ES,Spain,Espagne,Southern Europe,Europe australe,Europe,Europe
2000,177,3324,2,2,SDN,SD,Sudan,Soudan,Northern Africa,Afrique septentrionale,Africa,Afrique
2000,180,1547,18,18,SVK,SK,Slovakia,Slovaquie,Eastern Europe,Europe orientale,Europe,Europe
2000,181,9235,32,32,SVN,SI,Slovenia,Slov,Southern Europe,Europe australe,Europe,Europe
2000,183,16272,82,82,SWE,SE,Sweden,Su,Northern Europe,Europe septentrionale,Europe,Europe
2000,184,32425,88,89,CHE,CH,Switzerland,Suisse,Western Europe,Europe occidentale,Europe,Europe
2000,185,4339,16,16,SYR,SY,Syrian Arab Rep.,R,Western Asia,Asie occidentale,Asia,Asie
2000,186,9093,5,5,TZA,TZ,United Rep. of Tanzania,R,Eastern Africa,Afrique orientale,Africa,Afrique
2000,188,1548,10,17,THA,TH,Thailand,Tha,South-eastern Asia,Asie du Sud-Est,Asia,Asie
2000,189,170,2,2,TJK,TJ,Tajikistan,Tadjikistan,Central Asia,Sud de l'Asie centrale,Asia,Asie
2000,190,348,6,6,TKM,TM,Turkmenistan,Turkm,Central Asia,Sud de l'Asie centrale,Asia,Asie
2000,192,20,2,2,TGO,TG,Togo,Togo,Western Africa,Afrique occidentale,Africa,Afrique
2000,195,25,2,2,TUN,TN,Tunisia,Tunisie,Northern Africa,Afrique septentrionale,Africa,Afrique
2000,196,5679,15,15,TUR,TR,Türkiye,Türkiye,Western Asia,Asie occidentale,Asia,Asie
2000,198,222,9,9,ARE,AE,United Arab Emirates,Emirats arabes unis,Western Asia,Asie occidentale,Asia,Asie
2000,199,2691,12,12,UGA,UG,Uganda,Ouganda,Eastern Africa,Afrique orientale,Africa,Afrique
2000,200,1879,28,28,UKR,UA,Ukraine,Ukraine,Eastern Europe,Europe orientale,Europe,Europe
2000,201,5,1,1,URY,UY,Uruguay,Uruguay,South America,Am,Latin America and the Caribbean,Am
2000,202,91596,151,224,USA,US,United States of America,Etats-Unis d'Am,Northern America,Am,Northern America,Am
2000,203,2172,2,2,UZB,UZ,Uzbekistan,Ouzb,Central Asia,Sud de l'Asie centrale,Asia,Asie
2000,207,100,2,2,VEN,VE,Venezuela (Bolivarian Republic of),Venezuela (R,South America,Am,Latin America and the Caribbean,Am
2000,211,1780,10,10,YEM,YE,Yemen,Y,Western Asia,Asie occidentale,Asia,Asie
2000,213,651,6,6,ZMB,ZM,Zambia,Zambie,Eastern Africa,Afrique orientale,Africa,Afrique
2000,214,2024,9,9,ZWE,ZW,Zimbabwe,Zimbabwe,Eastern Africa,Afrique orientale,Africa,Afrique
2001,2,131,3,3,AFG,AF,Afghanistan,Afghanistan,Southern Asia,Sud de l'Asie centrale,Asia,Asie
2001,3,155,5,5,ALB,AL,Albania,Albanie,Southern Europe,Europe australe,Europe,Europe
2001,4,25,3,3,DZA,DZ,Algeria,Alg,Northern Africa,Afrique septentrionale,Africa,Afrique
2001,6,161,6,6,AGO,AO,Angola,Angola,Middle Africa,Afrique australe,Africa,Afrique
2001,8,13165,24,24,EGY,EG,Egypt,Egypte,Northern Africa,Afrique septentrionale,Africa,Afrique
2001,9,492,20,20,ARG,AR,Argentina,Argentine,South America,Am,Latin America and the Caribbean,Am
2001,10,10,2,2,ARM,AM,Armenia,Arm,Western Asia,Asie occidentale,Asia,Asie
2001,11,18067,102,178,AUS,AU,Australia,Australie,Australia-New Zealand,Australie-Nouvelle-Z,Oceania,Oc
2001,12,30110,76,76,AUT,AT,Austria,Autriche,Western Europe,Europe occidentale,Europe,Europe
2001,13,3539,10,10,AZE,AZ,Azerbaijan,Azerba,Western Asia,Asie occidentale,Asia,Asie
2001,14,10,2,2,BHR,BH,Bahrain,Bahre,Western Asia,Asie occidentale,Asia,Asie
2001,16,2061,2,2,BDI,BI,Burundi,Burundi,Eastern Africa,Afrique orientale,Africa,Afrique
2001,17,25998,89,133,BEL,BE,Belgium,Belgique,Western Europe,Europe occidentale,Europe,Europe
2001,18,1049,19,19,BEN,BJ,Benin,B,Western Africa,Afrique occidentale,Africa,Afrique
2001,20,25,1,1,BGD,BD,Bangladesh,Bangladesh,Southern Asia,Sud de l'Asie centrale,Asia,Asie
2001,23,78,5,5,BFA,BF,Burkina Faso,Burkina Faso,Western Africa,Afrique occidentale,Africa,Afrique
2001,24,222,14,14,BLR,BY,Belarus,B,Eastern Europe,Europe orientale,Europe,Europe
2001,25,14,1,1,BOL,BO,Bolivia (Plurinational State of),Bolivie,South America,Am,Latin America and the Caribbean,Am
2001,26,734,13,13,BWA,BW,Botswana,Botswana,Southern Africa,Afrique australe,Africa,Afrique
2001,27,505,19,19,BRA,BR,Brazil,Br,South America,Am,Latin America and the Caribbean,Am
2001,29,728,16,16,BIH,BA,Bosnia and Herzegovina,Bosnie-Herz,Southern Europe,Europe australe,Europe,Europe
2001,30,2414,23,23,BGR,BG,Bulgaria,Bulgarie,Eastern Europe,Europe orientale,Europe,Europe
2001,31,34,2,2,BLZ,BZ,Belize,Belize,Central America,Am,Latin America and the Caribbean,Am
2001,32,1073,7,7,KHM,KH,Cambodia,Cambodge,South-eastern Asia,Asie du Sud-Est,Asia,Asie
2001,33,44028,149,149,CAN,CA,Canada,Canada,Northern America,Am,Northern America,Am
2001,34,1932,7,7,CAF,CF,Central African Rep.,R,Middle Africa,Afrique australe,Africa,Afrique
2001,36,453,8,8,TCD,TD,Chad,Tchad,Middle Africa,Afrique australe,Africa,Afrique
2001,38,81,8,8,CHL,CL,Chile,Chili,South America,Am,Latin America and the Caribbean,Am
2001,39,1711,8,8,CMR,CM,Cameroon,Cameroun,Middle Africa,Afrique australe,Africa,Afrique
2001,40,3362,12,12,COG,CG,Congo,Congo,Middle Africa,Afrique australe,Africa,Afrique
2001,41,641,9,9,COD,CD,Dem. Rep. of the Congo,R,Middle Africa,Afrique australe,Africa,Afrique
2001,44,10,2,2,COL,CO,Colombia,Colombie,South America,Am,Latin America and the Caribbean,Am
2001,45,5214,6,6,CRI,CR,Costa Rica,Costa Rica,Central America,Am,Latin America and the Caribbean,Am
2001,46,90,10,10,CUB,CU,Cuba,Cuba,Caribbean,Cara,Latin America and the Caribbean,Am
2001,48,1756,29,29,CYP,CY,Cyprus,Chypre,Western Asia,Asie occidentale,Asia,Asie
2001,49,21079,38,60,CZE,CZ,Czechia,R,Eastern Europe,Europe orientale,Europe,Europe
2001,50,8331,66,66,DNK,DK,Denmark,Danemark,Northern Europe,Europe septentrionale,Europe,Europe
2001,51,120,2,2,DJI,DJ,Djibouti,Djibouti,Eastern Africa,Afrique orientale,Africa,Afrique
2001,54,3442,12,12,ECU,EC,Ecuador,Equateur,South America,Am,Latin America and the Caribbean,Am
2001,57,10,2,2,EST,EE,Estonia,Estonie,Northern Europe,Europe septentrionale,Europe,Europe
2001,58,5,1,1,ETH,ET,Ethiopia,Ethiopie,Eastern Africa,Afrique orientale,Africa,Afrique
2001,61,1641,51,51,FIN,FI,Finland,Finlande,Northern Europe,Europe septentrionale,Europe,Europe
2001,64,74800,92,129,FRA,FR,France,France,Western Europe,Europe occidentale,Europe,Europe
2001,67,604,9,9,GAB,GA,Gabon,Gabon,Middle Africa,Afrique australe,Africa,Afrique
2001,70,147425,40,42,GBR,GB,United Kingdom of Great Britain and Northern Ireland,Royaume-Uni,Northern Europe,Europe septentrionale,Europe,Europe
2001,72,118297,102,183,DEU,DE,Germany,Allemagne,Western Europe,Europe occidentale,Europe,Europe
2001,73,2059,9,9,GHA,GH,Ghana,Ghana,Western Africa,Afrique occidentale,Africa,Afrique
2001,75,8132,5,5,GNB,GW,Guinea-Bissau,Guin,Western Africa,Afrique occidentale,Africa,Afrique
2001,76,5480,33,33,GRC,GR,Greece,Gr,Southern Europe,Europe australe,Europe,Europe
2001,78,60,5,5,GTM,GT,Guatemala,Guatemala,Central America,Am,Latin America and the Caribbean,Am
2001,79,1126,5,5,GIN,GN,Guinea,Guin,Western Africa,Afrique occidentale,Africa,Afrique
2001,82,627,13,13,HKG,HK,"China, Hong Kong SAR","Hong Kong, RAS de la R",Eastern Asia,Asie orientale,Asia,Asie
2001,83,32,5,5,HND,HN,Honduras,Honduras,Central America,Am,Latin America and the Caribbean,Am
2001,84,211,15,22,HRV,HR,Croatia,Croatie,Southern Europe,Europe australe,Europe,Europe
2001,85,9533,46,46,HUN,HU,Hungary,Hongrie,Eastern Europe,Europe orientale,Europe,Europe
2001,86,39,7,7,ISL,IS,Iceland,Islande,Northern Europe,Europe septentrionale,Europe,Europe
2001,87,8366,12,12,CIV,CI,Cote d'Ivoire,C,Western Africa,Afrique occidentale,Africa,Afrique
2001,88,912,13,13,IND,IN,India,Inde,Southern Asia,Sud de l'Asie centrale,Asia,Asie
2001,89,1291,9,9,IDN,ID,Indonesia,Indon,South-eastern Asia,Asie du Sud-Est,Asia,Asie
2001,90,14495,74,74,IRL,IE,Ireland,Irlande,Northern Europe,Europe septentrionale,Europe,Europe
2001,92,581,6,6,IRQ,IQ,Iraq,Iraq,Western Asia,Asie occidentale,Asia,Asie
2001,93,437,15,15,ISR,IL,Israel,Isra,Western Asia,Asie occidentale,Asia,Asie
2001,94,9604,62,62,ITA,IT,Italy,Italie,Southern Europe,Europe australe,Europe,Europe
2001,96,4604,21,21,JOR,JO,Jordan,Jordanie,Western Asia,Asie occidentale,Asia,Asie
2001,97,539,12,20,JPN,JP,Japan,Japon,Eastern Asia,Asie orientale,Asia,Asie
2001,98,86,2,3,KAZ,KZ,Kazakhstan,Kazakhstan,Central Asia,Sud de l'Asie centrale,Asia,Asie
2001,99,12012,13,13,KEN,KE,Kenya,Kenya,Eastern Africa,Afrique orientale,Africa,Afrique
2001,100,699,3,3,KGZ,KG,Kyrgyzstan,Kirghizistan,Central Asia,Sud de l'Asie centrale,Asia,Asie
2001,102,37,7,7,KOR,KR,Rep. of Korea,R,Eastern Asia,Asie orientale,Asia,Asie
2001,104,281,10,10,KWT,KW,Kuwait,Kowe,Western Asia,Asie occidentale,Asia,Asie
2001,107,24,3,3,LBY,LY,Libya,Libye,Northern Africa,Afrique septentrionale,Africa,Afrique
2001,109,2315,19,19,LBN,LB,Lebanon,Liban,Western Asia,Asie occidentale,Asia,Asie
2001,111,190,4,5,LIE,LI,Liechtenstein,Liechtenstein,Western Europe,Europe occidentale,Europe,Europe
2001,112,27,3,3,LKA,LK,Sri Lanka,Sri Lanka,Southern Asia,Sud de l'Asie centrale,Asia,Asie
2001,113,252,5,5,LTU,LT,Lithuania,Lituanie,Northern Europe,Europe septentrionale,Europe,Europe
2001,114,686,16,16,LUX,LU,Luxembourg,Luxembourg,Western Europe,Europe occidentale,Europe,Europe
2001,115,9,1,1,LVA,LV,Latvia,Lettonie,Northern Europe,Europe septentrionale,Europe,Europe
2001,119,45,5,5,MRT,MR,Mauritania,Mauritanie,Western Africa,Afrique occidentale,Africa,Afrique
2001,120,195,3,3,MKD,MK,North Macedonia,Ex-R,Southern Europe,Europe australe,Europe,Europe
2001,122,244,12,12,MDA,MD,Rep. of Moldova,R,Eastern Europe,Europe orientale,Europe,Europe
2001,124,404,28,28,MEX,MX,Mexico,Mexique,Central America,Am,Latin America and the Caribbean,Am
2001,126,126,7,7,MLI,ML,Mali,Mali,Western Africa,Afrique occidentale,Africa,Afrique
2001,127,953,12,12,MYS,MY,Malaysia,Malaisie,South-eastern Asia,Asie du Sud-Est,Asia,Asie
2001,130,252,5,5,MAR,MA,Morocco,Maroc,Northern Africa,Afrique septentrionale,Africa,Afrique
2001,131,3047,11,11,MOZ,MZ,Mozambique,Mozambique,Eastern Africa,Afrique orientale,Africa,Afrique
2001,132,114,11,11,MLT,MT,Malta,Malte,Southern Europe,Europe australe,Europe,Europe
2001,136,721,7,7,NAM,,Namibia,Namibie,Southern Africa,Afrique australe,Africa,Afrique
2001,137,39,3,3,NPL,NP,Nepal,N,Southern Asia,Sud de l'Asie centrale,Asia,Asie
2001,138,32546,97,97,NLD,NL,Netherlands (Kingdom of the),Pays-Bas,Western Europe,Europe occidentale,Europe,Europe
2001,139,85,5,5,NER,NE,Niger,Niger,Western Africa,Afrique occidentale,Africa,Afrique
2001,140,10,2,2,NIC,NI,Nicaragua,Nicaragua,Central America,Am,Latin America and the Caribbean,Am
2001,141,575,10,10,NGA,NG,Nigeria,Nig,Western Africa,Afrique occidentale,Africa,Afrique
2001,143,14757,74,74,NOR,NO,Norway,Norv,Northern Europe,Europe septentrionale,Europe,Europe
2001,145,1593,47,47,NZL,NZ,New Zealand,Nouvelle-Z,Australia-New Zealand,Australie-Nouvelle-Z,Oceania,Oc
2001,146,21,2,2,OMN,OM,Oman,Oman,Western Asia,Asie occidentale,Asia,Asie
2001,147,1029,13,13,PAK,PK,Pakistan,Pakistan,Southern Asia,Sud de l'Asie centrale,Asia,Asie
2001,148,79,2,2,PAN,PA,Panama,Panama,Central America,Am,Latin America and the Caribbean,Am
2001,149,15,1,1,PRY,PY,Paraguay,Paraguay,South America,Am,Latin America and the Caribbean,Am
2001,150,61,4,4,PER,PE,Peru,P,South America,Am,Latin America and the Caribbean,Am
2001,151,20,4,4,PHL,PH,Philippines,Philippines,South-eastern Asia,Asie du Sud-Est,Asia,Asie
2001,154,6793,43,75,POL,PL,Poland,Pologne,Eastern Europe,Europe orientale,Europe,Europe
2001,155,226,22,22,PRT,PT,Portugal,Portugal,Southern Europe,Europe australe,Europe,Europe
2001,157,74,5,5,QAT,QA,Qatar,Qatar,Western Asia,Asie occidentale,Asia,Asie
2001,158,2422,30,30,ROU,RO,Romania,Roumanie,Eastern Europe,Europe orientale,Europe,Europe
2001,159,4287,33,33,ZAF,ZA,South Africa,Afrique du Sud,Southern Africa,Afrique australe,Africa,Afrique
2001,160,1683,20,20,RUS,RU,Russian Federation,F,Eastern Europe,Europe orientale,Europe,Europe
2001,161,4827,4,4,RWA,RW,Rwanda,Rwanda,Eastern Africa,Afrique orientale,Africa,Afrique
2001,162,25,2,2,SLV,SV,El Salvador,El Salvador,Central America,Am,Latin America and the Caribbean,Am
2001,163,307,7,7,SAU,SA,Saudi Arabia,Arabie saoudite,Western Asia,Asie occidentale,Asia,Asie
2001,164,140,9,9,SRB,RS,Serbia and Kosovo: S/RES/1244 (1999),Serbie,Southern Europe,Europe australe,Europe,Europe
2001,165,950,20,20,SEN,SN,Senegal,S,Western Africa,Afrique occidentale,Africa,Afrique
2001,168,34,3,3,SGP,SG,Singapore,Singapour,South-eastern Asia,Asie du Sud-Est,Asia,Asie
2001,172,185,2,2,SOM,SO,Somalia,Somalie,Eastern Africa,Afrique orientale,Africa,Afrique
2001,173,9477,70,70,ESP,ES,Spain,Espagne,Southern Europe,Europe australe,Europe,Europe
2001,177,11,2,2,SDN,SD,Sudan,Soudan,Northern Africa,Afrique septentrionale,Africa,Afrique
2001,180,8149,40,40,SVK,SK,Slovakia,Slovaquie,Eastern Europe,Europe orientale,Europe,Europe
2001,181,1507,26,26,SVN,SI,Slovenia,Slov,Southern Europe,Europe australe,Europe,Europe
2001,182,138,6,6,SWZ,SZ,Eswatini,Eswatini,Southern Africa,Afrique australe,Africa,Afrique
2001,183,23498,92,92,SWE,SE,Sweden,Su,Northern Europe,Europe septentrionale,Europe,Europe
2001,184,31935,97,98,CHE,CH,Switzerland,Suisse,Western Europe,Europe occidentale,Europe,Europe
2001,185,1763,15,15,SYR,SY,Syrian Arab Rep.,R,Western Asia,Asie occidentale,Asia,Asie
2001,186,43,5,5,TZA,TZ,United Rep. of Tanzania,R,Eastern Africa,Afrique orientale,Africa,Afrique
2001,188,1453,10,10,THA,TH,Thailand,Tha,South-eastern Asia,Asie du Sud-Est,Asia,Asie
2001,189,725,2,2,TJK,TJ,Tajikistan,Tadjikistan,Central Asia,Sud de l'Asie centrale,Asia,Asie
2001,190,657,5,5,TKM,TM,Turkmenistan,Turkm,Central Asia,Sud de l'Asie centrale,Asia,Asie
2001,191,6,1,1,TLS,TL,Timor-Leste,Timor-Leste,South-eastern Asia,Asie du Sud-Est,Asia,Asie
2001,192,53,3,3,TGO,TG,Togo,Togo,Western Africa,Afrique occidentale,Africa,Afrique
2001,195,22,2,2,TUN,TN,Tunisia,Tunisie,Northern Africa,Afrique septentrionale,Africa,Afrique
2001,196,5034,22,22,TUR,TR,Türkiye,Türkiye,Western Asia,Asie occidentale,Asia,Asie
2001,198,69,6,6,ARE,AE,United Arab Emirates,Emirats arabes unis,Western Asia,Asie occidentale,Asia,Asie
2001,199,1723,11,11,UGA,UG,Uganda,Ouganda,Eastern Africa,Afrique orientale,Africa,Afrique
2001,200,905,24,24,UKR,UA,Ukraine,Ukraine,Eastern Europe,Europe orientale,Europe,Europe
2001,201,10,2,2,URY,UY,Uruguay,Uruguay,South America,Am,Latin America and the Caribbean,Am
2001,202,119955,152,276,USA,US,United States of America,Etats-Unis d'Am,Northern America,Am,Northern America,Am
2001,203,2129,8,8,UZB,UZ,Uzbekistan,Ouzb,Central Asia,Sud de l'Asie centrale,Asia,Asie
2001,207,205,1,1,VEN,VE,Venezuela (Bolivarian Republic of),Venezuela (R,South America,Am,Latin America and the Caribbean,Am
2001,211,2319,10,10,YEM,YE,Yemen,Y,Western Asia,Asie occidentale,Asia,Asie
2001,213,842,6,6,ZMB,ZM,Zambia,Zambie,Eastern Africa,Afrique orientale,Africa,Afrique
2001,214,5292,22,22,ZWE,ZW,Zimbabwe,Zimbabwe,Eastern Africa,Afrique orientale,Africa,Afrique
2002,2,54,4,4,AFG,AF,Afghanistan,Afghanistan,Southern Asia,Sud de l'Asie centrale,Asia,Asie
2002,3,99,3,3,ALB,AL,Albania,Albanie,Southern Europe,Europe australe,Europe,Europe
2002,4,5,1,1,DZA,DZ,Algeria,Alg,Northern Africa,Afrique septentrionale,Africa,Afrique
2002,6,82,5,5,AGO,AO,Angola,Angola,Middle Africa,Afrique australe,Africa,Afrique
2002,8,8982,22,22,EGY,EG,Egypt,Egypte,Northern Africa,Afrique septentrionale,Africa,Afrique
2002,9,281,13,13,ARG,AR,Argentina,Argentine,South America,Am,Latin America and the Caribbean,Am
2002,10,10,2,2,ARM,AM,Armenia,Arm,Western Asia,Asie occidentale,Asia,Asie
2002,11,11349,98,167,AUS,AU,Australia,Australie,Australia-New Zealand,Australie-Nouvelle-Z,Oceania,Oc
2002,12,39343,81,81,AUT,AT,Austria,Autriche,Western Europe,Europe occidentale,Europe,Europe
2002,13,1829,7,7,AZE,AZ,Azerbaijan,Azerba,Western Asia,Asie occidentale,Asia,Asie
2002,16,794,2,2,BDI,BI,Burundi,Burundi,Eastern Africa,Afrique orientale,Africa,Afrique
2002,17,22297,79,132,BEL,BE,Belgium,Belgique,Western Europe,Europe occidentale,Europe,Europe
2002,18,721,14,14,BEN,BJ,Benin,B,Western Africa,Afrique occidentale,Africa,Afrique
2002,20,38,2,2,BGD,BD,Bangladesh,Bangladesh,Southern Asia,Sud de l'Asie centrale,Asia,Asie
2002,21,131,1,1,BHS,BS,Bahamas,Bahamas,Caribbean,Cara,Latin America and the Caribbean,Am
2002,23,123,12,12,BFA,BF,Burkina Faso,Burkina Faso,Western Africa,Afrique occidentale,Africa,Afrique
2002,24,151,8,8,BLR,BY,Belarus,B,Eastern Europe,Europe orientale,Europe,Europe
2002,25,22,3,3,BOL,BO,Bolivia (Plurinational State of),Bolivie,South America,Am,Latin America and the Caribbean,Am
2002,26,488,11,11,BWA,BW,Botswana,Botswana,Southern Africa,Afrique australe,Africa,Afrique
2002,27,867,23,23,BRA,BR,Brazil,Br,South America,Am,Latin America and the Caribbean,Am
2002,29,566,8,8,BIH,BA,Bosnia and Herzegovina,Bosnie-Herz,Southern Europe,Europe australe,Europe,Europe
2002,30,2880,25,25,BGR,BG,Bulgaria,Bulgarie,Eastern Europe,Europe orientale,Europe,Europe
2002,31,13,1,1,BLZ,BZ,Belize,Belize,Central America,Am,Latin America and the Caribbean,Am
2002,32,180,5,5,KHM,KH,Cambodia,Cambodge,South-eastern Asia,Asie du Sud-Est,Asia,Asie
2002,33,39488,154,154,CAN,CA,Canada,Canada,Northern America,Am,Northern America,Am
2002,34,1729,5,5,CAF,CF,Central African Rep.,R,Middle Africa,Afrique australe,Africa,Afrique
2002,36,88,5,5,TCD,TD,Chad,Tchad,Middle Africa,Afrique australe,Africa,Afrique
2002,37,31,5,5,CHN,CN,China,Chine,Eastern Asia,Asie orientale,Asia,Asie
2002,38,42,4,4,CHL,CL,Chile,Chili,South America,Am,Latin America and the Caribbean,Am
2002,39,2897,8,8,CMR,CM,Cameroon,Cameroun,Middle Africa,Afrique australe,Africa,Afrique
2002,40,561,12,12,COG,CG,Congo,Congo,Middle Africa,Afrique australe,Africa,Afrique
2002,41,702,9,9,COD,CD,Dem. Rep. of the Congo,R,Middle Africa,Afrique australe,Africa,Afrique
2002,44,5,1,1,COL,CO,Colombia,Colombie,South America,Am,Latin America and the Caribbean,Am
2002,45,3785,4,4,CRI,CR,Costa Rica,Costa Rica,Central America,Am,Latin America and the Caribbean,Am
2002,46,26,3,3,CUB,CU,Cuba,Cuba,Caribbean,Cara,Latin America and the Caribbean,Am
2002,48,1321,24,35,CYP,CY,Cyprus,Chypre,Western Asia,Asie occidentale,Asia,Asie
2002,49,10768,37,67,CZE,CZ,Czechia,R,Eastern Europe,Europe orientale,Europe,Europe
2002,50,6057,76,76,DNK,DK,Denmark,Danemark,Northern Europe,Europe septentrionale,Europe,Europe
2002,54,6745,3,3,ECU,EC,Ecuador,Equateur,South America,Am,Latin America and the Caribbean,Am
2002,56,12,2,2,ERI,ER,Eritrea,Erythr,Eastern Africa,Afrique orientale,Africa,Afrique
2002,57,5,1,1,EST,EE,Estonia,Estonie,Northern Europe,Europe septentrionale,Europe,Europe
2002,58,7210,4,4,ETH,ET,Ethiopia,Ethiopie,Eastern Africa,Afrique orientale,Africa,Afrique
2002,61,3416,50,50,FIN,FI,Finland,Finlande,Northern Europe,Europe septentrionale,Europe,Europe
2002,64,84374,94,170,FRA,FR,France,France,Western Europe,Europe occidentale,Europe,Europe
2002,67,3540,13,13,GAB,GA,Gabon,Gabon,Middle Africa,Afrique australe,Africa,Afrique
2002,70,138905,43,45,GBR,GB,United Kingdom of Great Britain and Northern Ireland,Royaume-Uni,Northern Europe,Europe septentrionale,Europe,Europe
2002,72,91444,100,178,DEU,DE,Germany,Allemagne,Western Europe,Europe occidentale,Europe,Europe
2002,73,6343,8,8,GHA,GH,Ghana,Ghana,Western Africa,Afrique occidentale,Africa,Afrique
2002,75,31,2,2,GNB,GW,Guinea-Bissau,Guin,Western Africa,Afrique occidentale,Africa,Afrique
2002,76,5656,40,40,GRC,GR,Greece,Gr,Southern Europe,Europe australe,Europe,Europe
2002,78,43,4,4,GTM,GT,Guatemala,Guatemala,Central America,Am,Latin America and the Caribbean,Am
2002,79,1847,4,4,GIN,GN,Guinea,Guin,Western Africa,Afrique occidentale,Africa,Afrique
2002,82,281,12,12,HKG,HK,"China, Hong Kong SAR","Hong Kong, RAS de la R",Eastern Asia,Asie orientale,Asia,Asie
2002,83,75,3,3,HND,HN,Honduras,Honduras,Central America,Am,Latin America and the Caribbean,Am
2002,84,170,13,21,HRV,HR,Croatia,Croatie,Southern Europe,Europe australe,Europe,Europe
2002,85,6405,43,43,HUN,HU,Hungary,Hongrie,Eastern Europe,Europe orientale,Europe,Europe
2002,86,114,12,12,ISL,IS,Iceland,Islande,Northern Europe,Europe septentrionale,Europe,Europe
2002,87,338,13,13,CIV,CI,Cote d'Ivoire,C,Western Africa,Afrique occidentale,Africa,Afrique
2002,88,1480,11,17,IND,IN,India,Inde,Southern Asia,Sud de l'Asie centrale,Asia,Asie
2002,89,672,13,13,IDN,ID,Indonesia,Indon,South-eastern Asia,Asie du Sud-Est,Asia,Asie
2002,90,16905,78,142,IRL,IE,Ireland,Irlande,Northern Europe,Europe septentrionale,Europe,Europe
2002,91,37,3,3,IRN,IR,Iran (Islamic Rep. of),R,Southern Asia,Sud de l'Asie centrale,Asia,Asie
2002,92,745,3,3,IRQ,IQ,Iraq,Iraq,Western Asia,Asie occidentale,Asia,Asie
2002,93,334,13,13,ISR,IL,Israel,Isra,Western Asia,Asie occidentale,Asia,Asie
2002,94,16013,34,34,ITA,IT,Italy,Italie,Southern Europe,Europe australe,Europe,Europe
2002,96,2467,11,11,JOR,JO,Jordan,Jordanie,Western Asia,Asie occidentale,Asia,Asie
2002,97,462,14,23,JPN,JP,Japan,Japon,Eastern Asia,Asie orientale,Asia,Asie
2002,98,76,3,3,KAZ,KZ,Kazakhstan,Kazakhstan,Central Asia,Sud de l'Asie centrale,Asia,Asie
2002,99,3656,10,10,KEN,KE,Kenya,Kenya,Eastern Africa,Afrique orientale,Africa,Afrique
2002,100,399,5,5,KGZ,KG,Kyrgyzstan,Kirghizistan,Central Asia,Sud de l'Asie centrale,Asia,Asie
2002,102,27,3,3,KOR,KR,Rep. of Korea,R,Eastern Asia,Asie orientale,Asia,Asie
2002,104,123,6,6,KWT,KW,Kuwait,Kowe,Western Asia,Asie occidentale,Asia,Asie
2002,106,9,1,1,LBR,LR,Liberia,Lib,Western Africa,Afrique occidentale,Africa,Afrique
2002,107,168,10,10,LBY,LY,Libya,Libye,Northern Africa,Afrique septentrionale,Africa,Afrique
2002,109,1612,19,19,LBN,LB,Lebanon,Liban,Western Asia,Asie occidentale,Asia,Asie
2002,111,78,4,4,LIE,LI,Liechtenstein,Liechtenstein,Western Europe,Europe occidentale,Europe,Europe
2002,113,291,7,7,LTU,LT,Lithuania,Lituanie,Northern Europe,Europe septentrionale,Europe,Europe
2002,114,1023,33,33,LUX,LU,Luxembourg,Luxembourg,Western Europe,Europe occidentale,Europe,Europe
2002,115,30,4,4,LVA,LV,Latvia,Lettonie,Northern Europe,Europe septentrionale,Europe,Europe
2002,119,54,4,4,MRT,MR,Mauritania,Mauritanie,Western Africa,Afrique occidentale,Africa,Afrique
2002,120,116,1,1,MKD,MK,North Macedonia,Ex-R,Southern Europe,Europe australe,Europe,Europe
2002,122,101,9,9,MDA,MD,Rep. of Moldova,R,Eastern Europe,Europe orientale,Europe,Europe
2002,124,238,20,22,MEX,MX,Mexico,Mexique,Central America,Am,Latin America and the Caribbean,Am
2002,126,131,11,11,MLI,ML,Mali,Mali,Western Africa,Afrique occidentale,Africa,Afrique
2002,127,2118,14,14,MYS,MY,Malaysia,Malaisie,South-eastern Asia,Asie du Sud-Est,Asia,Asie
2002,128,7083,4,4,MWI,MW,Malawi,Malawi,Eastern Africa,Afrique orientale,Africa,Afrique
2002,130,98,9,9,MAR,MA,Morocco,Maroc,Northern Africa,Afrique septentrionale,Africa,Afrique
2002,131,1664,12,12,MOZ,MZ,Mozambique,Mozambique,Eastern Africa,Afrique orientale,Africa,Afrique
2002,132,558,23,23,MLT,MT,Malta,Malte,Southern Europe,Europe australe,Europe,Europe
2002,137,20,3,3,NPL,NP,Nepal,N,Southern Asia,Sud de l'Asie centrale,Asia,Asie
2002,138,18656,100,100,NLD,NL,Netherlands (Kingdom of the),Pays-Bas,Western Europe,Europe occidentale,Europe,Europe
2002,139,60,4,4,NER,NE,Niger,Niger,Western Africa,Afrique occidentale,Africa,Afrique
2002,140,15,2,2,NIC,NI,Nicaragua,Nicaragua,Central America,Am,Latin America and the Caribbean,Am
2002,141,706,8,8,NGA,NG,Nigeria,Nig,Western Africa,Afrique occidentale,Africa,Afrique
2002,143,17449,86,86,NOR,NO,Norway,Norv,Northern Europe,Europe septentrionale,Europe,Europe
2002,145,2074,45,45,NZL,NZ,New Zealand,Nouvelle-Z,Australia-New Zealand,Australie-Nouvelle-Z,Oceania,Oc
2002,147,1038,18,18,PAK,PK,Pakistan,Pakistan,Southern Asia,Sud de l'Asie centrale,Asia,Asie
2002,148,123,2,2,PAN,PA,Panama,Panama,Central America,Am,Latin America and the Caribbean,Am
2002,150,87,6,6,PER,PE,Peru,P,South America,Am,Latin America and the Caribbean,Am
2002,151,86,3,3,PHL,PH,Philippines,Philippines,South-eastern Asia,Asie du Sud-Est,Asia,Asie
2002,153,312,2,2,PNG,PG,Papua New Guinea,Papouasie-Nouvelle-Guin,Melanesia,M,Oceania,Oc
2002,154,7409,47,77,POL,PL,Poland,Pologne,Eastern Europe,Europe orientale,Europe,Europe
2002,155,231,19,19,PRT,PT,Portugal,Portugal,Southern Europe,Europe australe,Europe,Europe
2002,157,26,4,4,QAT,QA,Qatar,Qatar,Western Asia,Asie occidentale,Asia,Asie
2002,158,1132,26,26,ROU,RO,Romania,Roumanie,Eastern Europe,Europe orientale,Europe,Europe
2002,159,55428,42,42,ZAF,ZA,South Africa,Afrique du Sud,Southern Africa,Afrique australe,Africa,Afrique
2002,160,870,15,15,RUS,RU,Russian Federation,F,Eastern Europe,Europe orientale,Europe,Europe
2002,161,784,8,8,RWA,RW,Rwanda,Rwanda,Eastern Africa,Afrique orientale,Africa,Afrique
2002,162,5,1,1,SLV,SV,El Salvador,El Salvador,Central America,Am,Latin America and the Caribbean,Am
2002,163,203,7,7,SAU,SA,Saudi Arabia,Arabie saoudite,Western Asia,Asie occidentale,Asia,Asie
2002,164,154,7,7,SRB,RS,Serbia and Kosovo: S/RES/1244 (1999),Serbie,Southern Europe,Europe australe,Europe,Europe
2002,165,485,16,16,SEN,SN,Senegal,S,Western Africa,Afrique occidentale,Africa,Afrique
2002,168,10,2,2,SGP,SG,Singapore,Singapour,South-eastern Asia,Asie du Sud-Est,Asia,Asie
2002,169,17,3,3,SLE,SL,Sierra Leone,Sierra Leone,Western Africa,Afrique occidentale,Africa,Afrique
2002,172,240,2,2,SOM,SO,Somalia,Somalie,Eastern Africa,Afrique orientale,Africa,Afrique
2002,173,6292,69,69,ESP,ES,Spain,Espagne,Southern Europe,Europe australe,Europe,Europe
2002,177,27023,3,3,SDN,SD,Sudan,Soudan,Northern Africa,Afrique septentrionale,Africa,Afrique
2002,180,9692,38,38,SVK,SK,Slovakia,Slovaquie,Eastern Europe,Europe orientale,Europe,Europe
2002,181,690,23,23,SVN,SI,Slovenia,Slov,Southern Europe,Europe australe,Europe,Europe
2002,182,5,1,1,SWZ,SZ,Eswatini,Eswatini,Southern Africa,Afrique australe,Africa,Afrique
2002,183,32996,100,100,SWE,SE,Sweden,Su,Northern Europe,Europe septentrionale,Europe,Europe
2002,184,39620,99,100,CHE,CH,Switzerland,Suisse,Western Europe,Europe occidentale,Europe,Europe
2002,185,1774,10,10,SYR,SY,Syrian Arab Rep.,R,Western Asia,Asie occidentale,Asia,Asie
2002,186,42,5,5,TZA,TZ,United Rep. of Tanzania,R,Eastern Africa,Afrique orientale,Africa,Afrique
2002,188,3034,11,11,THA,TH,Thailand,Tha,South-eastern Asia,Asie du Sud-Est,Asia,Asie
2002,189,158,2,2,TJK,TJ,Tajikistan,Tadjikistan,Central Asia,Sud de l'Asie centrale,Asia,Asie
2002,190,73,4,4,TKM,TM,Turkmenistan,Turkm,Central Asia,Sud de l'Asie centrale,Asia,Asie
2002,191,32,2,2,TLS,TL,Timor-Leste,Timor-Leste,South-eastern Asia,Asie du Sud-Est,Asia,Asie
2002,192,88,7,7,TGO,TG,Togo,Togo,Western Africa,Afrique occidentale,Africa,Afrique
2002,195,27,2,2,TUN,TN,Tunisia,Tunisie,Northern Africa,Afrique septentrionale,Africa,Afrique
2002,196,3783,18,18,TUR,TR,Türkiye,Türkiye,Western Asia,Asie occidentale,Asia,Asie
2002,198,128,8,8,ARE,AE,United Arab Emirates,Emirats arabes unis,Western Asia,Asie occidentale,Asia,Asie
2002,199,2218,10,10,UGA,UG,Uganda,Ouganda,Eastern Africa,Afrique orientale,Africa,Afrique
2002,200,457,1,1,UKR,UA,Ukraine,Ukraine,Eastern Europe,Europe orientale,Europe,Europe
2002,201,7,1,1,URY,UY,Uruguay,Uruguay,South America,Am,Latin America and the Caribbean,Am
2002,202,132639,154,286,USA,US,United States of America,Etats-Unis d'Am,Northern America,Am,Northern America,Am
2002,203,521,2,2,UZB,UZ,Uzbekistan,Ouzb,Central Asia,Sud de l'Asie centrale,Asia,Asie
2002,207,705,1,1,VEN,VE,Venezuela (Bolivarian Republic of),Venezuela (R,South America,Am,Latin America and the Caribbean,Am
2002,211,2312,5,5,YEM,YE,Yemen,Y,Western Asia,Asie occidentale,Asia,Asie
2002,213,644,6,6,ZMB,ZM,Zambia,Zambie,Eastern Africa,Afrique orientale,Africa,Afrique
2002,214,532,7,7,ZWE,ZW,Zimbabwe,Zimbabwe,Eastern Africa,Afrique orientale,Africa,Afrique
2003,2,61,4,4,AFG,AF,Afghanistan,Afghanistan,Southern Asia,Sud de l'Asie centrale,Asia,Asie
2003,3,24,3,3,ALB,AL,Albania,Albanie,Southern Europe,Europe australe,Europe,Europe
2003,6,166,10,10,AGO,AO,Angola,Angola,Middle Africa,Afrique australe,Africa,Afrique
2003,8,6659,25,25,EGY,EG,Egypt,Egypte,Northern Africa,Afrique septentrionale,Africa,Afrique
2003,9,229,15,15,ARG,AR,Argentina,Argentine,South America,Am,Latin America and the Caribbean,Am
2003,10,70,3,3,ARM,AM,Armenia,Arm,Western Asia,Asie occidentale,Asia,Asie
2003,11,7935,83,142,AUS,AU,Australia,Australie,Australia-New Zealand,Australie-Nouvelle-Z,Oceania,Oc
2003,12,32338,87,87,AUT,AT,Austria,Autriche,Western Europe,Europe occidentale,Europe,Europe
2003,13,873,7,7,AZE,AZ,Azerbaijan,Azerba,Western Asia,Asie occidentale,Asia,Asie
2003,16,1813,2,2,BDI,BI,Burundi,Burundi,Eastern Africa,Afrique orientale,Africa,Afrique
2003,17,21157,98,150,BEL,BE,Belgium,Belgique,Western Europe,Europe occidentale,Europe,Europe
2003,18,1193,18,21,BEN,BJ,Benin,B,Western Africa,Afrique occidentale,Africa,Afrique
2003,20,49,1,1,BGD,BD,Bangladesh,Bangladesh,Southern Asia,Sud de l'Asie centrale,Asia,Asie
2003,23,155,10,10,BFA,BF,Burkina Faso,Burkina Faso,Western Africa,Afrique occidentale,Africa,Afrique
2003,24,130,8,8,BLR,BY,Belarus,B,Eastern Europe,Europe orientale,Europe,Europe
2003,25,5,1,1,BOL,BO,Bolivia (Plurinational State of),Bolivie,South America,Am,Latin America and the Caribbean,Am
2003,26,101,6,6,BWA,BW,Botswana,Botswana,Southern Africa,Afrique australe,Africa,Afrique
2003,27,415,26,26,BRA,BR,Brazil,Br,South America,Am,Latin America and the Caribbean,Am
2003,29,734,12,12,BIH,BA,Bosnia and Herzegovina,Bosnie-Herz,Southern Europe,Europe australe,Europe,Europe
2003,30,1529,21,21,BGR,BG,Bulgaria,Bulgarie,Eastern Europe,Europe orientale,Europe,Europe
2003,31,5,1,1,BLZ,BZ,Belize,Belize,Central America,Am,Latin America and the Caribbean,Am
2003,32,81,2,2,KHM,KH,Cambodia,Cambodge,South-eastern Asia,Asie du Sud-Est,Asia,Asie
2003,33,31925,149,149,CAN,CA,Canada,Canada,Northern America,Am,Northern America,Am
2003,34,463,7,7,CAF,CF,Central African Rep.,R,Middle Africa,Afrique australe,Africa,Afrique
2003,36,324,11,11,TCD,TD,Chad,Tchad,Middle Africa,Afrique australe,Africa,Afrique
2003,37,50,6,6,CHN,CN,China,Chine,Eastern Asia,Asie orientale,Asia,Asie
2003,38,83,5,5,CHL,CL,Chile,Chili,South America,Am,Latin America and the Caribbean,Am
2003,39,1356,10,10,CMR,CM,Cameroon,Cameroun,Middle Africa,Afrique australe,Africa,Afrique
2003,40,534,11,11,COG,CG,Congo,Congo,Middle Africa,Afrique australe,Africa,Afrique
2003,41,627,12,12,COD,CD,Dem. Rep. of the Congo,R,Middle Africa,Afrique australe,Africa,Afrique
2003,44,19,3,3,COL,CO,Colombia,Colombie,South America,Am,Latin America and the Caribbean,Am
2003,45,1745,4,4,CRI,CR,Costa Rica,Costa Rica,Central America,Am,Latin America and the Caribbean,Am
2003,46,23,3,3,CUB,CU,Cuba,Cuba,Caribbean,Cara,Latin America and the Caribbean,Am
2003,48,5048,30,51,CYP,CY,Cyprus,Chypre,Western Asia,Asie occidentale,Asia,Asie
2003,49,11402,36,37,CZE,CZ,Czechia,R,Eastern Europe,Europe orientale,Europe,Europe
2003,50,4567,70,70,DNK,DK,Denmark,Danemark,Northern Europe,Europe septentrionale,Europe,Europe
2003,51,3060,4,4,DJI,DJ,Djibouti,Djibouti,Eastern Africa,Afrique orientale,Africa,Afrique
2003,54,11454,8,8,ECU,EC,Ecuador,Equateur,South America,Am,Latin America and the Caribbean,Am
2003,56,201,2,2,ERI,ER,Eritrea,Erythr,Eastern Africa,Afrique orientale,Africa,Afrique
2003,57,15,3,3,EST,EE,Estonia,Estonie,Northern Europe,Europe septentrionale,Europe,Europe
2003,58,1611,3,3,ETH,ET,Ethiopia,Ethiopie,Eastern Africa,Afrique orientale,Africa,Afrique
2003,61,3213,61,61,FIN,FI,Finland,Finlande,Northern Europe,Europe septentrionale,Europe,Europe
2003,64,106183,79,156,FRA,FR,France,France,Western Europe,Europe occidentale,Europe,Europe
2003,67,1658,9,9,GAB,GA,Gabon,Gabon,Middle Africa,Afrique australe,Africa,Afrique
2003,68,71,1,1,GMB,GM,Gambia,Gambie,Western Africa,Afrique occidentale,Africa,Afrique
2003,70,108336,121,123,GBR,GB,United Kingdom of Great Britain and Northern Ireland,Royaume-Uni,Northern Europe,Europe septentrionale,Europe,Europe
2003,72,67815,104,180,DEU,DE,Germany,Allemagne,Western Europe,Europe occidentale,Europe,Europe
2003,73,8614,10,10,GHA,GH,Ghana,Ghana,Western Africa,Afrique occidentale,Africa,Afrique
2003,75,88,5,5,GNB,GW,Guinea-Bissau,Guin,Western Africa,Afrique occidentale,Africa,Afrique
2003,76,8163,48,48,GRC,GR,Greece,Gr,Southern Europe,Europe australe,Europe,Europe
2003,78,10,2,2,GTM,GT,Guatemala,Guatemala,Central America,Am,Latin America and the Caribbean,Am
2003,79,4939,9,9,GIN,GN,Guinea,Guin,Western Africa,Afrique occidentale,Africa,Afrique
2003,82,374,17,17,HKG,HK,"China, Hong Kong SAR","Hong Kong, RAS de la R",Eastern Asia,Asie orientale,Asia,Asie
2003,83,73,3,3,HND,HN,Honduras,Honduras,Central America,Am,Latin America and the Caribbean,Am
2003,84,126,11,17,HRV,HR,Croatia,Croatie,Southern Europe,Europe australe,Europe,Europe
2003,85,2378,40,40,HUN,HU,Hungary,Hongrie,Eastern Europe,Europe orientale,Europe,Europe
2003,86,72,11,11,ISL,IS,Iceland,Islande,Northern Europe,Europe septentrionale,Europe,Europe
2003,87,373,13,13,CIV,CI,Cote d'Ivoire,C,Western Africa,Afrique occidentale,Africa,Afrique
2003,88,972,12,20,IND,IN,India,Inde,Southern Asia,Sud de l'Asie centrale,Asia,Asie
2003,89,221,13,13,IDN,ID,Indonesia,Indon,South-eastern Asia,Asie du Sud-Est,Asia,Asie
2003,90,13167,83,148,IRL,IE,Ireland,Irlande,Northern Europe,Europe septentrionale,Europe,Europe
2003,91,30,2,2,IRN,IR,Iran (Islamic Rep. of),R,Southern Asia,Sud de l'Asie centrale,Asia,Asie
2003,94,13455,34,34,ITA,IT,Italy,Italie,Southern Europe,Europe australe,Europe,Europe
2003,96,3727,15,19,JOR,JO,Jordan,Jordanie,Western Asia,Asie occidentale,Asia,Asie
2003,97,637,22,36,JPN,JP,Japan,Japon,Eastern Asia,Asie orientale,Asia,Asie
2003,98,47,2,2,KAZ,KZ,Kazakhstan,Kazakhstan,Central Asia,Sud de l'Asie centrale,Asia,Asie
2003,99,4190,11,11,KEN,KE,Kenya,Kenya,Eastern Africa,Afrique orientale,Africa,Afrique
2003,100,212,8,8,KGZ,KG,Kyrgyzstan,Kirghizistan,Central Asia,Sud de l'Asie centrale,Asia,Asie
2003,102,73,7,7,KOR,KR,Rep. of Korea,R,Eastern Asia,Asie orientale,Asia,Asie
2003,104,12,2,2,KWT,KW,Kuwait,Kowe,Western Asia,Asie occidentale,Asia,Asie
2003,107,385,11,11,LBY,LY,Libya,Libye,Northern Africa,Afrique septentrionale,Africa,Afrique
2003,109,671,11,11,LBN,LB,Lebanon,Liban,Western Asia,Asie occidentale,Asia,Asie
2003,111,94,8,8,LIE,LI,Liechtenstein,Liechtenstein,Western Europe,Europe occidentale,Europe,Europe
2003,112,15,3,3,LKA,LK,Sri Lanka,Sri Lanka,Southern Asia,Sud de l'Asie centrale,Asia,Asie
2003,113,177,9,9,LTU,LT,Lithuania,Lituanie,Northern Europe,Europe septentrionale,Europe,Europe
2003,114,1515,41,41,LUX,LU,Luxembourg,Luxembourg,Western Europe,Europe occidentale,Europe,Europe
2003,115,5,1,1,LVA,LV,Latvia,Lettonie,Northern Europe,Europe septentrionale,Europe,Europe
2003,119,127,3,3,MRT,MR,Mauritania,Mauritanie,Western Africa,Afrique occidentale,Africa,Afrique
2003,120,2283,1,1,MKD,MK,North Macedonia,Ex-R,Southern Europe,Europe australe,Europe,Europe
2003,122,83,10,10,MDA,MD,Rep. of Moldova,R,Eastern Europe,Europe orientale,Europe,Europe
2003,124,261,22,22,MEX,MX,Mexico,Mexique,Central America,Am,Latin America and the Caribbean,Am
2003,126,500,11,11,MLI,ML,Mali,Mali,Western Africa,Afrique occidentale,Africa,Afrique
2003,127,18618,21,21,MYS,MY,Malaysia,Malaisie,South-eastern Asia,Asie du Sud-Est,Asia,Asie
2003,128,1261,4,4,MWI,MW,Malawi,Malawi,Eastern Africa,Afrique orientale,Africa,Afrique
2003,130,56,4,4,MAR,MA,Morocco,Maroc,Northern Africa,Afrique septentrionale,Africa,Afrique
2003,131,2396,8,8,MOZ,MZ,Mozambique,Mozambique,Eastern Africa,Afrique orientale,Africa,Afrique
2003,132,722,20,33,MLT,MT,Malta,Malte,Southern Europe,Europe australe,Europe,Europe
2003,136,1335,10,10,NAM,,Namibia,Namibie,Southern Africa,Afrique australe,Africa,Afrique
2003,137,26,3,3,NPL,NP,Nepal,N,Southern Asia,Sud de l'Asie centrale,Asia,Asie
2003,138,13397,98,98,NLD,NL,Netherlands (Kingdom of the),Pays-Bas,Western Europe,Europe occidentale,Europe,Europe
2003,139,44,6,6,NER,NE,Niger,Niger,Western Africa,Afrique occidentale,Africa,Afrique
2003,140,7,1,1,NIC,NI,Nicaragua,Nicaragua,Central America,Am,Latin America and the Caribbean,Am
2003,141,3081,8,8,NGA,NG,Nigeria,Nig,Western Africa,Afrique occidentale,Africa,Afrique
2003,143,15951,91,91,NOR,NO,Norway,Norv,Northern Europe,Europe septentrionale,Europe,Europe
2003,145,1323,42,66,NZL,NZ,New Zealand,Nouvelle-Z,Australia-New Zealand,Australie-Nouvelle-Z,Oceania,Oc
2003,147,5772,20,20,PAK,PK,Pakistan,Pakistan,Southern Asia,Sud de l'Asie centrale,Asia,Asie
2003,148,18,1,1,PAN,PA,Panama,Panama,Central America,Am,Latin America and the Caribbean,Am
2003,149,6,1,1,PRY,PY,Paraguay,Paraguay,South America,Am,Latin America and the Caribbean,Am
2003,150,138,4,4,PER,PE,Peru,P,South America,Am,Latin America and the Caribbean,Am
2003,151,10,2,2,PHL,PH,Philippines,Philippines,South-eastern Asia,Asie du Sud-Est,Asia,Asie
2003,153,10,2,2,PNG,PG,Papua New Guinea,Papouasie-Nouvelle-Guin,Melanesia,M,Oceania,Oc
2003,154,8009,43,69,POL,PL,Poland,Pologne,Eastern Europe,Europe orientale,Europe,Europe
2003,155,71,13,13,PRT,PT,Portugal,Portugal,Southern Europe,Europe australe,Europe,Europe
2003,157,27,3,3,QAT,QA,Qatar,Qatar,Western Asia,Asie occidentale,Asia,Asie
2003,158,1056,25,25,ROU,RO,Romania,Roumanie,Eastern Europe,Europe orientale,Europe,Europe
2003,159,35919,38,38,ZAF,ZA,South Africa,Afrique du Sud,Southern Africa,Afrique australe,Africa,Afrique
2003,160,747,19,19,RUS,RU,Russian Federation,F,Eastern Europe,Europe orientale,Europe,Europe
2003,161,1698,5,5,RWA,RW,Rwanda,Rwanda,Eastern Africa,Afrique orientale,Africa,Afrique
2003,162,16,3,3,SLV,SV,El Salvador,El Salvador,Central America,Am,Latin America and the Caribbean,Am
2003,163,123,10,10,SAU,SA,Saudi Arabia,Arabie saoudite,Western Asia,Asie occidentale,Asia,Asie
2003,164,136,9,9,SRB,RS,Serbia and Kosovo: S/RES/1244 (1999),Serbie,Southern Europe,Europe australe,Europe,Europe
2003,165,517,15,15,SEN,SN,Senegal,S,Western Africa,Afrique occidentale,Africa,Afrique
2003,172,320,4,4,SOM,SO,Somalia,Somalie,Eastern Africa,Afrique orientale,Africa,Afrique
2003,173,5924,76,76,ESP,ES,Spain,Espagne,Southern Europe,Europe australe,Europe,Europe
2003,177,2691,6,9,SDN,SD,Sudan,Soudan,Northern Africa,Afrique septentrionale,Africa,Afrique
2003,180,10350,46,46,SVK,SK,Slovakia,Slovaquie,Eastern Europe,Europe orientale,Europe,Europe
2003,181,1084,20,20,SVN,SI,Slovenia,Slov,Southern Europe,Europe australe,Europe,Europe
2003,183,31343,108,108,SWE,SE,Sweden,Su,Northern Europe,Europe septentrionale,Europe,Europe
2003,184,38948,101,102,CHE,CH,Switzerland,Suisse,Western Europe,Europe occidentale,Europe,Europe
2003,185,1659,13,13,SYR,SY,Syrian Arab Rep.,R,Western Asia,Asie occidentale,Asia,Asie
2003,186,176,1,1,TZA,TZ,United Rep. of Tanzania,R,Eastern Africa,Afrique orientale,Africa,Afrique
2003,188,4005,29,29,THA,TH,Thailand,Tha,South-eastern Asia,Asie du Sud-Est,Asia,Asie
2003,189,243,1,1,TJK,TJ,Tajikistan,Tadjikistan,Central Asia,Sud de l'Asie centrale,Asia,Asie
2003,190,41,3,3,TKM,TM,Turkmenistan,Turkm,Central Asia,Sud de l'Asie centrale,Asia,Asie
2003,191,14,2,2,TLS,TL,Timor-Leste,Timor-Leste,South-eastern Asia,Asie du Sud-Est,Asia,Asie
2003,192,332,9,9,TGO,TG,Togo,Togo,Western Africa,Afrique occidentale,Africa,Afrique
2003,195,65,3,3,TUN,TN,Tunisia,Tunisie,Northern Africa,Afrique septentrionale,Africa,Afrique
2003,196,3949,23,23,TUR,TR,Türkiye,Türkiye,Western Asia,Asie occidentale,Asia,Asie
2003,198,89,8,9,ARE,AE,United Arab Emirates,Emirats arabes unis,Western Asia,Asie occidentale,Asia,Asie
2003,199,2698,9,9,UGA,UG,Uganda,Ouganda,Eastern Africa,Afrique orientale,Africa,Afrique
2003,200,2276,33,57,UKR,UA,Ukraine,Ukraine,Eastern Europe,Europe orientale,Europe,Europe
2003,201,10,2,2,URY,UY,Uruguay,Uruguay,South America,Am,Latin America and the Caribbean,Am
2003,202,109009,156,287,USA,US,United States of America,Etats-Unis d'Am,Northern America,Am,Northern America,Am
2003,203,420,6,6,UZB,UZ,Uzbekistan,Ouzb,Central Asia,Sud de l'Asie centrale,Asia,Asie
2003,207,1352,2,2,VEN,VE,Venezuela (Bolivarian Republic of),Venezuela (R,South America,Am,Latin America and the Caribbean,Am
2003,211,1232,7,7,YEM,YE,Yemen,Y,Western Asia,Asie occidentale,Asia,Asie
2003,213,322,5,5,ZMB,ZM,Zambia,Zambie,Eastern Africa,Afrique orientale,Africa,Afrique
2003,214,3335,15,15,ZWE,ZW,Zimbabwe,Zimbabwe,Eastern Africa,Afrique orientale,Africa,Afrique
2004,2,85,4,4,AFG,AF,Afghanistan,Afghanistan,Southern Asia,Sud de l'Asie centrale,Asia,Asie
2004,3,5,1,1,ALB,AL,Albania,Albanie,Southern Europe,Europe australe,Europe,Europe
2004,4,30,2,2,DZA,DZ,Algeria,Alg,Northern Africa,Afrique septentrionale,Africa,Afrique
2004,6,128,6,6,AGO,AO,Angola,Angola,Middle Africa,Afrique australe,Africa,Afrique
2004,8,10690,20,20,EGY,EG,Egypt,Egypte,Northern Africa,Afrique septentrionale,Africa,Afrique
2004,9,301,20,20,ARG,AR,Argentina,Argentine,South America,Am,Latin America and the Caribbean,Am
2004,10,185,3,3,ARM,AM,Armenia,Arm,Western Asia,Asie occidentale,Asia,Asie
2004,11,6093,75,112,AUS,AU,Australia,Australie,Australia-New Zealand,Australie-Nouvelle-Z,Oceania,Oc
2004,12,24620,84,84,AUT,AT,Austria,Autriche,Western Europe,Europe occidentale,Europe,Europe
2004,13,1270,7,13,AZE,AZ,Azerbaijan,Azerba,Western Asia,Asie occidentale,Asia,Asie
2004,14,5,1,1,BHR,BH,Bahrain,Bahre,Western Asia,Asie occidentale,Asia,Asie
2004,16,2187,2,3,BDI,BI,Burundi,Burundi,Eastern Africa,Afrique orientale,Africa,Afrique
2004,17,20356,97,160,BEL,BE,Belgium,Belgique,Western Europe,Europe occidentale,Europe,Europe
2004,18,724,15,22,BEN,BJ,Benin,B,Western Africa,Afrique occidentale,Africa,Afrique
2004,20,16,1,1,BGD,BD,Bangladesh,Bangladesh,Southern Asia,Sud de l'Asie centrale,Asia,Asie
2004,23,93,5,5,BFA,BF,Burkina Faso,Burkina Faso,Western Africa,Afrique occidentale,Africa,Afrique
2004,24,155,10,10,BLR,BY,Belarus,B,Eastern Europe,Europe orientale,Europe,Europe
2004,25,24,2,2,BOL,BO,Bolivia (Plurinational State of),Bolivie,South America,Am,Latin America and the Caribbean,Am
2004,26,24,2,2,BWA,BW,Botswana,Botswana,Southern Africa,Afrique australe,Africa,Afrique
2004,27,365,24,24,BRA,BR,Brazil,Br,South America,Am,Latin America and the Caribbean,Am
2004,29,195,7,7,BIH,BA,Bosnia and Herzegovina,Bosnie-Herz,Southern Europe,Europe australe,Europe,Europe
2004,30,1117,28,28,BGR,BG,Bulgaria,Bulgarie,Eastern Europe,Europe orientale,Europe,Europe
2004,31,31,2,2,BLZ,BZ,Belize,Belize,Central America,Am,Latin America and the Caribbean,Am
2004,32,894,2,2,KHM,KH,Cambodia,Cambodge,South-eastern Asia,Asie du Sud-Est,Asia,Asie
2004,33,25737,148,148,CAN,CA,Canada,Canada,Northern America,Am,Northern America,Am
2004,34,385,7,7,CAF,CF,Central African Rep.,R,Middle Africa,Afrique australe,Africa,Afrique
2004,37,153,7,7,CHN,CN,China,Chine,Eastern Asia,Asie orientale,Asia,Asie
2004,38,189,2,2,CHL,CL,Chile,Chili,South America,Am,Latin America and the Caribbean,Am
2004,39,2053,10,10,CMR,CM,Cameroon,Cameroun,Middle Africa,Afrique australe,Africa,Afrique
2004,40,321,7,7,COG,CG,Congo,Congo,Middle Africa,Afrique australe,Africa,Afrique
2004,41,249,12,12,COD,CD,Dem. Rep. of the Congo,R,Middle Africa,Afrique australe,Africa,Afrique
2004,44,37,3,4,COL,CO,Colombia,Colombie,South America,Am,Latin America and the Caribbean,Am
2004,45,1442,5,5,CRI,CR,Costa Rica,Costa Rica,Central America,Am,Latin America and the Caribbean,Am
2004,46,13,2,2,CUB,CU,Cuba,Cuba,Caribbean,Cara,Latin America and the Caribbean,Am
2004,48,10806,36,53,CYP,CY,Cyprus,Chypre,Western Asia,Asie occidentale,Asia,Asie
2004,49,5469,35,36,CZE,CZ,Czechia,R,Eastern Europe,Europe orientale,Europe,Europe
2004,50,3231,73,73,DNK,DK,Denmark,Danemark,Northern Europe,Europe septentrionale,Europe,Europe
2004,54,7847,8,8,ECU,EC,Ecuador,Equateur,South America,Am,Latin America and the Caribbean,Am
2004,56,254,2,2,ERI,ER,Eritrea,Erythr,Eastern Africa,Afrique orientale,Africa,Afrique
2004,57,12,2,2,EST,EE,Estonia,Estonie,Northern Europe,Europe septentrionale,Europe,Europe
2004,58,2282,6,6,ETH,ET,Ethiopia,Ethiopie,Eastern Africa,Afrique orientale,Africa,Afrique
2004,61,3847,53,53,FIN,FI,Finland,Finlande,Northern Europe,Europe septentrionale,Europe,Europe
2004,64,117301,91,180,FRA,FR,France,France,Western Europe,Europe occidentale,Europe,Europe
2004,67,117,6,6,GAB,GA,Gabon,Gabon,Middle Africa,Afrique australe,Africa,Afrique
2004,68,600,1,1,GMB,GM,Gambia,Gambie,Western Africa,Afrique occidentale,Africa,Afrique
2004,70,77098,118,120,GBR,GB,United Kingdom of Great Britain and Northern Ireland,Royaume-Uni,Northern Europe,Europe septentrionale,Europe,Europe
2004,71,9,1,1,GEO,GE,Georgia,G,Western Asia,Asie occidentale,Asia,Asie
2004,72,50111,97,168,DEU,DE,Germany,Allemagne,Western Europe,Europe occidentale,Europe,Europe
2004,73,2104,13,13,GHA,GH,Ghana,Ghana,Western Africa,Afrique occidentale,Africa,Afrique
2004,75,73,3,3,GNB,GW,Guinea-Bissau,Guin,Western Africa,Afrique occidentale,Africa,Afrique
2004,76,4452,51,51,GRC,GR,Greece,Gr,Southern Europe,Europe australe,Europe,Europe
2004,78,11,2,2,GTM,GT,Guatemala,Guatemala,Central America,Am,Latin America and the Caribbean,Am
2004,79,4247,7,7,GIN,GN,Guinea,Guin,Western Africa,Afrique occidentale,Africa,Afrique
2004,82,786,18,18,HKG,HK,"China, Hong Kong SAR","Hong Kong, RAS de la R",Eastern Asia,Asie orientale,Asia,Asie
2004,83,95,5,5,HND,HN,Honduras,Honduras,Central America,Am,Latin America and the Caribbean,Am
2004,84,210,16,24,HRV,HR,Croatia,Croatie,Southern Europe,Europe australe,Europe,Europe
2004,85,1964,44,70,HUN,HU,Hungary,Hongrie,Eastern Europe,Europe orientale,Europe,Europe
2004,86,57,10,10,ISL,IS,Iceland,Islande,Northern Europe,Europe septentrionale,Europe,Europe
2004,87,1156,11,11,CIV,CI,Cote d'Ivoire,C,Western Africa,Afrique occidentale,Africa,Afrique
2004,88,928,10,17,IND,IN,India,Inde,Southern Asia,Sud de l'Asie centrale,Asia,Asie
2004,89,129,8,8,IDN,ID,Indonesia,Indon,South-eastern Asia,Asie du Sud-Est,Asia,Asie
2004,90,9780,78,138,IRL,IE,Ireland,Irlande,Northern Europe,Europe septentrionale,Europe,Europe
2004,91,63,3,3,IRN,IR,Iran (Islamic Rep. of),R,Southern Asia,Sud de l'Asie centrale,Asia,Asie
2004,92,299,2,2,IRQ,IQ,Iraq,Iraq,Western Asia,Asie occidentale,Asia,Asie
2004,93,886,26,26,ISR,IL,Israel,Isra,Western Asia,Asie occidentale,Asia,Asie
2004,94,9710,68,68,ITA,IT,Italy,Italie,Southern Europe,Europe australe,Europe,Europe
2004,96,6353,17,17,JOR,JO,Jordan,Jordanie,Western Asia,Asie occidentale,Asia,Asie
2004,97,644,15,21,JPN,JP,Japan,Japon,Eastern Asia,Asie orientale,Asia,Asie
2004,98,123,4,4,KAZ,KZ,Kazakhstan,Kazakhstan,Central Asia,Sud de l'Asie centrale,Asia,Asie
2004,99,9314,9,9,KEN,KE,Kenya,Kenya,Eastern Africa,Afrique orientale,Africa,Afrique
2004,100,128,4,4,KGZ,KG,Kyrgyzstan,Kirghizistan,Central Asia,Sud de l'Asie centrale,Asia,Asie
2004,102,132,5,5,KOR,KR,Rep. of Korea,R,Eastern Asia,Asie orientale,Asia,Asie
2004,104,11,2,2,KWT,KW,Kuwait,Kowe,Western Asia,Asie occidentale,Asia,Asie
2004,107,777,12,12,LBY,LY,Libya,Libye,Northern Africa,Afrique septentrionale,Africa,Afrique
2004,109,556,16,16,LBN,LB,Lebanon,Liban,Western Asia,Asie occidentale,Asia,Asie
2004,111,67,8,8,LIE,LI,Liechtenstein,Liechtenstein,Western Europe,Europe occidentale,Europe,Europe
2004,112,130,2,2,LKA,LK,Sri Lanka,Sri Lanka,Southern Asia,Sud de l'Asie centrale,Asia,Asie
2004,113,155,7,7,LTU,LT,Lithuania,Lituanie,Northern Europe,Europe septentrionale,Europe,Europe
2004,114,1565,46,46,LUX,LU,Luxembourg,Luxembourg,Western Europe,Europe occidentale,Europe,Europe
2004,115,5,1,1,LVA,LV,Latvia,Lettonie,Northern Europe,Europe septentrionale,Europe,Europe
2004,119,126,7,7,MRT,MR,Mauritania,Mauritanie,Western Africa,Afrique occidentale,Africa,Afrique
2004,120,102,1,1,MKD,MK,North Macedonia,Ex-R,Southern Europe,Europe australe,Europe,Europe
2004,122,107,11,11,MDA,MD,Rep. of Moldova,R,Eastern Europe,Europe orientale,Europe,Europe
2004,124,397,22,22,MEX,MX,Mexico,Mexique,Central America,Am,Latin America and the Caribbean,Am
2004,126,1243,5,5,MLI,ML,Mali,Mali,Western Africa,Afrique occidentale,Africa,Afrique
2004,127,20657,28,28,MYS,MY,Malaysia,Malaisie,South-eastern Asia,Asie du Sud-Est,Asia,Asie
2004,128,2413,4,4,MWI,MW,Malawi,Malawi,Eastern Africa,Afrique orientale,Africa,Afrique
2004,132,993,26,26,MLT,MT,Malta,Malte,Southern Europe,Europe australe,Europe,Europe
2004,136,343,4,4,NAM,,Namibia,Namibie,Southern Africa,Afrique australe,Africa,Afrique
2004,137,629,3,3,NPL,NP,Nepal,N,Southern Asia,Sud de l'Asie centrale,Asia,Asie
2004,138,9751,88,88,NLD,NL,Netherlands (Kingdom of the),Pays-Bas,Western Europe,Europe occidentale,Europe,Europe
2004,139,55,3,3,NER,NE,Niger,Niger,Western Africa,Afrique occidentale,Africa,Afrique
2004,140,22,4,4,NIC,NI,Nicaragua,Nicaragua,Central America,Am,Latin America and the Caribbean,Am
2004,141,212,6,6,NGA,NG,Nigeria,Nig,Western Africa,Afrique occidentale,Africa,Afrique
2004,143,7916,81,81,NOR,NO,Norway,Norv,Northern Europe,Europe septentrionale,Europe,Europe
2004,145,996,36,59,NZL,NZ,New Zealand,Nouvelle-Z,Australia-New Zealand,Australie-Nouvelle-Z,Oceania,Oc
2004,146,7,1,1,OMN,OM,Oman,Oman,Western Asia,Asie occidentale,Asia,Asie
2004,147,3168,24,24,PAK,PK,Pakistan,Pakistan,Southern Asia,Sud de l'Asie centrale,Asia,Asie
2004,148,354,4,4,PAN,PA,Panama,Panama,Central America,Am,Latin America and the Caribbean,Am
2004,149,9,1,1,PRY,PY,Paraguay,Paraguay,South America,Am,Latin America and the Caribbean,Am
2004,150,141,3,3,PER,PE,Peru,P,South America,Am,Latin America and the Caribbean,Am
2004,151,15,3,3,PHL,PH,Philippines,Philippines,South-eastern Asia,Asie du Sud-Est,Asia,Asie
2004,153,5,1,1,PNG,PG,Papua New Guinea,Papouasie-Nouvelle-Guin,Melanesia,M,Oceania,Oc
2004,154,8742,40,62,POL,PL,Poland,Pologne,Eastern Europe,Europe orientale,Europe,Europe
2004,155,100,16,16,PRT,PT,Portugal,Portugal,Southern Europe,Europe australe,Europe,Europe
2004,158,644,28,28,ROU,RO,Romania,Roumanie,Eastern Europe,Europe orientale,Europe,Europe
2004,159,32565,35,35,ZAF,ZA,South Africa,Afrique du Sud,Southern Africa,Afrique australe,Africa,Afrique
2004,160,907,14,14,RUS,RU,Russian Federation,F,Eastern Europe,Europe orientale,Europe,Europe
2004,161,1000,2,2,RWA,RW,Rwanda,Rwanda,Eastern Africa,Afrique orientale,Africa,Afrique
2004,163,235,9,9,SAU,SA,Saudi Arabia,Arabie saoudite,Western Asia,Asie occidentale,Asia,Asie
2004,164,49,6,6,SRB,RS,Serbia and Kosovo: S/RES/1244 (1999),Serbie,Southern Europe,Europe australe,Europe,Europe
2004,165,450,16,16,SEN,SN,Senegal,S,Western Africa,Afrique occidentale,Africa,Afrique
2004,168,10,2,2,SGP,SG,Singapore,Singapour,South-eastern Asia,Asie du Sud-Est,Asia,Asie
2004,172,175,1,1,SOM,SO,Somalia,Somalie,Eastern Africa,Afrique orientale,Africa,Afrique
2004,173,5531,81,81,ESP,ES,Spain,Espagne,Southern Europe,Europe australe,Europe,Europe
2004,177,11960,3,4,SDN,SD,Sudan,Soudan,Northern Africa,Afrique septentrionale,Africa,Afrique
2004,180,11385,43,43,SVK,SK,Slovakia,Slovaquie,Eastern Europe,Europe orientale,Europe,Europe
2004,181,1265,24,24,SVN,SI,Slovenia,Slov,Southern Europe,Europe australe,Europe,Europe
2004,183,23157,105,105,SWE,SE,Sweden,Su,Northern Europe,Europe septentrionale,Europe,Europe
2004,184,27614,99,100,CHE,CH,Switzerland,Suisse,Western Europe,Europe occidentale,Europe,Europe
2004,185,5275,19,19,SYR,SY,Syrian Arab Rep.,R,Western Asia,Asie occidentale,Asia,Asie
2004,186,7,1,1,TZA,TZ,United Rep. of Tanzania,R,Eastern Africa,Afrique orientale,Africa,Afrique
2004,188,2463,27,27,THA,TH,Thailand,Tha,South-eastern Asia,Asie du Sud-Est,Asia,Asie
2004,190,31,3,3,TKM,TM,Turkmenistan,Turkm,Central Asia,Sud de l'Asie centrale,Asia,Asie
2004,192,222,7,9,TGO,TG,Togo,Togo,Western Africa,Afrique occidentale,Africa,Afrique
2004,195,73,6,6,TUN,TN,Tunisia,Tunisie,Northern Africa,Afrique septentrionale,Africa,Afrique
2004,196,3904,24,24,TUR,TR,Türkiye,Türkiye,Western Asia,Asie occidentale,Asia,Asie
2004,198,54,4,4,ARE,AE,United Arab Emirates,Emirats arabes unis,Western Asia,Asie occidentale,Asia,Asie
2004,199,3818,10,10,UGA,UG,Uganda,Ouganda,Eastern Africa,Afrique orientale,Africa,Afrique
2004,200,2582,34,85,UKR,UA,Ukraine,Ukraine,Eastern Europe,Europe orientale,Europe,Europe
2004,201,5,1,1,URY,UY,Uruguay,Uruguay,South America,Am,Latin America and the Caribbean,Am
2004,202,44970,149,269,USA,US,United States of America,Etats-Unis d'Am,Northern America,Am,Northern America,Am
2004,203,197,8,8,UZB,UZ,Uzbekistan,Ouzb,Central Asia,Sud de l'Asie centrale,Asia,Asie
2004,207,2258,4,4,VEN,VE,Venezuela (Bolivarian Republic of),Venezuela (R,South America,Am,Latin America and the Caribbean,Am
2004,211,1558,9,9,YEM,YE,Yemen,Y,Western Asia,Asie occidentale,Asia,Asie
2004,213,363,5,5,ZMB,ZM,Zambia,Zambie,Eastern Africa,Afrique orientale,Africa,Afrique
2004,214,960,3,3,ZWE,ZW,Zimbabwe,Zimbabwe,Eastern Africa,Afrique orientale,Africa,Afrique
2005,2,24,3,3,AFG,AF,Afghanistan,Afghanistan,Southern Asia,Sud de l'Asie centrale,Asia,Asie
2005,3,20,2,2,ALB,AL,Albania,Albanie,Southern Europe,Europe australe,Europe,Europe
2005,4,349,7,7,DZA,DZ,Algeria,Alg,Northern Africa,Afrique septentrionale,Africa,Afrique
2005,6,70,6,6,AGO,AO,Angola,Angola,Middle Africa,Afrique australe,Africa,Afrique
2005,8,3469,14,14,EGY,EG,Egypt,Egypte,Northern Africa,Afrique septentrionale,Africa,Afrique
2005,9,395,20,20,ARG,AR,Argentina,Argentine,South America,Am,Latin America and the Caribbean,Am
2005,10,154,3,3,ARM,AM,Armenia,Arm,Western Asia,Asie occidentale,Asia,Asie
2005,11,6315,77,131,AUS,AU,Australia,Australie,Australia-New Zealand,Australie-Nouvelle-Z,Oceania,Oc
2005,12,22438,77,77,AUT,AT,Austria,Autriche,Western Europe,Europe occidentale,Europe,Europe
2005,13,1354,10,25,AZE,AZ,Azerbaijan,Azerba,Western Asia,Asie occidentale,Asia,Asie
2005,14,9,1,1,BHR,BH,Bahrain,Bahre,Western Asia,Asie occidentale,Asia,Asie
2005,16,10036,3,5,BDI,BI,Burundi,Burundi,Eastern Africa,Afrique orientale,Africa,Afrique
2005,17,22823,95,163,BEL,BE,Belgium,Belgique,Western Europe,Europe occidentale,Europe,Europe
2005,18,779,13,14,BEN,BJ,Benin,B,Western Africa,Afrique occidentale,Africa,Afrique
2005,20,50,2,2,BGD,BD,Bangladesh,Bangladesh,Southern Asia,Sud de l'Asie centrale,Asia,Asie
2005,23,206,8,8,BFA,BF,Burkina Faso,Burkina Faso,Western Africa,Afrique occidentale,Africa,Afrique
2005,24,209,11,11,BLR,BY,Belarus,B,Eastern Europe,Europe orientale,Europe,Europe
2005,25,19,2,2,BOL,BO,Bolivia (Plurinational State of),Bolivie,South America,Am,Latin America and the Caribbean,Am
2005,27,554,25,25,BRA,BR,Brazil,Br,South America,Am,Latin America and the Caribbean,Am
2005,29,155,12,12,BIH,BA,Bosnia and Herzegovina,Bosnie-Herz,Southern Europe,Europe australe,Europe,Europe
2005,30,812,26,26,BGR,BG,Bulgaria,Bulgarie,Eastern Europe,Europe orientale,Europe,Europe
2005,31,5,1,1,BLZ,BZ,Belize,Belize,Central America,Am,Latin America and the Caribbean,Am
2005,32,622,1,2,KHM,KH,Cambodia,Cambodge,South-eastern Asia,Asie du Sud-Est,Asia,Asie
2005,33,20765,141,141,CAN,CA,Canada,Canada,Northern America,Am,Northern America,Am
2005,34,298,9,9,CAF,CF,Central African Rep.,R,Middle Africa,Afrique australe,Africa,Afrique
2005,36,151,8,8,TCD,TD,Chad,Tchad,Middle Africa,Afrique australe,Africa,Afrique
2005,37,151,10,10,CHN,CN,China,Chine,Eastern Asia,Asie orientale,Asia,Asie
2005,38,372,5,5,CHL,CL,Chile,Chili,South America,Am,Latin America and the Caribbean,Am
2005,39,3142,11,11,CMR,CM,Cameroon,Cameroun,Middle Africa,Afrique australe,Africa,Afrique
2005,40,618,12,12,COG,CG,Congo,Congo,Middle Africa,Afrique australe,Africa,Afrique
2005,41,194,9,9,COD,CD,Dem. Rep. of the Congo,R,Middle Africa,Afrique australe,Africa,Afrique
2005,44,92,4,8,COL,CO,Colombia,Colombie,South America,Am,Latin America and the Caribbean,Am
2005,46,35,2,2,CUB,CU,Cuba,Cuba,Caribbean,Cara,Latin America and the Caribbean,Am
2005,48,10201,47,72,CYP,CY,Cyprus,Chypre,Western Asia,Asie occidentale,Asia,Asie
2005,49,4160,35,35,CZE,CZ,Czechia,R,Eastern Europe,Europe orientale,Europe,Europe
2005,50,2237,61,61,DNK,DK,Denmark,Danemark,Northern Europe,Europe septentrionale,Europe,Europe
2005,51,17,1,1,DJI,DJ,Djibouti,Djibouti,Eastern Africa,Afrique orientale,Africa,Afrique
2005,54,7076,9,9,ECU,EC,Ecuador,Equateur,South America,Am,Latin America and the Caribbean,Am
2005,56,1303,3,3,ERI,ER,Eritrea,Erythr,Eastern Africa,Afrique orientale,Africa,Afrique
2005,57,10,2,2,EST,EE,Estonia,Estonie,Northern Europe,Europe septentrionale,Europe,Europe
2005,58,3200,6,6,ETH,ET,Ethiopia,Ethiopie,Eastern Africa,Afrique orientale,Africa,Afrique
2005,61,3547,54,54,FIN,FI,Finland,Finlande,Northern Europe,Europe septentrionale,Europe,Europe
2005,64,97790,94,192,FRA,FR,France,France,Western Europe,Europe occidentale,Europe,Europe
2005,67,226,8,8,GAB,GA,Gabon,Gabon,Middle Africa,Afrique australe,Africa,Afrique
2005,70,57984,111,113,GBR,GB,United Kingdom of Great Britain and Northern Ireland,Royaume-Uni,Northern Europe,Europe septentrionale,Europe,Europe
2005,71,21,2,2,GEO,GE,Georgia,G,Western Asia,Asie occidentale,Asia,Asie
2005,72,42891,96,170,DEU,DE,Germany,Allemagne,Western Europe,Europe occidentale,Europe,Europe
2005,73,14046,6,6,GHA,GH,Ghana,Ghana,Western Africa,Afrique occidentale,Africa,Afrique
2005,75,184,6,6,GNB,GW,Guinea-Bissau,Guin,Western Africa,Afrique occidentale,Africa,Afrique
2005,76,9043,50,50,GRC,GR,Greece,Gr,Southern Europe,Europe australe,Europe,Europe
2005,78,21,2,2,GTM,GT,Guatemala,Guatemala,Central America,Am,Latin America and the Caribbean,Am
2005,79,2471,9,9,GIN,GN,Guinea,Guin,Western Africa,Afrique occidentale,Africa,Afrique
2005,82,1024,24,28,HKG,HK,"China, Hong Kong SAR","Hong Kong, RAS de la R",Eastern Asia,Asie orientale,Asia,Asie
2005,83,103,4,4,HND,HN,Honduras,Honduras,Central America,Am,Latin America and the Caribbean,Am
2005,84,194,18,20,HRV,HR,Croatia,Croatie,Southern Europe,Europe australe,Europe,Europe
2005,85,2176,41,67,HUN,HU,Hungary,Hongrie,Eastern Europe,Europe orientale,Europe,Europe
2005,86,93,10,14,ISL,IS,Iceland,Islande,Northern Europe,Europe septentrionale,Europe,Europe
2005,87,631,11,11,CIV,CI,Cote d'Ivoire,C,Western Africa,Afrique occidentale,Africa,Afrique
2005,88,1098,13,21,IND,IN,India,Inde,Southern Asia,Sud de l'Asie centrale,Asia,Asie
2005,89,59,7,7,IDN,ID,Indonesia,Indon,South-eastern Asia,Asie du Sud-Est,Asia,Asie
2005,90,8531,65,65,IRL,IE,Ireland,Irlande,Northern Europe,Europe septentrionale,Europe,Europe
2005,91,247,7,7,IRN,IR,Iran (Islamic Rep. of),R,Southern Asia,Sud de l'Asie centrale,Asia,Asie
2005,92,595,2,2,IRQ,IQ,Iraq,Iraq,Western Asia,Asie occidentale,Asia,Asie
2005,93,899,26,26,ISR,IL,Israel,Isra,Western Asia,Asie occidentale,Asia,Asie
2005,94,9544,57,57,ITA,IT,Italy,Italie,Southern Europe,Europe australe,Europe,Europe
2005,96,5757,12,12,JOR,JO,Jordan,Jordanie,Western Asia,Asie occidentale,Asia,Asie
2005,97,651,13,24,JPN,JP,Japan,Japon,Eastern Asia,Asie orientale,Asia,Asie
2005,98,215,3,3,KAZ,KZ,Kazakhstan,Kazakhstan,Central Asia,Sud de l'Asie centrale,Asia,Asie
2005,99,39002,9,9,KEN,KE,Kenya,Kenya,Eastern Africa,Afrique orientale,Africa,Afrique
2005,100,1228,5,9,KGZ,KG,Kyrgyzstan,Kirghizistan,Central Asia,Sud de l'Asie centrale,Asia,Asie
2005,102,393,15,15,KOR,KR,Rep. of Korea,R,Eastern Asia,Asie orientale,Asia,Asie
2005,104,57,7,7,KWT,KW,Kuwait,Kowe,Western Asia,Asie occidentale,Asia,Asie
2005,106,22,3,3,LBR,LR,Liberia,Lib,Western Africa,Afrique occidentale,Africa,Afrique
2005,109,1013,7,7,LBN,LB,Lebanon,Liban,Western Asia,Asie occidentale,Asia,Asie
2005,111,49,8,8,LIE,LI,Liechtenstein,Liechtenstein,Western Europe,Europe occidentale,Europe,Europe
2005,112,149,2,2,LKA,LK,Sri Lanka,Sri Lanka,Southern Asia,Sud de l'Asie centrale,Asia,Asie
2005,113,111,5,5,LTU,LT,Lithuania,Lituanie,Northern Europe,Europe septentrionale,Europe,Europe
2005,114,774,34,34,LUX,LU,Luxembourg,Luxembourg,Western Europe,Europe occidentale,Europe,Europe
2005,115,18,3,3,LVA,LV,Latvia,Lettonie,Northern Europe,Europe septentrionale,Europe,Europe
2005,119,279,8,8,MRT,MR,Mauritania,Mauritanie,Western Africa,Afrique occidentale,Africa,Afrique
2005,120,71,2,2,MKD,MK,North Macedonia,Ex-R,Southern Europe,Europe australe,Europe,Europe
2005,122,103,14,14,MDA,MD,Rep. of Moldova,R,Eastern Europe,Europe orientale,Europe,Europe
2005,124,664,24,24,MEX,MX,Mexico,Mexique,Central America,Am,Latin America and the Caribbean,Am
2005,126,972,11,11,MLI,ML,Mali,Mali,Western Africa,Afrique occidentale,Africa,Afrique
2005,127,15144,25,25,MYS,MY,Malaysia,Malaisie,South-eastern Asia,Asie du Sud-Est,Asia,Asie
2005,128,3710,7,7,MWI,MW,Malawi,Malawi,Eastern Africa,Afrique orientale,Africa,Afrique
2005,130,1895,25,25,MAR,MA,Morocco,Maroc,Northern Africa,Afrique septentrionale,Africa,Afrique
2005,131,856,4,4,MOZ,MZ,Mozambique,Mozambique,Eastern Africa,Afrique orientale,Africa,Afrique
2005,132,1159,27,27,MLT,MT,Malta,Malte,Southern Europe,Europe australe,Europe,Europe
2005,136,231,4,4,NAM,,Namibia,Namibie,Southern Africa,Afrique australe,Africa,Afrique
2005,137,927,6,7,NPL,NP,Nepal,N,Southern Asia,Sud de l'Asie centrale,Asia,Asie
2005,138,12325,87,87,NLD,NL,Netherlands (Kingdom of the),Pays-Bas,Western Europe,Europe occidentale,Europe,Europe
2005,139,19,2,3,NER,NE,Niger,Niger,Western Africa,Afrique occidentale,Africa,Afrique
2005,140,11,2,2,NIC,NI,Nicaragua,Nicaragua,Central America,Am,Latin America and the Caribbean,Am
2005,141,1218,10,10,NGA,NG,Nigeria,Nig,Western Africa,Afrique occidentale,Africa,Afrique
2005,143,5378,76,76,NOR,NO,Norway,Norv,Northern Europe,Europe septentrionale,Europe,Europe
2005,145,633,35,55,NZL,NZ,New Zealand,Nouvelle-Z,Australia-New Zealand,Australie-Nouvelle-Z,Oceania,Oc
2005,147,1752,14,14,PAK,PK,Pakistan,Pakistan,Southern Asia,Sud de l'Asie centrale,Asia,Asie
2005,148,433,2,2,PAN,PA,Panama,Panama,Central America,Am,Latin America and the Caribbean,Am
2005,149,13,1,1,PRY,PY,Paraguay,Paraguay,South America,Am,Latin America and the Caribbean,Am
2005,150,213,2,2,PER,PE,Peru,P,South America,Am,Latin America and the Caribbean,Am
2005,151,10,2,2,PHL,PH,Philippines,Philippines,South-eastern Asia,Asie du Sud-Est,Asia,Asie
2005,154,8236,35,56,POL,PL,Poland,Pologne,Eastern Europe,Europe orientale,Europe,Europe
2005,155,87,11,11,PRT,PT,Portugal,Portugal,Southern Europe,Europe australe,Europe,Europe
2005,157,5,1,1,QAT,QA,Qatar,Qatar,Western Asia,Asie occidentale,Asia,Asie
2005,158,577,31,31,ROU,RO,Romania,Roumanie,Eastern Europe,Europe orientale,Europe,Europe
2005,159,28517,31,31,ZAF,ZA,South Africa,Afrique du Sud,Southern Africa,Afrique australe,Africa,Afrique
2005,160,952,23,23,RUS,RU,Russian Federation,F,Eastern Europe,Europe orientale,Europe,Europe
2005,161,3638,2,2,RWA,RW,Rwanda,Rwanda,Eastern Africa,Afrique orientale,Africa,Afrique
2005,163,332,8,8,SAU,SA,Saudi Arabia,Arabie saoudite,Western Asia,Asie occidentale,Asia,Asie
2005,164,83,11,11,SRB,RS,Serbia and Kosovo: S/RES/1244 (1999),Serbie,Southern Europe,Europe australe,Europe,Europe
2005,165,488,12,12,SEN,SN,Senegal,S,Western Africa,Afrique occidentale,Africa,Afrique
2005,168,8,1,1,SGP,SG,Singapore,Singapour,South-eastern Asia,Asie du Sud-Est,Asia,Asie
2005,169,45,3,3,SLE,SL,Sierra Leone,Sierra Leone,Western Africa,Afrique occidentale,Africa,Afrique
2005,172,254,4,4,SOM,SO,Somalia,Somalie,Eastern Africa,Afrique orientale,Africa,Afrique
2005,173,5241,77,77,ESP,ES,Spain,Espagne,Southern Europe,Europe australe,Europe,Europe
2005,177,6445,3,6,SDN,SD,Sudan,Soudan,Northern Africa,Afrique septentrionale,Africa,Afrique
2005,180,3525,30,30,SVK,SK,Slovakia,Slovaquie,Eastern Europe,Europe orientale,Europe,Europe
2005,181,1821,26,26,SVN,SI,Slovenia,Slov,Southern Europe,Europe australe,Europe,Europe
2005,183,17533,101,101,SWE,SE,Sweden,Su,Northern Europe,Europe septentrionale,Europe,Europe
2005,184,18825,91,92,CHE,CH,Switzerland,Suisse,Western Europe,Europe occidentale,Europe,Europe
2005,185,922,15,15,SYR,SY,Syrian Arab Rep.,R,Western Asia,Asie occidentale,Asia,Asie
2005,186,144,3,3,TZA,TZ,United Rep. of Tanzania,R,Eastern Africa,Afrique orientale,Africa,Afrique
2005,188,47686,21,44,THA,TH,Thailand,Tha,South-eastern Asia,Asie du Sud-Est,Asia,Asie
2005,189,244,2,2,TJK,TJ,Tajikistan,Tadjikistan,Central Asia,Sud de l'Asie centrale,Asia,Asie
2005,190,33,3,3,TKM,TM,Turkmenistan,Turkm,Central Asia,Sud de l'Asie centrale,Asia,Asie
2005,192,105,4,4,TGO,TG,Togo,Togo,Western Africa,Afrique occidentale,Africa,Afrique
2005,195,110,8,8,TUN,TN,Tunisia,Tunisie,Northern Africa,Afrique septentrionale,Africa,Afrique
2005,196,3916,24,25,TUR,TR,Türkiye,Türkiye,Western Asia,Asie occidentale,Asia,Asie
2005,198,51,5,5,ARE,AE,United Arab Emirates,Emirats arabes unis,Western Asia,Asie occidentale,Asia,Asie
2005,200,2399,40,61,UKR,UA,Ukraine,Ukraine,Eastern Europe,Europe orientale,Europe,Europe
2005,201,22,2,2,URY,UY,Uruguay,Uruguay,South America,Am,Latin America and the Caribbean,Am
2005,202,39208,130,231,USA,US,United States of America,Etats-Unis d'Am,Northern America,Am,Northern America,Am
2005,203,212,5,5,UZB,UZ,Uzbekistan,Ouzb,Central Asia,Sud de l'Asie centrale,Asia,Asie
2005,207,1653,5,5,VEN,VE,Venezuela (Bolivarian Republic of),Venezuela (R,South America,Am,Latin America and the Caribbean,Am
2005,211,1937,7,7,YEM,YE,Yemen,Y,Western Asia,Asie occidentale,Asia,Asie
2005,213,163,5,5,ZMB,ZM,Zambia,Zambie,Eastern Africa,Afrique orientale,Africa,Afrique
2005,214,1671,1,1,ZWE,ZW,Zimbabwe,Zimbabwe,Eastern Africa,Afrique orientale,Africa,Afrique
2006,2,9,1,1,AFG,AF,Afghanistan,Afghanistan,Southern Asia,Sud de l'Asie centrale,Asia,Asie
2006,3,13,2,2,ALB,AL,Albania,Albanie,Southern Europe,Europe australe,Europe,Europe
2006,4,730,13,13,DZA,DZ,Algeria,Alg,Northern Africa,Afrique septentrionale,Africa,Afrique
2006,6,1016,13,13,AGO,AO,Angola,Angola,Middle Africa,Afrique australe,Africa,Afrique
2006,8,7122,17,21,EGY,EG,Egypt,Egypte,Northern Africa,Afrique septentrionale,Africa,Afrique
2006,9,341,13,13,ARG,AR,Argentina,Argentine,South America,Am,Latin America and the Caribbean,Am
2006,10,617,6,6,ARM,AM,Armenia,Arm,Western Asia,Asie occidentale,Asia,Asie
2006,11,6546,78,133,AUS,AU,Australia,Australie,Australia-New Zealand,Australie-Nouvelle-Z,Oceania,Oc
2006,12,13331,73,73,AUT,AT,Austria,Autriche,Western Europe,Europe occidentale,Europe,Europe
2006,13,727,10,17,AZE,AZ,Azerbaijan,Azerba,Western Asia,Asie occidentale,Asia,Asie
2006,16,11498,4,5,BDI,BI,Burundi,Burundi,Eastern Africa,Afrique orientale,Africa,Afrique
2006,17,16969,98,168,BEL,BE,Belgium,Belgique,Western Europe,Europe occidentale,Europe,Europe
2006,18,1137,9,15,BEN,BJ,Benin,B,Western Africa,Afrique occidentale,Africa,Afrique
2006,20,36,2,2,BGD,BD,Bangladesh,Bangladesh,Southern Asia,Sud de l'Asie centrale,Asia,Asie
2006,23,410,14,21,BFA,BF,Burkina Faso,Burkina Faso,Western Africa,Afrique occidentale,Africa,Afrique
2006,24,85,9,9,BLR,BY,Belarus,B,Eastern Europe,Europe orientale,Europe,Europe
2006,25,55,3,3,BOL,BO,Bolivia (Plurinational State of),Bolivie,South America,Am,Latin America and the Caribbean,Am
2006,26,59,6,6,BWA,BW,Botswana,Botswana,Southern Africa,Afrique australe,Africa,Afrique
2006,27,833,21,21,BRA,BR,Brazil,Br,South America,Am,Latin America and the Caribbean,Am
2006,29,56,2,2,BIH,BA,Bosnia and Herzegovina,Bosnie-Herz,Southern Europe,Europe australe,Europe,Europe
2006,30,626,22,22,BGR,BG,Bulgaria,Bulgarie,Eastern Europe,Europe orientale,Europe,Europe
2006,32,460,6,7,KHM,KH,Cambodia,Cambodge,South-eastern Asia,Asie du Sud-Est,Asia,Asie
2006,33,22858,148,148,CAN,CA,Canada,Canada,Northern America,Am,Northern America,Am
2006,34,462,4,4,CAF,CF,Central African Rep.,R,Middle Africa,Afrique australe,Africa,Afrique
2006,36,95,6,6,TCD,TD,Chad,Tchad,Middle Africa,Afrique australe,Africa,Afrique
2006,37,88,6,6,CHN,CN,China,Chine,Eastern Asia,Asie orientale,Asia,Asie
2006,38,575,6,6,CHL,CL,Chile,Chili,South America,Am,Latin America and the Caribbean,Am
2006,39,3815,15,15,CMR,CM,Cameroon,Cameroun,Middle Africa,Afrique australe,Africa,Afrique
2006,40,1109,13,13,COG,CG,Congo,Congo,Middle Africa,Afrique australe,Africa,Afrique
2006,41,79,6,6,COD,CD,Dem. Rep. of the Congo,R,Middle Africa,Afrique australe,Africa,Afrique
2006,44,82,4,5,COL,CO,Colombia,Colombie,South America,Am,Latin America and the Caribbean,Am
2006,45,775,4,4,CRI,CR,Costa Rica,Costa Rica,Central America,Am,Latin America and the Caribbean,Am
2006,46,23,3,3,CUB,CU,Cuba,Cuba,Caribbean,Cara,Latin America and the Caribbean,Am
2006,48,7164,43,69,CYP,CY,Cyprus,Chypre,Western Asia,Asie occidentale,Asia,Asie
2006,49,5129,43,73,CZE,CZ,Czechia,R,Eastern Europe,Europe orientale,Europe,Europe
2006,50,1899,58,58,DNK,DK,Denmark,Danemark,Northern Europe,Europe septentrionale,Europe,Europe
2006,51,9,1,1,DJI,DJ,Djibouti,Djibouti,Eastern Africa,Afrique orientale,Africa,Afrique
2006,54,7777,14,14,ECU,EC,Ecuador,Equateur,South America,Am,Latin America and the Caribbean,Am
2006,56,469,3,3,ERI,ER,Eritrea,Erythr,Eastern Africa,Afrique orientale,Africa,Afrique
2006,57,5,1,1,EST,EE,Estonia,Estonie,Northern Europe,Europe septentrionale,Europe,Europe
2006,58,2810,11,11,ETH,ET,Ethiopia,Ethiopie,Eastern Africa,Afrique orientale,Africa,Afrique
2006,61,2327,57,57,FIN,FI,Finland,Finlande,Northern Europe,Europe septentrionale,Europe,Europe
2006,64,69815,85,171,FRA,FR,France,France,Western Europe,Europe occidentale,Europe,Europe
2006,67,449,11,11,GAB,GA,Gabon,Gabon,Middle Africa,Afrique australe,Africa,Afrique
2006,68,41,1,1,GMB,GM,Gambia,Gambie,Western Africa,Afrique occidentale,Africa,Afrique
2006,70,46022,106,108,GBR,GB,United Kingdom of Great Britain and Northern Ireland,Royaume-Uni,Northern Europe,Europe septentrionale,Europe,Europe
2006,71,23,3,3,GEO,GE,Georgia,G,Western Asia,Asie occidentale,Asia,Asie
2006,72,30059,91,158,DEU,DE,Germany,Allemagne,Western Europe,Europe occidentale,Europe,Europe
2006,73,97,7,7,GHA,GH,Ghana,Ghana,Western Africa,Afrique occidentale,Africa,Afrique
2006,75,384,6,6,GNB,GW,Guinea-Bissau,Guin,Western Africa,Afrique occidentale,Africa,Afrique
2006,76,12252,57,57,GRC,GR,Greece,Gr,Southern Europe,Europe australe,Europe,Europe
2006,78,26,2,2,GTM,GT,Guatemala,Guatemala,Central America,Am,Latin America and the Caribbean,Am
2006,79,1226,5,5,GIN,GN,Guinea,Guin,Western Africa,Afrique occidentale,Africa,Afrique
2006,82,3014,21,39,HKG,HK,"China, Hong Kong SAR","Hong Kong, RAS de la R",Eastern Asia,Asie orientale,Asia,Asie
2006,83,14,2,2,HND,HN,Honduras,Honduras,Central America,Am,Latin America and the Caribbean,Am
2006,84,98,9,11,HRV,HR,Croatia,Croatie,Southern Europe,Europe australe,Europe,Europe
2006,85,2095,43,43,HUN,HU,Hungary,Hongrie,Eastern Europe,Europe orientale,Europe,Europe
2006,86,20,3,3,ISL,IS,Iceland,Islande,Northern Europe,Europe septentrionale,Europe,Europe
2006,87,295,12,12,CIV,CI,Cote d'Ivoire,C,Western Africa,Afrique occidentale,Africa,Afrique
2006,88,1413,11,19,IND,IN,India,Inde,Southern Asia,Sud de l'Asie centrale,Asia,Asie
2006,89,405,9,9,IDN,ID,Indonesia,Indon,South-eastern Asia,Asie du Sud-Est,Asia,Asie
2006,90,7456,70,132,IRL,IE,Ireland,Irlande,Northern Europe,Europe septentrionale,Europe,Europe
2006,91,1098,5,5,IRN,IR,Iran (Islamic Rep. of),R,Southern Asia,Sud de l'Asie centrale,Asia,Asie
2006,92,480,3,3,IRQ,IQ,Iraq,Iraq,Western Asia,Asie occidentale,Asia,Asie
2006,93,1321,31,31,ISR,IL,Israel,Isra,Western Asia,Asie occidentale,Asia,Asie
2006,94,10333,70,70,ITA,IT,Italy,Italie,Southern Europe,Europe australe,Europe,Europe
2006,96,4844,10,10,JOR,JO,Jordan,Jordanie,Western Asia,Asie occidentale,Asia,Asie
2006,97,1345,15,19,JPN,JP,Japan,Japon,Eastern Asia,Asie orientale,Asia,Asie
2006,98,302,5,5,KAZ,KZ,Kazakhstan,Kazakhstan,Central Asia,Sud de l'Asie centrale,Asia,Asie
2006,99,37489,11,16,KEN,KE,Kenya,Kenya,Eastern Africa,Afrique orientale,Africa,Afrique
2006,100,514,8,10,KGZ,KG,Kyrgyzstan,Kirghizistan,Central Asia,Sud de l'Asie centrale,Asia,Asie
2006,102,273,17,17,KOR,KR,Rep. of Korea,R,Eastern Asia,Asie orientale,Asia,Asie
2006,104,409,5,5,KWT,KW,Kuwait,Kowe,Western Asia,Asie occidentale,Asia,Asie
2006,106,52,5,5,LBR,LR,Liberia,Lib,Western Africa,Afrique occidentale,Africa,Afrique
2006,107,1045,12,12,LBY,LY,Libya,Libye,Northern Africa,Afrique septentrionale,Africa,Afrique
2006,109,1935,11,17,LBN,LB,Lebanon,Liban,Western Asia,Asie occidentale,Asia,Asie
2006,111,40,6,6,LIE,LI,Liechtenstein,Liechtenstein,Western Europe,Europe occidentale,Europe,Europe
2006,112,167,4,4,LKA,LK,Sri Lanka,Sri Lanka,Southern Asia,Sud de l'Asie centrale,Asia,Asie
2006,113,125,8,8,LTU,LT,Lithuania,Lituanie,Northern Europe,Europe septentrionale,Europe,Europe
2006,114,1041,32,33,LUX,LU,Luxembourg,Luxembourg,Western Europe,Europe occidentale,Europe,Europe
2006,115,5,1,1,LVA,LV,Latvia,Lettonie,Northern Europe,Europe septentrionale,Europe,Europe
2006,119,309,11,11,MRT,MR,Mauritania,Mauritanie,Western Africa,Afrique occidentale,Africa,Afrique
2006,120,56,1,1,MKD,MK,North Macedonia,Ex-R,Southern Europe,Europe australe,Europe,Europe
2006,122,50,6,6,MDA,MD,Rep. of Moldova,R,Eastern Europe,Europe orientale,Europe,Europe
2006,124,453,21,21,MEX,MX,Mexico,Mexique,Central America,Am,Latin America and the Caribbean,Am
2006,126,150,5,5,MLI,ML,Mali,Mali,Western Africa,Afrique occidentale,Africa,Afrique
2006,127,9080,26,26,MYS,MY,Malaysia,Malaisie,South-eastern Asia,Asie du Sud-Est,Asia,Asie
2006,128,4367,8,8,MWI,MW,Malawi,Malawi,Eastern Africa,Afrique orientale,Africa,Afrique
2006,129,10,1,1,MNG,MN,Mongolia,Mongolie,Eastern Asia,Asie orientale,Asia,Asie
2006,130,944,23,23,MAR,MA,Morocco,Maroc,Northern Africa,Afrique septentrionale,Africa,Afrique
2006,131,958,6,6,MOZ,MZ,Mozambique,Mozambique,Eastern Africa,Afrique orientale,Africa,Afrique
2006,132,1259,22,22,MLT,MT,Malta,Malte,Southern Europe,Europe australe,Europe,Europe
2006,133,15,2,2,MNE,ME,Montenegro,Mont,Southern Europe,Europe australe,Europe,Europe
2006,136,236,5,5,NAM,,Namibia,Namibie,Southern Africa,Afrique australe,Africa,Afrique
2006,137,560,7,8,NPL,NP,Nepal,N,Southern Asia,Sud de l'Asie centrale,Asia,Asie
2006,138,14449,90,90,NLD,NL,Netherlands (Kingdom of the),Pays-Bas,Western Europe,Europe occidentale,Europe,Europe
2006,139,18,3,3,NER,NE,Niger,Niger,Western Africa,Afrique occidentale,Africa,Afrique
2006,140,36,3,3,NIC,NI,Nicaragua,Nicaragua,Central America,Am,Latin America and the Caribbean,Am
2006,141,490,9,9,NGA,NG,Nigeria,Nig,Western Africa,Afrique occidentale,Africa,Afrique
2006,143,10367,80,143,NOR,NO,Norway,Norv,Northern Europe,Europe septentrionale,Europe,Europe
2006,145,470,29,42,NZL,NZ,New Zealand,Nouvelle-Z,Australia-New Zealand,Australie-Nouvelle-Z,Oceania,Oc
2006,147,2014,5,5,PAK,PK,Pakistan,Pakistan,Southern Asia,Sud de l'Asie centrale,Asia,Asie
2006,148,353,4,4,PAN,PA,Panama,Panama,Central America,Am,Latin America and the Caribbean,Am
2006,149,12,1,1,PRY,PY,Paraguay,Paraguay,South America,Am,Latin America and the Caribbean,Am
2006,150,290,6,6,PER,PE,Peru,P,South America,Am,Latin America and the Caribbean,Am
2006,151,10,2,2,PHL,PH,Philippines,Philippines,South-eastern Asia,Asie du Sud-Est,Asia,Asie
2006,154,11306,47,77,POL,PL,Poland,Pologne,Eastern Europe,Europe orientale,Europe,Europe
2006,155,112,18,18,PRT,PT,Portugal,Portugal,Southern Europe,Europe australe,Europe,Europe
2006,157,5,1,1,QAT,QA,Qatar,Qatar,Western Asia,Asie occidentale,Asia,Asie
2006,158,436,29,29,ROU,RO,Romania,Roumanie,Eastern Europe,Europe orientale,Europe,Europe
2006,159,53345,47,47,ZAF,ZA,South Africa,Afrique du Sud,Southern Africa,Afrique australe,Africa,Afrique
2006,160,1163,19,19,RUS,RU,Russian Federation,F,Eastern Europe,Europe orientale,Europe,Europe
2006,161,19,2,2,RWA,RW,Rwanda,Rwanda,Eastern Africa,Afrique orientale,Africa,Afrique
2006,162,12,2,2,SLV,SV,El Salvador,El Salvador,Central America,Am,Latin America and the Caribbean,Am
2006,163,108,11,11,SAU,SA,Saudi Arabia,Arabie saoudite,Western Asia,Asie occidentale,Asia,Asie
2006,164,15,3,3,SRB,RS,Serbia and Kosovo: S/RES/1244 (1999),Serbie,Southern Europe,Europe australe,Europe,Europe
2006,165,257,14,14,SEN,SN,Senegal,S,Western Africa,Afrique occidentale,Africa,Afrique
2006,168,16,3,3,SGP,SG,Singapore,Singapour,South-eastern Asia,Asie du Sud-Est,Asia,Asie
2006,169,243,2,2,SLE,SL,Sierra Leone,Sierra Leone,Western Africa,Afrique occidentale,Africa,Afrique
2006,172,1319,2,3,SOM,SO,Somalia,Somalie,Eastern Africa,Afrique orientale,Africa,Afrique
2006,173,5279,79,79,ESP,ES,Spain,Espagne,Southern Europe,Europe australe,Europe,Europe
2006,177,10213,4,6,SDN,SD,Sudan,Soudan,Northern Africa,Afrique septentrionale,Africa,Afrique
2006,180,2853,27,27,SVK,SK,Slovakia,Slovaquie,Eastern Europe,Europe orientale,Europe,Europe
2006,181,503,16,16,SVN,SI,Slovenia,Slov,Southern Europe,Europe australe,Europe,Europe
2006,183,24294,97,97,SWE,SE,Sweden,Su,Northern Europe,Europe septentrionale,Europe,Europe
2006,184,17323,86,87,CHE,CH,Switzerland,Suisse,Western Europe,Europe occidentale,Europe,Europe
2006,185,2829,19,29,SYR,SY,Syrian Arab Rep.,R,Western Asia,Asie occidentale,Asia,Asie
2006,186,1030,5,5,TZA,TZ,United Rep. of Tanzania,R,Eastern Africa,Afrique orientale,Africa,Afrique
2006,188,4689,22,35,THA,TH,Thailand,Tha,South-eastern Asia,Asie du Sud-Est,Asia,Asie
2006,189,449,1,1,TJK,TJ,Tajikistan,Tadjikistan,Central Asia,Sud de l'Asie centrale,Asia,Asie
2006,190,14,2,2,TKM,TM,Turkmenistan,Turkm,Central Asia,Sud de l'Asie centrale,Asia,Asie
2006,192,108,5,7,TGO,TG,Togo,Togo,Western Africa,Afrique occidentale,Africa,Afrique
2006,195,70,4,4,TUN,TN,Tunisia,Tunisie,Northern Africa,Afrique septentrionale,Africa,Afrique
2006,196,5082,27,39,TUR,TR,Türkiye,Türkiye,Western Asia,Asie occidentale,Asia,Asie
2006,198,105,7,7,ARE,AE,United Arab Emirates,Emirats arabes unis,Western Asia,Asie occidentale,Asia,Asie
2006,199,9300,9,9,UGA,UG,Uganda,Ouganda,Eastern Africa,Afrique orientale,Africa,Afrique
2006,200,2987,43,71,UKR,UA,Ukraine,Ukraine,Eastern Europe,Europe orientale,Europe,Europe
2006,201,23,2,2,URY,UY,Uruguay,Uruguay,South America,Am,Latin America and the Caribbean,Am
2006,202,41072,140,255,USA,US,United States of America,Etats-Unis d'Am,Northern America,Am,Northern America,Am
2006,207,2223,8,8,VEN,VE,Venezuela (Bolivarian Republic of),Venezuela (R,South America,Am,Latin America and the Caribbean,Am
2006,211,1608,6,6,YEM,YE,Yemen,Y,Western Asia,Asie occidentale,Asia,Asie
2006,213,103,5,5,ZMB,ZM,Zambia,Zambie,Eastern Africa,Afrique orientale,Africa,Afrique
2006,214,3260,4,4,ZWE,ZW,Zimbabwe,Zimbabwe,Eastern Africa,Afrique orientale,Africa,Afrique
2007,2,19,3,3,AFG,AF,Afghanistan,Afghanistan,Southern Asia,Sud de l'Asie centrale,Asia,Asie
2007,3,29,4,4,ALB,AL,Albania,Albanie,Southern Europe,Europe australe,Europe,Europe
2007,4,764,14,14,DZA,DZ,Algeria,Alg,Northern Africa,Afrique septentrionale,Africa,Afrique
2007,6,1471,12,12,AGO,AO,Angola,Angola,Middle Africa,Afrique australe,Africa,Afrique
2007,8,4234,18,26,EGY,EG,Egypt,Egypte,Northern Africa,Afrique septentrionale,Africa,Afrique
2007,9,535,25,25,ARG,AR,Argentina,Argentine,South America,Am,Latin America and the Caribbean,Am
2007,10,299,3,3,ARM,AM,Armenia,Arm,Western Asia,Asie occidentale,Asia,Asie
2007,11,6231,69,120,AUS,AU,Australia,Australie,Australia-New Zealand,Australie-Nouvelle-Z,Oceania,Oc
2007,12,11898,70,70,AUT,AT,Austria,Autriche,Western Europe,Europe occidentale,Europe,Europe
2007,13,564,5,13,AZE,AZ,Azerbaijan,Azerba,Western Asia,Asie occidentale,Asia,Asie
2007,14,18,1,1,BHR,BH,Bahrain,Bahre,Western Asia,Asie occidentale,Asia,Asie
2007,16,1634,3,4,BDI,BI,Burundi,Burundi,Eastern Africa,Afrique orientale,Africa,Afrique
2007,17,15489,86,95,BEL,BE,Belgium,Belgique,Western Europe,Europe occidentale,Europe,Europe
2007,18,466,13,16,BEN,BJ,Benin,B,Western Africa,Afrique occidentale,Africa,Afrique
2007,20,55,3,3,BGD,BD,Bangladesh,Bangladesh,Southern Asia,Sud de l'Asie centrale,Asia,Asie
2007,23,77,8,10,BFA,BF,Burkina Faso,Burkina Faso,Western Africa,Afrique occidentale,Africa,Afrique
2007,24,38,2,2,BLR,BY,Belarus,B,Eastern Europe,Europe orientale,Europe,Europe
2007,25,182,7,7,BOL,BO,Bolivia (Plurinational State of),Bolivie,South America,Am,Latin America and the Caribbean,Am
2007,26,60,7,7,BWA,BW,Botswana,Botswana,Southern Africa,Afrique australe,Africa,Afrique
2007,27,572,25,25,BRA,BR,Brazil,Br,South America,Am,Latin America and the Caribbean,Am
2007,29,565,3,3,BIH,BA,Bosnia and Herzegovina,Bosnie-Herz,Southern Europe,Europe australe,Europe,Europe
2007,30,963,27,27,BGR,BG,Bulgaria,Bulgarie,Eastern Europe,Europe orientale,Europe,Europe
2007,32,573,5,6,KHM,KH,Cambodia,Cambodge,South-eastern Asia,Asie du Sud-Est,Asia,Asie
2007,33,27873,152,152,CAN,CA,Canada,Canada,Northern America,Am,Northern America,Am
2007,34,440,8,8,CAF,CF,Central African Rep.,R,Middle Africa,Afrique australe,Africa,Afrique
2007,36,67,5,5,TCD,TD,Chad,Tchad,Middle Africa,Afrique australe,Africa,Afrique
2007,37,130,8,8,CHN,CN,China,Chine,Eastern Asia,Asie orientale,Asia,Asie
2007,38,748,7,7,CHL,CL,Chile,Chili,South America,Am,Latin America and the Caribbean,Am
2007,39,2833,17,18,CMR,CM,Cameroon,Cameroun,Middle Africa,Afrique australe,Africa,Afrique
2007,40,784,8,8,COG,CG,Congo,Congo,Middle Africa,Afrique australe,Africa,Afrique
2007,41,34,3,3,COD,CD,Dem. Rep. of the Congo,R,Middle Africa,Afrique australe,Africa,Afrique
2007,44,119,6,6,COL,CO,Colombia,Colombie,South America,Am,Latin America and the Caribbean,Am
2007,45,874,7,7,CRI,CR,Costa Rica,Costa Rica,Central America,Am,Latin America and the Caribbean,Am
2007,46,20,4,4,CUB,CU,Cuba,Cuba,Caribbean,Cara,Latin America and the Caribbean,Am
2007,48,8916,42,73,CYP,CY,Cyprus,Chypre,Western Asia,Asie occidentale,Asia,Asie
2007,49,3337,43,77,CZE,CZ,Czechia,R,Eastern Europe,Europe orientale,Europe,Europe
2007,50,1849,58,58,DNK,DK,Denmark,Danemark,Northern Europe,Europe septentrionale,Europe,Europe
2007,51,468,3,3,DJI,DJ,Djibouti,Djibouti,Eastern Africa,Afrique orientale,Africa,Afrique
2007,54,15019,25,25,ECU,EC,Ecuador,Equateur,South America,Am,Latin America and the Caribbean,Am
2007,56,102,3,3,ERI,ER,Eritrea,Erythr,Eastern Africa,Afrique orientale,Africa,Afrique
2007,57,17,3,3,EST,EE,Estonia,Estonie,Northern Europe,Europe septentrionale,Europe,Europe
2007,58,19834,9,9,ETH,ET,Ethiopia,Ethiopie,Eastern Africa,Afrique orientale,Africa,Afrique
2007,61,1417,49,49,FIN,FI,Finland,Finlande,Northern Europe,Europe septentrionale,Europe,Europe
2007,64,58191,90,175,FRA,FR,France,France,Western Europe,Europe occidentale,Europe,Europe
2007,67,298,7,7,GAB,GA,Gabon,Gabon,Middle Africa,Afrique australe,Africa,Afrique
2007,70,45311,109,111,GBR,GB,United Kingdom of Great Britain and Northern Ireland,Royaume-Uni,Northern Europe,Europe septentrionale,Europe,Europe
2007,71,19,2,2,GEO,GE,Georgia,G,Western Asia,Asie occidentale,Asia,Asie
2007,72,30279,93,160,DEU,DE,Germany,Allemagne,Western Europe,Europe occidentale,Europe,Europe
2007,73,107,9,9,GHA,GH,Ghana,Ghana,Western Africa,Afrique occidentale,Africa,Afrique
2007,75,132,4,4,GNB,GW,Guinea-Bissau,Guin,Western Africa,Afrique occidentale,Africa,Afrique
2007,76,42174,55,56,GRC,GR,Greece,Gr,Southern Europe,Europe australe,Europe,Europe
2007,78,48,2,2,GTM,GT,Guatemala,Guatemala,Central America,Am,Latin America and the Caribbean,Am
2007,79,727,7,7,GIN,GN,Guinea,Guin,Western Africa,Afrique occidentale,Africa,Afrique
2007,82,2247,16,27,HKG,HK,"China, Hong Kong SAR","Hong Kong, RAS de la R",Eastern Asia,Asie orientale,Asia,Asie
2007,83,29,3,3,HND,HN,Honduras,Honduras,Central America,Am,Latin America and the Caribbean,Am
2007,84,215,13,17,HRV,HR,Croatia,Croatie,Southern Europe,Europe australe,Europe,Europe
2007,85,3405,47,47,HUN,HU,Hungary,Hongrie,Eastern Europe,Europe orientale,Europe,Europe
2007,86,20,4,4,ISL,IS,Iceland,Islande,Northern Europe,Europe septentrionale,Europe,Europe
2007,87,173,6,6,CIV,CI,Cote d'Ivoire,C,Western Africa,Afrique occidentale,Africa,Afrique
2007,88,2914,11,17,IND,IN,India,Inde,Southern Asia,Sud de l'Asie centrale,Asia,Asie
2007,89,274,11,11,IDN,ID,Indonesia,Indon,South-eastern Asia,Asie du Sud-Est,Asia,Asie
2007,90,6576,72,128,IRL,IE,Ireland,Irlande,Northern Europe,Europe septentrionale,Europe,Europe
2007,91,519,4,4,IRN,IR,Iran (Islamic Rep. of),R,Southern Asia,Sud de l'Asie centrale,Asia,Asie
2007,92,233,3,3,IRQ,IQ,Iraq,Iraq,Western Asia,Asie occidentale,Asia,Asie
2007,93,5374,38,38,ISR,IL,Israel,Isra,Western Asia,Asie occidentale,Asia,Asie
2007,94,14033,67,67,ITA,IT,Italy,Italie,Southern Europe,Europe australe,Europe,Europe
2007,96,215,7,7,JOR,JO,Jordan,Jordanie,Western Asia,Asie occidentale,Asia,Asie
2007,97,1260,21,26,JPN,JP,Japan,Japon,Eastern Asia,Asie orientale,Asia,Asie
2007,98,240,5,5,KAZ,KZ,Kazakhstan,Kazakhstan,Central Asia,Sud de l'Asie centrale,Asia,Asie
2007,99,19464,9,15,KEN,KE,Kenya,Kenya,Eastern Africa,Afrique orientale,Africa,Afrique
2007,100,771,8,12,KGZ,KG,Kyrgyzstan,Kirghizistan,Central Asia,Sud de l'Asie centrale,Asia,Asie
2007,102,712,19,19,KOR,KR,Rep. of Korea,R,Eastern Asia,Asie orientale,Asia,Asie
2007,104,420,9,9,KWT,KW,Kuwait,Kowe,Western Asia,Asie occidentale,Asia,Asie
2007,106,52,2,2,LBR,LR,Liberia,Lib,Western Africa,Afrique occidentale,Africa,Afrique
2007,107,2613,14,14,LBY,LY,Libya,Libye,Northern Africa,Afrique septentrionale,Africa,Afrique
2007,109,833,13,20,LBN,LB,Lebanon,Liban,Western Asia,Asie occidentale,Asia,Asie
2007,111,16,3,3,LIE,LI,Liechtenstein,Liechtenstein,Western Europe,Europe occidentale,Europe,Europe
2007,112,212,2,2,LKA,LK,Sri Lanka,Sri Lanka,Southern Asia,Sud de l'Asie centrale,Asia,Asie
2007,113,131,14,14,LTU,LT,Lithuania,Lituanie,Northern Europe,Europe septentrionale,Europe,Europe
2007,114,748,22,23,LUX,LU,Luxembourg,Luxembourg,Western Europe,Europe occidentale,Europe,Europe
2007,115,21,4,4,LVA,LV,Latvia,Lettonie,Northern Europe,Europe septentrionale,Europe,Europe
2007,119,574,10,10,MRT,MR,Mauritania,Mauritanie,Western Africa,Afrique occidentale,Africa,Afrique
2007,120,32,3,3,MKD,MK,North Macedonia,Ex-R,Southern Europe,Europe australe,Europe,Europe
2007,122,61,8,8,MDA,MD,Rep. of Moldova,R,Eastern Europe,Europe orientale,Europe,Europe
2007,124,360,20,20,MEX,MX,Mexico,Mexique,Central America,Am,Latin America and the Caribbean,Am
2007,126,110,5,5,MLI,ML,Mali,Mali,Western Africa,Afrique occidentale,Africa,Afrique
2007,127,13808,32,32,MYS,MY,Malaysia,Malaisie,South-eastern Asia,Asie du Sud-Est,Asia,Asie
2007,128,7005,8,8,MWI,MW,Malawi,Malawi,Eastern Africa,Afrique orientale,Africa,Afrique
2007,129,5,1,1,MNG,MN,Mongolia,Mongolie,Eastern Asia,Asie orientale,Asia,Asie
2007,130,1600,24,39,MAR,MA,Morocco,Maroc,Northern Africa,Afrique septentrionale,Africa,Afrique
2007,131,879,4,4,MOZ,MZ,Mozambique,Mozambique,Eastern Africa,Afrique orientale,Africa,Afrique
2007,132,1663,28,44,MLT,MT,Malta,Malte,Southern Europe,Europe australe,Europe,Europe
2007,136,417,11,11,NAM,,Namibia,Namibie,Southern Africa,Afrique australe,Africa,Afrique
2007,137,1628,3,5,NPL,NP,Nepal,N,Southern Asia,Sud de l'Asie centrale,Asia,Asie
2007,138,7085,75,75,NLD,NL,Netherlands (Kingdom of the),Pays-Bas,Western Europe,Europe occidentale,Europe,Europe
2007,139,9,1,1,NER,NE,Niger,Niger,Western Africa,Afrique occidentale,Africa,Afrique
2007,140,53,6,6,NIC,NI,Nicaragua,Nicaragua,Central America,Am,Latin America and the Caribbean,Am
2007,141,302,9,9,NGA,NG,Nigeria,Nig,Western Africa,Afrique occidentale,Africa,Afrique
2007,143,11209,79,143,NOR,NO,Norway,Norv,Northern Europe,Europe septentrionale,Europe,Europe
2007,145,375,23,37,NZL,NZ,New Zealand,Nouvelle-Z,Australia-New Zealand,Australie-Nouvelle-Z,Oceania,Oc
2007,146,34,1,1,OMN,OM,Oman,Oman,Western Asia,Asie occidentale,Asia,Asie
2007,147,2179,6,6,PAK,PK,Pakistan,Pakistan,Southern Asia,Sud de l'Asie centrale,Asia,Asie
2007,148,360,5,5,PAN,PA,Panama,Panama,Central America,Am,Latin America and the Caribbean,Am
2007,149,33,2,2,PRY,PY,Paraguay,Paraguay,South America,Am,Latin America and the Caribbean,Am
2007,150,263,8,8,PER,PE,Peru,P,South America,Am,Latin America and the Caribbean,Am
2007,151,12,2,2,PHL,PH,Philippines,Philippines,South-eastern Asia,Asie du Sud-Est,Asia,Asie
2007,153,10,2,2,PNG,PG,Papua New Guinea,Papouasie-Nouvelle-Guin,Melanesia,M,Oceania,Oc
2007,154,13239,48,82,POL,PL,Poland,Pologne,Eastern Europe,Europe orientale,Europe,Europe
2007,155,212,18,18,PRT,PT,Portugal,Portugal,Southern Europe,Europe australe,Europe,Europe
2007,157,8,1,1,QAT,QA,Qatar,Qatar,Western Asia,Asie occidentale,Asia,Asie
2007,158,642,22,22,ROU,RO,Romania,Roumanie,Eastern Europe,Europe orientale,Europe,Europe
2007,159,45638,49,49,ZAF,ZA,South Africa,Afrique du Sud,Southern Africa,Afrique australe,Africa,Afrique
2007,160,3367,26,26,RUS,RU,Russian Federation,F,Eastern Europe,Europe orientale,Europe,Europe
2007,161,67,3,3,RWA,RW,Rwanda,Rwanda,Eastern Africa,Afrique orientale,Africa,Afrique
2007,162,7,1,1,SLV,SV,El Salvador,El Salvador,Central America,Am,Latin America and the Caribbean,Am
2007,163,61,3,3,SAU,SA,Saudi Arabia,Arabie saoudite,Western Asia,Asie occidentale,Asia,Asie
2007,164,35,6,6,SRB,RS,Serbia and Kosovo: S/RES/1244 (1999),Serbie,Southern Europe,Europe australe,Europe,Europe
2007,165,200,12,12,SEN,SN,Senegal,S,Western Africa,Afrique occidentale,Africa,Afrique
2007,168,41,6,6,SGP,SG,Singapore,Singapour,South-eastern Asia,Asie du Sud-Est,Asia,Asie
2007,172,6520,4,5,SOM,SO,Somalia,Somalie,Eastern Africa,Afrique orientale,Africa,Afrique
2007,173,7634,75,75,ESP,ES,Spain,Espagne,Southern Europe,Europe australe,Europe,Europe
2007,177,16575,3,6,SDN,SD,Sudan,Soudan,Northern Africa,Afrique septentrionale,Africa,Afrique
2007,180,2621,29,29,SVK,SK,Slovakia,Slovaquie,Eastern Europe,Europe orientale,Europe,Europe
2007,181,425,19,19,SVN,SI,Slovenia,Slov,Southern Europe,Europe australe,Europe,Europe
2007,182,39,2,2,SWZ,SZ,Eswatini,Eswatini,Southern Africa,Afrique australe,Africa,Afrique
2007,183,36351,100,100,SWE,SE,Sweden,Su,Northern Europe,Europe septentrionale,Europe,Europe
2007,184,14349,89,90,CHE,CH,Switzerland,Suisse,Western Europe,Europe occidentale,Europe,Europe
2007,185,2221,14,25,SYR,SY,Syrian Arab Rep.,R,Western Asia,Asie occidentale,Asia,Asie
2007,186,949,6,6,TZA,TZ,United Rep. of Tanzania,R,Eastern Africa,Afrique orientale,Africa,Afrique
2007,188,1440,21,39,THA,TH,Thailand,Tha,South-eastern Asia,Asie du Sud-Est,Asia,Asie
2007,189,745,1,1,TJK,TJ,Tajikistan,Tadjikistan,Central Asia,Sud de l'Asie centrale,Asia,Asie
2007,190,16,1,1,TKM,TM,Turkmenistan,Turkm,Central Asia,Sud de l'Asie centrale,Asia,Asie
2007,192,94,7,8,TGO,TG,Togo,Togo,Western Africa,Afrique occidentale,Africa,Afrique
2007,194,5,1,1,TTO,TT,Trinidad and Tobago,Trinit,Caribbean,Cara,Latin America and the Caribbean,Am
2007,195,97,4,4,TUN,TN,Tunisia,Tunisie,Northern Africa,Afrique septentrionale,Africa,Afrique
2007,196,8342,27,46,TUR,TR,Türkiye,Türkiye,Western Asia,Asie occidentale,Asia,Asie
2007,198,136,6,6,ARE,AE,United Arab Emirates,Emirats arabes unis,Western Asia,Asie occidentale,Asia,Asie
2007,199,4531,8,8,UGA,UG,Uganda,Ouganda,Eastern Africa,Afrique orientale,Africa,Afrique
2007,200,2734,41,49,UKR,UA,Ukraine,Ukraine,Eastern Europe,Europe orientale,Europe,Europe
2007,201,26,3,3,URY,UY,Uruguay,Uruguay,South America,Am,Latin America and the Caribbean,Am
2007,202,40417,133,236,USA,US,United States of America,Etats-Unis d'Am,Northern America,Am,Northern America,Am
2007,207,2357,5,5,VEN,VE,Venezuela (Bolivarian Republic of),Venezuela (R,South America,Am,Latin America and the Caribbean,Am
2007,211,2969,6,6,YEM,YE,Yemen,Y,Western Asia,Asie occidentale,Asia,Asie
2007,213,162,5,5,ZMB,ZM,Zambia,Zambie,Eastern Africa,Afrique orientale,Africa,Afrique
2007,214,4312,6,6,ZWE,ZW,Zimbabwe,Zimbabwe,Eastern Africa,Afrique orientale,Africa,Afrique
2008,2,10,2,2,AFG,AF,Afghanistan,Afghanistan,Southern Asia,Sud de l'Asie centrale,Asia,Asie
2008,3,10,1,1,ALB,AL,Albania,Albanie,Southern Europe,Europe australe,Europe,Europe
2008,4,70,6,6,DZA,DZ,Algeria,Alg,Northern Africa,Afrique septentrionale,Africa,Afrique
2008,6,435,9,9,AGO,AO,Angola,Angola,Middle Africa,Afrique australe,Africa,Afrique
2008,8,2528,13,18,EGY,EG,Egypt,Egypte,Northern Africa,Afrique septentrionale,Africa,Afrique
2008,9,844,21,21,ARG,AR,Argentina,Argentine,South America,Am,Latin America and the Caribbean,Am
2008,10,207,4,4,ARM,AM,Armenia,Arm,Western Asia,Asie occidentale,Asia,Asie
2008,11,7265,73,121,AUS,AU,Australia,Australie,Australia-New Zealand,Australie-Nouvelle-Z,Oceania,Oc
2008,12,12826,72,72,AUT,AT,Austria,Autriche,Western Europe,Europe occidentale,Europe,Europe
2008,13,399,5,9,AZE,AZ,Azerbaijan,Azerba,Western Asia,Asie occidentale,Asia,Asie
2008,14,64,1,1,BHR,BH,Bahrain,Bahre,Western Asia,Asie occidentale,Asia,Asie
2008,16,3613,3,3,BDI,BI,Burundi,Burundi,Eastern Africa,Afrique orientale,Africa,Afrique
2008,17,17077,83,86,BEL,BE,Belgium,Belgique,Western Europe,Europe occidentale,Europe,Europe
2008,18,736,14,21,BEN,BJ,Benin,B,Western Africa,Afrique occidentale,Africa,Afrique
2008,20,104,3,3,BGD,BD,Bangladesh,Bangladesh,Southern Asia,Sud de l'Asie centrale,Asia,Asie
2008,23,76,9,9,BFA,BF,Burkina Faso,Burkina Faso,Western Africa,Afrique occidentale,Africa,Afrique
2008,24,99,7,8,BLR,BY,Belarus,B,Eastern Europe,Europe orientale,Europe,Europe
2008,25,41,3,3,BOL,BO,Bolivia (Plurinational State of),Bolivie,South America,Am,Latin America and the Caribbean,Am
2008,26,848,5,5,BWA,BW,Botswana,Botswana,Southern Africa,Afrique australe,Africa,Afrique
2008,27,572,27,27,BRA,BR,Brazil,Br,South America,Am,Latin America and the Caribbean,Am
2008,29,86,3,3,BIH,BA,Bosnia and Herzegovina,Bosnie-Herz,Southern Europe,Europe australe,Europe,Europe
2008,30,738,26,26,BGR,BG,Bulgaria,Bulgarie,Eastern Europe,Europe orientale,Europe,Europe
2008,31,10,2,2,BLZ,BZ,Belize,Belize,Central America,Am,Latin America and the Caribbean,Am
2008,32,510,4,5,KHM,KH,Cambodia,Cambodge,South-eastern Asia,Asie du Sud-Est,Asia,Asie
2008,33,34792,154,154,CAN,CA,Canada,Canada,Northern America,Am,Northern America,Am
2008,34,868,7,7,CAF,CF,Central African Rep.,R,Middle Africa,Afrique australe,Africa,Afrique
2008,36,109,6,6,TCD,TD,Chad,Tchad,Middle Africa,Afrique australe,Africa,Afrique
2008,37,28,4,4,CHN,CN,China,Chine,Eastern Asia,Asie orientale,Asia,Asie
2008,38,870,6,6,CHL,CL,Chile,Chili,South America,Am,Latin America and the Caribbean,Am
2008,39,4044,17,17,CMR,CM,Cameroon,Cameroun,Middle Africa,Afrique australe,Africa,Afrique
2008,40,1986,6,6,COG,CG,Congo,Congo,Middle Africa,Afrique australe,Africa,Afrique
2008,41,20,4,4,COD,CD,Dem. Rep. of the Congo,R,Middle Africa,Afrique australe,Africa,Afrique
2008,44,93,6,7,COL,CO,Colombia,Colombie,South America,Am,Latin America and the Caribbean,Am
2008,45,944,13,13,CRI,CR,Costa Rica,Costa Rica,Central America,Am,Latin America and the Caribbean,Am
2008,48,6903,37,68,CYP,CY,Cyprus,Chypre,Western Asia,Asie occidentale,Asia,Asie
2008,49,2717,43,76,CZE,CZ,Czechia,R,Eastern Europe,Europe orientale,Europe,Europe
2008,50,2339,57,57,DNK,DK,Denmark,Danemark,Northern Europe,Europe septentrionale,Europe,Europe
2008,51,191,1,1,DJI,DJ,Djibouti,Djibouti,Eastern Africa,Afrique orientale,Africa,Afrique
2008,54,17594,24,24,ECU,EC,Ecuador,Equateur,South America,Am,Latin America and the Caribbean,Am
2008,56,77,2,2,ERI,ER,Eritrea,Erythr,Eastern Africa,Afrique orientale,Africa,Afrique
2008,57,10,2,2,EST,EE,Estonia,Estonie,Northern Europe,Europe septentrionale,Europe,Europe
2008,58,23712,7,7,ETH,ET,Ethiopia,Ethiopie,Eastern Africa,Afrique orientale,Africa,Afrique
2008,60,5,1,1,FJI,FJ,Fiji,Fidji,Melanesia,M,Oceania,Oc
2008,61,4005,55,55,FIN,FI,Finland,Finlande,Northern Europe,Europe septentrionale,Europe,Europe
2008,64,64227,86,150,FRA,FR,France,France,Western Europe,Europe occidentale,Europe,Europe
2008,67,292,4,4,GAB,GA,Gabon,Gabon,Middle Africa,Afrique australe,Africa,Afrique
2008,70,44401,103,105,GBR,GB,United Kingdom of Great Britain and Northern Ireland,Royaume-Uni,Northern Europe,Europe septentrionale,Europe,Europe
2008,71,44,5,5,GEO,GE,Georgia,G,Western Asia,Asie occidentale,Asia,Asie
2008,72,27988,92,152,DEU,DE,Germany,Allemagne,Western Europe,Europe occidentale,Europe,Europe
2008,73,148,10,10,GHA,GH,Ghana,Ghana,Western Africa,Afrique occidentale,Africa,Afrique
2008,75,95,3,3,GNB,GW,Guinea-Bissau,Guin,Western Africa,Afrique occidentale,Africa,Afrique
2008,76,33236,58,59,GRC,GR,Greece,Gr,Southern Europe,Europe australe,Europe,Europe
2008,78,15,3,3,GTM,GT,Guatemala,Guatemala,Central America,Am,Latin America and the Caribbean,Am
2008,79,334,6,6,GIN,GN,Guinea,Guin,Western Africa,Afrique occidentale,Africa,Afrique
2008,82,1251,24,36,HKG,HK,"China, Hong Kong SAR","Hong Kong, RAS de la R",Eastern Asia,Asie orientale,Asia,Asie
2008,83,42,4,4,HND,HN,Honduras,Honduras,Central America,Am,Latin America and the Caribbean,Am
2008,84,171,12,15,HRV,HR,Croatia,Croatie,Southern Europe,Europe australe,Europe,Europe
2008,85,3107,42,42,HUN,HU,Hungary,Hongrie,Eastern Europe,Europe orientale,Europe,Europe
2008,86,71,11,12,ISL,IS,Iceland,Islande,Northern Europe,Europe septentrionale,Europe,Europe
2008,87,98,10,10,CIV,CI,Cote d'Ivoire,C,Western Africa,Afrique occidentale,Africa,Afrique
2008,88,3497,10,17,IND,IN,India,Inde,Southern Asia,Sud de l'Asie centrale,Asia,Asie
2008,89,377,12,12,IDN,ID,Indonesia,Indon,South-eastern Asia,Asie du Sud-Est,Asia,Asie
2008,90,6735,71,132,IRL,IE,Ireland,Irlande,Northern Europe,Europe septentrionale,Europe,Europe
2008,91,896,5,5,IRN,IR,Iran (Islamic Rep. of),R,Southern Asia,Sud de l'Asie centrale,Asia,Asie
2008,92,287,4,4,IRQ,IQ,Iraq,Iraq,Western Asia,Asie occidentale,Asia,Asie
2008,93,8353,41,53,ISR,IL,Israel,Isra,Western Asia,Asie occidentale,Asia,Asie
2008,94,30303,74,74,ITA,IT,Italy,Italie,Southern Europe,Europe australe,Europe,Europe
2008,96,489,13,17,JOR,JO,Jordan,Jordanie,Western Asia,Asie occidentale,Asia,Asie
2008,97,2099,21,26,JPN,JP,Japan,Japon,Eastern Asia,Asie orientale,Asia,Asie
2008,98,251,4,4,KAZ,KZ,Kazakhstan,Kazakhstan,Central Asia,Sud de l'Asie centrale,Asia,Asie
2008,99,8814,12,19,KEN,KE,Kenya,Kenya,Eastern Africa,Afrique orientale,Africa,Afrique
2008,100,869,8,11,KGZ,KG,Kyrgyzstan,Kirghizistan,Central Asia,Sud de l'Asie centrale,Asia,Asie
2008,102,360,17,17,KOR,KR,Rep. of Korea,R,Eastern Asia,Asie orientale,Asia,Asie
2008,104,2075,8,8,KWT,KW,Kuwait,Kowe,Western Asia,Asie occidentale,Asia,Asie
2008,107,5081,21,28,LBY,LY,Libya,Libye,Northern Africa,Afrique septentrionale,Africa,Afrique
2008,109,391,8,12,LBN,LB,Lebanon,Liban,Western Asia,Asie occidentale,Asia,Asie
2008,111,20,4,4,LIE,LI,Liechtenstein,Liechtenstein,Western Europe,Europe occidentale,Europe,Europe
2008,112,422,4,4,LKA,LK,Sri Lanka,Sri Lanka,Southern Asia,Sud de l'Asie centrale,Asia,Asie
2008,113,207,12,12,LTU,LT,Lithuania,Lituanie,Northern Europe,Europe septentrionale,Europe,Europe
2008,114,783,24,25,LUX,LU,Luxembourg,Luxembourg,Western Europe,Europe occidentale,Europe,Europe
2008,115,37,4,4,LVA,LV,Latvia,Lettonie,Northern Europe,Europe septentrionale,Europe,Europe
2008,119,312,12,12,MRT,MR,Mauritania,Mauritanie,Western Africa,Afrique occidentale,Africa,Afrique
2008,120,50,4,4,MKD,MK,North Macedonia,Ex-R,Southern Europe,Europe australe,Europe,Europe
2008,122,49,7,7,MDA,MD,Rep. of Moldova,R,Eastern Europe,Europe orientale,Europe,Europe
2008,124,298,15,15,MEX,MX,Mexico,Mexique,Central America,Am,Latin America and the Caribbean,Am
2008,126,57,8,8,MLI,ML,Mali,Mali,Western Africa,Afrique occidentale,Africa,Afrique
2008,127,17028,26,26,MYS,MY,Malaysia,Malaisie,South-eastern Asia,Asie du Sud-Est,Asia,Asie
2008,128,1426,6,6,MWI,MW,Malawi,Malawi,Eastern Africa,Afrique orientale,Africa,Afrique
2008,129,5,1,1,MNG,MN,Mongolia,Mongolie,Eastern Asia,Asie orientale,Asia,Asie
2008,130,1106,27,38,MAR,MA,Morocco,Maroc,Northern Africa,Afrique septentrionale,Africa,Afrique
2008,131,1751,6,9,MOZ,MZ,Mozambique,Mozambique,Eastern Africa,Afrique orientale,Africa,Afrique
2008,132,3503,30,50,MLT,MT,Malta,Malte,Southern Europe,Europe australe,Europe,Europe
2008,133,5,1,1,MNE,ME,Montenegro,Mont,Southern Europe,Europe australe,Europe,Europe
2008,136,288,5,5,NAM,,Namibia,Namibie,Southern Africa,Afrique australe,Africa,Afrique
2008,137,114,5,5,NPL,NP,Nepal,N,Southern Asia,Sud de l'Asie centrale,Asia,Asie
2008,138,13396,85,85,NLD,NL,Netherlands (Kingdom of the),Pays-Bas,Western Europe,Europe occidentale,Europe,Europe
2008,139,19,1,1,NER,NE,Niger,Niger,Western Africa,Afrique occidentale,Africa,Afrique
2008,140,70,5,5,NIC,NI,Nicaragua,Nicaragua,Central America,Am,Latin America and the Caribbean,Am
2008,141,694,14,14,NGA,NG,Nigeria,Nig,Western Africa,Afrique occidentale,Africa,Afrique
2008,143,20460,84,150,NOR,NO,Norway,Norv,Northern Europe,Europe septentrionale,Europe,Europe
2008,145,338,27,36,NZL,NZ,New Zealand,Nouvelle-Z,Australia-New Zealand,Australie-Nouvelle-Z,Oceania,Oc
2008,146,12,2,2,OMN,OM,Oman,Oman,Western Asia,Asie occidentale,Asia,Asie
2008,147,1445,7,7,PAK,PK,Pakistan,Pakistan,Southern Asia,Sud de l'Asie centrale,Asia,Asie
2008,148,203,6,6,PAN,PA,Panama,Panama,Central America,Am,Latin America and the Caribbean,Am
2008,149,13,2,2,PRY,PY,Paraguay,Paraguay,South America,Am,Latin America and the Caribbean,Am
2008,150,198,5,5,PER,PE,Peru,P,South America,Am,Latin America and the Caribbean,Am
2008,151,52,10,10,PHL,PH,Philippines,Philippines,South-eastern Asia,Asie du Sud-Est,Asia,Asie
2008,154,7712,33,57,POL,PL,Poland,Pologne,Eastern Europe,Europe orientale,Europe,Europe
2008,155,140,14,14,PRT,PT,Portugal,Portugal,Southern Europe,Europe australe,Europe,Europe
2008,157,19,3,3,QAT,QA,Qatar,Qatar,Western Asia,Asie occidentale,Asia,Asie
2008,158,1162,30,30,ROU,RO,Romania,Roumanie,Eastern Europe,Europe orientale,Europe,Europe
2008,159,207202,48,48,ZAF,ZA,South Africa,Afrique du Sud,Southern Africa,Afrique australe,Africa,Afrique
2008,160,5419,38,38,RUS,RU,Russian Federation,F,Eastern Europe,Europe orientale,Europe,Europe
2008,161,10,2,2,RWA,RW,Rwanda,Rwanda,Eastern Africa,Afrique orientale,Africa,Afrique
2008,163,89,6,6,SAU,SA,Saudi Arabia,Arabie saoudite,Western Asia,Asie occidentale,Asia,Asie
2008,164,73,8,8,SRB,RS,Serbia and Kosovo: S/RES/1244 (1999),Serbie,Southern Europe,Europe australe,Europe,Europe
2008,165,251,16,16,SEN,SN,Senegal,S,Western Africa,Afrique occidentale,Africa,Afrique
2008,168,20,3,3,SGP,SG,Singapore,Singapour,South-eastern Asia,Asie du Sud-Est,Asia,Asie
2008,169,432,4,4,SLE,SL,Sierra Leone,Sierra Leone,Western Africa,Afrique occidentale,Africa,Afrique
2008,172,2156,3,3,SOM,SO,Somalia,Somalie,Eastern Africa,Afrique orientale,Africa,Afrique
2008,173,4505,76,76,ESP,ES,Spain,Espagne,Southern Europe,Europe australe,Europe,Europe
2008,177,35102,7,10,SDN,SD,Sudan,Soudan,Northern Africa,Afrique septentrionale,Africa,Afrique
2008,180,891,22,22,SVK,SK,Slovakia,Slovaquie,Eastern Europe,Europe orientale,Europe,Europe
2008,181,238,16,16,SVN,SI,Slovenia,Slov,Southern Europe,Europe australe,Europe,Europe
2008,182,190,7,7,SWZ,SZ,Eswatini,Eswatini,Southern Africa,Afrique australe,Africa,Afrique
2008,183,40461,104,186,SWE,SE,Sweden,Su,Northern Europe,Europe septentrionale,Europe,Europe
2008,184,16578,88,88,CHE,CH,Switzerland,Suisse,Western Europe,Europe occidentale,Europe,Europe
2008,185,969,24,30,SYR,SY,Syrian Arab Rep.,R,Western Asia,Asie occidentale,Asia,Asie
2008,188,1202,22,37,THA,TH,Thailand,Tha,South-eastern Asia,Asie du Sud-Est,Asia,Asie
2008,189,1371,2,3,TJK,TJ,Tajikistan,Tadjikistan,Central Asia,Sud de l'Asie centrale,Asia,Asie
2008,191,12,1,1,TLS,TL,Timor-Leste,Timor-Leste,South-eastern Asia,Asie du Sud-Est,Asia,Asie
2008,192,192,5,5,TGO,TG,Togo,Togo,Western Africa,Afrique occidentale,Africa,Afrique
2008,194,61,8,8,TTO,TT,Trinidad and Tobago,Trinit,Caribbean,Cara,Latin America and the Caribbean,Am
2008,195,59,3,3,TUN,TN,Tunisia,Tunisie,Northern Africa,Afrique septentrionale,Africa,Afrique
2008,196,13789,32,50,TUR,TR,Türkiye,Türkiye,Western Asia,Asie occidentale,Asia,Asie
2008,198,122,4,4,ARE,AE,United Arab Emirates,Emirats arabes unis,Western Asia,Asie occidentale,Asia,Asie
2008,199,13552,12,12,UGA,UG,Uganda,Ouganda,Eastern Africa,Afrique orientale,Africa,Afrique
2008,200,2945,41,73,UKR,UA,Ukraine,Ukraine,Eastern Europe,Europe orientale,Europe,Europe
2008,201,7,1,1,URY,UY,Uruguay,Uruguay,South America,Am,Latin America and the Caribbean,Am
2008,202,39328,137,247,USA,US,United States of America,Etats-Unis d'Am,Northern America,Am,Northern America,Am
2008,204,5,1,1,VUT,VU,Vanuatu,Vanuatu,Melanesia,M,Oceania,Oc
2008,207,2955,7,7,VEN,VE,Venezuela (Bolivarian Republic of),Venezuela (R,South America,Am,Latin America and the Caribbean,Am
2008,211,2235,10,10,YEM,YE,Yemen,Y,Western Asia,Asie occidentale,Asia,Asie
2008,213,220,6,6,ZMB,ZM,Zambia,Zambie,Eastern Africa,Afrique orientale,Africa,Afrique
2008,214,898,3,3,ZWE,ZW,Zimbabwe,Zimbabwe,Eastern Africa,Afrique orientale,Africa,Afrique
2009,2,17,2,2,AFG,AF,Afghanistan,Afghanistan,Southern Asia,Sud de l'Asie centrale,Asia,Asie
2009,4,926,11,18,DZA,DZ,Algeria,Alg,Northern Africa,Afrique septentrionale,Africa,Afrique
2009,6,2069,15,15,AGO,AO,Angola,Angola,Middle Africa,Afrique australe,Africa,Afrique
2009,8,2784,17,21,EGY,EG,Egypt,Egypte,Northern Africa,Afrique septentrionale,Africa,Afrique
2009,9,765,27,27,ARG,AR,Argentina,Argentine,South America,Am,Latin America and the Caribbean,Am
2009,10,68,3,4,ARM,AM,Armenia,Arm,Western Asia,Asie occidentale,Asia,Asie
2009,11,8399,80,130,AUS,AU,Australia,Australie,Australia-New Zealand,Australie-Nouvelle-Z,Oceania,Oc
2009,12,15810,78,78,AUT,AT,Austria,Autriche,Western Europe,Europe occidentale,Europe,Europe
2009,13,372,7,14,AZE,AZ,Azerbaijan,Azerba,Western Asia,Asie occidentale,Asia,Asie
2009,14,77,1,1,BHR,BH,Bahrain,Bahre,Western Asia,Asie occidentale,Asia,Asie
2009,16,3949,5,5,BDI,BI,Burundi,Burundi,Eastern Africa,Afrique orientale,Africa,Afrique
2009,17,22271,96,97,BEL,BE,Belgium,Belgique,Western Europe,Europe occidentale,Europe,Europe
2009,18,422,13,18,BEN,BJ,Benin,B,Western Africa,Afrique occidentale,Africa,Afrique
2009,20,49,4,4,BGD,BD,Bangladesh,Bangladesh,Southern Asia,Sud de l'Asie centrale,Asia,Asie
2009,23,36,3,3,BFA,BF,Burkina Faso,Burkina Faso,Western Africa,Afrique occidentale,Africa,Afrique
2009,24,179,8,11,BLR,BY,Belarus,B,Eastern Europe,Europe orientale,Europe,Europe
2009,25,41,1,1,BOL,BO,Bolivia (Plurinational State of),Bolivie,South America,Am,Latin America and the Caribbean,Am
2009,26,135,4,4,BWA,BW,Botswana,Botswana,Southern Africa,Afrique australe,Africa,Afrique
2009,27,358,17,17,BRA,BR,Brazil,Br,South America,Am,Latin America and the Caribbean,Am
2009,29,45,2,2,BIH,BA,Bosnia and Herzegovina,Bosnie-Herz,Southern Europe,Europe australe,Europe,Europe
2009,30,844,31,31,BGR,BG,Bulgaria,Bulgarie,Eastern Europe,Europe orientale,Europe,Europe
2009,31,25,4,4,BLZ,BZ,Belize,Belize,Central America,Am,Latin America and the Caribbean,Am
2009,32,99,3,5,KHM,KH,Cambodia,Cambodge,South-eastern Asia,Asie du Sud-Est,Asia,Asie
2009,33,33952,151,151,CAN,CA,Canada,Canada,Northern America,Am,Northern America,Am
2009,34,168,4,4,CAF,CF,Central African Rep.,R,Middle Africa,Afrique australe,Africa,Afrique
2009,36,139,3,3,TCD,TD,Chad,Tchad,Middle Africa,Afrique australe,Africa,Afrique
2009,37,67,5,5,CHN,CN,China,Chine,Eastern Asia,Asie orientale,Asia,Asie
2009,39,2903,14,14,CMR,CM,Cameroon,Cameroun,Middle Africa,Afrique australe,Africa,Afrique
2009,40,1861,8,8,COG,CG,Congo,Congo,Middle Africa,Afrique australe,Africa,Afrique
2009,41,633,5,5,COD,CD,Dem. Rep. of the Congo,R,Middle Africa,Afrique australe,Africa,Afrique
2009,44,371,10,13,COL,CO,Colombia,Colombie,South America,Am,Latin America and the Caribbean,Am
2009,45,1176,16,16,CRI,CR,Costa Rica,Costa Rica,Central America,Am,Latin America and the Caribbean,Am
2009,46,5,1,1,CUB,CU,Cuba,Cuba,Caribbean,Cara,Latin America and the Caribbean,Am
2009,48,6914,46,81,CYP,CY,Cyprus,Chypre,Western Asia,Asie occidentale,Asia,Asie
2009,49,1786,36,57,CZE,CZ,Czechia,R,Eastern Europe,Europe orientale,Europe,Europe
2009,50,4534,62,62,DNK,DK,Denmark,Danemark,Northern Europe,Europe septentrionale,Europe,Europe
2009,51,765,3,3,DJI,DJ,Djibouti,Djibouti,Eastern Africa,Afrique orientale,Africa,Afrique
2009,54,35493,36,36,ECU,EC,Ecuador,Equateur,South America,Am,Latin America and the Caribbean,Am
2009,57,25,4,4,EST,EE,Estonia,Estonie,Northern Europe,Europe septentrionale,Europe,Europe
2009,58,22203,8,8,ETH,ET,Ethiopia,Ethiopie,Eastern Africa,Afrique orientale,Africa,Afrique
2009,60,10,2,2,FJI,FJ,Fiji,Fidji,Melanesia,M,Oceania,Oc
2009,61,5906,64,64,FIN,FI,Finland,Finlande,Northern Europe,Europe septentrionale,Europe,Europe
2009,64,72724,92,156,FRA,FR,France,France,Western Europe,Europe occidentale,Europe,Europe
2009,67,84,2,2,GAB,GA,Gabon,Gabon,Middle Africa,Afrique australe,Africa,Afrique
2009,68,68,4,4,GMB,GM,Gambia,Gambie,Western Africa,Afrique occidentale,Africa,Afrique
2009,70,46015,117,119,GBR,GB,United Kingdom of Great Britain and Northern Ireland,Royaume-Uni,Northern Europe,Europe septentrionale,Europe,Europe
2009,71,39,5,5,GEO,GE,Georgia,G,Western Asia,Asie occidentale,Asia,Asie
2009,72,32994,94,154,DEU,DE,Germany,Allemagne,Western Europe,Europe occidentale,Europe,Europe
2009,73,250,9,9,GHA,GH,Ghana,Ghana,Western Africa,Afrique occidentale,Africa,Afrique
2009,75,9,1,1,GNB,GW,Guinea-Bissau,Guin,Western Africa,Afrique occidentale,Africa,Afrique
2009,76,28013,61,62,GRC,GR,Greece,Gr,Southern Europe,Europe australe,Europe,Europe
2009,78,36,6,6,GTM,GT,Guatemala,Guatemala,Central America,Am,Latin America and the Caribbean,Am
2009,79,295,4,4,GIN,GN,Guinea,Guin,Western Africa,Afrique occidentale,Africa,Afrique
2009,81,20,2,2,HTI,HT,Haiti,Ha,Caribbean,Cara,Latin America and the Caribbean,Am
2009,82,1249,21,35,HKG,HK,"China, Hong Kong SAR","Hong Kong, RAS de la R",Eastern Asia,Asie orientale,Asia,Asie
2009,83,39,5,5,HND,HN,Honduras,Honduras,Central America,Am,Latin America and the Caribbean,Am
2009,84,187,14,22,HRV,HR,Croatia,Croatie,Southern Europe,Europe australe,Europe,Europe
2009,85,4662,45,45,HUN,HU,Hungary,Hongrie,Eastern Europe,Europe orientale,Europe,Europe
2009,86,32,5,6,ISL,IS,Iceland,Islande,Northern Europe,Europe septentrionale,Europe,Europe
2009,87,195,13,13,CIV,CI,Cote d'Ivoire,C,Western Africa,Afrique occidentale,Africa,Afrique
2009,88,6742,12,21,IND,IN,India,Inde,Southern Asia,Sud de l'Asie centrale,Asia,Asie
2009,89,3296,14,20,IDN,ID,Indonesia,Indon,South-eastern Asia,Asie du Sud-Est,Asia,Asie
2009,90,5252,69,127,IRL,IE,Ireland,Irlande,Northern Europe,Europe septentrionale,Europe,Europe
2009,91,374,4,4,IRN,IR,Iran (Islamic Rep. of),R,Southern Asia,Sud de l'Asie centrale,Asia,Asie
2009,92,2729,5,5,IRQ,IQ,Iraq,Iraq,Western Asia,Asie occidentale,Asia,Asie
2009,93,798,18,18,ISR,IL,Israel,Isra,Western Asia,Asie occidentale,Asia,Asie
2009,94,17591,76,76,ITA,IT,Italy,Italie,Southern Europe,Europe australe,Europe,Europe
2009,96,800,16,27,JOR,JO,Jordan,Jordanie,Western Asia,Asie occidentale,Asia,Asie
2009,97,2594,22,29,JPN,JP,Japan,Japon,Eastern Asia,Asie orientale,Asia,Asie
2009,98,360,7,7,KAZ,KZ,Kazakhstan,Kazakhstan,Central Asia,Sud de l'Asie centrale,Asia,Asie
2009,99,16255,11,19,KEN,KE,Kenya,Kenya,Eastern Africa,Afrique orientale,Africa,Afrique
2009,100,350,6,8,KGZ,KG,Kyrgyzstan,Kirghizistan,Central Asia,Sud de l'Asie centrale,Asia,Asie
2009,102,310,17,17,KOR,KR,Rep. of Korea,R,Eastern Asia,Asie orientale,Asia,Asie
2009,104,366,9,9,KWT,KW,Kuwait,Kowe,Western Asia,Asie occidentale,Asia,Asie
2009,106,554,2,2,LBR,LR,Liberia,Lib,Western Africa,Afrique occidentale,Africa,Afrique
2009,107,3038,10,15,LBY,LY,Libya,Libye,Northern Africa,Afrique septentrionale,Africa,Afrique
2009,108,5,1,1,LCA,LC,Saint Lucia,Sainte-Lucie,Caribbean,Cara,Latin America and the Caribbean,Am
2009,109,651,9,13,LBN,LB,Lebanon,Liban,Western Asia,Asie occidentale,Asia,Asie
2009,111,285,10,10,LIE,LI,Liechtenstein,Liechtenstein,Western Europe,Europe occidentale,Europe,Europe
2009,112,141,1,1,LKA,LK,Sri Lanka,Sri Lanka,Southern Asia,Sud de l'Asie centrale,Asia,Asie
2009,113,205,12,12,LTU,LT,Lithuania,Lituanie,Northern Europe,Europe septentrionale,Europe,Europe
2009,114,621,32,38,LUX,LU,Luxembourg,Luxembourg,Western Europe,Europe occidentale,Europe,Europe
2009,115,44,5,5,LVA,LV,Latvia,Lettonie,Northern Europe,Europe septentrionale,Europe,Europe
2009,119,398,14,14,MRT,MR,Mauritania,Mauritanie,Western Africa,Afrique occidentale,Africa,Afrique
2009,120,80,2,2,MKD,MK,North Macedonia,Ex-R,Southern Europe,Europe australe,Europe,Europe
2009,122,85,10,10,MDA,MD,Rep. of Moldova,R,Eastern Europe,Europe orientale,Europe,Europe
2009,124,661,19,19,MEX,MX,Mexico,Mexique,Central America,Am,Latin America and the Caribbean,Am
2009,126,19,2,2,MLI,ML,Mali,Mali,Western Africa,Afrique occidentale,Africa,Afrique
2009,127,40056,23,23,MYS,MY,Malaysia,Malaisie,South-eastern Asia,Asie du Sud-Est,Asia,Asie
2009,128,1419,7,7,MWI,MW,Malawi,Malawi,Eastern Africa,Afrique orientale,Africa,Afrique
2009,129,5,1,1,MNG,MN,Mongolia,Mongolie,Eastern Asia,Asie orientale,Asia,Asie
2009,130,789,25,34,MAR,MA,Morocco,Maroc,Northern Africa,Afrique septentrionale,Africa,Afrique
2009,131,1490,8,11,MOZ,MZ,Mozambique,Mozambique,Eastern Africa,Afrique orientale,Africa,Afrique
2009,132,3208,24,42,MLT,MT,Malta,Malte,Southern Europe,Europe australe,Europe,Europe
2009,133,15,2,2,MNE,ME,Montenegro,Mont,Southern Europe,Europe australe,Europe,Europe
2009,136,331,8,8,NAM,,Namibia,Namibie,Southern Africa,Afrique australe,Africa,Afrique
2009,137,59,6,6,NPL,NP,Nepal,N,Southern Asia,Sud de l'Asie centrale,Asia,Asie
2009,138,14895,82,82,NLD,NL,Netherlands (Kingdom of the),Pays-Bas,Western Europe,Europe occidentale,Europe,Europe
2009,139,15,2,3,NER,NE,Niger,Niger,Western Africa,Afrique occidentale,Africa,Afrique
2009,140,269,6,6,NIC,NI,Nicaragua,Nicaragua,Central America,Am,Latin America and the Caribbean,Am
2009,141,289,3,3,NGA,NG,Nigeria,Nig,Western Africa,Afrique occidentale,Africa,Afrique
2009,143,27950,90,165,NOR,NO,Norway,Norv,Northern Europe,Europe septentrionale,Europe,Europe
2009,145,481,27,44,NZL,NZ,New Zealand,Nouvelle-Z,Australia-New Zealand,Australie-Nouvelle-Z,Oceania,Oc
2009,146,28,1,1,OMN,OM,Oman,Oman,Western Asia,Asie occidentale,Asia,Asie
2009,147,1304,7,7,PAK,PK,Pakistan,Pakistan,Southern Asia,Sud de l'Asie centrale,Asia,Asie
2009,148,417,10,10,PAN,PA,Panama,Panama,Central America,Am,Latin America and the Caribbean,Am
2009,149,16,3,3,PRY,PY,Paraguay,Paraguay,South America,Am,Latin America and the Caribbean,Am
2009,150,169,5,5,PER,PE,Peru,P,South America,Am,Latin America and the Caribbean,Am
2009,151,5,1,1,PHL,PH,Philippines,Philippines,South-eastern Asia,Asie du Sud-Est,Asia,Asie
2009,152,12,1,1,PLW,PW,Palau,Palaos (les),Micronesia,Micron,Oceania,Oc
2009,153,6,1,1,PNG,PG,Papua New Guinea,Papouasie-Nouvelle-Guin,Melanesia,M,Oceania,Oc
2009,154,10577,40,40,POL,PL,Poland,Pologne,Eastern Europe,Europe orientale,Europe,Europe
2009,155,127,14,14,PRT,PT,Portugal,Portugal,Southern Europe,Europe australe,Europe,Europe
2009,157,11,1,1,QAT,QA,Qatar,Qatar,Western Asia,Asie occidentale,Asia,Asie
2009,158,826,29,29,ROU,RO,Romania,Roumanie,Eastern Europe,Europe orientale,Europe,Europe
2009,159,222326,45,45,ZAF,ZA,South Africa,Afrique du Sud,Southern Africa,Afrique australe,Africa,Afrique
2009,160,5702,33,33,RUS,RU,Russian Federation,F,Eastern Europe,Europe orientale,Europe,Europe
2009,161,82,3,3,RWA,RW,Rwanda,Rwanda,Eastern Africa,Afrique orientale,Africa,Afrique
2009,162,95,6,6,SLV,SV,El Salvador,El Salvador,Central America,Am,Latin America and the Caribbean,Am
2009,163,69,5,5,SAU,SA,Saudi Arabia,Arabie saoudite,Western Asia,Asie occidentale,Asia,Asie
2009,164,290,7,7,SRB,RS,Serbia and Kosovo: S/RES/1244 (1999),Serbie,Southern Europe,Europe australe,Europe,Europe
2009,165,205,12,12,SEN,SN,Senegal,S,Western Africa,Afrique occidentale,Africa,Afrique
2009,169,60,4,4,SLE,SL,Sierra Leone,Sierra Leone,Western Africa,Afrique occidentale,Africa,Afrique
2009,172,15572,4,4,SOM,SO,Somalia,Somalie,Eastern Africa,Afrique orientale,Africa,Afrique
2009,173,2999,77,77,ESP,ES,Spain,Espagne,Southern Europe,Europe australe,Europe,Europe
2009,177,10699,5,7,SDN,SD,Sudan,Soudan,Northern Africa,Afrique septentrionale,Africa,Afrique
2009,180,806,26,26,SVK,SK,Slovakia,Slovaquie,Eastern Europe,Europe orientale,Europe,Europe
2009,181,175,15,15,SVN,SI,Slovenia,Slov,Southern Europe,Europe australe,Europe,Europe
2009,182,164,8,8,SWZ,SZ,Eswatini,Eswatini,Southern Africa,Afrique australe,Africa,Afrique
2009,183,37857,104,188,SWE,SE,Sweden,Su,Northern Europe,Europe septentrionale,Europe,Europe
2009,184,15980,90,90,CHE,CH,Switzerland,Suisse,Western Europe,Europe occidentale,Europe,Europe
2009,185,2384,22,30,SYR,SY,Syrian Arab Rep.,R,Western Asia,Asie occidentale,Asia,Asie
2009,186,881,3,3,TZA,TZ,United Rep. of Tanzania,R,Eastern Africa,Afrique orientale,Africa,Afrique
2009,188,6841,25,41,THA,TH,Thailand,Tha,South-eastern Asia,Asie du Sud-Est,Asia,Asie
2009,189,2579,1,2,TJK,TJ,Tajikistan,Tadjikistan,Central Asia,Sud de l'Asie centrale,Asia,Asie
2009,192,130,6,6,TGO,TG,Togo,Togo,Western Africa,Afrique occidentale,Africa,Afrique
2009,194,150,13,13,TTO,TT,Trinidad and Tobago,Trinit,Caribbean,Cara,Latin America and the Caribbean,Am
2009,195,47,3,3,TUN,TN,Tunisia,Tunisie,Northern Africa,Afrique septentrionale,Africa,Afrique
2009,196,8908,33,52,TUR,TR,Türkiye,Türkiye,Western Asia,Asie occidentale,Asia,Asie
2009,198,204,5,5,ARE,AE,United Arab Emirates,Emirats arabes unis,Western Asia,Asie occidentale,Asia,Asie
2009,199,20436,12,12,UGA,UG,Uganda,Ouganda,Eastern Africa,Afrique orientale,Africa,Afrique
2009,200,2235,41,88,UKR,UA,Ukraine,Ukraine,Eastern Europe,Europe orientale,Europe,Europe
2009,201,34,1,1,URY,UY,Uruguay,Uruguay,South America,Am,Latin America and the Caribbean,Am
2009,202,38059,145,260,USA,US,United States of America,Etats-Unis d'Am,Northern America,Am,Northern America,Am
2009,207,2865,2,2,VEN,VE,Venezuela (Bolivarian Republic of),Venezuela (R,South America,Am,Latin America and the Caribbean,Am
2009,211,2485,10,10,YEM,YE,Yemen,Y,Western Asia,Asie occidentale,Asia,Asie
2009,213,311,8,8,ZMB,ZM,Zambia,Zambie,Eastern Africa,Afrique orientale,Africa,Afrique
2009,214,771,8,8,ZWE,ZW,Zimbabwe,Zimbabwe,Eastern Africa,Afrique orientale,Africa,Afrique
2010,2,37,2,2,AFG,AF,Afghanistan,Afghanistan,Southern Asia,Sud de l'Asie centrale,Asia,Asie
2010,3,5,1,1,ALB,AL,Albania,Albanie,Southern Europe,Europe australe,Europe,Europe
2010,4,548,14,23,DZA,DZ,Algeria,Alg,Northern Africa,Afrique septentrionale,Africa,Afrique
2010,6,144,1,1,AGO,AO,Angola,Angola,Middle Africa,Afrique australe,Africa,Afrique
2010,8,2997,16,21,EGY,EG,Egypt,Egypte,Northern Africa,Afrique septentrionale,Africa,Afrique
2010,9,776,29,29,ARG,AR,Argentina,Argentine,South America,Am,Latin America and the Caribbean,Am
2010,10,61,5,8,ARM,AM,Armenia,Arm,Western Asia,Asie occidentale,Asia,Asie
2010,11,10889,79,128,AUS,AU,Australia,Australie,Australia-New Zealand,Australie-Nouvelle-Z,Oceania,Oc
2010,12,11003,72,72,AUT,AT,Austria,Autriche,Western Europe,Europe occidentale,Europe,Europe
2010,13,317,8,13,AZE,AZ,Azerbaijan,Azerba,Western Asia,Asie occidentale,Asia,Asie
2010,14,135,2,2,BHR,BH,Bahrain,Bahre,Western Asia,Asie occidentale,Asia,Asie
2010,16,10773,4,4,BDI,BI,Burundi,Burundi,Eastern Africa,Afrique orientale,Africa,Afrique
2010,17,33119,97,165,BEL,BE,Belgium,Belgique,Western Europe,Europe occidentale,Europe,Europe
2010,18,114,6,9,BEN,BJ,Benin,B,Western Africa,Afrique occidentale,Africa,Afrique
2010,20,16,1,1,BGD,BD,Bangladesh,Bangladesh,Southern Asia,Sud de l'Asie centrale,Asia,Asie
2010,23,38,5,5,BFA,BF,Burkina Faso,Burkina Faso,Western Africa,Afrique occidentale,Africa,Afrique
2010,24,258,8,12,BLR,BY,Belarus,B,Eastern Europe,Europe orientale,Europe,Europe
2010,25,49,3,3,BOL,BO,Bolivia (Plurinational State of),Bolivie,South America,Am,Latin America and the Caribbean,Am
2010,26,74,3,3,BWA,BW,Botswana,Botswana,Southern Africa,Afrique australe,Africa,Afrique
2010,27,1076,30,30,BRA,BR,Brazil,Br,South America,Am,Latin America and the Caribbean,Am
2010,29,39,4,4,BIH,BA,Bosnia and Herzegovina,Bosnie-Herz,Southern Europe,Europe australe,Europe,Europe
2010,30,994,27,27,BGR,BG,Bulgaria,Bulgarie,Eastern Europe,Europe orientale,Europe,Europe
2010,31,21,1,1,BLZ,BZ,Belize,Belize,Central America,Am,Latin America and the Caribbean,Am
2010,32,67,3,5,KHM,KH,Cambodia,Cambodge,South-eastern Asia,Asie du Sud-Est,Asia,Asie
2010,33,22523,151,151,CAN,CA,Canada,Canada,Northern America,Am,Northern America,Am
2010,36,88,5,5,TCD,TD,Chad,Tchad,Middle Africa,Afrique australe,Africa,Afrique
2010,37,159,5,5,CHN,CN,China,Chine,Eastern Asia,Asie orientale,Asia,Asie
2010,38,254,6,6,CHL,CL,Chile,Chili,South America,Am,Latin America and the Caribbean,Am
2010,39,3593,20,29,CMR,CM,Cameroon,Cameroun,Middle Africa,Afrique australe,Africa,Afrique
2010,40,1084,11,11,COG,CG,Congo,Congo,Middle Africa,Afrique australe,Africa,Afrique
2010,41,279,6,6,COD,CD,Dem. Rep. of the Congo,R,Middle Africa,Afrique australe,Africa,Afrique
2010,44,158,9,9,COL,CO,Colombia,Colombie,South America,Am,Latin America and the Caribbean,Am
2010,45,981,18,18,CRI,CR,Costa Rica,Costa Rica,Central America,Am,Latin America and the Caribbean,Am
2010,46,20,2,2,CUB,CU,Cuba,Cuba,Caribbean,Cara,Latin America and the Caribbean,Am
2010,48,6432,43,82,CYP,CY,Cyprus,Chypre,Western Asia,Asie occidentale,Asia,Asie
2010,49,1373,43,61,CZE,CZ,Czechia,R,Eastern Europe,Europe orientale,Europe,Europe
2010,50,4962,73,73,DNK,DK,Denmark,Danemark,Northern Europe,Europe septentrionale,Europe,Europe
2010,51,105,2,2,DJI,DJ,Djibouti,Djibouti,Eastern Africa,Afrique orientale,Africa,Afrique
2010,53,5,1,1,DOM,DO,Dominican Rep.,R,Caribbean,Cara,Latin America and the Caribbean,Am
2010,54,31339,38,38,ECU,EC,Ecuador,Equateur,South America,Am,Latin America and the Caribbean,Am
2010,56,5,1,1,ERI,ER,Eritrea,Erythr,Eastern Africa,Afrique orientale,Africa,Afrique
2010,57,24,4,4,EST,EE,Estonia,Estonie,Northern Europe,Europe septentrionale,Europe,Europe
2010,58,4441,7,7,ETH,ET,Ethiopia,Ethiopie,Eastern Africa,Afrique orientale,Africa,Afrique
2010,61,3990,61,61,FIN,FI,Finland,Finlande,Northern Europe,Europe septentrionale,Europe,Europe
2010,64,80204,87,167,FRA,FR,France,France,Western Europe,Europe occidentale,Europe,Europe
2010,67,24,3,3,GAB,GA,Gabon,Gabon,Middle Africa,Afrique australe,Africa,Afrique
2010,68,5,1,1,GMB,GM,Gambia,Gambie,Western Africa,Afrique occidentale,Africa,Afrique
2010,70,40498,113,161,GBR,GB,United Kingdom of Great Britain and Northern Ireland,Royaume-Uni,Northern Europe,Europe septentrionale,Europe,Europe
2010,71,68,7,7,GEO,GE,Georgia,G,Western Asia,Asie occidentale,Asia,Asie
2010,72,48544,92,147,DEU,DE,Germany,Allemagne,Western Europe,Europe occidentale,Europe,Europe
2010,73,189,11,11,GHA,GH,Ghana,Ghana,Western Africa,Afrique occidentale,Africa,Afrique
2010,75,40,4,4,GNB,GW,Guinea-Bissau,Guin,Western Africa,Afrique occidentale,Africa,Afrique
2010,76,11879,58,93,GRC,GR,Greece,Gr,Southern Europe,Europe australe,Europe,Europe
2010,77,5,1,1,GRD,GD,Grenada,Grenade,Caribbean,Cara,Latin America and the Caribbean,Am
2010,78,15,3,3,GTM,GT,Guatemala,Guatemala,Central America,Am,Latin America and the Caribbean,Am
2010,79,632,6,6,GIN,GN,Guinea,Guin,Western Africa,Afrique occidentale,Africa,Afrique
2010,82,714,23,43,HKG,HK,"China, Hong Kong SAR","Hong Kong, RAS de la R",Eastern Asia,Asie orientale,Asia,Asie
2010,83,64,4,4,HND,HN,Honduras,Honduras,Central America,Am,Latin America and the Caribbean,Am
2010,84,335,17,23,HRV,HR,Croatia,Croatie,Southern Europe,Europe australe,Europe,Europe
2010,85,2086,40,40,HUN,HU,Hungary,Hongrie,Eastern Europe,Europe orientale,Europe,Europe
2010,86,43,7,8,ISL,IS,Iceland,Islande,Northern Europe,Europe septentrionale,Europe,Europe
2010,87,234,13,13,CIV,CI,Cote d'Ivoire,C,Western Africa,Afrique occidentale,Africa,Afrique
2010,88,4866,14,19,IND,IN,India,Inde,Southern Asia,Sud de l'Asie centrale,Asia,Asie
2010,89,3890,17,17,IDN,ID,Indonesia,Indon,South-eastern Asia,Asie du Sud-Est,Asia,Asie
2010,90,4797,65,163,IRL,IE,Ireland,Irlande,Northern Europe,Europe septentrionale,Europe,Europe
2010,91,64,2,2,IRN,IR,Iran (Islamic Rep. of),R,Southern Asia,Sud de l'Asie centrale,Asia,Asie
2010,92,841,1,1,IRQ,IQ,Iraq,Iraq,Western Asia,Asie occidentale,Asia,Asie
2010,93,1438,17,17,ISR,IL,Israel,Isra,Western Asia,Asie occidentale,Asia,Asie
2010,94,10050,73,73,ITA,IT,Italy,Italie,Southern Europe,Europe australe,Europe,Europe
2010,96,3474,18,37,JOR,JO,Jordan,Jordanie,Western Asia,Asie occidentale,Asia,Asie
2010,97,2090,25,30,JPN,JP,Japan,Japon,Eastern Asia,Asie orientale,Asia,Asie
2010,98,538,5,5,KAZ,KZ,Kazakhstan,Kazakhstan,Central Asia,Sud de l'Asie centrale,Asia,Asie
2010,99,20107,13,22,KEN,KE,Kenya,Kenya,Eastern Africa,Afrique orientale,Africa,Afrique
2010,100,569,5,8,KGZ,KG,Kyrgyzstan,Kirghizistan,Central Asia,Sud de l'Asie centrale,Asia,Asie
2010,102,442,24,24,KOR,KR,Rep. of Korea,R,Eastern Asia,Asie orientale,Asia,Asie
2010,104,353,8,8,KWT,KW,Kuwait,Kowe,Western Asia,Asie occidentale,Asia,Asie
2010,106,5,1,1,LBR,LR,Liberia,Lib,Western Africa,Afrique occidentale,Africa,Afrique
2010,107,1698,5,5,LBY,LY,Libya,Libye,Northern Africa,Afrique septentrionale,Africa,Afrique
2010,108,5,1,1,LCA,LC,Saint Lucia,Sainte-Lucie,Caribbean,Cara,Latin America and the Caribbean,Am
2010,109,2068,17,27,LBN,LB,Lebanon,Liban,Western Asia,Asie occidentale,Asia,Asie
2010,111,102,7,7,LIE,LI,Liechtenstein,Liechtenstein,Western Europe,Europe occidentale,Europe,Europe
2010,112,98,1,1,LKA,LK,Sri Lanka,Sri Lanka,Southern Asia,Sud de l'Asie centrale,Asia,Asie
2010,113,364,10,10,LTU,LT,Lithuania,Lituanie,Northern Europe,Europe septentrionale,Europe,Europe
2010,114,797,32,32,LUX,LU,Luxembourg,Luxembourg,Western Europe,Europe occidentale,Europe,Europe
2010,115,47,5,5,LVA,LV,Latvia,Lettonie,Northern Europe,Europe septentrionale,Europe,Europe
2010,116,15,2,3,MAC,MO,"China, Macao SAR","Macao, RAS de la R",Eastern Asia,Asie orientale,Asia,Asie
2010,119,274,10,10,MRT,MR,Mauritania,Mauritanie,Western Africa,Afrique occidentale,Africa,Afrique
2010,120,166,8,8,MKD,MK,North Macedonia,Ex-R,Southern Europe,Europe australe,Europe,Europe
2010,122,117,12,12,MDA,MD,Rep. of Moldova,R,Eastern Europe,Europe orientale,Europe,Europe
2010,124,1018,29,29,MEX,MX,Mexico,Mexique,Central America,Am,Latin America and the Caribbean,Am
2010,126,41,6,6,MLI,ML,Mali,Mali,Western Africa,Afrique occidentale,Africa,Afrique
2010,127,25973,22,27,MYS,MY,Malaysia,Malaisie,South-eastern Asia,Asie du Sud-Est,Asia,Asie
2010,128,5680,6,11,MWI,MW,Malawi,Malawi,Eastern Africa,Afrique orientale,Africa,Afrique
2010,130,1235,30,50,MAR,MA,Morocco,Maroc,Northern Africa,Afrique septentrionale,Africa,Afrique
2010,131,2879,11,14,MOZ,MZ,Mozambique,Mozambique,Eastern Africa,Afrique orientale,Africa,Afrique
2010,132,292,18,28,MLT,MT,Malta,Malte,Southern Europe,Europe australe,Europe,Europe
2010,133,10,2,2,MNE,ME,Montenegro,Mont,Southern Europe,Europe australe,Europe,Europe
2010,136,323,6,6,NAM,,Namibia,Namibie,Southern Africa,Afrique australe,Africa,Afrique
2010,137,48,2,3,NPL,NP,Nepal,N,Southern Asia,Sud de l'Asie centrale,Asia,Asie
2010,138,15108,85,134,NLD,NL,Netherlands (Kingdom of the),Pays-Bas,Western Europe,Europe occidentale,Europe,Europe
2010,139,11,2,2,NER,NE,Niger,Niger,Western Africa,Afrique occidentale,Africa,Afrique
2010,140,114,7,7,NIC,NI,Nicaragua,Nicaragua,Central America,Am,Latin America and the Caribbean,Am
2010,141,896,11,11,NGA,NG,Nigeria,Nig,Western Africa,Afrique occidentale,Africa,Afrique
2010,143,22809,93,168,NOR,NO,Norway,Norv,Northern Europe,Europe septentrionale,Europe,Europe
2010,145,445,23,36,NZL,NZ,New Zealand,Nouvelle-Z,Australia-New Zealand,Australie-Nouvelle-Z,Oceania,Oc
2010,146,53,1,1,OMN,OM,Oman,Oman,Western Asia,Asie occidentale,Asia,Asie
2010,147,943,4,4,PAK,PK,Pakistan,Pakistan,Southern Asia,Sud de l'Asie centrale,Asia,Asie
2010,148,589,7,7,PAN,PA,Panama,Panama,Central America,Am,Latin America and the Caribbean,Am
2010,149,7,1,1,PRY,PY,Paraguay,Paraguay,South America,Am,Latin America and the Caribbean,Am
2010,150,285,11,11,PER,PE,Peru,P,South America,Am,Latin America and the Caribbean,Am
2010,151,28,3,3,PHL,PH,Philippines,Philippines,South-eastern Asia,Asie du Sud-Est,Asia,Asie
2010,154,6506,35,35,POL,PL,Poland,Pologne,Eastern Europe,Europe orientale,Europe,Europe
2010,155,130,12,12,PRT,PT,Portugal,Portugal,Southern Europe,Europe australe,Europe,Europe
2010,157,36,2,2,QAT,QA,Qatar,Qatar,Western Asia,Asie occidentale,Asia,Asie
2010,158,866,31,31,ROU,RO,Romania,Roumanie,Eastern Europe,Europe orientale,Europe,Europe
2010,159,180617,60,60,ZAF,ZA,South Africa,Afrique du Sud,Southern Africa,Afrique australe,Africa,Afrique
2010,160,3860,34,55,RUS,RU,Russian Federation,F,Eastern Europe,Europe orientale,Europe,Europe
2010,161,5,1,1,RWA,RW,Rwanda,Rwanda,Eastern Africa,Afrique orientale,Africa,Afrique
2010,162,47,4,4,SLV,SV,El Salvador,El Salvador,Central America,Am,Latin America and the Caribbean,Am
2010,163,25,4,4,SAU,SA,Saudi Arabia,Arabie saoudite,Western Asia,Asie occidentale,Asia,Asie
2010,164,784,18,26,SRB,RS,Serbia and Kosovo: S/RES/1244 (1999),Serbie,Southern Europe,Europe australe,Europe,Europe
2010,165,186,13,13,SEN,SN,Senegal,S,Western Africa,Afrique occidentale,Africa,Afrique
2010,172,245,3,3,SOM,SO,Somalia,Somalie,Eastern Africa,Afrique orientale,Africa,Afrique
2010,173,2737,76,76,ESP,ES,Spain,Espagne,Southern Europe,Europe australe,Europe,Europe
2010,177,12421,13,16,SDN,SD,Sudan,Soudan,Northern Africa,Afrique septentrionale,Africa,Afrique
2010,180,532,23,23,SVK,SK,Slovakia,Slovaquie,Eastern Europe,Europe orientale,Europe,Europe
2010,181,239,20,20,SVN,SI,Slovenia,Slov,Southern Europe,Europe australe,Europe,Europe
2010,183,45091,108,196,SWE,SE,Sweden,Su,Northern Europe,Europe septentrionale,Europe,Europe
2010,184,15533,94,147,CHE,CH,Switzerland,Suisse,Western Europe,Europe occidentale,Europe,Europe
2010,185,3289,28,36,SYR,SY,Syrian Arab Rep.,R,Western Asia,Asie occidentale,Asia,Asie
2010,186,437,1,1,TZA,TZ,United Rep. of Tanzania,R,Eastern Africa,Afrique orientale,Africa,Afrique
2010,188,1663,25,44,THA,TH,Thailand,Tha,South-eastern Asia,Asie du Sud-Est,Asia,Asie
2010,189,837,2,3,TJK,TJ,Tajikistan,Tadjikistan,Central Asia,Sud de l'Asie centrale,Asia,Asie
2010,192,38,4,4,TGO,TG,Togo,Togo,Western Africa,Afrique occidentale,Africa,Afrique
2010,194,10,2,2,TTO,TT,Trinidad and Tobago,Trinit,Caribbean,Cara,Latin America and the Caribbean,Am
2010,195,48,4,4,TUN,TN,Tunisia,Tunisie,Northern Africa,Afrique septentrionale,Africa,Afrique
2010,196,11544,43,69,TUR,TR,Türkiye,Türkiye,Western Asia,Asie occidentale,Asia,Asie
2010,198,437,10,10,ARE,AE,United Arab Emirates,Emirats arabes unis,Western Asia,Asie occidentale,Asia,Asie
2010,199,15486,11,11,UGA,UG,Uganda,Ouganda,Eastern Africa,Afrique orientale,Africa,Afrique
2010,200,2666,40,78,UKR,UA,Ukraine,Ukraine,Eastern Europe,Europe orientale,Europe,Europe
2010,201,16,3,3,URY,UY,Uruguay,Uruguay,South America,Am,Latin America and the Caribbean,Am
2010,202,42956,153,274,USA,US,United States of America,Etats-Unis d'Am,Northern America,Am,Northern America,Am
2010,207,3443,4,4,VEN,VE,Venezuela (Bolivarian Republic of),Venezuela (R,South America,Am,Latin America and the Caribbean,Am
2010,211,3738,10,10,YEM,YE,Yemen,Y,Western Asia,Asie occidentale,Asia,Asie
2010,213,789,6,6,ZMB,ZM,Zambia,Zambie,Eastern Africa,Afrique orientale,Africa,Afrique
2010,214,982,6,6,ZWE,ZW,Zimbabwe,Zimbabwe,Eastern Africa,Afrique orientale,Africa,Afrique
2010,254,7,1,1,CUW,CW,Curacao,Cura,Caribbean,Cara,Latin America and the Caribbean,Am
2010,255,5,1,1,SXM,SX,Sint Maarten (Dutch part),Saint-Martin,Caribbean,Cara,Latin America and the Caribbean,Am
2011,2,57,2,2,AFG,AF,Afghanistan,Afghanistan,Southern Asia,Sud de l'Asie centrale,Asia,Asie
2011,3,13,2,2,ALB,AL,Albania,Albanie,Southern Europe,Europe australe,Europe,Europe
2011,4,1032,19,27,DZA,DZ,Algeria,Alg,Northern Africa,Afrique septentrionale,Africa,Afrique
2011,6,542,9,9,AGO,AO,Angola,Angola,Middle Africa,Afrique australe,Africa,Afrique
2011,8,5486,22,30,EGY,EG,Egypt,Egypte,Northern Africa,Afrique septentrionale,Africa,Afrique
2011,9,848,25,25,ARG,AR,Argentina,Argentine,South America,Am,Latin America and the Caribbean,Am
2011,10,77,5,6,ARM,AM,Armenia,Arm,Western Asia,Asie occidentale,Asia,Asie
2011,11,15387,80,138,AUS,AU,Australia,Australie,Australia-New Zealand,Australie-Nouvelle-Z,Oceania,Oc
2011,12,14392,75,75,AUT,AT,Austria,Autriche,Western Europe,Europe occidentale,Europe,Europe
2011,13,148,6,10,AZE,AZ,Azerbaijan,Azerba,Western Asia,Asie occidentale,Asia,Asie
2011,14,137,2,2,BHR,BH,Bahrain,Bahre,Western Asia,Asie occidentale,Asia,Asie
2011,16,3633,2,2,BDI,BI,Burundi,Burundi,Eastern Africa,Afrique orientale,Africa,Afrique
2011,17,41129,98,170,BEL,BE,Belgium,Belgique,Western Europe,Europe occidentale,Europe,Europe
2011,18,453,7,8,BEN,BJ,Benin,B,Western Africa,Afrique occidentale,Africa,Afrique
2011,20,5,1,1,BGD,BD,Bangladesh,Bangladesh,Southern Asia,Sud de l'Asie centrale,Asia,Asie
2011,21,10,2,2,BHS,BS,Bahamas,Bahamas,Caribbean,Cara,Latin America and the Caribbean,Am
2011,23,173,5,5,BFA,BF,Burkina Faso,Burkina Faso,Western Africa,Afrique occidentale,Africa,Afrique
2011,24,133,6,11,BLR,BY,Belarus,B,Eastern Europe,Europe orientale,Europe,Europe
2011,25,29,1,1,BOL,BO,Bolivia (Plurinational State of),Bolivie,South America,Am,Latin America and the Caribbean,Am
2011,26,217,8,8,BWA,BW,Botswana,Botswana,Southern Africa,Afrique australe,Africa,Afrique
2011,27,4954,36,36,BRA,BR,Brazil,Br,South America,Am,Latin America and the Caribbean,Am
2011,29,38,6,6,BIH,BA,Bosnia and Herzegovina,Bosnie-Herz,Southern Europe,Europe australe,Europe,Europe
2011,30,883,26,26,BGR,BG,Bulgaria,Bulgarie,Eastern Europe,Europe orientale,Europe,Europe
2011,31,28,2,2,BLZ,BZ,Belize,Belize,Central America,Am,Latin America and the Caribbean,Am
2011,32,14,2,2,KHM,KH,Cambodia,Cambodge,South-eastern Asia,Asie du Sud-Est,Asia,Asie
2011,33,24968,151,151,CAN,CA,Canada,Canada,Northern America,Am,Northern America,Am
2011,34,1292,4,4,CAF,CF,Central African Rep.,R,Middle Africa,Afrique australe,Africa,Afrique
2011,36,5903,7,7,TCD,TD,Chad,Tchad,Middle Africa,Afrique australe,Africa,Afrique
2011,37,43,3,3,CHN,CN,China,Chine,Eastern Asia,Asie orientale,Asia,Asie
2011,38,296,6,6,CHL,CL,Chile,Chili,South America,Am,Latin America and the Caribbean,Am
2011,39,3208,22,29,CMR,CM,Cameroon,Cameroun,Middle Africa,Afrique australe,Africa,Afrique
2011,40,640,9,9,COG,CG,Congo,Congo,Middle Africa,Afrique australe,Africa,Afrique
2011,41,220,6,6,COD,CD,Dem. Rep. of the Congo,R,Middle Africa,Afrique australe,Africa,Afrique
2011,44,94,6,8,COL,CO,Colombia,Colombie,South America,Am,Latin America and the Caribbean,Am
2011,45,947,14,14,CRI,CR,Costa Rica,Costa Rica,Central America,Am,Latin America and the Caribbean,Am
2011,48,4162,45,77,CYP,CY,Cyprus,Chypre,Western Asia,Asie occidentale,Asia,Asie
2011,49,741,33,33,CZE,CZ,Czechia,R,Eastern Europe,Europe orientale,Europe,Europe
2011,50,3807,65,65,DNK,DK,Denmark,Danemark,Northern Europe,Europe septentrionale,Europe,Europe
2011,51,1381,5,5,DJI,DJ,Djibouti,Djibouti,Eastern Africa,Afrique orientale,Africa,Afrique
2011,53,30,2,2,DOM,DO,Dominican Rep.,R,Caribbean,Cara,Latin America and the Caribbean,Am
2011,54,14141,22,22,ECU,EC,Ecuador,Equateur,South America,Am,Latin America and the Caribbean,Am
2011,56,5,1,1,ERI,ER,Eritrea,Erythr,Eastern Africa,Afrique orientale,Africa,Afrique
2011,57,67,11,11,EST,EE,Estonia,Estonie,Northern Europe,Europe septentrionale,Europe,Europe
2011,58,833,4,4,ETH,ET,Ethiopia,Ethiopie,Eastern Africa,Afrique orientale,Africa,Afrique
2011,60,5,1,1,FJI,FJ,Fiji,Fidji,Melanesia,M,Oceania,Oc
2011,61,3070,64,64,FIN,FI,Finland,Finlande,Northern Europe,Europe septentrionale,Europe,Europe
2011,64,89309,91,153,FRA,FR,France,France,Western Europe,Europe occidentale,Europe,Europe
2011,67,104,4,4,GAB,GA,Gabon,Gabon,Middle Africa,Afrique australe,Africa,Afrique
2011,68,105,1,1,GMB,GM,Gambia,Gambie,Western Africa,Afrique occidentale,Africa,Afrique
2011,70,36796,112,240,GBR,GB,United Kingdom of Great Britain and Northern Ireland,Royaume-Uni,Northern Europe,Europe septentrionale,Europe,Europe
2011,71,75,4,4,GEO,GE,Georgia,G,Western Asia,Asie occidentale,Asia,Asie
2011,72,53296,93,152,DEU,DE,Germany,Allemagne,Western Europe,Europe occidentale,Europe,Europe
2011,73,20119,13,13,GHA,GH,Ghana,Ghana,Western Africa,Afrique occidentale,Africa,Afrique
2011,75,55,2,2,GNB,GW,Guinea-Bissau,Guin,Western Africa,Afrique occidentale,Africa,Afrique
2011,76,15275,62,63,GRC,GR,Greece,Gr,Southern Europe,Europe australe,Europe,Europe
2011,78,17,3,3,GTM,GT,Guatemala,Guatemala,Central America,Am,Latin America and the Caribbean,Am
2011,79,361,6,6,GIN,GN,Guinea,Guin,Western Africa,Afrique occidentale,Africa,Afrique
2011,82,1042,26,45,HKG,HK,"China, Hong Kong SAR","Hong Kong, RAS de la R",Eastern Asia,Asie orientale,Asia,Asie
2011,83,10,2,2,HND,HN,Honduras,Honduras,Central America,Am,Latin America and the Caribbean,Am
2011,84,830,22,26,HRV,HR,Croatia,Croatie,Southern Europe,Europe australe,Europe,Europe
2011,85,1678,36,36,HUN,HU,Hungary,Hongrie,Eastern Europe,Europe orientale,Europe,Europe
2011,86,70,11,13,ISL,IS,Iceland,Islande,Northern Europe,Europe septentrionale,Europe,Europe
2011,87,641,7,7,CIV,CI,Cote d'Ivoire,C,Western Africa,Afrique occidentale,Africa,Afrique
2011,88,4763,13,20,IND,IN,India,Inde,Southern Asia,Sud de l'Asie centrale,Asia,Asie
2011,89,4054,26,26,IDN,ID,Indonesia,Indon,South-eastern Asia,Asie du Sud-Est,Asia,Asie
2011,90,3289,57,140,IRL,IE,Ireland,Irlande,Northern Europe,Europe septentrionale,Europe,Europe
2011,91,126,2,2,IRN,IR,Iran (Islamic Rep. of),R,Southern Asia,Sud de l'Asie centrale,Asia,Asie
2011,92,1155,6,6,IRQ,IQ,Iraq,Iraq,Western Asia,Asie occidentale,Asia,Asie
2011,93,5726,15,21,ISR,IL,Israel,Isra,Western Asia,Asie occidentale,Asia,Asie
2011,94,40337,82,82,ITA,IT,Italy,Italie,Southern Europe,Europe australe,Europe,Europe
2011,96,4575,23,23,JOR,JO,Jordan,Jordanie,Western Asia,Asie occidentale,Asia,Asie
2011,97,3617,36,42,JPN,JP,Japan,Japon,Eastern Asia,Asie orientale,Asia,Asie
2011,98,73,4,6,KAZ,KZ,Kazakhstan,Kazakhstan,Central Asia,Sud de l'Asie centrale,Asia,Asie
2011,99,15200,15,23,KEN,KE,Kenya,Kenya,Eastern Africa,Afrique orientale,Africa,Afrique
2011,100,239,5,7,KGZ,KG,Kyrgyzstan,Kirghizistan,Central Asia,Sud de l'Asie centrale,Asia,Asie
2011,102,1128,25,25,KOR,KR,Rep. of Korea,R,Eastern Asia,Asie orientale,Asia,Asie
2011,104,253,9,9,KWT,KW,Kuwait,Kowe,Western Asia,Asie occidentale,Asia,Asie
2011,106,570,2,2,LBR,LR,Liberia,Lib,Western Africa,Afrique occidentale,Africa,Afrique
2011,107,90,2,2,LBY,LY,Libya,Libye,Northern Africa,Afrique septentrionale,Africa,Afrique
2011,109,1675,16,24,LBN,LB,Lebanon,Liban,Western Asia,Asie occidentale,Asia,Asie
2011,110,8,1,1,LSO,LS,Lesotho,Lesotho,Southern Africa,Afrique australe,Africa,Afrique
2011,111,65,6,6,LIE,LI,Liechtenstein,Liechtenstein,Western Europe,Europe occidentale,Europe,Europe
2011,112,161,2,2,LKA,LK,Sri Lanka,Sri Lanka,Southern Asia,Sud de l'Asie centrale,Asia,Asie
2011,113,392,9,9,LTU,LT,Lithuania,Lituanie,Northern Europe,Europe septentrionale,Europe,Europe
2011,114,2323,31,42,LUX,LU,Luxembourg,Luxembourg,Western Europe,Europe occidentale,Europe,Europe
2011,115,330,16,16,LVA,LV,Latvia,Lettonie,Northern Europe,Europe septentrionale,Europe,Europe
2011,116,10,2,2,MAC,MO,"China, Macao SAR","Macao, RAS de la R",Eastern Asia,Asie orientale,Asia,Asie
2011,119,368,7,7,MRT,MR,Mauritania,Mauritanie,Western Africa,Afrique occidentale,Africa,Afrique
2011,120,734,12,12,MKD,MK,North Macedonia,Ex-R,Southern Europe,Europe australe,Europe,Europe
2011,122,64,10,10,MDA,MD,Rep. of Moldova,R,Eastern Europe,Europe orientale,Europe,Europe
2011,124,734,24,24,MEX,MX,Mexico,Mexique,Central America,Am,Latin America and the Caribbean,Am
2011,126,875,3,3,MLI,ML,Mali,Mali,Western Africa,Afrique occidentale,Africa,Afrique
2011,127,16946,23,30,MYS,MY,Malaysia,Malaisie,South-eastern Asia,Asie du Sud-Est,Asia,Asie
2011,128,4495,6,9,MWI,MW,Malawi,Malawi,Eastern Africa,Afrique orientale,Africa,Afrique
2011,129,5,1,1,MNG,MN,Mongolia,Mongolie,Eastern Asia,Asie orientale,Asia,Asie
2011,130,1088,27,42,MAR,MA,Morocco,Maroc,Northern Africa,Afrique septentrionale,Africa,Afrique
2011,131,3901,6,6,MOZ,MZ,Mozambique,Mozambique,Eastern Africa,Afrique orientale,Africa,Afrique
2011,132,2525,28,45,MLT,MT,Malta,Malte,Southern Europe,Europe australe,Europe,Europe
2011,133,226,8,8,MNE,ME,Montenegro,Mont,Southern Europe,Europe australe,Europe,Europe
2011,136,257,5,5,NAM,,Namibia,Namibie,Southern Africa,Afrique australe,Africa,Afrique
2011,137,37,3,3,NPL,NP,Nepal,N,Southern Asia,Sud de l'Asie centrale,Asia,Asie
2011,138,14597,90,144,NLD,NL,Netherlands (Kingdom of the),Pays-Bas,Western Europe,Europe occidentale,Europe,Europe
2011,139,177,4,5,NER,NE,Niger,Niger,Western Africa,Afrique occidentale,Africa,Afrique
2011,140,36,6,6,NIC,NI,Nicaragua,Nicaragua,Central America,Am,Latin America and the Caribbean,Am
2011,141,197,6,6,NGA,NG,Nigeria,Nig,Western Africa,Afrique occidentale,Africa,Afrique
2011,143,18189,90,169,NOR,NO,Norway,Norv,Northern Europe,Europe septentrionale,Europe,Europe
2011,145,437,28,42,NZL,NZ,New Zealand,Nouvelle-Z,Australia-New Zealand,Australie-Nouvelle-Z,Oceania,Oc
2011,146,37,3,3,OMN,OM,Oman,Oman,Western Asia,Asie occidentale,Asia,Asie
2011,147,977,4,4,PAK,PK,Pakistan,Pakistan,Southern Asia,Sud de l'Asie centrale,Asia,Asie
2011,148,1396,17,17,PAN,PA,Panama,Panama,Central America,Am,Latin America and the Caribbean,Am
2011,149,12,2,2,PRY,PY,Paraguay,Paraguay,South America,Am,Latin America and the Caribbean,Am
2011,150,463,11,11,PER,PE,Peru,P,South America,Am,Latin America and the Caribbean,Am
2011,151,15,3,3,PHL,PH,Philippines,Philippines,South-eastern Asia,Asie du Sud-Est,Asia,Asie
2011,154,6858,38,55,POL,PL,Poland,Pologne,Eastern Europe,Europe orientale,Europe,Europe
2011,155,264,26,26,PRT,PT,Portugal,Portugal,Southern Europe,Europe australe,Europe,Europe
2011,157,64,4,4,QAT,QA,Qatar,Qatar,Western Asia,Asie occidentale,Asia,Asie
2011,158,2058,41,41,ROU,RO,Romania,Roumanie,Eastern Europe,Europe orientale,Europe,Europe
2011,159,106881,50,50,ZAF,ZA,South Africa,Afrique du Sud,Southern Africa,Afrique australe,Africa,Afrique
2011,160,2270,31,50,RUS,RU,Russian Federation,F,Eastern Europe,Europe orientale,Europe,Europe
2011,161,7,1,1,RWA,RW,Rwanda,Rwanda,Eastern Africa,Afrique orientale,Africa,Afrique
2011,162,12,2,2,SLV,SV,El Salvador,El Salvador,Central America,Am,Latin America and the Caribbean,Am
2011,163,18,3,3,SAU,SA,Saudi Arabia,Arabie saoudite,Western Asia,Asie occidentale,Asia,Asie
2011,164,3309,21,21,SRB,RS,Serbia and Kosovo: S/RES/1244 (1999),Serbie,Southern Europe,Europe australe,Europe,Europe
2011,165,202,13,13,SEN,SN,Senegal,S,Western Africa,Afrique occidentale,Africa,Afrique
2011,169,22,1,1,SLE,SL,Sierra Leone,Sierra Leone,Western Africa,Afrique occidentale,Africa,Afrique
2011,172,25,3,3,SOM,SO,Somalia,Somalie,Eastern Africa,Afrique orientale,Africa,Afrique
2011,173,3399,72,72,ESP,ES,Spain,Espagne,Southern Europe,Europe australe,Europe,Europe
2011,177,10572,13,17,SDN,SD,Sudan,Soudan,Northern Africa,Afrique septentrionale,Africa,Afrique
2011,179,232,5,5,SSD,SS,South Sudan,,Eastern Africa,Afrique septentrionale,Africa,Afrique
2011,180,476,22,22,SVK,SK,Slovakia,Slovaquie,Eastern Europe,Europe orientale,Europe,Europe
2011,181,366,25,25,SVN,SI,Slovenia,Slov,Southern Europe,Europe australe,Europe,Europe
2011,183,43737,103,188,SWE,SE,Sweden,Su,Northern Europe,Europe septentrionale,Europe,Europe
2011,184,19423,95,95,CHE,CH,Switzerland,Suisse,Western Europe,Europe occidentale,Europe,Europe
2011,185,3079,23,34,SYR,SY,Syrian Arab Rep.,R,Western Asia,Asie occidentale,Asia,Asie
2011,186,428,6,6,TZA,TZ,United Rep. of Tanzania,R,Eastern Africa,Afrique orientale,Africa,Afrique
2011,188,12927,24,36,THA,TH,Thailand,Tha,South-eastern Asia,Asie du Sud-Est,Asia,Asie
2011,189,790,3,5,TJK,TJ,Tajikistan,Tadjikistan,Central Asia,Sud de l'Asie centrale,Asia,Asie
2011,190,6,1,1,TKM,TM,Turkmenistan,Turkm,Central Asia,Sud de l'Asie centrale,Asia,Asie
2011,192,5287,9,9,TGO,TG,Togo,Togo,Western Africa,Afrique occidentale,Africa,Afrique
2011,194,12,2,2,TTO,TT,Trinidad and Tobago,Trinit,Caribbean,Cara,Latin America and the Caribbean,Am
2011,195,4501,24,24,TUN,TN,Tunisia,Tunisie,Northern Africa,Afrique septentrionale,Africa,Afrique
2011,196,17820,47,72,TUR,TR,Türkiye,Türkiye,Western Asia,Asie occidentale,Asia,Asie
2011,198,214,5,5,ARE,AE,United Arab Emirates,Emirats arabes unis,Western Asia,Asie occidentale,Asia,Asie
2011,199,12702,10,10,UGA,UG,Uganda,Ouganda,Eastern Africa,Afrique orientale,Africa,Afrique
2011,200,2197,39,77,UKR,UA,Ukraine,Ukraine,Eastern Europe,Europe orientale,Europe,Europe
2011,201,14,1,1,URY,UY,Uruguay,Uruguay,South America,Am,Latin America and the Caribbean,Am
2011,202,60563,150,273,USA,US,United States of America,Etats-Unis d'Am,Northern America,Am,Northern America,Am
2011,207,3165,3,3,VEN,VE,Venezuela (Bolivarian Republic of),Venezuela (R,South America,Am,Latin America and the Caribbean,Am
2011,211,5356,13,13,YEM,YE,Yemen,Y,Western Asia,Asie occidentale,Asia,Asie
2011,213,943,9,9,ZMB,ZM,Zambia,Zambie,Eastern Africa,Afrique orientale,Africa,Afrique
2011,214,1045,7,7,ZWE,ZW,Zimbabwe,Zimbabwe,Eastern Africa,Afrique orientale,Africa,Afrique
2011,254,7,1,1,CUW,CW,Curacao,Cura,Caribbean,Cara,Latin America and the Caribbean,Am
2012,2,17,1,1,AFG,AF,Afghanistan,Afghanistan,Southern Asia,Sud de l'Asie centrale,Asia,Asie
2012,3,10,2,2,ALB,AL,Albania,Albanie,Southern Europe,Europe australe,Europe,Europe
2012,4,1535,20,29,DZA,DZ,Algeria,Alg,Northern Africa,Afrique septentrionale,Africa,Afrique
2012,8,6639,26,26,EGY,EG,Egypt,Egypte,Northern Africa,Afrique septentrionale,Africa,Afrique
2012,9,1440,26,26,ARG,AR,Argentina,Argentine,South America,Am,Latin America and the Caribbean,Am
2012,10,596,10,12,ARM,AM,Armenia,Arm,Western Asia,Asie occidentale,Asia,Asie
2012,11,20046,82,138,AUS,AU,Australia,Australie,Australia-New Zealand,Australie-Nouvelle-Z,Oceania,Oc
2012,12,17393,75,75,AUT,AT,Austria,Autriche,Western Europe,Europe occidentale,Europe,Europe
2012,13,280,7,13,AZE,AZ,Azerbaijan,Azerba,Western Asia,Asie occidentale,Asia,Asie
2012,14,37,1,1,BHR,BH,Bahrain,Bahre,Western Asia,Asie occidentale,Asia,Asie
2012,16,8298,3,3,BDI,BI,Burundi,Burundi,Eastern Africa,Afrique orientale,Africa,Afrique
2012,17,38533,97,173,BEL,BE,Belgium,Belgique,Western Europe,Europe occidentale,Europe,Europe
2012,18,192,8,8,BEN,BJ,Benin,B,Western Africa,Afrique occidentale,Africa,Afrique
2012,20,6,1,1,BGD,BD,Bangladesh,Bangladesh,Southern Asia,Sud de l'Asie centrale,Asia,Asie
2012,21,48,1,1,BHS,BS,Bahamas,Bahamas,Caribbean,Cara,Latin America and the Caribbean,Am
2012,23,13,2,2,BFA,BF,Burkina Faso,Burkina Faso,Western Africa,Afrique occidentale,Africa,Afrique
2012,24,119,6,7,BLR,BY,Belarus,B,Eastern Europe,Europe orientale,Europe,Europe
2012,25,36,2,2,BOL,BO,Bolivia (Plurinational State of),Bolivie,South America,Am,Latin America and the Caribbean,Am
2012,26,97,3,3,BWA,BW,Botswana,Botswana,Southern Africa,Afrique australe,Africa,Afrique
2012,27,1100,33,33,BRA,BR,Brazil,Br,South America,Am,Latin America and the Caribbean,Am
2012,29,45,3,3,BIH,BA,Bosnia and Herzegovina,Bosnie-Herz,Southern Europe,Europe australe,Europe,Europe
2012,30,1353,26,33,BGR,BG,Bulgaria,Bulgarie,Eastern Europe,Europe orientale,Europe,Europe
2012,31,53,2,2,BLZ,BZ,Belize,Belize,Central America,Am,Latin America and the Caribbean,Am
2012,33,20229,154,154,CAN,CA,Canada,Canada,Northern America,Am,Northern America,Am
2012,34,156,3,3,CAF,CF,Central African Rep.,R,Middle Africa,Afrique australe,Africa,Afrique
2012,36,3977,7,7,TCD,TD,Chad,Tchad,Middle Africa,Afrique australe,Africa,Afrique
2012,37,306,9,9,CHN,CN,China,Chine,Eastern Asia,Asie orientale,Asia,Asie
2012,38,169,7,7,CHL,CL,Chile,Chili,South America,Am,Latin America and the Caribbean,Am
2012,39,3513,19,19,CMR,CM,Cameroon,Cameroun,Middle Africa,Afrique australe,Africa,Afrique
2012,40,451,6,6,COG,CG,Congo,Congo,Middle Africa,Afrique australe,Africa,Afrique
2012,41,888,6,6,COD,CD,Dem. Rep. of the Congo,R,Middle Africa,Afrique australe,Africa,Afrique
2012,44,103,5,7,COL,CO,Colombia,Colombie,South America,Am,Latin America and the Caribbean,Am
2012,45,1157,15,15,CRI,CR,Costa Rica,Costa Rica,Central America,Am,Latin America and the Caribbean,Am
2012,46,63,1,1,CUB,CU,Cuba,Cuba,Caribbean,Cara,Latin America and the Caribbean,Am
2012,48,2873,31,61,CYP,CY,Cyprus,Chypre,Western Asia,Asie occidentale,Asia,Asie
2012,49,743,37,37,CZE,CZ,Czechia,R,Eastern Europe,Europe orientale,Europe,Europe
2012,50,7499,69,109,DNK,DK,Denmark,Danemark,Northern Europe,Europe septentrionale,Europe,Europe
2012,51,1291,4,4,DJI,DJ,Djibouti,Djibouti,Eastern Africa,Afrique orientale,Africa,Afrique
2012,53,11,2,2,DOM,DO,Dominican Rep.,R,Caribbean,Cara,Latin America and the Caribbean,Am
2012,54,12061,18,18,ECU,EC,Ecuador,Equateur,South America,Am,Latin America and the Caribbean,Am
2012,56,10,2,2,ERI,ER,Eritrea,Erythr,Eastern Africa,Afrique orientale,Africa,Afrique
2012,57,78,9,9,EST,EE,Estonia,Estonie,Northern Europe,Europe septentrionale,Europe,Europe
2012,58,1214,6,6,ETH,ET,Ethiopia,Ethiopie,Eastern Africa,Afrique orientale,Africa,Afrique
2012,60,7,1,1,FJI,FJ,Fiji,Fidji,Melanesia,M,Oceania,Oc
2012,61,2898,62,62,FIN,FI,Finland,Finlande,Northern Europe,Europe septentrionale,Europe,Europe
2012,64,97633,110,266,FRA,FR,France,France,Western Europe,Europe occidentale,Europe,Europe
2012,67,28,3,3,GAB,GA,Gabon,Gabon,Middle Africa,Afrique australe,Africa,Afrique
2012,70,37005,119,242,GBR,GB,United Kingdom of Great Britain and Northern Ireland,Royaume-Uni,Northern Europe,Europe septentrionale,Europe,Europe
2012,71,590,10,10,GEO,GE,Georgia,G,Western Asia,Asie occidentale,Asia,Asie
2012,72,77623,100,160,DEU,DE,Germany,Allemagne,Western Europe,Europe occidentale,Europe,Europe
2012,73,105,9,9,GHA,GH,Ghana,Ghana,Western Africa,Afrique occidentale,Africa,Afrique
2012,75,5,1,1,GNB,GW,Guinea-Bissau,Guin,Western Africa,Afrique occidentale,Africa,Afrique
2012,76,17331,69,69,GRC,GR,Greece,Gr,Southern Europe,Europe australe,Europe,Europe
2012,78,15,2,2,GTM,GT,Guatemala,Guatemala,Central America,Am,Latin America and the Caribbean,Am
2012,79,139,5,5,GIN,GN,Guinea,Guin,Western Africa,Afrique occidentale,Africa,Afrique
2012,81,7,1,1,HTI,HT,Haiti,Ha,Caribbean,Cara,Latin America and the Caribbean,Am
2012,82,1200,23,36,HKG,HK,"China, Hong Kong SAR","Hong Kong, RAS de la R",Eastern Asia,Asie orientale,Asia,Asie
2012,83,10,2,2,HND,HN,Honduras,Honduras,Central America,Am,Latin America and the Caribbean,Am
2012,84,1208,22,28,HRV,HR,Croatia,Croatie,Southern Europe,Europe australe,Europe,Europe
2012,85,2148,39,39,HUN,HU,Hungary,Hongrie,Eastern Europe,Europe orientale,Europe,Europe
2012,86,123,12,16,ISL,IS,Iceland,Islande,Northern Europe,Europe septentrionale,Europe,Europe
2012,87,66,7,7,CIV,CI,Cote d'Ivoire,C,Western Africa,Afrique occidentale,Africa,Afrique
2012,88,3374,14,18,IND,IN,India,Inde,Southern Asia,Sud de l'Asie centrale,Asia,Asie
2012,89,7214,21,21,IDN,ID,Indonesia,Indon,South-eastern Asia,Asie du Sud-Est,Asia,Asie
2012,90,2198,58,128,IRL,IE,Ireland,Irlande,Northern Europe,Europe septentrionale,Europe,Europe
2012,92,999,5,5,IRQ,IQ,Iraq,Iraq,Western Asia,Asie occidentale,Asia,Asie
2012,93,1985,14,21,ISR,IL,Israel,Isra,Western Asia,Asie occidentale,Asia,Asie
2012,94,17325,78,78,ITA,IT,Italy,Italie,Southern Europe,Europe australe,Europe,Europe
2012,96,2472,12,12,JOR,JO,Jordan,Jordanie,Western Asia,Asie occidentale,Asia,Asie
2012,97,4316,35,46,JPN,JP,Japan,Japon,Eastern Asia,Asie orientale,Asia,Asie
2012,98,61,4,6,KAZ,KZ,Kazakhstan,Kazakhstan,Central Asia,Sud de l'Asie centrale,Asia,Asie
2012,99,21238,14,25,KEN,KE,Kenya,Kenya,Eastern Africa,Afrique orientale,Africa,Afrique
2012,100,179,5,7,KGZ,KG,Kyrgyzstan,Kirghizistan,Central Asia,Sud de l'Asie centrale,Asia,Asie
2012,102,1350,26,26,KOR,KR,Rep. of Korea,R,Eastern Asia,Asie orientale,Asia,Asie
2012,104,266,8,8,KWT,KW,Kuwait,Kowe,Western Asia,Asie occidentale,Asia,Asie
2012,106,37,4,4,LBR,LR,Liberia,Lib,Western Africa,Afrique occidentale,Africa,Afrique
2012,107,4458,9,9,LBY,LY,Libya,Libye,Northern Africa,Afrique septentrionale,Africa,Afrique
2012,109,2093,20,30,LBN,LB,Lebanon,Liban,Western Asia,Asie occidentale,Asia,Asie
2012,111,59,6,6,LIE,LI,Liechtenstein,Liechtenstein,Western Europe,Europe occidentale,Europe,Europe
2012,112,199,5,5,LKA,LK,Sri Lanka,Sri Lanka,Southern Asia,Sud de l'Asie centrale,Asia,Asie
2012,113,519,14,14,LTU,LT,Lithuania,Lituanie,Northern Europe,Europe septentrionale,Europe,Europe
2012,114,2114,37,41,LUX,LU,Luxembourg,Luxembourg,Western Europe,Europe occidentale,Europe,Europe
2012,115,182,9,9,LVA,LV,Latvia,Lettonie,Northern Europe,Europe septentrionale,Europe,Europe
2012,119,598,13,13,MRT,MR,Mauritania,Mauritanie,Western Africa,Afrique occidentale,Africa,Afrique
2012,120,642,19,19,MKD,MK,North Macedonia,Ex-R,Southern Europe,Europe australe,Europe,Europe
2012,122,177,14,16,MDA,MD,Rep. of Moldova,R,Eastern Europe,Europe orientale,Europe,Europe
2012,124,803,23,23,MEX,MX,Mexico,Mexique,Central America,Am,Latin America and the Caribbean,Am
2012,126,39,2,2,MLI,ML,Mali,Mali,Western Africa,Afrique occidentale,Africa,Afrique
2012,127,20169,22,29,MYS,MY,Malaysia,Malaisie,South-eastern Asia,Asie du Sud-Est,Asia,Asie
2012,128,3369,4,7,MWI,MW,Malawi,Malawi,Eastern Africa,Afrique orientale,Africa,Afrique
2012,129,7,1,1,MNG,MN,Mongolia,Mongolie,Eastern Asia,Asie orientale,Asia,Asie
2012,130,2442,33,41,MAR,MA,Morocco,Maroc,Northern Africa,Afrique septentrionale,Africa,Afrique
2012,131,2926,6,6,MOZ,MZ,Mozambique,Mozambique,Eastern Africa,Afrique orientale,Africa,Afrique
2012,132,2204,18,26,MLT,MT,Malta,Malte,Southern Europe,Europe australe,Europe,Europe
2012,133,1516,13,13,MNE,ME,Montenegro,Mont,Southern Europe,Europe australe,Europe,Europe
2012,136,205,6,6,NAM,,Namibia,Namibie,Southern Africa,Afrique australe,Africa,Afrique
2012,137,865,7,8,NPL,NP,Nepal,N,Southern Asia,Sud de l'Asie centrale,Asia,Asie
2012,138,13078,82,140,NLD,NL,Netherlands (Kingdom of the),Pays-Bas,Western Europe,Europe occidentale,Europe,Europe
2012,139,6,1,1,NER,NE,Niger,Niger,Western Africa,Afrique occidentale,Africa,Afrique
2012,140,62,5,5,NIC,NI,Nicaragua,Nicaragua,Central America,Am,Latin America and the Caribbean,Am
2012,141,209,5,5,NGA,NG,Nigeria,Nig,Western Africa,Afrique occidentale,Africa,Afrique
2012,143,18281,96,169,NOR,NO,Norway,Norv,Northern Europe,Europe septentrionale,Europe,Europe
2012,144,414,5,5,NRU,NR,Nauru,Nauru,Micronesia,Micron,Oceania,Oc
2012,145,464,29,43,NZL,NZ,New Zealand,Nouvelle-Z,Australia-New Zealand,Australie-Nouvelle-Z,Oceania,Oc
2012,146,31,1,1,OMN,OM,Oman,Oman,Western Asia,Asie occidentale,Asia,Asie
2012,147,3933,4,4,PAK,PK,Pakistan,Pakistan,Southern Asia,Sud de l'Asie centrale,Asia,Asie
2012,148,747,13,13,PAN,PA,Panama,Panama,Central America,Am,Latin America and the Caribbean,Am
2012,149,10,2,2,PRY,PY,Paraguay,Paraguay,South America,Am,Latin America and the Caribbean,Am
2012,150,361,10,10,PER,PE,Peru,P,South America,Am,Latin America and the Caribbean,Am
2012,151,35,5,5,PHL,PH,Philippines,Philippines,South-eastern Asia,Asie du Sud-Est,Asia,Asie
2012,153,161,6,6,PNG,PG,Papua New Guinea,Papouasie-Nouvelle-Guin,Melanesia,M,Oceania,Oc
2012,154,12222,39,72,POL,PL,Poland,Pologne,Eastern Europe,Europe orientale,Europe,Europe
2012,155,284,24,24,PRT,PT,Portugal,Portugal,Southern Europe,Europe australe,Europe,Europe
2012,157,20,1,1,QAT,QA,Qatar,Qatar,Western Asia,Asie occidentale,Asia,Asie
2012,158,2484,37,37,ROU,RO,Romania,Roumanie,Eastern Europe,Europe orientale,Europe,Europe
2012,159,117157,59,90,ZAF,ZA,South Africa,Afrique du Sud,Southern Africa,Afrique australe,Africa,Afrique
2012,160,2299,28,43,RUS,RU,Russian Federation,F,Eastern Europe,Europe orientale,Europe,Europe
2012,161,17085,1,1,RWA,RW,Rwanda,Rwanda,Eastern Africa,Afrique orientale,Africa,Afrique
2012,163,16,2,2,SAU,SA,Saudi Arabia,Arabie saoudite,Western Asia,Asie occidentale,Asia,Asie
2012,164,2765,27,27,SRB,RS,Serbia and Kosovo: S/RES/1244 (1999),Serbie,Southern Europe,Europe australe,Europe,Europe
2012,165,168,11,11,SEN,SN,Senegal,S,Western Africa,Afrique occidentale,Africa,Afrique
2012,168,5,1,1,SGP,SG,Singapore,Singapour,South-eastern Asia,Asie du Sud-Est,Asia,Asie
2012,169,10,2,2,SLE,SL,Sierra Leone,Sierra Leone,Western Africa,Afrique occidentale,Africa,Afrique
2012,171,5,1,1,SLB,SB,Solomon Islands,Iles Salomon,Melanesia,M,Oceania,Oc
2012,172,3436,2,2,SOM,SO,Somalia,Somalie,Eastern Africa,Afrique orientale,Africa,Afrique
2012,173,2565,74,74,ESP,ES,Spain,Espagne,Southern Europe,Europe australe,Europe,Europe
2012,177,15110,13,17,SDN,SD,Sudan,Soudan,Northern Africa,Afrique septentrionale,Africa,Afrique
2012,179,33,4,4,SSD,SS,South Sudan,,Eastern Africa,Afrique septentrionale,Africa,Afrique
2012,180,717,29,29,SVK,SK,Slovakia,Slovaquie,Eastern Europe,Europe orientale,Europe,Europe
2012,181,294,20,20,SVN,SI,Slovenia,Slov,Southern Europe,Europe australe,Europe,Europe
2012,182,98,5,5,SWZ,SZ,Eswatini,Eswatini,Southern Africa,Afrique australe,Africa,Afrique
2012,183,43863,105,105,SWE,SE,Sweden,Su,Northern Europe,Europe septentrionale,Europe,Europe
2012,184,32330,102,174,CHE,CH,Switzerland,Suisse,Western Europe,Europe occidentale,Europe,Europe
2012,185,2021,29,42,SYR,SY,Syrian Arab Rep.,R,Western Asia,Asie occidentale,Asia,Asie
2012,186,201,6,6,TZA,TZ,United Rep. of Tanzania,R,Eastern Africa,Afrique orientale,Africa,Afrique
2012,187,21,1,1,TCA,TC,Turks and Caicos Islands,Iles Turques et Caiques,Caribbean,Cara,Latin America and the Caribbean,Am
2012,188,3068,28,48,THA,TH,Thailand,Tha,South-eastern Asia,Asie du Sud-Est,Asia,Asie
2012,189,832,3,4,TJK,TJ,Tajikistan,Tadjikistan,Central Asia,Sud de l'Asie centrale,Asia,Asie
2012,192,6064,9,9,TGO,TG,Togo,Togo,Western Africa,Afrique occidentale,Africa,Afrique
2012,194,5,1,1,TTO,TT,Trinidad and Tobago,Trinit,Caribbean,Cara,Latin America and the Caribbean,Am
2012,195,495,12,15,TUN,TN,Tunisia,Tunisie,Northern Africa,Afrique septentrionale,Africa,Afrique
2012,196,27262,41,66,TUR,TR,Türkiye,Türkiye,Western Asia,Asie occidentale,Asia,Asie
2012,198,246,5,5,ARE,AE,United Arab Emirates,Emirats arabes unis,Western Asia,Asie occidentale,Asia,Asie
2012,199,14429,10,10,UGA,UG,Uganda,Ouganda,Eastern Africa,Afrique orientale,Africa,Afrique
2012,200,3255,43,77,UKR,UA,Ukraine,Ukraine,Eastern Europe,Europe orientale,Europe,Europe
2012,201,37,5,5,URY,UY,Uruguay,Uruguay,South America,Am,Latin America and the Caribbean,Am
2012,202,66074,153,270,USA,US,United States of America,Etats-Unis d'Am,Northern America,Am,Northern America,Am
2012,207,2002,1,1,VEN,VE,Venezuela (Bolivarian Republic of),Venezuela (R,South America,Am,Latin America and the Caribbean,Am
2012,211,3390,10,10,YEM,YE,Yemen,Y,Western Asia,Asie occidentale,Asia,Asie
2012,213,688,5,5,ZMB,ZM,Zambia,Zambie,Eastern Africa,Afrique orientale,Africa,Afrique
2012,214,1091,7,7,ZWE,ZW,Zimbabwe,Zimbabwe,Eastern Africa,Afrique orientale,Africa,Afrique
2012,224,5,1,1,ABW,AW,Aruba,Aruba,Caribbean,Cara,Latin America and the Caribbean,Am
2012,254,30,2,2,CUW,CW,Curacao,Cura,Caribbean,Cara,Latin America and the Caribbean,Am
2012,255,10,1,1,SXM,SX,Sint Maarten (Dutch part),Saint-Martin,Caribbean,Cara,Latin America and the Caribbean,Am
2013,2,32,2,3,AFG,AF,Afghanistan,Afghanistan,Southern Asia,Sud de l'Asie centrale,Asia,Asie
2013,3,223,2,2,ALB,AL,Albania,Albanie,Southern Europe,Europe australe,Europe,Europe
2013,4,2542,16,30,DZA,DZ,Algeria,Alg,Northern Africa,Afrique septentrionale,Africa,Afrique
2013,6,1201,9,9,AGO,AO,Angola,Angola,Middle Africa,Afrique australe,Africa,Afrique
2013,8,10750,36,36,EGY,EG,Egypt,Egypte,Northern Africa,Afrique septentrionale,Africa,Afrique
2013,9,604,22,22,ARG,AR,Argentina,Argentine,South America,Am,Latin America and the Caribbean,Am
2013,10,320,4,4,ARM,AM,Armenia,Arm,Western Asia,Asie occidentale,Asia,Asie
2013,11,15936,90,142,AUS,AU,Australia,Australie,Australia-New Zealand,Australie-Nouvelle-Z,Oceania,Oc
2013,12,17484,80,80,AUT,AT,Austria,Autriche,Western Europe,Europe occidentale,Europe,Europe
2013,13,442,6,9,AZE,AZ,Azerbaijan,Azerba,Western Asia,Asie occidentale,Asia,Asie
2013,14,43,2,2,BHR,BH,Bahrain,Bahre,Western Asia,Asie occidentale,Asia,Asie
2013,16,10203,5,5,BDI,BI,Burundi,Burundi,Eastern Africa,Afrique orientale,Africa,Afrique
2013,17,29293,104,177,BEL,BE,Belgium,Belgique,Western Europe,Europe occidentale,Europe,Europe
2013,18,138,7,7,BEN,BJ,Benin,B,Western Africa,Afrique occidentale,Africa,Afrique
2013,20,22,1,1,BGD,BD,Bangladesh,Bangladesh,Southern Asia,Sud de l'Asie centrale,Asia,Asie
2013,21,95,2,2,BHS,BS,Bahamas,Bahamas,Caribbean,Cara,Latin America and the Caribbean,Am
2013,23,122,3,3,BFA,BF,Burkina Faso,Burkina Faso,Western Africa,Afrique occidentale,Africa,Afrique
2013,24,251,11,15,BLR,BY,Belarus,B,Eastern Europe,Europe orientale,Europe,Europe
2013,25,16,2,2,BOL,BO,Bolivia (Plurinational State of),Bolivie,South America,Am,Latin America and the Caribbean,Am
2013,26,97,5,5,BWA,BW,Botswana,Botswana,Southern Africa,Afrique australe,Africa,Afrique
2013,27,4705,44,44,BRA,BR,Brazil,Br,South America,Am,Latin America and the Caribbean,Am
2013,29,87,5,5,BIH,BA,Bosnia and Herzegovina,Bosnie-Herz,Southern Europe,Europe australe,Europe,Europe
2013,30,7124,40,46,BGR,BG,Bulgaria,Bulgarie,Eastern Europe,Europe orientale,Europe,Europe
2013,31,53,4,4,BLZ,BZ,Belize,Belize,Central America,Am,Latin America and the Caribbean,Am
2013,32,5,1,1,KHM,KH,Cambodia,Cambodge,South-eastern Asia,Asie du Sud-Est,Asia,Asie
2013,33,10329,130,130,CAN,CA,Canada,Canada,Northern America,Am,Northern America,Am
2013,34,31,3,3,CAF,CF,Central African Rep.,R,Middle Africa,Afrique australe,Africa,Afrique
2013,35,35,2,2,CYM,KY,Cayman Islands,Iles Ca,Caribbean,Cara,Latin America and the Caribbean,Am
2013,36,299,7,7,TCD,TD,Chad,Tchad,Middle Africa,Afrique australe,Africa,Afrique
2013,37,254,15,15,CHN,CN,China,Chine,Eastern Asia,Asie orientale,Asia,Asie
2013,38,244,5,5,CHL,CL,Chile,Chili,South America,Am,Latin America and the Caribbean,Am
2013,39,6186,19,32,CMR,CM,Cameroon,Cameroun,Middle Africa,Afrique australe,Africa,Afrique
2013,40,326,8,8,COG,CG,Congo,Congo,Middle Africa,Afrique australe,Africa,Afrique
2013,41,1293,10,10,COD,CD,Dem. Rep. of the Congo,R,Middle Africa,Afrique australe,Africa,Afrique
2013,44,254,11,14,COL,CO,Colombia,Colombie,South America,Am,Latin America and the Caribbean,Am
2013,45,1122,13,19,CRI,CR,Costa Rica,Costa Rica,Central America,Am,Latin America and the Caribbean,Am
2013,46,22,1,1,CUB,CU,Cuba,Cuba,Caribbean,Cara,Latin America and the Caribbean,Am
2013,48,2697,37,64,CYP,CY,Cyprus,Chypre,Western Asia,Asie occidentale,Asia,Asie
2013,49,684,31,48,CZE,CZ,Czechia,R,Eastern Europe,Europe orientale,Europe,Europe
2013,50,9506,79,126,DNK,DK,Denmark,Danemark,Northern Europe,Europe septentrionale,Europe,Europe
2013,51,780,4,4,DJI,DJ,Djibouti,Djibouti,Eastern Africa,Afrique orientale,Africa,Afrique
2013,53,71,2,2,DOM,DO,Dominican Rep.,R,Caribbean,Cara,Latin America and the Caribbean,Am
2013,54,8262,16,16,ECU,EC,Ecuador,Equateur,South America,Am,Latin America and the Caribbean,Am
2013,57,94,9,9,EST,EE,Estonia,Estonie,Northern Europe,Europe septentrionale,Europe,Europe
2013,58,431,5,5,ETH,ET,Ethiopia,Ethiopie,Eastern Africa,Afrique orientale,Africa,Afrique
2013,61,3201,63,76,FIN,FI,Finland,Finlande,Northern Europe,Europe septentrionale,Europe,Europe
2013,64,100767,102,256,FRA,FR,France,France,Western Europe,Europe occidentale,Europe,Europe
2013,67,74,4,4,GAB,GA,Gabon,Gabon,Middle Africa,Afrique australe,Africa,Afrique
2013,68,15,2,2,GMB,GM,Gambia,Gambie,Western Africa,Afrique occidentale,Africa,Afrique
2013,70,39291,123,240,GBR,GB,United Kingdom of Great Britain and Northern Ireland,Royaume-Uni,Northern Europe,Europe septentrionale,Europe,Europe
2013,71,718,13,13,GEO,GE,Georgia,G,Western Asia,Asie occidentale,Asia,Asie
2013,72,126992,106,173,DEU,DE,Germany,Allemagne,Western Europe,Europe occidentale,Europe,Europe
2013,73,1292,11,11,GHA,GH,Ghana,Ghana,Western Africa,Afrique occidentale,Africa,Afrique
2013,75,17,3,3,GNB,GW,Guinea-Bissau,Guin,Western Africa,Afrique occidentale,Africa,Afrique
2013,76,14364,61,112,GRC,GR,Greece,Gr,Southern Europe,Europe australe,Europe,Europe
2013,78,44,5,5,GTM,GT,Guatemala,Guatemala,Central America,Am,Latin America and the Caribbean,Am
2013,79,69,6,6,GIN,GN,Guinea,Guin,Western Africa,Afrique occidentale,Africa,Afrique
2013,81,8,1,1,HTI,HT,Haiti,Ha,Caribbean,Cara,Latin America and the Caribbean,Am
2013,82,1781,31,44,HKG,HK,"China, Hong Kong SAR","Hong Kong, RAS de la R",Eastern Asia,Asie orientale,Asia,Asie
2013,83,57,1,1,HND,HN,Honduras,Honduras,Central America,Am,Latin America and the Caribbean,Am
2013,84,1143,26,32,HRV,HR,Croatia,Croatie,Southern Europe,Europe australe,Europe,Europe
2013,85,18875,60,75,HUN,HU,Hungary,Hongrie,Eastern Europe,Europe orientale,Europe,Europe
2013,86,232,17,20,ISL,IS,Iceland,Islande,Northern Europe,Europe septentrionale,Europe,Europe
2013,87,132,8,8,CIV,CI,Cote d'Ivoire,C,Western Africa,Afrique occidentale,Africa,Afrique
2013,88,5983,19,25,IND,IN,India,Inde,Southern Asia,Sud de l'Asie centrale,Asia,Asie
2013,89,8560,23,30,IDN,ID,Indonesia,Indon,South-eastern Asia,Asie du Sud-Est,Asia,Asie
2013,90,2174,55,132,IRL,IE,Ireland,Irlande,Northern Europe,Europe septentrionale,Europe,Europe
2013,91,56,2,2,IRN,IR,Iran (Islamic Rep. of),R,Southern Asia,Sud de l'Asie centrale,Asia,Asie
2013,92,1199,11,11,IRQ,IQ,Iraq,Iraq,Western Asia,Asie occidentale,Asia,Asie
2013,93,2602,20,20,ISR,IL,Israel,Isra,Western Asia,Asie occidentale,Asia,Asie
2013,94,26575,73,99,ITA,IT,Italy,Italie,Southern Europe,Europe australe,Europe,Europe
2013,96,6658,20,20,JOR,JO,Jordan,Jordanie,Western Asia,Asie occidentale,Asia,Asie
2013,97,5703,11,22,JPN,JP,Japan,Japon,Eastern Asia,Asie orientale,Asia,Asie
2013,98,120,2,3,KAZ,KZ,Kazakhstan,Kazakhstan,Central Asia,Sud de l'Asie centrale,Asia,Asie
2013,99,21561,17,27,KEN,KE,Kenya,Kenya,Eastern Africa,Afrique orientale,Africa,Afrique
2013,100,332,6,9,KGZ,KG,Kyrgyzstan,Kirghizistan,Central Asia,Sud de l'Asie centrale,Asia,Asie
2013,102,1724,30,30,KOR,KR,Rep. of Korea,R,Eastern Asia,Asie orientale,Asia,Asie
2013,104,593,9,9,KWT,KW,Kuwait,Kowe,Western Asia,Asie occidentale,Asia,Asie
2013,106,24,4,4,LBR,LR,Liberia,Lib,Western Africa,Afrique occidentale,Africa,Afrique
2013,107,5598,10,10,LBY,LY,Libya,Libye,Northern Africa,Afrique septentrionale,Africa,Afrique
2013,109,3233,21,31,LBN,LB,Lebanon,Liban,Western Asia,Asie occidentale,Asia,Asie
2013,111,85,10,10,LIE,LI,Liechtenstein,Liechtenstein,Western Europe,Europe occidentale,Europe,Europe
2013,112,1598,6,8,LKA,LK,Sri Lanka,Sri Lanka,Southern Asia,Sud de l'Asie centrale,Asia,Asie
2013,113,266,11,11,LTU,LT,Lithuania,Lituanie,Northern Europe,Europe septentrionale,Europe,Europe
2013,114,1597,41,56,LUX,LU,Luxembourg,Luxembourg,Western Europe,Europe occidentale,Europe,Europe
2013,115,174,5,5,LVA,LV,Latvia,Lettonie,Northern Europe,Europe septentrionale,Europe,Europe
2013,117,6,1,1,MDG,MG,Madagascar,Madagascar,Eastern Africa,Afrique orientale,Africa,Afrique
2013,119,660,11,11,MRT,MR,Mauritania,Mauritanie,Western Africa,Afrique occidentale,Africa,Afrique
2013,120,1343,28,28,MKD,MK,North Macedonia,Ex-R,Southern Europe,Europe australe,Europe,Europe
2013,122,163,12,13,MDA,MD,Rep. of Moldova,R,Eastern Europe,Europe orientale,Europe,Europe
2013,124,1275,23,23,MEX,MX,Mexico,Mexique,Central America,Am,Latin America and the Caribbean,Am
2013,126,111,3,3,MLI,ML,Mali,Mali,Western Africa,Afrique occidentale,Africa,Afrique
2013,127,54307,27,38,MYS,MY,Malaysia,Malaisie,South-eastern Asia,Asie du Sud-Est,Asia,Asie
2013,128,3845,6,9,MWI,MW,Malawi,Malawi,Eastern Africa,Afrique orientale,Africa,Afrique
2013,129,10,2,2,MNG,MN,Mongolia,Mongolie,Eastern Asia,Asie orientale,Asia,Asie
2013,130,3213,34,48,MAR,MA,Morocco,Maroc,Northern Africa,Afrique septentrionale,Africa,Afrique
2013,131,2540,7,7,MOZ,MZ,Mozambique,Mozambique,Eastern Africa,Afrique orientale,Africa,Afrique
2013,132,2193,21,21,MLT,MT,Malta,Malte,Southern Europe,Europe australe,Europe,Europe
2013,133,3560,31,31,MNE,ME,Montenegro,Mont,Southern Europe,Europe australe,Europe,Europe
2013,136,308,6,6,NAM,,Namibia,Namibie,Southern Africa,Afrique australe,Africa,Afrique
2013,137,341,4,5,NPL,NP,Nepal,N,Southern Asia,Sud de l'Asie centrale,Asia,Asie
2013,138,17135,84,136,NLD,NL,Netherlands (Kingdom of the),Pays-Bas,Western Europe,Europe occidentale,Europe,Europe
2013,139,20,3,3,NER,NE,Niger,Niger,Western Africa,Afrique occidentale,Africa,Afrique
2013,140,103,7,7,NIC,NI,Nicaragua,Nicaragua,Central America,Am,Latin America and the Caribbean,Am
2013,141,646,14,14,NGA,NG,Nigeria,Nig,Western Africa,Afrique occidentale,Africa,Afrique
2013,143,20577,93,198,NOR,NO,Norway,Norv,Northern Europe,Europe septentrionale,Europe,Europe
2013,144,187,9,9,NRU,NR,Nauru,Nauru,Micronesia,Micron,Oceania,Oc
2013,145,459,26,26,NZL,NZ,New Zealand,Nouvelle-Z,Australia-New Zealand,Australie-Nouvelle-Z,Oceania,Oc
2013,146,64,1,1,OMN,OM,Oman,Oman,Western Asia,Asie occidentale,Asia,Asie
2013,147,5178,6,6,PAK,PK,Pakistan,Pakistan,Southern Asia,Sud de l'Asie centrale,Asia,Asie
2013,148,816,10,10,PAN,PA,Panama,Panama,Central America,Am,Latin America and the Caribbean,Am
2013,150,428,16,16,PER,PE,Peru,P,South America,Am,Latin America and the Caribbean,Am
2013,151,69,6,6,PHL,PH,Philippines,Philippines,South-eastern Asia,Asie du Sud-Est,Asia,Asie
2013,153,250,5,5,PNG,PG,Papua New Guinea,Papouasie-Nouvelle-Guin,Melanesia,M,Oceania,Oc
2013,154,14957,35,49,POL,PL,Poland,Pologne,Eastern Europe,Europe orientale,Europe,Europe
2013,155,484,23,23,PRT,PT,Portugal,Portugal,Southern Europe,Europe australe,Europe,Europe
2013,157,17,1,1,QAT,QA,Qatar,Qatar,Western Asia,Asie occidentale,Asia,Asie
2013,158,1736,42,61,ROU,RO,Romania,Roumanie,Eastern Europe,Europe orientale,Europe,Europe
2013,159,79288,52,86,ZAF,ZA,South Africa,Afrique du Sud,Southern Africa,Afrique australe,Africa,Afrique
2013,160,4687,27,41,RUS,RU,Russian Federation,F,Eastern Europe,Europe orientale,Europe,Europe
2013,161,13006,2,2,RWA,RW,Rwanda,Rwanda,Eastern Africa,Afrique orientale,Africa,Afrique
2013,162,5,1,1,SLV,SV,El Salvador,El Salvador,Central America,Am,Latin America and the Caribbean,Am
2013,163,23,3,3,SAU,SA,Saudi Arabia,Arabie saoudite,Western Asia,Asie occidentale,Asia,Asie
2013,164,5121,40,40,SRB,RS,Serbia and Kosovo: S/RES/1244 (1999),Serbie,Southern Europe,Europe australe,Europe,Europe
2013,165,233,9,9,SEN,SN,Senegal,S,Western Africa,Afrique occidentale,Africa,Afrique
2013,169,8,1,1,SLE,SL,Sierra Leone,Sierra Leone,Western Africa,Afrique occidentale,Africa,Afrique
2013,172,2889,6,6,SOM,SO,Somalia,Somalie,Eastern Africa,Afrique orientale,Africa,Afrique
2013,173,4512,77,77,ESP,ES,Spain,Espagne,Southern Europe,Europe australe,Europe,Europe
2013,177,11222,14,17,SDN,SD,Sudan,Soudan,Northern Africa,Afrique septentrionale,Africa,Afrique
2013,179,34,6,6,SSD,SS,South Sudan,,Eastern Africa,Afrique septentrionale,Africa,Afrique
2013,180,415,25,35,SVK,SK,Slovakia,Slovaquie,Eastern Europe,Europe orientale,Europe,Europe
2013,181,252,19,22,SVN,SI,Slovenia,Slov,Southern Europe,Europe australe,Europe,Europe
2013,182,114,5,5,SWZ,SZ,Eswatini,Eswatini,Southern Africa,Afrique australe,Africa,Afrique
2013,183,68814,112,204,SWE,SE,Sweden,Su,Northern Europe,Europe septentrionale,Europe,Europe
2013,184,28010,99,216,CHE,CH,Switzerland,Suisse,Western Europe,Europe occidentale,Europe,Europe
2013,185,1907,31,59,SYR,SY,Syrian Arab Rep.,R,Western Asia,Asie occidentale,Asia,Asie
2013,186,448,8,8,TZA,TZ,United Rep. of Tanzania,R,Eastern Africa,Afrique orientale,Africa,Afrique
2013,187,7,1,1,TCA,TC,Turks and Caicos Islands,Iles Turques et Caiques,Caribbean,Cara,Latin America and the Caribbean,Am
2013,188,3861,21,29,THA,TH,Thailand,Tha,South-eastern Asia,Asie du Sud-Est,Asia,Asie
2013,189,584,2,3,TJK,TJ,Tajikistan,Tadjikistan,Central Asia,Sud de l'Asie centrale,Asia,Asie
2013,192,256,4,4,TGO,TG,Togo,Togo,Western Africa,Afrique occidentale,Africa,Afrique
2013,194,38,3,3,TTO,TT,Trinidad and Tobago,Trinit,Caribbean,Cara,Latin America and the Caribbean,Am
2013,195,350,9,11,TUN,TN,Tunisia,Tunisie,Northern Africa,Afrique septentrionale,Africa,Afrique
2013,196,46594,52,83,TUR,TR,Türkiye,Türkiye,Western Asia,Asie occidentale,Asia,Asie
2013,198,260,3,3,ARE,AE,United Arab Emirates,Emirats arabes unis,Western Asia,Asie occidentale,Asia,Asie
2013,199,18802,10,10,UGA,UG,Uganda,Ouganda,Eastern Africa,Afrique orientale,Africa,Afrique
2013,200,1709,34,62,UKR,UA,Ukraine,Ukraine,Eastern Europe,Europe orientale,Europe,Europe
2013,201,23,2,2,URY,UY,Uruguay,Uruguay,South America,Am,Latin America and the Caribbean,Am
2013,202,68245,148,262,USA,US,United States of America,Etats-Unis d'Am,Northern America,Am,Northern America,Am
2013,207,3497,1,1,VEN,VE,Venezuela (Bolivarian Republic of),Venezuela (R,South America,Am,Latin America and the Caribbean,Am
2013,211,6256,8,10,YEM,YE,Yemen,Y,Western Asia,Asie occidentale,Asia,Asie
2013,213,2611,7,7,ZMB,ZM,Zambia,Zambie,Eastern Africa,Afrique orientale,Africa,Afrique
2013,214,523,7,7,ZWE,ZW,Zimbabwe,Zimbabwe,Eastern Africa,Afrique orientale,Africa,Afrique
2013,254,22,2,2,CUW,CW,Curacao,Cura,Caribbean,Cara,Latin America and the Caribbean,Am
2014,2,32,3,3,AFG,AF,Afghanistan,Afghanistan,Southern Asia,Sud de l'Asie centrale,Asia,Asie
2014,3,421,7,7,ALB,AL,Albania,Albanie,Southern Europe,Europe australe,Europe,Europe
2014,4,4525,21,35,DZA,DZ,Algeria,Alg,Northern Africa,Afrique septentrionale,Africa,Afrique
2014,6,12266,14,14,AGO,AO,Angola,Angola,Middle Africa,Afrique australe,Africa,Afrique
2014,8,11437,24,39,EGY,EG,Egypt,Egypte,Northern Africa,Afrique septentrionale,Africa,Afrique
2014,9,817,24,24,ARG,AR,Argentina,Argentine,South America,Am,Latin America and the Caribbean,Am
2014,10,236,5,8,ARM,AM,Armenia,Arm,Western Asia,Asie occidentale,Asia,Asie
2014,11,15142,95,155,AUS,AU,Australia,Australie,Australia-New Zealand,Australie-Nouvelle-Z,Oceania,Oc
2014,12,28050,76,76,AUT,AT,Austria,Autriche,Western Europe,Europe occidentale,Europe,Europe
2014,13,783,10,16,AZE,AZ,Azerbaijan,Azerba,Western Asia,Asie occidentale,Asia,Asie
2014,14,56,3,3,BHR,BH,Bahrain,Bahre,Western Asia,Asie occidentale,Asia,Asie
2014,16,7634,4,6,BDI,BI,Burundi,Burundi,Eastern Africa,Afrique orientale,Africa,Afrique
2014,17,28800,98,241,BEL,BE,Belgium,Belgique,Western Europe,Europe occidentale,Europe,Europe
2014,18,227,2,2,BEN,BJ,Benin,B,Western Africa,Afrique occidentale,Africa,Afrique
2014,20,5,1,1,BGD,BD,Bangladesh,Bangladesh,Southern Asia,Sud de l'Asie centrale,Asia,Asie
2014,21,5,1,1,BHS,BS,Bahamas,Bahamas,Caribbean,Cara,Latin America and the Caribbean,Am
2014,23,187,1,1,BFA,BF,Burkina Faso,Burkina Faso,Western Africa,Afrique occidentale,Africa,Afrique
2014,24,909,13,15,BLR,BY,Belarus,B,Eastern Europe,Europe orientale,Europe,Europe
2014,25,32,4,4,BOL,BO,Bolivia (Plurinational State of),Bolivie,South America,Am,Latin America and the Caribbean,Am
2014,26,73,3,3,BWA,BW,Botswana,Botswana,Southern Africa,Afrique australe,Africa,Afrique
2014,27,8910,58,58,BRA,BR,Brazil,Br,South America,Am,Latin America and the Caribbean,Am
2014,29,35,6,6,BIH,BA,Bosnia and Herzegovina,Bosnie-Herz,Southern Europe,Europe australe,Europe,Europe
2014,30,11331,42,57,BGR,BG,Bulgaria,Bulgarie,Eastern Europe,Europe orientale,Europe,Europe
2014,31,73,2,2,BLZ,BZ,Belize,Belize,Central America,Am,Latin America and the Caribbean,Am
2014,32,43,5,6,KHM,KH,Cambodia,Cambodge,South-eastern Asia,Asie du Sud-Est,Asia,Asie
2014,33,13654,136,136,CAN,CA,Canada,Canada,Northern America,Am,Northern America,Am
2014,34,13,2,2,CAF,CF,Central African Rep.,R,Middle Africa,Afrique australe,Africa,Afrique
2014,36,2377,5,5,TCD,TD,Chad,Tchad,Middle Africa,Afrique australe,Africa,Afrique
2014,37,457,22,27,CHN,CN,China,Chine,Eastern Asia,Asie orientale,Asia,Asie
2014,38,279,9,9,CHL,CL,Chile,Chili,South America,Am,Latin America and the Caribbean,Am
2014,39,9909,21,36,CMR,CM,Cameroon,Cameroun,Middle Africa,Afrique australe,Africa,Afrique
2014,40,730,6,6,COG,CG,Congo,Congo,Middle Africa,Afrique australe,Africa,Afrique
2014,41,132,11,11,COD,CD,Dem. Rep. of the Congo,R,Middle Africa,Afrique australe,Africa,Afrique
2014,44,731,13,15,COL,CO,Colombia,Colombie,South America,Am,Latin America and the Caribbean,Am
2014,45,1825,21,29,CRI,CR,Costa Rica,Costa Rica,Central America,Am,Latin America and the Caribbean,Am
2014,46,23,3,3,CUB,CU,Cuba,Cuba,Caribbean,Cara,Latin America and the Caribbean,Am
2014,48,2390,33,54,CYP,CY,Cyprus,Chypre,Western Asia,Asie occidentale,Asia,Asie
2014,49,1119,35,46,CZE,CZ,Czechia,R,Eastern Europe,Europe orientale,Europe,Europe
2014,50,16528,72,126,DNK,DK,Denmark,Danemark,Northern Europe,Europe septentrionale,Europe,Europe
2014,51,170,5,5,DJI,DJ,Djibouti,Djibouti,Eastern Africa,Afrique orientale,Africa,Afrique
2014,53,23,4,4,DOM,DO,Dominican Rep.,R,Caribbean,Cara,Latin America and the Caribbean,Am
2014,57,129,9,9,EST,EE,Estonia,Estonie,Northern Europe,Europe septentrionale,Europe,Europe
2014,58,3037,11,11,ETH,ET,Ethiopia,Ethiopie,Eastern Africa,Afrique orientale,Africa,Afrique
2014,60,11,2,2,FJI,FJ,Fiji,Fidji,Melanesia,M,Oceania,Oc
2014,61,3633,64,80,FIN,FI,Finland,Finlande,Northern Europe,Europe septentrionale,Europe,Europe
2014,64,101848,111,312,FRA,FR,France,France,Western Europe,Europe occidentale,Europe,Europe
2014,67,172,1,1,GAB,GA,Gabon,Gabon,Middle Africa,Afrique australe,Africa,Afrique
2014,70,40250,120,233,GBR,GB,United Kingdom of Great Britain and Northern Ireland,Royaume-Uni,Northern Europe,Europe septentrionale,Europe,Europe
2014,71,1871,18,22,GEO,GE,Georgia,G,Western Asia,Asie occidentale,Asia,Asie
2014,72,202822,119,189,DEU,DE,Germany,Allemagne,Western Europe,Europe occidentale,Europe,Europe
2014,73,1032,11,11,GHA,GH,Ghana,Ghana,Western Africa,Afrique occidentale,Africa,Afrique
2014,75,15,3,3,GNB,GW,Guinea-Bissau,Guin,Western Africa,Afrique occidentale,Africa,Afrique
2014,76,17522,68,123,GRC,GR,Greece,Gr,Southern Europe,Europe australe,Europe,Europe
2014,78,108,4,4,GTM,GT,Guatemala,Guatemala,Central America,Am,Latin America and the Caribbean,Am
2014,79,254,6,6,GIN,GN,Guinea,Guin,Western Africa,Afrique occidentale,Africa,Afrique
2014,82,700,26,32,HKG,HK,"China, Hong Kong SAR","Hong Kong, RAS de la R",Eastern Asia,Asie orientale,Asia,Asie
2014,83,11,2,2,HND,HN,Honduras,Honduras,Central America,Am,Latin America and the Caribbean,Am
2014,84,546,29,41,HRV,HR,Croatia,Croatie,Southern Europe,Europe australe,Europe,Europe
2014,85,42755,62,100,HUN,HU,Hungary,Hongrie,Eastern Europe,Europe orientale,Europe,Europe
2014,86,170,20,20,ISL,IS,Iceland,Islande,Northern Europe,Europe septentrionale,Europe,Europe
2014,87,283,5,5,CIV,CI,Cote d'Ivoire,C,Western Africa,Afrique occidentale,Africa,Afrique
2014,88,7403,17,24,IND,IN,India,Inde,Southern Asia,Sud de l'Asie centrale,Asia,Asie
2014,89,6119,28,34,IDN,ID,Indonesia,Indon,South-eastern Asia,Asie du Sud-Est,Asia,Asie
2014,90,2658,55,135,IRL,IE,Ireland,Irlande,Northern Europe,Europe septentrionale,Europe,Europe
2014,92,2527,15,15,IRQ,IQ,Iraq,Iraq,Western Asia,Asie occidentale,Asia,Asie
2014,93,226,5,5,ISR,IL,Israel,Isra,Western Asia,Asie occidentale,Asia,Asie
2014,94,64598,87,121,ITA,IT,Italy,Italie,Southern Europe,Europe australe,Europe,Europe
2014,96,29068,21,23,JOR,JO,Jordan,Jordanie,Western Asia,Asie occidentale,Asia,Asie
2014,97,7527,34,43,JPN,JP,Japan,Japon,Eastern Asia,Asie orientale,Asia,Asie
2014,98,354,6,12,KAZ,KZ,Kazakhstan,Kazakhstan,Central Asia,Sud de l'Asie centrale,Asia,Asie
2014,99,22783,18,37,KEN,KE,Kenya,Kenya,Eastern Africa,Afrique orientale,Africa,Afrique
2014,100,283,9,12,KGZ,KG,Kyrgyzstan,Kirghizistan,Central Asia,Sud de l'Asie centrale,Asia,Asie
2014,102,3280,45,45,KOR,KR,Rep. of Korea,R,Eastern Asia,Asie orientale,Asia,Asie
2014,104,102,4,4,KWT,KW,Kuwait,Kowe,Western Asia,Asie occidentale,Asia,Asie
2014,106,19,2,2,LBR,LR,Liberia,Lib,Western Africa,Afrique occidentale,Africa,Afrique
2014,107,2919,7,7,LBY,LY,Libya,Libye,Northern Africa,Afrique septentrionale,Africa,Afrique
2014,109,15008,26,37,LBN,LB,Lebanon,Liban,Western Asia,Asie occidentale,Asia,Asie
2014,110,5,1,1,LSO,LS,Lesotho,Lesotho,Southern Africa,Afrique australe,Africa,Afrique
2014,111,70,10,10,LIE,LI,Liechtenstein,Liechtenstein,Western Europe,Europe occidentale,Europe,Europe
2014,112,607,6,7,LKA,LK,Sri Lanka,Sri Lanka,Southern Asia,Sud de l'Asie centrale,Asia,Asie
2014,113,395,14,14,LTU,LT,Lithuania,Lituanie,Northern Europe,Europe septentrionale,Europe,Europe
2014,114,1971,36,76,LUX,LU,Luxembourg,Luxembourg,Western Europe,Europe occidentale,Europe,Europe
2014,115,357,11,11,LVA,LV,Latvia,Lettonie,Northern Europe,Europe septentrionale,Europe,Europe
2014,117,5,1,1,MDG,MG,Madagascar,Madagascar,Eastern Africa,Afrique orientale,Africa,Afrique
2014,119,604,13,13,MRT,MR,Mauritania,Mauritanie,Western Africa,Afrique occidentale,Africa,Afrique
2014,120,1274,11,11,MKD,MK,North Macedonia,Ex-R,Southern Europe,Europe australe,Europe,Europe
2014,122,230,8,8,MDA,MD,Rep. of Moldova,R,Eastern Europe,Europe orientale,Europe,Europe
2014,124,1511,20,20,MEX,MX,Mexico,Mexique,Central America,Am,Latin America and the Caribbean,Am
2014,126,1251,6,6,MLI,ML,Mali,Mali,Western Africa,Afrique occidentale,Africa,Afrique
2014,127,26605,27,42,MYS,MY,Malaysia,Malaisie,South-eastern Asia,Asie du Sud-Est,Asia,Asie
2014,128,3965,4,7,MWI,MW,Malawi,Malawi,Eastern Africa,Afrique orientale,Africa,Afrique
2014,129,6,1,1,MNG,MN,Mongolia,Mongolie,Eastern Asia,Asie orientale,Asia,Asie
2014,130,1364,25,34,MAR,MA,Morocco,Maroc,Northern Africa,Afrique septentrionale,Africa,Afrique
2014,131,3286,9,9,MOZ,MZ,Mozambique,Mozambique,Eastern Africa,Afrique orientale,Africa,Afrique
2014,132,1741,25,41,MLT,MT,Malta,Malte,Southern Europe,Europe australe,Europe,Europe
2014,133,2307,26,26,MNE,ME,Montenegro,Mont,Southern Europe,Europe australe,Europe,Europe
2014,136,197,5,5,NAM,,Namibia,Namibie,Southern Africa,Afrique australe,Africa,Afrique
2014,137,235,6,7,NPL,NP,Nepal,N,Southern Asia,Sud de l'Asie centrale,Asia,Asie
2014,138,24494,90,137,NLD,NL,Netherlands (Kingdom of the),Pays-Bas,Western Europe,Europe occidentale,Europe,Europe
2014,139,90,1,2,NER,NE,Niger,Niger,Western Africa,Afrique occidentale,Africa,Afrique
2014,140,129,4,4,NIC,NI,Nicaragua,Nicaragua,Central America,Am,Latin America and the Caribbean,Am
2014,141,505,9,9,NGA,NG,Nigeria,Nig,Western Africa,Afrique occidentale,Africa,Afrique
2014,143,19619,94,191,NOR,NO,Norway,Norv,Northern Europe,Europe septentrionale,Europe,Europe
2014,144,955,16,18,NRU,NR,Nauru,Nauru,Micronesia,Micron,Oceania,Oc
2014,145,440,30,30,NZL,NZ,New Zealand,Nouvelle-Z,Australia-New Zealand,Australie-Nouvelle-Z,Oceania,Oc
2014,146,161,1,1,OMN,OM,Oman,Oman,Western Asia,Asie occidentale,Asia,Asie
2014,147,7928,8,11,PAK,PK,Pakistan,Pakistan,Southern Asia,Sud de l'Asie centrale,Asia,Asie
2014,148,1183,10,10,PAN,PA,Panama,Panama,Central America,Am,Latin America and the Caribbean,Am
2014,149,31,3,3,PRY,PY,Paraguay,Paraguay,South America,Am,Latin America and the Caribbean,Am
2014,150,373,11,11,PER,PE,Peru,P,South America,Am,Latin America and the Caribbean,Am
2014,151,76,7,7,PHL,PH,Philippines,Philippines,South-eastern Asia,Asie du Sud-Est,Asia,Asie
2014,153,827,14,14,PNG,PG,Papua New Guinea,Papouasie-Nouvelle-Guin,Melanesia,M,Oceania,Oc
2014,154,7342,38,70,POL,PL,Poland,Pologne,Eastern Europe,Europe orientale,Europe,Europe
2014,155,428,27,27,PRT,PT,Portugal,Portugal,Southern Europe,Europe australe,Europe,Europe
2014,157,87,3,3,QAT,QA,Qatar,Qatar,Western Asia,Asie occidentale,Asia,Asie
2014,158,1629,41,53,ROU,RO,Romania,Roumanie,Eastern Europe,Europe orientale,Europe,Europe
2014,159,86195,51,88,ZAF,ZA,South Africa,Afrique du Sud,Southern Africa,Afrique australe,Africa,Afrique
2014,160,274716,33,58,RUS,RU,Russian Federation,F,Eastern Europe,Europe orientale,Europe,Europe
2014,161,41,2,2,RWA,RW,Rwanda,Rwanda,Eastern Africa,Afrique orientale,Africa,Afrique
2014,162,15,3,3,SLV,SV,El Salvador,El Salvador,Central America,Am,Latin America and the Caribbean,Am
2014,163,10,2,2,SAU,SA,Saudi Arabia,Arabie saoudite,Western Asia,Asie occidentale,Asia,Asie
2014,164,16577,42,42,SRB,RS,Serbia and Kosovo: S/RES/1244 (1999),Serbie,Southern Europe,Europe australe,Europe,Europe
2014,165,523,11,11,SEN,SN,Senegal,S,Western Africa,Afrique occidentale,Africa,Afrique
2014,172,593,3,3,SOM,SO,Somalia,Somalie,Eastern Africa,Afrique orientale,Africa,Afrique
2014,173,5934,72,72,ESP,ES,Spain,Espagne,Southern Europe,Europe australe,Europe,Europe
2014,177,9974,14,19,SDN,SD,Sudan,Soudan,Northern Africa,Afrique septentrionale,Africa,Afrique
2014,179,119,4,4,SSD,SS,South Sudan,,Eastern Africa,Afrique septentrionale,Africa,Afrique
2014,180,322,21,29,SVK,SK,Slovakia,Slovaquie,Eastern Europe,Europe orientale,Europe,Europe
2014,181,373,20,24,SVN,SI,Slovenia,Slov,Southern Europe,Europe australe,Europe,Europe
2014,182,123,5,5,SWZ,SZ,Eswatini,Eswatini,Southern Africa,Afrique australe,Africa,Afrique
2014,183,95535,120,279,SWE,SE,Sweden,Su,Northern Europe,Europe septentrionale,Europe,Europe
2014,184,23734,93,143,CHE,CH,Switzerland,Suisse,Western Europe,Europe occidentale,Europe,Europe
2014,185,2392,29,60,SYR,SY,Syrian Arab Rep.,R,Western Asia,Asie occidentale,Asia,Asie
2014,186,1025,3,3,TZA,TZ,United Rep. of Tanzania,R,Eastern Africa,Afrique orientale,Africa,Afrique
2014,188,6050,34,46,THA,TH,Thailand,Tha,South-eastern Asia,Asie du Sud-Est,Asia,Asie
2014,189,608,1,3,TJK,TJ,Tajikistan,Tadjikistan,Central Asia,Sud de l'Asie centrale,Asia,Asie
2014,192,603,6,6,TGO,TG,Togo,Togo,Western Africa,Afrique occidentale,Africa,Afrique
2014,194,174,6,9,TTO,TT,Trinidad and Tobago,Trinit,Caribbean,Cara,Latin America and the Caribbean,Am
2014,195,430,11,15,TUN,TN,Tunisia,Tunisie,Northern Africa,Afrique septentrionale,Africa,Afrique
2014,196,88885,53,74,TUR,TR,Türkiye,Türkiye,Western Asia,Asie occidentale,Asia,Asie
2014,198,257,5,5,ARE,AE,United Arab Emirates,Emirats arabes unis,Western Asia,Asie occidentale,Asia,Asie
2014,199,32404,15,15,UGA,UG,Uganda,Ouganda,Eastern Africa,Afrique orientale,Africa,Afrique
2014,200,1651,46,76,UKR,UA,Ukraine,Ukraine,Eastern Europe,Europe orientale,Europe,Europe
2014,201,52,6,6,URY,UY,Uruguay,Uruguay,South America,Am,Latin America and the Caribbean,Am
2014,202,96150,147,259,USA,US,United States of America,Etats-Unis d'Am,Northern America,Am,Northern America,Am
2014,207,2479,3,3,VEN,VE,Venezuela (Bolivarian Republic of),Venezuela (R,South America,Am,Latin America and the Caribbean,Am
2014,211,3939,7,8,YEM,YE,Yemen,Y,Western Asia,Asie occidentale,Asia,Asie
2014,213,1256,8,8,ZMB,ZM,Zambia,Zambie,Eastern Africa,Afrique orientale,Africa,Afrique
2014,214,1388,7,7,ZWE,ZW,Zimbabwe,Zimbabwe,Eastern Africa,Afrique orientale,Africa,Afrique
2014,254,36,2,2,CUW,CW,Curacao,Cura,Caribbean,Cara,Latin America and the Caribbean,Am
2015,2,134,3,4,AFG,AF,Afghanistan,Afghanistan,Southern Asia,Sud de l'Asie centrale,Asia,Asie
2015,3,590,9,9,ALB,AL,Albania,Albanie,Southern Europe,Europe australe,Europe,Europe
2015,4,2802,16,30,DZA,DZ,Algeria,Alg,Northern Africa,Afrique septentrionale,Africa,Afrique
2015,6,93,6,6,AGO,AO,Angola,Angola,Middle Africa,Afrique australe,Africa,Afrique
2015,7,15,1,1,ATG,AG,Antigua and Barbuda,Antigua-et-Barbuda,Caribbean,Cara,Latin America and the Caribbean,Am
2015,8,23112,36,55,EGY,EG,Egypt,Egypte,Northern Africa,Afrique septentrionale,Africa,Afrique
2015,9,1245,24,24,ARG,AR,Argentina,Argentine,South America,Am,Latin America and the Caribbean,Am
2015,10,317,8,9,ARM,AM,Armenia,Arm,Western Asia,Asie occidentale,Asia,Asie
2015,11,16157,122,179,AUS,AU,Australia,Australie,Australia-New Zealand,Australie-Nouvelle-Z,Oceania,Oc
2015,12,89875,84,128,AUT,AT,Austria,Autriche,Western Europe,Europe occidentale,Europe,Europe
2015,13,555,9,15,AZE,AZ,Azerbaijan,Azerba,Western Asia,Asie occidentale,Asia,Asie
2015,14,69,3,3,BHR,BH,Bahrain,Bahre,Western Asia,Asie occidentale,Asia,Asie
2015,16,3972,4,6,BDI,BI,Burundi,Burundi,Eastern Africa,Afrique orientale,Africa,Afrique
2015,17,49194,98,231,BEL,BE,Belgium,Belgique,Western Europe,Europe occidentale,Europe,Europe
2015,18,231,3,3,BEN,BJ,Benin,B,Western Africa,Afrique occidentale,Africa,Afrique
2015,23,62,2,2,BFA,BF,Burkina Faso,Burkina Faso,Western Africa,Afrique occidentale,Africa,Afrique
2015,24,1269,12,17,BLR,BY,Belarus,B,Eastern Europe,Europe orientale,Europe,Europe
2015,25,28,3,3,BOL,BO,Bolivia (Plurinational State of),Bolivie,South America,Am,Latin America and the Caribbean,Am
2015,26,471,5,5,BWA,BW,Botswana,Botswana,Southern Africa,Afrique australe,Africa,Afrique
2015,27,14751,76,76,BRA,BR,Brazil,Br,South America,Am,Latin America and the Caribbean,Am
2015,29,36,7,7,BIH,BA,Bosnia and Herzegovina,Bosnie-Herz,Southern Europe,Europe australe,Europe,Europe
2015,30,20361,29,40,BGR,BG,Bulgaria,Bulgarie,Eastern Europe,Europe orientale,Europe,Europe
2015,31,633,3,3,BLZ,BZ,Belize,Belize,Central America,Am,Latin America and the Caribbean,Am
2015,32,6,1,1,KHM,KH,Cambodia,Cambodge,South-eastern Asia,Asie du Sud-Est,Asia,Asie
2015,33,19494,136,233,CAN,CA,Canada,Canada,Northern America,Am,Northern America,Am
2015,34,19,2,2,CAF,CF,Central African Rep.,R,Middle Africa,Afrique australe,Africa,Afrique
2015,35,72,1,1,CYM,KY,Cayman Islands,Iles Ca,Caribbean,Cara,Latin America and the Caribbean,Am
2015,36,2611,6,6,TCD,TD,Chad,Tchad,Middle Africa,Afrique australe,Africa,Afrique
2015,37,523,24,33,CHN,CN,China,Chine,Eastern Asia,Asie orientale,Asia,Asie
2015,38,617,9,9,CHL,CL,Chile,Chili,South America,Am,Latin America and the Caribbean,Am
2015,39,6012,20,41,CMR,CM,Cameroon,Cameroun,Middle Africa,Afrique australe,Africa,Afrique
2015,40,3148,14,14,COG,CG,Congo,Congo,Middle Africa,Afrique australe,Africa,Afrique
2015,41,208,10,10,COD,CD,Dem. Rep. of the Congo,R,Middle Africa,Afrique australe,Africa,Afrique
2015,44,430,12,14,COL,CO,Colombia,Colombie,South America,Am,Latin America and the Caribbean,Am
2015,45,2710,24,31,CRI,CR,Costa Rica,Costa Rica,Central America,Am,Latin America and the Caribbean,Am
2015,46,123,6,6,CUB,CU,Cuba,Cuba,Caribbean,Cara,Latin America and the Caribbean,Am
2015,48,2782,34,65,CYP,CY,Cyprus,Chypre,Western Asia,Asie occidentale,Asia,Asie
2015,49,1509,31,51,CZE,CZ,Czechia,R,Eastern Europe,Europe orientale,Europe,Europe
2015,50,22677,73,111,DNK,DK,Denmark,Danemark,Northern Europe,Europe septentrionale,Europe,Europe
2015,51,6560,6,6,DJI,DJ,Djibouti,Djibouti,Eastern Africa,Afrique orientale,Africa,Afrique
2015,53,32,6,6,DOM,DO,Dominican Rep.,R,Caribbean,Cara,Latin America and the Caribbean,Am
2015,57,199,15,15,EST,EE,Estonia,Estonie,Northern Europe,Europe septentrionale,Europe,Europe
2015,58,939,8,8,ETH,ET,Ethiopia,Ethiopie,Eastern Africa,Afrique orientale,Africa,Afrique
2015,61,29405,69,83,FIN,FI,Finland,Finlande,Northern Europe,Europe septentrionale,Europe,Europe
2015,64,118425,117,315,FRA,FR,France,France,Western Europe,Europe occidentale,Europe,Europe
2015,66,55,2,4,FSM,FM,Micronesia (Federated States of),Micron,Micronesia,Micron,Oceania,Oc
2015,67,69,3,3,GAB,GA,Gabon,Gabon,Middle Africa,Afrique australe,Africa,Afrique
2015,70,53289,122,244,GBR,GB,United Kingdom of Great Britain and Northern Ireland,Royaume-Uni,Northern Europe,Europe septentrionale,Europe,Europe
2015,71,1529,25,34,GEO,GE,Georgia,G,Western Asia,Asie occidentale,Asia,Asie
2015,72,476630,116,183,DEU,DE,Germany,Allemagne,Western Europe,Europe occidentale,Europe,Europe
2015,73,1145,17,17,GHA,GH,Ghana,Ghana,Western Africa,Afrique occidentale,Africa,Afrique
2015,75,15,3,3,GNB,GW,Guinea-Bissau,Guin,Western Africa,Afrique occidentale,Africa,Afrique
2015,76,17158,64,156,GRC,GR,Greece,Gr,Southern Europe,Europe australe,Europe,Europe
2015,78,153,7,7,GTM,GT,Guatemala,Guatemala,Central America,Am,Latin America and the Caribbean,Am
2015,79,46,3,3,GIN,GN,Guinea,Guin,Western Africa,Afrique occidentale,Africa,Afrique
2015,81,10,2,2,HTI,HT,Haiti,Ha,Caribbean,Cara,Latin America and the Caribbean,Am
2015,82,72,11,11,HKG,HK,"China, Hong Kong SAR","Hong Kong, RAS de la R",Eastern Asia,Asie orientale,Asia,Asie
2015,83,16,3,3,HND,HN,Honduras,Honduras,Central America,Am,Latin America and the Caribbean,Am
2015,84,280,23,32,HRV,HR,Croatia,Croatie,Southern Europe,Europe australe,Europe,Europe
2015,85,177304,78,113,HUN,HU,Hungary,Hongrie,Eastern Europe,Europe orientale,Europe,Europe
2015,86,338,20,20,ISL,IS,Iceland,Islande,Northern Europe,Europe septentrionale,Europe,Europe
2015,87,116,4,4,CIV,CI,Cote d'Ivoire,C,Western Africa,Afrique occidentale,Africa,Afrique
2015,88,7203,21,29,IND,IN,India,Inde,Southern Asia,Sud de l'Asie centrale,Asia,Asie
2015,89,4678,26,36,IDN,ID,Indonesia,Indon,South-eastern Asia,Asie du Sud-Est,Asia,Asie
2015,90,4786,58,147,IRL,IE,Ireland,Irlande,Northern Europe,Europe septentrionale,Europe,Europe
2015,91,5,1,1,IRN,IR,Iran (Islamic Rep. of),R,Southern Asia,Sud de l'Asie centrale,Asia,Asie
2015,92,308,4,4,IRQ,IQ,Iraq,Iraq,Western Asia,Asie occidentale,Asia,Asie
2015,93,7534,12,12,ISR,IL,Israel,Isra,Western Asia,Asie occidentale,Asia,Asie
2015,94,83225,88,88,ITA,IT,Italy,Italie,Southern Europe,Europe australe,Europe,Europe
2015,96,19608,18,22,JOR,JO,Jordan,Jordanie,Western Asia,Asie occidentale,Asia,Asie
2015,97,10697,45,61,JPN,JP,Japan,Japon,Eastern Asia,Asie orientale,Asia,Asie
2015,98,422,5,8,KAZ,KZ,Kazakhstan,Kazakhstan,Central Asia,Sud de l'Asie centrale,Asia,Asie
2015,99,15975,16,23,KEN,KE,Kenya,Kenya,Eastern Africa,Afrique orientale,Africa,Afrique
2015,100,226,7,10,KGZ,KG,Kyrgyzstan,Kirghizistan,Central Asia,Sud de l'Asie centrale,Asia,Asie
2015,102,5692,51,51,KOR,KR,Rep. of Korea,R,Eastern Asia,Asie orientale,Asia,Asie
2015,104,222,5,5,KWT,KW,Kuwait,Kowe,Western Asia,Asie occidentale,Asia,Asie
2015,107,98,4,4,LBY,LY,Libya,Libye,Northern Africa,Afrique septentrionale,Africa,Afrique
2015,109,18181,25,32,LBN,LB,Lebanon,Liban,Western Asia,Asie occidentale,Asia,Asie
2015,111,142,14,14,LIE,LI,Liechtenstein,Liechtenstein,Western Europe,Europe occidentale,Europe,Europe
2015,112,710,8,10,LKA,LK,Sri Lanka,Sri Lanka,Southern Asia,Sud de l'Asie centrale,Asia,Asie
2015,113,286,14,14,LTU,LT,Lithuania,Lituanie,Northern Europe,Europe septentrionale,Europe,Europe
2015,114,3056,37,76,LUX,LU,Luxembourg,Luxembourg,Western Europe,Europe occidentale,Europe,Europe
2015,115,319,11,11,LVA,LV,Latvia,Lettonie,Northern Europe,Europe septentrionale,Europe,Europe
2015,117,5,1,1,MDG,MG,Madagascar,Madagascar,Eastern Africa,Afrique orientale,Africa,Afrique
2015,119,945,18,27,MRT,MR,Mauritania,Mauritanie,Western Africa,Afrique occidentale,Africa,Afrique
2015,120,1898,22,22,MKD,MK,North Macedonia,Ex-R,Southern Europe,Europe australe,Europe,Europe
2015,122,297,11,14,MDA,MD,Rep. of Moldova,R,Eastern Europe,Europe orientale,Europe,Europe
2015,124,3408,23,23,MEX,MX,Mexico,Mexique,Central America,Am,Latin America and the Caribbean,Am
2015,126,394,6,6,MLI,ML,Mali,Mali,Western Africa,Afrique occidentale,Africa,Afrique
2015,127,22644,31,41,MYS,MY,Malaysia,Malaisie,South-eastern Asia,Asie du Sud-Est,Asia,Asie
2015,128,3880,5,8,MWI,MW,Malawi,Malawi,Eastern Africa,Afrique orientale,Africa,Afrique
2015,129,5,1,1,MNG,MN,Mongolia,Mongolie,Eastern Asia,Asie orientale,Asia,Asie
2015,130,1645,28,38,MAR,MA,Morocco,Maroc,Northern Africa,Afrique septentrionale,Africa,Afrique
2015,131,4318,6,6,MOZ,MZ,Mozambique,Mozambique,Eastern Africa,Afrique orientale,Africa,Afrique
2015,132,1971,30,50,MLT,MT,Malta,Malte,Southern Europe,Europe australe,Europe,Europe
2015,133,1591,22,22,MNE,ME,Montenegro,Mont,Southern Europe,Europe australe,Europe,Europe
2015,136,477,6,6,NAM,,Namibia,Namibie,Southern Africa,Afrique australe,Africa,Afrique
2015,137,173,5,8,NPL,NP,Nepal,N,Southern Asia,Sud de l'Asie centrale,Asia,Asie
2015,138,45069,85,140,NLD,NL,Netherlands (Kingdom of the),Pays-Bas,Western Europe,Europe occidentale,Europe,Europe
2015,139,31,4,4,NER,NE,Niger,Niger,Western Africa,Afrique occidentale,Africa,Afrique
2015,140,130,2,2,NIC,NI,Nicaragua,Nicaragua,Central America,Am,Latin America and the Caribbean,Am
2015,141,505,13,13,NGA,NG,Nigeria,Nig,Western Africa,Afrique occidentale,Africa,Afrique
2015,143,36606,83,183,NOR,NO,Norway,Norv,Northern Europe,Europe septentrionale,Europe,Europe
2015,144,7,1,1,NRU,NR,Nauru,Nauru,Micronesia,Micron,Oceania,Oc
2015,145,463,32,32,NZL,NZ,New Zealand,Nouvelle-Z,Australia-New Zealand,Australie-Nouvelle-Z,Oceania,Oc
2015,146,67,1,1,OMN,OM,Oman,Oman,Western Asia,Asie occidentale,Asia,Asie
2015,147,8858,9,11,PAK,PK,Pakistan,Pakistan,Southern Asia,Sud de l'Asie centrale,Asia,Asie
2015,148,1825,14,14,PAN,PA,Panama,Panama,Central America,Am,Latin America and the Caribbean,Am
2015,149,60,2,2,PRY,PY,Paraguay,Paraguay,South America,Am,Latin America and the Caribbean,Am
2015,150,406,12,12,PER,PE,Peru,P,South America,Am,Latin America and the Caribbean,Am
2015,151,160,15,15,PHL,PH,Philippines,Philippines,South-eastern Asia,Asie du Sud-Est,Asia,Asie
2015,153,21,1,1,PNG,PG,Papua New Guinea,Papouasie-Nouvelle-Guin,Melanesia,M,Oceania,Oc
2015,154,12210,31,46,POL,PL,Poland,Pologne,Eastern Europe,Europe orientale,Europe,Europe
2015,155,877,31,31,PRT,PT,Portugal,Portugal,Southern Europe,Europe australe,Europe,Europe
2015,157,29,2,2,QAT,QA,Qatar,Qatar,Western Asia,Asie occidentale,Asia,Asie
2015,158,1336,36,48,ROU,RO,Romania,Roumanie,Eastern Europe,Europe orientale,Europe,Europe
2015,159,120479,57,106,ZAF,ZA,South Africa,Afrique du Sud,Southern Africa,Afrique australe,Africa,Afrique
2015,160,152464,42,68,RUS,RU,Russian Federation,F,Eastern Europe,Europe orientale,Europe,Europe
2015,161,238,2,2,RWA,RW,Rwanda,Rwanda,Eastern Africa,Afrique orientale,Africa,Afrique
2015,162,24,4,4,SLV,SV,El Salvador,El Salvador,Central America,Am,Latin America and the Caribbean,Am
2015,163,10,2,2,SAU,SA,Saudi Arabia,Arabie saoudite,Western Asia,Asie occidentale,Asia,Asie
2015,164,636,20,20,SRB,RS,Serbia and Kosovo: S/RES/1244 (1999),Serbie,Southern Europe,Europe australe,Europe,Europe
2015,165,340,10,10,SEN,SN,Senegal,S,Western Africa,Afrique occidentale,Africa,Afrique
2015,172,1261,5,5,SOM,SO,Somalia,Somalie,Eastern Africa,Afrique orientale,Africa,Afrique
2015,173,14868,80,80,ESP,ES,Spain,Espagne,Southern Europe,Europe australe,Europe,Europe
2015,177,7111,14,21,SDN,SD,Sudan,Soudan,Northern Africa,Afrique septentrionale,Africa,Afrique
2015,179,791,5,5,SSD,SS,South Sudan,,Eastern Africa,Afrique septentrionale,Africa,Afrique
2015,180,312,15,19,SVK,SK,Slovakia,Slovaquie,Eastern Europe,Europe orientale,Europe,Europe
2015,181,270,16,18,SVN,SI,Slovenia,Slov,Southern Europe,Europe australe,Europe,Europe
2015,182,121,5,5,SWZ,SZ,Eswatini,Eswatini,Southern Africa,Afrique australe,Africa,Afrique
2015,183,173786,115,272,SWE,SE,Sweden,Su,Northern Europe,Europe septentrionale,Europe,Europe
2015,184,39476,86,130,CHE,CH,Switzerland,Suisse,Western Europe,Europe occidentale,Europe,Europe
2015,185,5148,26,48,SYR,SY,Syrian Arab Rep.,R,Western Asia,Asie occidentale,Asia,Asie
2015,186,1706,3,3,TZA,TZ,United Rep. of Tanzania,R,Eastern Africa,Afrique orientale,Africa,Afrique
2015,188,2601,27,36,THA,TH,Thailand,Tha,South-eastern Asia,Asie du Sud-Est,Asia,Asie
2015,189,600,1,2,TJK,TJ,Tajikistan,Tadjikistan,Central Asia,Sud de l'Asie centrale,Asia,Asie
2015,192,241,7,7,TGO,TG,Togo,Togo,Western Africa,Afrique occidentale,Africa,Afrique
2015,194,123,7,9,TTO,TT,Trinidad and Tobago,Trinit,Caribbean,Cara,Latin America and the Caribbean,Am
2015,195,152,8,12,TUN,TN,Tunisia,Tunisie,Northern Africa,Afrique septentrionale,Africa,Afrique
2015,196,134789,43,65,TUR,TR,Türkiye,Türkiye,Western Asia,Asie occidentale,Asia,Asie
2015,198,585,5,5,ARE,AE,United Arab Emirates,Emirats arabes unis,Western Asia,Asie occidentale,Asia,Asie
2015,199,35916,12,12,UGA,UG,Uganda,Ouganda,Eastern Africa,Afrique orientale,Africa,Afrique
2015,200,2359,38,75,UKR,UA,Ukraine,Ukraine,Eastern Europe,Europe orientale,Europe,Europe
2015,201,74,8,8,URY,UY,Uruguay,Uruguay,South America,Am,Latin America and the Caribbean,Am
2015,202,135976,152,266,USA,US,United States of America,Etats-Unis d'Am,Northern America,Am,Northern America,Am
2015,207,1486,1,1,VEN,VE,Venezuela (Bolivarian Republic of),Venezuela (R,South America,Am,Latin America and the Caribbean,Am
2015,208,5,1,1,WSM,WS,Samoa,Samoa,Polynesia,Polyn,Oceania,Oc
2015,211,2696,8,8,YEM,YE,Yemen,Y,Western Asia,Asie occidentale,Asia,Asie
2015,213,2960,7,7,ZMB,ZM,Zambia,Zambie,Eastern Africa,Afrique orientale,Africa,Afrique
2015,214,1012,9,9,ZWE,ZW,Zimbabwe,Zimbabwe,Eastern Africa,Afrique orientale,Africa,Afrique
2015,254,19,3,3,CUW,CW,Curacao,Cura,Caribbean,Cara,Latin America and the Caribbean,Am
2015,255,5,1,1,SXM,SX,Sint Maarten (Dutch part),Saint-Martin,Caribbean,Cara,Latin America and the Caribbean,Am
2016,2,55,2,2,AFG,AF,Afghanistan,Afghanistan,Southern Asia,Sud de l'Asie centrale,Asia,Asie
2016,3,2176,7,7,ALB,AL,Albania,Albanie,Southern Europe,Europe australe,Europe,Europe
2016,4,2003,16,26,DZA,DZ,Algeria,Alg,Northern Africa,Afrique septentrionale,Africa,Afrique
2016,8,30732,40,62,EGY,EG,Egypt,Egypte,Northern Africa,Afrique septentrionale,Africa,Afrique
2016,9,1881,26,26,ARG,AR,Argentina,Argentine,South America,Am,Latin America and the Caribbean,Am
2016,10,137,6,9,ARM,AM,Armenia,Arm,Western Asia,Asie occidentale,Asia,Asie
2016,11,33470,130,188,AUS,AU,Australia,Australie,Australia-New Zealand,Australie-Nouvelle-Z,Oceania,Oc
2016,12,39884,80,80,AUT,AT,Austria,Autriche,Western Europe,Europe occidentale,Europe,Europe
2016,13,413,9,15,AZE,AZ,Azerbaijan,Azerba,Western Asia,Asie occidentale,Asia,Asie
2016,14,43,2,2,BHR,BH,Bahrain,Bahre,Western Asia,Asie occidentale,Asia,Asie
2016,16,7190,3,5,BDI,BI,Burundi,Burundi,Eastern Africa,Afrique orientale,Africa,Afrique
2016,17,23495,92,222,BEL,BE,Belgium,Belgique,Western Europe,Europe occidentale,Europe,Europe
2016,18,332,6,6,BEN,BJ,Benin,B,Western Africa,Afrique occidentale,Africa,Afrique
2016,20,5,1,1,BGD,BD,Bangladesh,Bangladesh,Southern Asia,Sud de l'Asie centrale,Asia,Asie
2016,21,5,1,1,BHS,BS,Bahamas,Bahamas,Caribbean,Cara,Latin America and the Caribbean,Am
2016,23,82,4,4,BFA,BF,Burkina Faso,Burkina Faso,Western Africa,Afrique occidentale,Africa,Afrique
2016,24,792,12,17,BLR,BY,Belarus,B,Eastern Europe,Europe orientale,Europe,Europe
2016,25,12,2,2,BOL,BO,Bolivia (Plurinational State of),Bolivie,South America,Am,Latin America and the Caribbean,Am
2016,26,178,4,4,BWA,BW,Botswana,Botswana,Southern Africa,Afrique australe,Africa,Afrique
2016,27,10265,64,64,BRA,BR,Brazil,Br,South America,Am,Latin America and the Caribbean,Am
2016,29,75,7,8,BIH,BA,Bosnia and Herzegovina,Bosnie-Herz,Southern Europe,Europe australe,Europe,Europe
2016,30,19315,30,39,BGR,BG,Bulgaria,Bulgarie,Eastern Europe,Europe orientale,Europe,Europe
2016,31,2016,4,4,BLZ,BZ,Belize,Belize,Central America,Am,Latin America and the Caribbean,Am
2016,32,208,1,2,KHM,KH,Cambodia,Cambodge,South-eastern Asia,Asie du Sud-Est,Asia,Asie
2016,33,23619,139,139,CAN,CA,Canada,Canada,Northern America,Am,Northern America,Am
2016,34,95,9,9,CAF,CF,Central African Rep.,R,Middle Africa,Afrique australe,Africa,Afrique
2016,35,177,1,1,CYM,KY,Cayman Islands,Iles Ca,Caribbean,Cara,Latin America and the Caribbean,Am
2016,36,169,6,6,TCD,TD,Chad,Tchad,Middle Africa,Afrique australe,Africa,Afrique
2016,37,538,24,37,CHN,CN,China,Chine,Eastern Asia,Asie orientale,Asia,Asie
2016,38,2282,14,14,CHL,CL,Chile,Chili,South America,Am,Latin America and the Caribbean,Am
2016,39,3843,17,31,CMR,CM,Cameroon,Cameroun,Middle Africa,Afrique australe,Africa,Afrique
2016,40,2365,5,5,COG,CG,Congo,Congo,Middle Africa,Afrique australe,Africa,Afrique
2016,41,443,12,12,COD,CD,Dem. Rep. of the Congo,R,Middle Africa,Afrique australe,Africa,Afrique
2016,44,404,6,6,COL,CO,Colombia,Colombie,South America,Am,Latin America and the Caribbean,Am
2016,45,5874,39,49,CRI,CR,Costa Rica,Costa Rica,Central America,Am,Latin America and the Caribbean,Am
2016,46,85,8,8,CUB,CU,Cuba,Cuba,Caribbean,Cara,Latin America and the Caribbean,Am
2016,48,3760,38,76,CYP,CY,Cyprus,Chypre,Western Asia,Asie occidentale,Asia,Asie
2016,49,1460,34,50,CZE,CZ,Czechia,R,Eastern Europe,Europe orientale,Europe,Europe
2016,50,8869,66,106,DNK,DK,Denmark,Danemark,Northern Europe,Europe septentrionale,Europe,Europe
2016,51,5421,3,3,DJI,DJ,Djibouti,Djibouti,Eastern Africa,Afrique orientale,Africa,Afrique
2016,53,51,7,7,DOM,DO,Dominican Rep.,R,Caribbean,Cara,Latin America and the Caribbean,Am
2016,54,5080,1,1,ECU,EC,Ecuador,Equateur,South America,Am,Latin America and the Caribbean,Am
2016,56,7,1,1,ERI,ER,Eritrea,Erythr,Eastern Africa,Afrique orientale,Africa,Afrique
2016,57,60,9,9,EST,EE,Estonia,Estonie,Northern Europe,Europe septentrionale,Europe,Europe
2016,58,440,9,9,ETH,ET,Ethiopia,Ethiopie,Eastern Africa,Afrique orientale,Africa,Afrique
2016,61,5609,64,79,FIN,FI,Finland,Finlande,Northern Europe,Europe septentrionale,Europe,Europe
2016,64,125656,116,329,FRA,FR,France,France,Western Europe,Europe occidentale,Europe,Europe
2016,67,62,3,3,GAB,GA,Gabon,Gabon,Middle Africa,Afrique australe,Africa,Afrique
2016,70,51232,127,239,GBR,GB,United Kingdom of Great Britain and Northern Ireland,Royaume-Uni,Northern Europe,Europe septentrionale,Europe,Europe
2016,71,934,25,25,GEO,GE,Georgia,G,Western Asia,Asie occidentale,Asia,Asie
2016,72,745510,123,188,DEU,DE,Germany,Allemagne,Western Europe,Europe occidentale,Europe,Europe
2016,73,1164,17,17,GHA,GH,Ghana,Ghana,Western Africa,Afrique occidentale,Africa,Afrique
2016,76,58244,71,154,GRC,GR,Greece,Gr,Southern Europe,Europe australe,Europe,Europe
2016,78,143,11,11,GTM,GT,Guatemala,Guatemala,Central America,Am,Latin America and the Caribbean,Am
2016,79,120,6,6,GIN,GN,Guinea,Guin,Western Africa,Afrique occidentale,Africa,Afrique
2016,81,5,1,1,HTI,HT,Haiti,Ha,Caribbean,Cara,Latin America and the Caribbean,Am
2016,82,10,2,2,HKG,HK,"China, Hong Kong SAR","Hong Kong, RAS de la R",Eastern Asia,Asie orientale,Asia,Asie
2016,83,9,1,1,HND,HN,Honduras,Honduras,Central America,Am,Latin America and the Caribbean,Am
2016,84,2058,29,46,HRV,HR,Croatia,Croatie,Southern Europe,Europe australe,Europe,Europe
2016,85,29401,51,81,HUN,HU,Hungary,Hongrie,Eastern Europe,Europe orientale,Europe,Europe
2016,86,1089,29,29,ISL,IS,Iceland,Islande,Northern Europe,Europe septentrionale,Europe,Europe
2016,87,64,5,5,CIV,CI,Cote d'Ivoire,C,Western Africa,Afrique occidentale,Africa,Afrique
2016,88,8657,22,30,IND,IN,India,Inde,Southern Asia,Sud de l'Asie centrale,Asia,Asie
2016,89,3355,27,36,IDN,ID,Indonesia,Indon,South-eastern Asia,Asie du Sud-Est,Asia,Asie
2016,90,4491,60,145,IRL,IE,Ireland,Irlande,Northern Europe,Europe septentrionale,Europe,Europe
2016,91,85,1,1,IRN,IR,Iran (Islamic Rep. of),R,Southern Asia,Sud de l'Asie centrale,Asia,Asie
2016,92,4349,8,8,IRQ,IQ,Iraq,Iraq,Western Asia,Asie occidentale,Asia,Asie
2016,93,15044,12,15,ISR,IL,Israel,Isra,Western Asia,Asie occidentale,Asia,Asie
2016,94,122950,91,91,ITA,IT,Italy,Italie,Southern Europe,Europe australe,Europe,Europe
2016,95,17,1,1,JAM,JM,Jamaica,Jama,Caribbean,Cara,Latin America and the Caribbean,Am
2016,96,12143,17,27,JOR,JO,Jordan,Jordanie,Western Asia,Asie occidentale,Asia,Asie
2016,97,16098,16,27,JPN,JP,Japan,Japon,Eastern Asia,Asie orientale,Asia,Asie
2016,98,271,3,5,KAZ,KZ,Kazakhstan,Kazakhstan,Central Asia,Sud de l'Asie centrale,Asia,Asie
2016,99,18244,19,28,KEN,KE,Kenya,Kenya,Eastern Africa,Afrique orientale,Africa,Afrique
2016,100,191,6,6,KGZ,KG,Kyrgyzstan,Kirghizistan,Central Asia,Sud de l'Asie centrale,Asia,Asie
2016,102,7520,54,54,KOR,KR,Rep. of Korea,R,Eastern Asia,Asie orientale,Asia,Asie
2016,104,199,3,3,KWT,KW,Kuwait,Kowe,Western Asia,Asie occidentale,Asia,Asie
2016,106,9,1,1,LBR,LR,Liberia,Lib,Western Africa,Afrique occidentale,Africa,Afrique
2016,107,1900,8,8,LBY,LY,Libya,Libye,Northern Africa,Afrique septentrionale,Africa,Afrique
2016,109,4443,25,31,LBN,LB,Lebanon,Liban,Western Asia,Asie occidentale,Asia,Asie
2016,110,19,3,3,LSO,LS,Lesotho,Lesotho,Southern Africa,Afrique australe,Africa,Afrique
2016,111,72,10,10,LIE,LI,Liechtenstein,Liechtenstein,Western Europe,Europe occidentale,Europe,Europe
2016,112,360,6,9,LKA,LK,Sri Lanka,Sri Lanka,Southern Asia,Sud de l'Asie centrale,Asia,Asie
2016,113,422,16,16,LTU,LT,Lithuania,Lituanie,Northern Europe,Europe septentrionale,Europe,Europe
2016,114,2615,41,78,LUX,LU,Luxembourg,Luxembourg,Western Europe,Europe occidentale,Europe,Europe
2016,115,342,19,19,LVA,LV,Latvia,Lettonie,Northern Europe,Europe septentrionale,Europe,Europe
2016,117,59,7,7,MDG,MG,Madagascar,Madagascar,Eastern Africa,Afrique orientale,Africa,Afrique
2016,119,659,19,24,MRT,MR,Mauritania,Mauritanie,Western Africa,Afrique occidentale,Africa,Afrique
2016,120,761,16,16,MKD,MK,North Macedonia,Ex-R,Southern Europe,Europe australe,Europe,Europe
2016,122,145,9,14,MDA,MD,Rep. of Moldova,R,Eastern Europe,Europe orientale,Europe,Europe
2016,124,8762,25,25,MEX,MX,Mexico,Mexique,Central America,Am,Latin America and the Caribbean,Am
2016,126,212,5,5,MLI,ML,Mali,Mali,Western Africa,Afrique occidentale,Africa,Afrique
2016,127,20416,36,46,MYS,MY,Malaysia,Malaisie,South-eastern Asia,Asie du Sud-Est,Asia,Asie
2016,128,17038,8,11,MWI,MW,Malawi,Malawi,Eastern Africa,Afrique orientale,Africa,Afrique
2016,129,5,1,1,MNG,MN,Mongolia,Mongolie,Eastern Asia,Asie orientale,Asia,Asie
2016,130,2492,34,48,MAR,MA,Morocco,Maroc,Northern Africa,Afrique septentrionale,Africa,Afrique
2016,131,2096,5,5,MOZ,MZ,Mozambique,Mozambique,Eastern Africa,Afrique orientale,Africa,Afrique
2016,132,1945,30,44,MLT,MT,Malta,Malte,Southern Europe,Europe australe,Europe,Europe
2016,133,331,20,20,MNE,ME,Montenegro,Mont,Southern Europe,Europe australe,Europe,Europe
2016,134,5,1,1,MUS,MU,Mauritius,Maurice,Eastern Africa,Afrique orientale,Africa,Afrique
2016,136,563,7,7,NAM,,Namibia,Namibie,Southern Africa,Afrique australe,Africa,Afrique
2016,137,130,4,5,NPL,NP,Nepal,N,Southern Asia,Sud de l'Asie centrale,Asia,Asie
2016,138,21290,89,144,NLD,NL,Netherlands (Kingdom of the),Pays-Bas,Western Europe,Europe occidentale,Europe,Europe
2016,139,16,1,1,NER,NE,Niger,Niger,Western Africa,Afrique occidentale,Africa,Afrique
2016,140,202,2,2,NIC,NI,Nicaragua,Nicaragua,Central America,Am,Latin America and the Caribbean,Am
2016,141,206,10,10,NGA,NG,Nigeria,Nig,Western Africa,Afrique occidentale,Africa,Afrique
2016,143,11879,81,158,NOR,NO,Norway,Norv,Northern Europe,Europe septentrionale,Europe,Europe
2016,145,544,34,34,NZL,NZ,New Zealand,Nouvelle-Z,Australia-New Zealand,Australie-Nouvelle-Z,Oceania,Oc
2016,146,266,1,1,OMN,OM,Oman,Oman,Western Asia,Asie occidentale,Asia,Asie
2016,147,6307,7,10,PAK,PK,Pakistan,Pakistan,Southern Asia,Sud de l'Asie centrale,Asia,Asie
2016,148,3477,18,18,PAN,PA,Panama,Panama,Central America,Am,Latin America and the Caribbean,Am
2016,149,54,5,5,PRY,PY,Paraguay,Paraguay,South America,Am,Latin America and the Caribbean,Am
2016,150,4343,16,16,PER,PE,Peru,P,South America,Am,Latin America and the Caribbean,Am
2016,151,105,12,12,PHL,PH,Philippines,Philippines,South-eastern Asia,Asie du Sud-Est,Asia,Asie
2016,154,11002,32,52,POL,PL,Poland,Pologne,Eastern Europe,Europe orientale,Europe,Europe
2016,155,1462,44,44,PRT,PT,Portugal,Portugal,Southern Europe,Europe australe,Europe,Europe
2016,157,88,5,5,QAT,QA,Qatar,Qatar,Western Asia,Asie occidentale,Asia,Asie
2016,158,1964,35,46,ROU,RO,Romania,Roumanie,Eastern Europe,Europe orientale,Europe,Europe
2016,159,35349,49,49,ZAF,ZA,South Africa,Afrique du Sud,Southern Africa,Afrique australe,Africa,Afrique
2016,160,26361,32,56,RUS,RU,Russian Federation,F,Eastern Europe,Europe orientale,Europe,Europe
2016,161,50,3,3,RWA,RW,Rwanda,Rwanda,Eastern Africa,Afrique orientale,Africa,Afrique
2016,162,5,1,1,SLV,SV,El Salvador,El Salvador,Central America,Am,Latin America and the Caribbean,Am
2016,163,35,3,3,SAU,SA,Saudi Arabia,Arabie saoudite,Western Asia,Asie occidentale,Asia,Asie
2016,164,876,16,16,SRB,RS,Serbia and Kosovo: S/RES/1244 (1999),Serbie,Southern Europe,Europe australe,Europe,Europe
2016,165,308,12,12,SEN,SN,Senegal,S,Western Africa,Afrique occidentale,Africa,Afrique
2016,172,3158,6,6,SOM,SO,Somalia,Somalie,Eastern Africa,Afrique orientale,Africa,Afrique
2016,173,16528,82,82,ESP,ES,Spain,Espagne,Southern Europe,Europe australe,Europe,Europe
2016,175,5,1,1,KNA,KN,Saint Kitts and Nevis,Saint-Kitts-et-Nevis,Caribbean,Cara,Latin America and the Caribbean,Am
2016,177,8540,8,11,SDN,SD,Sudan,Soudan,Northern Africa,Afrique septentrionale,Africa,Afrique
2016,178,40,1,1,SUR,SR,Suriname,Suriname,South America,Am,Latin America and the Caribbean,Am
2016,179,1055,5,5,SSD,SS,South Sudan,,Eastern Africa,Afrique septentrionale,Africa,Afrique
2016,180,115,11,14,SVK,SK,Slovakia,Slovaquie,Eastern Europe,Europe orientale,Europe,Europe
2016,181,1298,23,27,SVN,SI,Slovenia,Slov,Southern Europe,Europe australe,Europe,Europe
2016,182,145,5,5,SWZ,SZ,Eswatini,Eswatini,Southern Africa,Afrique australe,Africa,Afrique
2016,183,53647,113,274,SWE,SE,Sweden,Su,Northern Europe,Europe septentrionale,Europe,Europe
2016,184,27155,85,131,CHE,CH,Switzerland,Suisse,Western Europe,Europe occidentale,Europe,Europe
2016,185,10613,24,45,SYR,SY,Syrian Arab Rep.,R,Western Asia,Asie occidentale,Asia,Asie
2016,186,6666,3,3,TZA,TZ,United Rep. of Tanzania,R,Eastern Africa,Afrique orientale,Africa,Afrique
2016,188,2600,25,37,THA,TH,Thailand,Tha,South-eastern Asia,Asie du Sud-Est,Asia,Asie
2016,189,273,1,2,TJK,TJ,Tajikistan,Tadjikistan,Central Asia,Sud de l'Asie centrale,Asia,Asie
2016,192,203,5,5,TGO,TG,Togo,Togo,Western Africa,Afrique occidentale,Africa,Afrique
2016,194,161,7,7,TTO,TT,Trinidad and Tobago,Trinit,Caribbean,Cara,Latin America and the Caribbean,Am
2016,195,45,7,7,TUN,TN,Tunisia,Tunisie,Northern Africa,Afrique septentrionale,Africa,Afrique
2016,196,79633,46,59,TUR,TR,Türkiye,Türkiye,Western Asia,Asie occidentale,Asia,Asie
2016,198,516,7,7,ARE,AE,United Arab Emirates,Emirats arabes unis,Western Asia,Asie occidentale,Asia,Asie
2016,199,30276,15,15,UGA,UG,Uganda,Ouganda,Eastern Africa,Afrique orientale,Africa,Afrique
2016,200,1424,40,73,UKR,UA,Ukraine,Ukraine,Eastern Europe,Europe orientale,Europe,Europe
2016,201,383,6,6,URY,UY,Uruguay,Uruguay,South America,Am,Latin America and the Caribbean,Am
2016,202,204801,152,267,USA,US,United States of America,Etats-Unis d'Am,Northern America,Am,Northern America,Am
2016,207,2886,2,2,VEN,VE,Venezuela (Bolivarian Republic of),Venezuela (R,South America,Am,Latin America and the Caribbean,Am
2016,211,4314,7,7,YEM,YE,Yemen,Y,Western Asia,Asie occidentale,Asia,Asie
2016,213,3949,9,9,ZMB,ZM,Zambia,Zambie,Eastern Africa,Afrique orientale,Africa,Afrique
2016,214,1506,7,7,ZWE,ZW,Zimbabwe,Zimbabwe,Eastern Africa,Afrique orientale,Africa,Afrique
2016,224,5,1,1,ABW,AW,Aruba,Aruba,Caribbean,Cara,Latin America and the Caribbean,Am
2016,254,43,2,2,CUW,CW,Curacao,Cura,Caribbean,Cara,Latin America and the Caribbean,Am
2017,2,151,2,2,AFG,AF,Afghanistan,Afghanistan,Southern Asia,Sud de l'Asie centrale,Asia,Asie
2017,3,299,13,13,ALB,AL,Albania,Albanie,Southern Europe,Europe australe,Europe,Europe
2017,4,2386,13,20,DZA,DZ,Algeria,Alg,Northern Africa,Afrique septentrionale,Africa,Afrique
2017,8,30386,39,53,EGY,EG,Egypt,Egypte,Northern Africa,Afrique septentrionale,Africa,Afrique
2017,9,2483,35,49,ARG,AR,Argentina,Argentine,South America,Am,Latin America and the Caribbean,Am
2017,10,145,9,10,ARM,AM,Armenia,Arm,Western Asia,Asie occidentale,Asia,Asie
2017,11,49872,127,182,AUS,AU,Australia,Australie,Australia-New Zealand,Australie-Nouvelle-Z,Oceania,Oc
2017,12,22451,73,73,AUT,AT,Austria,Autriche,Western Europe,Europe occidentale,Europe,Europe
2017,13,296,11,14,AZE,AZ,Azerbaijan,Azerba,Western Asia,Asie occidentale,Asia,Asie
2017,15,5,1,1,BRB,BB,Barbados,Barbade,Caribbean,Cara,Latin America and the Caribbean,Am
2017,16,7077,5,7,BDI,BI,Burundi,Burundi,Eastern Africa,Afrique orientale,Africa,Afrique
2017,17,18930,94,156,BEL,BE,Belgium,Belgique,Western Europe,Europe occidentale,Europe,Europe
2017,18,285,11,11,BEN,BJ,Benin,B,Western Africa,Afrique occidentale,Africa,Afrique
2017,20,117,3,3,BGD,BD,Bangladesh,Bangladesh,Southern Asia,Sud de l'Asie centrale,Asia,Asie
2017,21,6,1,1,BHS,BS,Bahamas,Bahamas,Caribbean,Cara,Latin America and the Caribbean,Am
2017,23,77,4,4,BFA,BF,Burkina Faso,Burkina Faso,Western Africa,Afrique occidentale,Africa,Afrique
2017,24,785,14,20,BLR,BY,Belarus,B,Eastern Europe,Europe orientale,Europe,Europe
2017,26,53,3,3,BWA,BW,Botswana,Botswana,Southern Africa,Afrique australe,Africa,Afrique
2017,27,33770,100,100,BRA,BR,Brazil,Br,South America,Am,Latin America and the Caribbean,Am
2017,29,363,16,16,BIH,BA,Bosnia and Herzegovina,Bosnie-Herz,Southern Europe,Europe australe,Europe,Europe
2017,30,3683,24,30,BGR,BG,Bulgaria,Bulgarie,Eastern Europe,Europe orientale,Europe,Europe
2017,31,458,3,3,BLZ,BZ,Belize,Belize,Central America,Am,Latin America and the Caribbean,Am
2017,32,7,1,1,KHM,KH,Cambodia,Cambodge,South-eastern Asia,Asie du Sud-Est,Asia,Asie
2017,33,52732,155,265,CAN,CA,Canada,Canada,Northern America,Am,Northern America,Am
2017,34,294,7,7,CAF,CF,Central African Rep.,R,Middle Africa,Afrique australe,Africa,Afrique
2017,35,34,1,2,CYM,KY,Cayman Islands,Iles Ca,Caribbean,Cara,Latin America and the Caribbean,Am
2017,36,377,10,10,TCD,TD,Chad,Tchad,Middle Africa,Afrique australe,Africa,Afrique
2017,37,678,26,37,CHN,CN,China,Chine,Eastern Asia,Asie orientale,Asia,Asie
2017,38,5638,15,16,CHL,CL,Chile,Chili,South America,Am,Latin America and the Caribbean,Am
2017,39,4495,16,24,CMR,CM,Cameroon,Cameroun,Middle Africa,Afrique australe,Africa,Afrique
2017,40,2000,10,10,COG,CG,Congo,Congo,Middle Africa,Afrique australe,Africa,Afrique
2017,41,163,6,6,COD,CD,Dem. Rep. of the Congo,R,Middle Africa,Afrique australe,Africa,Afrique
2017,44,619,4,5,COL,CO,Colombia,Colombie,South America,Am,Latin America and the Caribbean,Am
2017,45,7122,26,33,CRI,CR,Costa Rica,Costa Rica,Central America,Am,Latin America and the Caribbean,Am
2017,46,35,5,6,CUB,CU,Cuba,Cuba,Caribbean,Cara,Latin America and the Caribbean,Am
2017,48,5738,34,77,CYP,CY,Cyprus,Chypre,Western Asia,Asie occidentale,Asia,Asie
2017,49,1426,32,50,CZE,CZ,Czechia,R,Eastern Europe,Europe orientale,Europe,Europe
2017,50,7716,66,105,DNK,DK,Denmark,Danemark,Northern Europe,Europe septentrionale,Europe,Europe
2017,51,1299,2,2,DJI,DJ,Djibouti,Djibouti,Eastern Africa,Afrique orientale,Africa,Afrique
2017,53,58,4,4,DOM,DO,Dominican Rep.,R,Caribbean,Cara,Latin America and the Caribbean,Am
2017,54,6796,34,34,ECU,EC,Ecuador,Equateur,South America,Am,Latin America and the Caribbean,Am
2017,57,75,9,9,EST,EE,Estonia,Estonie,Northern Europe,Europe septentrionale,Europe,Europe
2017,58,916,10,10,ETH,ET,Ethiopia,Ethiopie,Eastern Africa,Afrique orientale,Africa,Afrique
2017,60,10,2,2,FJI,FJ,Fiji,Fidji,Melanesia,M,Oceania,Oc
2017,61,5035,63,93,FIN,FI,Finland,Finlande,Northern Europe,Europe septentrionale,Europe,Europe
2017,64,153959,95,278,FRA,FR,France,France,Western Europe,Europe occidentale,Europe,Europe
2017,67,29,2,2,GAB,GA,Gabon,Gabon,Middle Africa,Afrique australe,Africa,Afrique
2017,68,10,2,2,GMB,GM,Gambia,Gambie,Western Africa,Afrique occidentale,Africa,Afrique
2017,70,45016,128,236,GBR,GB,United Kingdom of Great Britain and Northern Ireland,Royaume-Uni,Northern Europe,Europe septentrionale,Europe,Europe
2017,71,942,31,31,GEO,GE,Georgia,G,Western Asia,Asie occidentale,Asia,Asie
2017,72,222660,117,190,DEU,DE,Germany,Allemagne,Western Europe,Europe occidentale,Europe,Europe
2017,73,312,12,13,GHA,GH,Ghana,Ghana,Western Africa,Afrique occidentale,Africa,Afrique
2017,76,70327,83,171,GRC,GR,Greece,Gr,Southern Europe,Europe australe,Europe,Europe
2017,77,5,1,1,GRD,GD,Grenada,Grenade,Caribbean,Cara,Latin America and the Caribbean,Am
2017,78,140,6,6,GTM,GT,Guatemala,Guatemala,Central America,Am,Latin America and the Caribbean,Am
2017,79,142,5,5,GIN,GN,Guinea,Guin,Western Africa,Afrique occidentale,Africa,Afrique
2017,80,5,1,1,GUY,GY,Guyana,Guyana,South America,Am,Latin America and the Caribbean,Am
2017,82,10,2,2,HKG,HK,"China, Hong Kong SAR","Hong Kong, RAS de la R",Eastern Asia,Asie orientale,Asia,Asie
2017,83,13,2,2,HND,HN,Honduras,Honduras,Central America,Am,Latin America and the Caribbean,Am
2017,84,1965,28,37,HRV,HR,Croatia,Croatie,Southern Europe,Europe australe,Europe,Europe
2017,85,3380,29,43,HUN,HU,Hungary,Hongrie,Eastern Europe,Europe orientale,Europe,Europe
2017,86,1681,38,58,ISL,IS,Iceland,Islande,Northern Europe,Europe septentrionale,Europe,Europe
2017,87,200,7,7,CIV,CI,Cote d'Ivoire,C,Western Africa,Afrique occidentale,Africa,Afrique
2017,88,9571,22,30,IND,IN,India,Inde,Southern Asia,Sud de l'Asie centrale,Asia,Asie
2017,89,2392,32,46,IDN,ID,Indonesia,Indon,South-eastern Asia,Asie du Sud-Est,Asia,Asie
2017,90,3841,64,91,IRL,IE,Ireland,Irlande,Northern Europe,Europe septentrionale,Europe,Europe
2017,92,2528,12,12,IRQ,IQ,Iraq,Iraq,Western Asia,Asie occidentale,Asia,Asie
2017,93,15344,35,35,ISR,IL,Israel,Isra,Western Asia,Asie occidentale,Asia,Asie
2017,94,126456,103,103,ITA,IT,Italy,Italie,Southern Europe,Europe australe,Europe,Europe
2017,96,10644,22,28,JOR,JO,Jordan,Jordanie,Western Asia,Asie occidentale,Asia,Asie
2017,97,28231,26,48,JPN,JP,Japan,Japon,Eastern Asia,Asie orientale,Asia,Asie
2017,98,435,3,5,KAZ,KZ,Kazakhstan,Kazakhstan,Central Asia,Sud de l'Asie centrale,Asia,Asie
2017,99,19764,18,26,KEN,KE,Kenya,Kenya,Eastern Africa,Afrique orientale,Africa,Afrique
2017,100,128,7,7,KGZ,KG,Kyrgyzstan,Kirghizistan,Central Asia,Sud de l'Asie centrale,Asia,Asie
2017,102,9924,61,61,KOR,KR,Rep. of Korea,R,Eastern Asia,Asie orientale,Asia,Asie
2017,104,174,6,6,KWT,KW,Kuwait,Kowe,Western Asia,Asie occidentale,Asia,Asie
2017,106,15,3,3,LBR,LR,Liberia,Lib,Western Africa,Afrique occidentale,Africa,Afrique
2017,107,6589,10,10,LBY,LY,Libya,Libye,Northern Africa,Afrique septentrionale,Africa,Afrique
2017,109,3228,25,31,LBN,LB,Lebanon,Liban,Western Asia,Asie occidentale,Asia,Asie
2017,110,38,2,2,LSO,LS,Lesotho,Lesotho,Southern Africa,Afrique australe,Africa,Afrique
2017,111,147,13,13,LIE,LI,Liechtenstein,Liechtenstein,Western Europe,Europe occidentale,Europe,Europe
2017,112,446,7,9,LKA,LK,Sri Lanka,Sri Lanka,Southern Asia,Sud de l'Asie centrale,Asia,Asie
2017,113,594,16,16,LTU,LT,Lithuania,Lituanie,Northern Europe,Europe septentrionale,Europe,Europe
2017,114,2435,48,62,LUX,LU,Luxembourg,Luxembourg,Western Europe,Europe occidentale,Europe,Europe
2017,115,346,20,20,LVA,LV,Latvia,Lettonie,Northern Europe,Europe septentrionale,Europe,Europe
2017,117,77,4,4,MDG,MG,Madagascar,Madagascar,Eastern Africa,Afrique orientale,Africa,Afrique
2017,119,613,21,25,MRT,MR,Mauritania,Mauritanie,Western Africa,Afrique occidentale,Africa,Afrique
2017,120,152,7,7,MKD,MK,North Macedonia,Ex-R,Southern Europe,Europe australe,Europe,Europe
2017,122,96,9,12,MDA,MD,Rep. of Moldova,R,Eastern Europe,Europe orientale,Europe,Europe
2017,124,14583,33,33,MEX,MX,Mexico,Mexique,Central America,Am,Latin America and the Caribbean,Am
2017,126,949,6,6,MLI,ML,Mali,Mali,Western Africa,Afrique occidentale,Africa,Afrique
2017,127,26186,39,52,MYS,MY,Malaysia,Malaisie,South-eastern Asia,Asie du Sud-Est,Asia,Asie
2017,128,6933,7,10,MWI,MW,Malawi,Malawi,Eastern Africa,Afrique orientale,Africa,Afrique
2017,129,5,1,1,MNG,MN,Mongolia,Mongolie,Eastern Asia,Asie orientale,Asia,Asie
2017,130,3454,31,43,MAR,MA,Morocco,Maroc,Northern Africa,Afrique septentrionale,Africa,Afrique
2017,131,4647,6,6,MOZ,MZ,Mozambique,Mozambique,Eastern Africa,Afrique orientale,Africa,Afrique
2017,132,1980,34,52,MLT,MT,Malta,Malte,Southern Europe,Europe australe,Europe,Europe
2017,133,840,21,21,MNE,ME,Montenegro,Mont,Southern Europe,Europe australe,Europe,Europe
2017,136,604,5,5,NAM,,Namibia,Namibie,Southern Africa,Afrique australe,Africa,Afrique
2017,137,140,4,4,NPL,NP,Nepal,N,Southern Asia,Sud de l'Asie centrale,Asia,Asie
2017,138,18213,81,121,NLD,NL,Netherlands (Kingdom of the),Pays-Bas,Western Europe,Europe occidentale,Europe,Europe
2017,139,310,11,14,NER,NE,Niger,Niger,Western Africa,Afrique occidentale,Africa,Afrique
2017,140,108,2,2,NIC,NI,Nicaragua,Nicaragua,Central America,Am,Latin America and the Caribbean,Am
2017,141,8792,11,11,NGA,NG,Nigeria,Nig,Western Africa,Afrique occidentale,Africa,Afrique
2017,143,7889,75,149,NOR,NO,Norway,Norv,Northern Europe,Europe septentrionale,Europe,Europe
2017,145,595,28,28,NZL,NZ,New Zealand,Nouvelle-Z,Australia-New Zealand,Australie-Nouvelle-Z,Oceania,Oc
2017,146,33,1,1,OMN,OM,Oman,Oman,Western Asia,Asie occidentale,Asia,Asie
2017,147,2602,10,11,PAK,PK,Pakistan,Pakistan,Southern Asia,Sud de l'Asie centrale,Asia,Asie
2017,148,5577,12,12,PAN,PA,Panama,Panama,Central America,Am,Latin America and the Caribbean,Am
2017,149,62,6,6,PRY,PY,Paraguay,Paraguay,South America,Am,Latin America and the Caribbean,Am
2017,150,34142,12,12,PER,PE,Peru,P,South America,Am,Latin America and the Caribbean,Am
2017,151,191,17,17,PHL,PH,Philippines,Philippines,South-eastern Asia,Asie du Sud-Est,Asia,Asie
2017,152,5,1,1,PLW,PW,Palau,Palaos (les),Micronesia,Micron,Oceania,Oc
2017,154,5603,37,63,POL,PL,Poland,Pologne,Eastern Europe,Europe orientale,Europe,Europe
2017,155,1730,41,45,PRT,PT,Portugal,Portugal,Southern Europe,Europe australe,Europe,Europe
2017,158,4924,34,44,ROU,RO,Romania,Roumanie,Eastern Europe,Europe orientale,Europe,Europe
2017,159,24162,47,47,ZAF,ZA,South Africa,Afrique du Sud,Southern Africa,Afrique australe,Africa,Afrique
2017,160,14063,29,48,RUS,RU,Russian Federation,F,Eastern Europe,Europe orientale,Europe,Europe
2017,161,10,1,1,RWA,RW,Rwanda,Rwanda,Eastern Africa,Afrique orientale,Africa,Afrique
2017,162,5,1,1,SLV,SV,El Salvador,El Salvador,Central America,Am,Latin America and the Caribbean,Am
2017,163,43,4,4,SAU,SA,Saudi Arabia,Arabie saoudite,Western Asia,Asie occidentale,Asia,Asie
2017,164,379,18,18,SRB,RS,Serbia and Kosovo: S/RES/1244 (1999),Serbie,Southern Europe,Europe australe,Europe,Europe
2017,165,284,15,15,SEN,SN,Senegal,S,Western Africa,Afrique occidentale,Africa,Afrique
2017,172,2871,9,9,SOM,SO,Somalia,Somalie,Eastern Africa,Afrique orientale,Africa,Afrique
2017,173,31713,90,90,ESP,ES,Spain,Espagne,Southern Europe,Europe australe,Europe,Europe
2017,175,5,1,1,KNA,KN,Saint Kitts and Nevis,Saint-Kitts-et-Nevis,Caribbean,Cara,Latin America and the Caribbean,Am
2017,177,7467,13,16,SDN,SD,Sudan,Soudan,Northern Africa,Afrique septentrionale,Africa,Afrique
2017,178,98,3,3,SUR,SR,Suriname,Suriname,South America,Am,Latin America and the Caribbean,Am
2017,179,1020,5,5,SSD,SS,South Sudan,,Eastern Africa,Afrique septentrionale,Africa,Afrique
2017,180,164,18,19,SVK,SK,Slovakia,Slovaquie,Eastern Europe,Europe orientale,Europe,Europe
2017,181,1468,25,31,SVN,SI,Slovenia,Slov,Southern Europe,Europe australe,Europe,Europe
2017,182,219,6,6,SWZ,SZ,Eswatini,Eswatini,Southern Africa,Afrique australe,Africa,Afrique
2017,183,56837,109,260,SWE,SE,Sweden,Su,Northern Europe,Europe septentrionale,Europe,Europe
2017,184,18040,90,128,CHE,CH,Switzerland,Suisse,Western Europe,Europe occidentale,Europe,Europe
2017,185,10172,22,41,SYR,SY,Syrian Arab Rep.,R,Western Asia,Asie occidentale,Asia,Asie
2017,186,36502,3,3,TZA,TZ,United Rep. of Tanzania,R,Eastern Africa,Afrique orientale,Africa,Afrique
2017,188,3227,25,40,THA,TH,Thailand,Tha,South-eastern Asia,Asie du Sud-Est,Asia,Asie
2017,189,135,1,2,TJK,TJ,Tajikistan,Tadjikistan,Central Asia,Sud de l'Asie centrale,Asia,Asie
2017,192,159,10,10,TGO,TG,Togo,Togo,Western Africa,Afrique occidentale,Africa,Afrique
2017,194,1996,10,12,TTO,TT,Trinidad and Tobago,Trinit,Caribbean,Cara,Latin America and the Caribbean,Am
2017,195,57,5,5,TUN,TN,Tunisia,Tunisie,Northern Africa,Afrique septentrionale,Africa,Afrique
2017,196,126910,48,57,TUR,TR,Türkiye,Türkiye,Western Asia,Asie occidentale,Asia,Asie
2017,198,1678,10,10,ARE,AE,United Arab Emirates,Emirats arabes unis,Western Asia,Asie occidentale,Asia,Asie
2017,199,71955,19,22,UGA,UG,Uganda,Ouganda,Eastern Africa,Afrique orientale,Africa,Afrique
2017,200,1163,37,54,UKR,UA,Ukraine,Ukraine,Eastern Europe,Europe orientale,Europe,Europe
2017,201,2395,13,13,URY,UY,Uruguay,Uruguay,South America,Am,Latin America and the Caribbean,Am
2017,202,265177,159,325,USA,US,United States of America,Etats-Unis d'Am,Northern America,Am,Northern America,Am
2017,207,105,1,1,VEN,VE,Venezuela (Bolivarian Republic of),Venezuela (R,South America,Am,Latin America and the Caribbean,Am
2017,211,1223,3,3,YEM,YE,Yemen,Y,Western Asia,Asie occidentale,Asia,Asie
2017,213,18189,9,9,ZMB,ZM,Zambia,Zambie,Eastern Africa,Afrique orientale,Africa,Afrique
2017,214,1169,12,12,ZWE,ZW,Zimbabwe,Zimbabwe,Eastern Africa,Afrique orientale,Africa,Afrique
2017,224,144,1,1,ABW,AW,Aruba,Aruba,Caribbean,Cara,Latin America and the Caribbean,Am
2017,254,713,2,2,CUW,CW,Curacao,Cura,Caribbean,Cara,Latin America and the Caribbean,Am
2018,2,163,4,4,AFG,AF,Afghanistan,Afghanistan,Southern Asia,Sud de l'Asie centrale,Asia,Asie
2018,3,4352,18,18,ALB,AL,Albania,Albanie,Southern Europe,Europe australe,Europe,Europe
2018,4,3558,23,35,DZA,DZ,Algeria,Alg,Northern Africa,Afrique septentrionale,Africa,Afrique
2018,8,26022,30,45,EGY,EG,Egypt,Egypte,Northern Africa,Afrique septentrionale,Africa,Afrique
2018,9,3578,38,52,ARG,AR,Argentina,Argentine,South America,Am,Latin America and the Caribbean,Am
2018,10,243,13,18,ARM,AM,Armenia,Arm,Western Asia,Asie occidentale,Asia,Asie
2018,11,42725,74,119,AUS,AU,Australia,Australie,Australia-New Zealand,Australie-Nouvelle-Z,Oceania,Oc
2018,12,13736,73,73,AUT,AT,Austria,Autriche,Western Europe,Europe occidentale,Europe,Europe
2018,13,724,13,17,AZE,AZ,Azerbaijan,Azerba,Western Asia,Asie occidentale,Asia,Asie
2018,14,16,2,2,BHR,BH,Bahrain,Bahre,Western Asia,Asie occidentale,Asia,Asie
2018,15,5,1,1,BRB,BB,Barbados,Barbade,Caribbean,Cara,Latin America and the Caribbean,Am
2018,16,14363,4,6,BDI,BI,Burundi,Burundi,Eastern Africa,Afrique orientale,Africa,Afrique
2018,17,22550,99,163,BEL,BE,Belgium,Belgique,Western Europe,Europe occidentale,Europe,Europe
2018,18,221,11,11,BEN,BJ,Benin,B,Western Africa,Afrique occidentale,Africa,Afrique
2018,20,32,2,2,BGD,BD,Bangladesh,Bangladesh,Southern Asia,Sud de l'Asie centrale,Asia,Asie
2018,21,12,2,2,BHS,BS,Bahamas,Bahamas,Caribbean,Cara,Latin America and the Caribbean,Am
2018,23,38,3,3,BFA,BF,Burkina Faso,Burkina Faso,Western Africa,Afrique occidentale,Africa,Afrique
2018,24,901,13,17,BLR,BY,Belarus,B,Eastern Europe,Europe orientale,Europe,Europe
2018,26,298,6,6,BWA,BW,Botswana,Botswana,Southern Africa,Afrique australe,Africa,Afrique
2018,27,79974,95,95,BRA,BR,Brazil,Br,South America,Am,Latin America and the Caribbean,Am
2018,29,1588,17,21,BIH,BA,Bosnia and Herzegovina,Bosnie-Herz,Southern Europe,Europe australe,Europe,Europe
2018,30,2530,17,17,BGR,BG,Bulgaria,Bulgarie,Eastern Europe,Europe orientale,Europe,Europe
2018,31,381,4,4,BLZ,BZ,Belize,Belize,Central America,Am,Latin America and the Caribbean,Am
2018,33,62617,158,257,CAN,CA,Canada,Canada,Northern America,Am,Northern America,Am
2018,34,154,10,10,CAF,CF,Central African Rep.,R,Middle Africa,Afrique australe,Africa,Afrique
2018,35,14,1,1,CYM,KY,Cayman Islands,Iles Ca,Caribbean,Cara,Latin America and the Caribbean,Am
2018,36,3290,10,10,TCD,TD,Chad,Tchad,Middle Africa,Afrique australe,Africa,Afrique
2018,37,486,16,21,CHN,CN,China,Chine,Eastern Asia,Asie orientale,Asia,Asie
2018,38,5776,13,13,CHL,CL,Chile,Chili,South America,Am,Latin America and the Caribbean,Am
2018,39,5248,19,30,CMR,CM,Cameroon,Cameroun,Middle Africa,Afrique australe,Africa,Afrique
2018,40,3079,10,10,COG,CG,Congo,Congo,Middle Africa,Afrique australe,Africa,Afrique
2018,41,5109,9,9,COD,CD,Dem. Rep. of the Congo,R,Middle Africa,Afrique australe,Africa,Afrique
2018,44,2676,6,6,COL,CO,Colombia,Colombie,South America,Am,Latin America and the Caribbean,Am
2018,45,28996,21,27,CRI,CR,Costa Rica,Costa Rica,Central America,Am,Latin America and the Caribbean,Am
2018,46,41,5,6,CUB,CU,Cuba,Cuba,Caribbean,Cara,Latin America and the Caribbean,Am
2018,48,8975,40,85,CYP,CY,Cyprus,Chypre,Western Asia,Asie occidentale,Asia,Asie
2018,49,2920,41,59,CZE,CZ,Czechia,R,Eastern Europe,Europe orientale,Europe,Europe
2018,50,4361,69,105,DNK,DK,Denmark,Danemark,Northern Europe,Europe septentrionale,Europe,Europe
2018,51,2174,4,4,DJI,DJ,Djibouti,Djibouti,Eastern Africa,Afrique orientale,Africa,Afrique
2018,53,22,1,1,DOM,DO,Dominican Rep.,R,Caribbean,Cara,Latin America and the Caribbean,Am
2018,54,17024,28,28,ECU,EC,Ecuador,Equateur,South America,Am,Latin America and the Caribbean,Am
2018,57,75,10,10,EST,EE,Estonia,Estonie,Northern Europe,Europe septentrionale,Europe,Europe
2018,58,374,4,4,ETH,ET,Ethiopia,Ethiopie,Eastern Africa,Afrique orientale,Africa,Afrique
2018,60,10,2,2,FJI,FJ,Fiji,Fidji,Melanesia,M,Oceania,Oc
2018,61,4502,59,87,FIN,FI,Finland,Finlande,Northern Europe,Europe septentrionale,Europe,Europe
2018,64,182246,109,330,FRA,FR,France,France,Western Europe,Europe occidentale,Europe,Europe
2018,67,131,5,5,GAB,GA,Gabon,Gabon,Middle Africa,Afrique australe,Africa,Afrique
2018,68,344,8,8,GMB,GM,Gambia,Gambie,Western Africa,Afrique occidentale,Africa,Afrique
2018,70,49137,129,247,GBR,GB,United Kingdom of Great Britain and Northern Ireland,Royaume-Uni,Northern Europe,Europe septentrionale,Europe,Europe
2018,71,993,29,29,GEO,GE,Georgia,G,Western Asia,Asie occidentale,Asia,Asie
2018,72,319041,121,301,DEU,DE,Germany,Allemagne,Western Europe,Europe occidentale,Europe,Europe
2018,73,528,15,15,GHA,GH,Ghana,Ghana,Western Africa,Afrique occidentale,Africa,Afrique
2018,75,10,2,2,GNB,GW,Guinea-Bissau,Guin,Western Africa,Afrique occidentale,Africa,Afrique
2018,76,82268,81,179,GRC,GR,Greece,Gr,Southern Europe,Europe australe,Europe,Europe
2018,78,257,6,6,GTM,GT,Guatemala,Guatemala,Central America,Am,Latin America and the Caribbean,Am
2018,79,1591,7,7,GIN,GN,Guinea,Guin,Western Africa,Afrique occidentale,Africa,Afrique
2018,80,17,1,1,GUY,GY,Guyana,Guyana,South America,Am,Latin America and the Caribbean,Am
2018,83,107,3,3,HND,HN,Honduras,Honduras,Central America,Am,Latin America and the Caribbean,Am
2018,84,917,22,34,HRV,HR,Croatia,Croatie,Southern Europe,Europe australe,Europe,Europe
2018,85,658,9,13,HUN,HU,Hungary,Hongrie,Eastern Europe,Europe orientale,Europe,Europe
2018,86,1256,39,62,ISL,IS,Iceland,Islande,Northern Europe,Europe septentrionale,Europe,Europe
2018,87,228,10,10,CIV,CI,Cote d'Ivoire,C,Western Africa,Afrique occidentale,Africa,Afrique
2018,88,8397,23,30,IND,IN,India,Inde,Southern Asia,Sud de l'Asie centrale,Asia,Asie
2018,89,1573,26,39,IDN,ID,Indonesia,Indon,South-eastern Asia,Asie du Sud-Est,Asia,Asie
2018,90,5590,68,105,IRL,IE,Ireland,Irlande,Northern Europe,Europe septentrionale,Europe,Europe
2018,92,1531,9,9,IRQ,IQ,Iraq,Iraq,Western Asia,Asie occidentale,Asia,Asie
2018,93,16260,48,48,ISR,IL,Israel,Isra,Western Asia,Asie occidentale,Asia,Asie
2018,94,48441,100,100,ITA,IT,Italy,Italie,Southern Europe,Europe australe,Europe,Europe
2018,95,13,1,1,JAM,JM,Jamaica,Jama,Caribbean,Cara,Latin America and the Caribbean,Am
2018,96,10447,24,26,JOR,JO,Jordan,Jordanie,Western Asia,Asie occidentale,Asia,Asie
2018,97,19514,26,42,JPN,JP,Japan,Japon,Eastern Asia,Asie orientale,Asia,Asie
2018,98,220,4,6,KAZ,KZ,Kazakhstan,Kazakhstan,Central Asia,Sud de l'Asie centrale,Asia,Asie
2018,99,19481,19,24,KEN,KE,Kenya,Kenya,Eastern Africa,Afrique orientale,Africa,Afrique
2018,100,92,6,6,KGZ,KG,Kyrgyzstan,Kirghizistan,Central Asia,Sud de l'Asie centrale,Asia,Asie
2018,102,16125,70,70,KOR,KR,Rep. of Korea,R,Eastern Asia,Asie orientale,Asia,Asie
2018,104,94,4,4,KWT,KW,Kuwait,Kowe,Western Asia,Asie occidentale,Asia,Asie
2018,106,11,1,1,LBR,LR,Liberia,Lib,Western Africa,Afrique occidentale,Africa,Afrique
2018,107,16255,16,16,LBY,LY,Libya,Libye,Northern Africa,Afrique septentrionale,Africa,Afrique
2018,109,2427,26,32,LBN,LB,Lebanon,Liban,Western Asia,Asie occidentale,Asia,Asie
2018,110,22,1,1,LSO,LS,Lesotho,Lesotho,Southern Africa,Afrique australe,Africa,Afrique
2018,111,154,13,13,LIE,LI,Liechtenstein,Liechtenstein,Western Europe,Europe occidentale,Europe,Europe
2018,112,447,6,8,LKA,LK,Sri Lanka,Sri Lanka,Southern Asia,Sud de l'Asie centrale,Asia,Asie
2018,113,416,16,16,LTU,LT,Lithuania,Lituanie,Northern Europe,Europe septentrionale,Europe,Europe
2018,114,2315,46,58,LUX,LU,Luxembourg,Luxembourg,Western Europe,Europe occidentale,Europe,Europe
2018,115,169,17,17,LVA,LV,Latvia,Lettonie,Northern Europe,Europe septentrionale,Europe,Europe
2018,117,33,1,1,MDG,MG,Madagascar,Madagascar,Eastern Africa,Afrique orientale,Africa,Afrique
2018,119,1028,24,33,MRT,MR,Mauritania,Mauritanie,Western Africa,Afrique occidentale,Africa,Afrique
2018,120,292,12,12,MKD,MK,North Macedonia,Ex-R,Southern Europe,Europe australe,Europe,Europe
2018,122,131,8,12,MDA,MD,Rep. of Moldova,R,Eastern Europe,Europe orientale,Europe,Europe
2018,124,29609,39,39,MEX,MX,Mexico,Mexique,Central America,Am,Latin America and the Caribbean,Am
2018,126,9938,12,12,MLI,ML,Mali,Mali,Western Africa,Afrique occidentale,Africa,Afrique
2018,127,29386,33,43,MYS,MY,Malaysia,Malaisie,South-eastern Asia,Asie du Sud-Est,Asia,Asie
2018,128,5525,8,11,MWI,MW,Malawi,Malawi,Eastern Africa,Afrique orientale,Africa,Afrique
2018,130,4078,35,47,MAR,MA,Morocco,Maroc,Northern Africa,Afrique septentrionale,Africa,Afrique
2018,131,2509,6,6,MOZ,MZ,Mozambique,Mozambique,Eastern Africa,Afrique orientale,Africa,Afrique
2018,132,2920,42,64,MLT,MT,Malta,Malte,Southern Europe,Europe australe,Europe,Europe
2018,133,3091,19,19,MNE,ME,Montenegro,Mont,Southern Europe,Europe australe,Europe,Europe
2018,134,11,1,1,MUS,MU,Mauritius,Maurice,Eastern Africa,Afrique orientale,Africa,Afrique
2018,136,803,4,4,NAM,,Namibia,Namibie,Southern Africa,Afrique australe,Africa,Afrique
2018,137,80,2,4,NPL,NP,Nepal,N,Southern Asia,Sud de l'Asie centrale,Asia,Asie
2018,138,24025,84,131,NLD,NL,Netherlands (Kingdom of the),Pays-Bas,Western Europe,Europe occidentale,Europe,Europe
2018,139,5788,21,21,NER,NE,Niger,Niger,Western Africa,Afrique occidentale,Africa,Afrique
2018,141,547,11,11,NGA,NG,Nigeria,Nig,Western Africa,Afrique occidentale,Africa,Afrique
2018,143,4679,66,129,NOR,NO,Norway,Norv,Northern Europe,Europe septentrionale,Europe,Europe
2018,145,657,28,28,NZL,NZ,New Zealand,Nouvelle-Z,Australia-New Zealand,Australie-Nouvelle-Z,Oceania,Oc
2018,146,11,1,1,OMN,OM,Oman,Oman,Western Asia,Asie occidentale,Asia,Asie
2018,147,1939,6,7,PAK,PK,Pakistan,Pakistan,Southern Asia,Sud de l'Asie centrale,Asia,Asie
2018,148,10768,15,15,PAN,PA,Panama,Panama,Central America,Am,Latin America and the Caribbean,Am
2018,149,334,4,4,PRY,PY,Paraguay,Paraguay,South America,Am,Latin America and the Caribbean,Am
2018,150,192484,29,29,PER,PE,Peru,P,South America,Am,Latin America and the Caribbean,Am
2018,151,220,19,19,PHL,PH,Philippines,Philippines,South-eastern Asia,Asie du Sud-Est,Asia,Asie
2018,154,4311,39,61,POL,PL,Poland,Pologne,Eastern Europe,Europe orientale,Europe,Europe
2018,155,1635,48,48,PRT,PT,Portugal,Portugal,Southern Europe,Europe australe,Europe,Europe
2018,157,7,1,1,QAT,QA,Qatar,Qatar,Western Asia,Asie occidentale,Asia,Asie
2018,158,2315,30,42,ROU,RO,Romania,Roumanie,Eastern Europe,Europe orientale,Europe,Europe
2018,159,16125,36,56,ZAF,ZA,South Africa,Afrique du Sud,Southern Africa,Afrique australe,Africa,Afrique
2018,160,7832,35,54,RUS,RU,Russian Federation,F,Eastern Europe,Europe orientale,Europe,Europe
2018,161,216,3,3,RWA,RW,Rwanda,Rwanda,Eastern Africa,Afrique orientale,Africa,Afrique
2018,162,30,3,3,SLV,SV,El Salvador,El Salvador,Central America,Am,Latin America and the Caribbean,Am
2018,163,2266,5,5,SAU,SA,Saudi Arabia,Arabie saoudite,Western Asia,Asie occidentale,Asia,Asie
2018,164,909,18,18,SRB,RS,Serbia and Kosovo: S/RES/1244 (1999),Serbie,Southern Europe,Europe australe,Europe,Europe
2018,165,228,15,15,SEN,SN,Senegal,S,Western Africa,Afrique occidentale,Africa,Afrique
2018,171,5,1,1,SLB,SB,Solomon Islands,Iles Salomon,Melanesia,M,Oceania,Oc
2018,172,2138,5,5,SOM,SO,Somalia,Somalie,Eastern Africa,Afrique orientale,Africa,Afrique
2018,173,55650,96,96,ESP,ES,Spain,Espagne,Southern Europe,Europe australe,Europe,Europe
2018,177,1904,4,4,SDN,SD,Sudan,Soudan,Northern Africa,Afrique septentrionale,Africa,Afrique
2018,178,196,3,3,SUR,SR,Suriname,Suriname,South America,Am,Latin America and the Caribbean,Am
2018,179,701,4,4,SSD,SS,South Sudan,,Eastern Africa,Afrique septentrionale,Africa,Afrique
2018,180,171,13,15,SVK,SK,Slovakia,Slovaquie,Eastern Europe,Europe orientale,Europe,Europe
2018,181,2866,28,39,SVN,SI,Slovenia,Slov,Southern Europe,Europe australe,Europe,Europe
2018,182,261,6,6,SWZ,SZ,Eswatini,Eswatini,Southern Africa,Afrique australe,Africa,Afrique
2018,183,44578,111,271,SWE,SE,Sweden,Su,Northern Europe,Europe septentrionale,Europe,Europe
2018,184,15226,89,134,CHE,CH,Switzerland,Suisse,Western Europe,Europe occidentale,Europe,Europe
2018,185,4708,11,17,SYR,SY,Syrian Arab Rep.,R,Western Asia,Asie occidentale,Asia,Asie
2018,186,1782,2,2,TZA,TZ,United Rep. of Tanzania,R,Eastern Africa,Afrique orientale,Africa,Afrique
2018,188,1524,24,37,THA,TH,Thailand,Tha,South-eastern Asia,Asie du Sud-Est,Asia,Asie
2018,189,521,1,2,TJK,TJ,Tajikistan,Tadjikistan,Central Asia,Sud de l'Asie centrale,Asia,Asie
2018,192,109,6,6,TGO,TG,Togo,Togo,Western Africa,Afrique occidentale,Africa,Afrique
2018,194,8639,15,17,TTO,TT,Trinidad and Tobago,Trinit,Caribbean,Cara,Latin America and the Caribbean,Am
2018,195,307,20,24,TUN,TN,Tunisia,Tunisie,Northern Africa,Afrique septentrionale,Africa,Afrique
2018,196,84192,43,48,TUR,TR,Türkiye,Türkiye,Western Asia,Asie occidentale,Asia,Asie
2018,198,7473,11,11,ARE,AE,United Arab Emirates,Emirats arabes unis,Western Asia,Asie occidentale,Asia,Asie
2018,199,20057,13,17,UGA,UG,Uganda,Ouganda,Eastern Africa,Afrique orientale,Africa,Afrique
2018,200,1312,42,60,UKR,UA,Ukraine,Ukraine,Eastern Europe,Europe orientale,Europe,Europe
2018,201,6758,14,14,URY,UY,Uruguay,Uruguay,South America,Am,Latin America and the Caribbean,Am
2018,202,260691,155,413,USA,US,United States of America,Etats-Unis d'Am,Northern America,Am,Northern America,Am
2018,207,959,1,1,VEN,VE,Venezuela (Bolivarian Republic of),Venezuela (R,South America,Am,Latin America and the Caribbean,Am
2018,211,1811,6,6,YEM,YE,Yemen,Y,Western Asia,Asie occidentale,Asia,Asie
2018,213,11305,12,12,ZMB,ZM,Zambia,Zambie,Eastern Africa,Afrique orientale,Africa,Afrique
2018,214,2793,10,10,ZWE,ZW,Zimbabwe,Zimbabwe,Eastern Africa,Afrique orientale,Africa,Afrique
2018,224,388,2,2,ABW,AW,Aruba,Aruba,Caribbean,Cara,Latin America and the Caribbean,Am
2018,254,19,2,2,CUW,CW,Curacao,Cura,Caribbean,Cara,Latin America and the Caribbean,Am
2019,2,33,2,2,AFG,AF,Afghanistan,Afghanistan,Southern Asia,Sud de l'Asie centrale,Asia,Asie
2019,3,64,5,5,ALB,AL,Albania,Albanie,Southern Europe,Europe australe,Europe,Europe
2019,4,2729,26,40,DZA,DZ,Algeria,Alg,Northern Africa,Afrique septentrionale,Africa,Afrique
2019,6,47,3,3,AGO,AO,Angola,Angola,Middle Africa,Afrique australe,Africa,Afrique
2019,8,25359,31,46,EGY,EG,Egypt,Egypte,Northern Africa,Afrique septentrionale,Africa,Afrique
2019,9,3841,39,58,ARG,AR,Argentina,Argentine,South America,Am,Latin America and the Caribbean,Am
2019,10,255,11,13,ARM,AM,Armenia,Arm,Western Asia,Asie occidentale,Asia,Asie
2019,11,42251,71,119,AUS,AU,Australia,Australie,Australia-New Zealand,Australie-Nouvelle-Z,Oceania,Oc
2019,12,12853,69,69,AUT,AT,Austria,Autriche,Western Europe,Europe occidentale,Europe,Europe
2019,13,713,12,16,AZE,AZ,Azerbaijan,Azerba,Western Asia,Asie occidentale,Asia,Asie
2019,15,5,1,1,BRB,BB,Barbados,Barbade,Caribbean,Cara,Latin America and the Caribbean,Am
2019,16,12883,3,5,BDI,BI,Burundi,Burundi,Eastern Africa,Afrique orientale,Africa,Afrique
2019,17,12879,86,143,BEL,BE,Belgium,Belgique,Western Europe,Europe occidentale,Europe,Europe
2019,18,138,10,10,BEN,BJ,Benin,B,Western Africa,Afrique occidentale,Africa,Afrique
2019,20,6,1,1,BGD,BD,Bangladesh,Bangladesh,Southern Asia,Sud de l'Asie centrale,Asia,Asie
2019,23,28,4,4,BFA,BF,Burkina Faso,Burkina Faso,Western Africa,Afrique occidentale,Africa,Afrique
2019,24,688,13,18,BLR,BY,Belarus,B,Eastern Europe,Europe orientale,Europe,Europe
2019,25,901,5,5,BOL,BO,Bolivia (Plurinational State of),Bolivie,South America,Am,Latin America and the Caribbean,Am
2019,26,21,3,3,BWA,BW,Botswana,Botswana,Southern Africa,Afrique australe,Africa,Afrique
2019,27,82464,93,93,BRA,BR,Brazil,Br,South America,Am,Latin America and the Caribbean,Am
2019,29,797,14,17,BIH,BA,Bosnia and Herzegovina,Bosnie-Herz,Southern Europe,Europe australe,Europe,Europe
2019,30,2134,18,18,BGR,BG,Bulgaria,Bulgarie,Eastern Europe,Europe orientale,Europe,Europe
2019,31,530,5,5,BLZ,BZ,Belize,Belize,Central America,Am,Latin America and the Caribbean,Am
2019,32,27,1,1,KHM,KH,Cambodia,Cambodge,South-eastern Asia,Asie du Sud-Est,Asia,Asie
2019,33,70140,149,259,CAN,CA,Canada,Canada,Northern America,Am,Northern America,Am
2019,34,221,5,5,CAF,CF,Central African Rep.,R,Middle Africa,Afrique australe,Africa,Afrique
2019,35,23,1,2,CYM,KY,Cayman Islands,Iles Ca,Caribbean,Cara,Latin America and the Caribbean,Am
2019,36,1161,9,9,TCD,TD,Chad,Tchad,Middle Africa,Afrique australe,Africa,Afrique
2019,37,462,19,24,CHN,CN,China,Chine,Eastern Asia,Asie orientale,Asia,Asie
2019,38,770,6,6,CHL,CL,Chile,Chili,South America,Am,Latin America and the Caribbean,Am
2019,39,3989,17,28,CMR,CM,Cameroon,Cameroun,Middle Africa,Afrique australe,Africa,Afrique
2019,40,8978,4,4,COG,CG,Congo,Congo,Middle Africa,Afrique australe,Africa,Afrique
2019,41,8612,10,10,COD,CD,Dem. Rep. of the Congo,R,Middle Africa,Afrique australe,Africa,Afrique
2019,44,10621,4,4,COL,CO,Colombia,Colombie,South America,Am,Latin America and the Caribbean,Am
2019,45,60100,31,42,CRI,CR,Costa Rica,Costa Rica,Central America,Am,Latin America and the Caribbean,Am
2019,46,47,4,5,CUB,CU,Cuba,Cuba,Caribbean,Cara,Latin America and the Caribbean,Am
2019,48,14072,45,74,CYP,CY,Cyprus,Chypre,Western Asia,Asie occidentale,Asia,Asie
2019,49,2800,36,58,CZE,CZ,Czechia,R,Eastern Europe,Europe orientale,Europe,Europe
2019,50,3568,64,101,DNK,DK,Denmark,Danemark,Northern Europe,Europe septentrionale,Europe,Europe
2019,51,840,3,3,DJI,DJ,Djibouti,Djibouti,Eastern Africa,Afrique orientale,Africa,Afrique
2019,53,233,6,6,DOM,DO,Dominican Rep.,R,Caribbean,Cara,Latin America and the Caribbean,Am
2019,54,20850,34,34,ECU,EC,Ecuador,Equateur,South America,Am,Latin America and the Caribbean,Am
2019,57,96,10,10,EST,EE,Estonia,Estonie,Northern Europe,Europe septentrionale,Europe,Europe
2019,58,443,5,5,ETH,ET,Ethiopia,Ethiopie,Eastern Africa,Afrique orientale,Africa,Afrique
2019,61,6390,74,104,FIN,FI,Finland,Finlande,Northern Europe,Europe septentrionale,Europe,Europe
2019,64,191825,123,371,FRA,FR,France,France,Western Europe,Europe occidentale,Europe,Europe
2019,67,27,3,3,GAB,GA,Gabon,Gabon,Middle Africa,Afrique australe,Africa,Afrique
2019,70,54072,131,248,GBR,GB,United Kingdom of Great Britain and Northern Ireland,Royaume-Uni,Northern Europe,Europe septentrionale,Europe,Europe
2019,71,1223,32,32,GEO,GE,Georgia,G,Western Asia,Asie occidentale,Asia,Asie
2019,72,165868,127,203,DEU,DE,Germany,Allemagne,Western Europe,Europe occidentale,Europe,Europe
2019,73,493,18,18,GHA,GH,Ghana,Ghana,Western Africa,Afrique occidentale,Africa,Afrique
2019,75,10,2,2,GNB,GW,Guinea-Bissau,Guin,Western Africa,Afrique occidentale,Africa,Afrique
2019,76,92673,84,124,GRC,GR,Greece,Gr,Southern Europe,Europe australe,Europe,Europe
2019,78,491,7,7,GTM,GT,Guatemala,Guatemala,Central America,Am,Latin America and the Caribbean,Am
2019,79,572,4,4,GIN,GN,Guinea,Guin,Western Africa,Afrique occidentale,Africa,Afrique
2019,80,57,2,2,GUY,GY,Guyana,Guyana,South America,Am,Latin America and the Caribbean,Am
2019,81,5,1,1,HTI,HT,Haiti,Ha,Caribbean,Cara,Latin America and the Caribbean,Am
2019,82,10,2,2,HKG,HK,"China, Hong Kong SAR","Hong Kong, RAS de la R",Eastern Asia,Asie orientale,Asia,Asie
2019,83,106,3,3,HND,HN,Honduras,Honduras,Central America,Am,Latin America and the Caribbean,Am
2019,84,1275,25,32,HRV,HR,Croatia,Croatie,Southern Europe,Europe australe,Europe,Europe
2019,85,483,13,15,HUN,HU,Hungary,Hongrie,Eastern Europe,Europe orientale,Europe,Europe
2019,86,1489,41,63,ISL,IS,Iceland,Islande,Northern Europe,Europe septentrionale,Europe,Europe
2019,87,162,12,12,CIV,CI,Cote d'Ivoire,C,Western Africa,Afrique occidentale,Africa,Afrique
2019,88,7593,29,36,IND,IN,India,Inde,Southern Asia,Sud de l'Asie centrale,Asia,Asie
2019,89,1107,20,29,IDN,ID,Indonesia,Indon,South-eastern Asia,Asie du Sud-Est,Asia,Asie
2019,90,6587,72,110,IRL,IE,Ireland,Irlande,Northern Europe,Europe septentrionale,Europe,Europe
2019,92,1062,10,10,IRQ,IQ,Iraq,Iraq,Western Asia,Asie occidentale,Asia,Asie
2019,93,9446,44,44,ISR,IL,Israel,Isra,Western Asia,Asie occidentale,Asia,Asie
2019,94,34869,95,95,ITA,IT,Italy,Italie,Southern Europe,Europe australe,Europe,Europe
2019,95,5,1,1,JAM,JM,Jamaica,Jama,Caribbean,Cara,Latin America and the Caribbean,Am
2019,96,1191,8,11,JOR,JO,Jordan,Jordanie,Western Asia,Asie occidentale,Asia,Asie
2019,97,15505,26,42,JPN,JP,Japan,Japon,Eastern Asia,Asie orientale,Asia,Asie
2019,98,338,3,6,KAZ,KZ,Kazakhstan,Kazakhstan,Central Asia,Sud de l'Asie centrale,Asia,Asie
2019,99,12886,19,25,KEN,KE,Kenya,Kenya,Eastern Africa,Afrique orientale,Africa,Afrique
2019,100,169,5,5,KGZ,KG,Kyrgyzstan,Kirghizistan,Central Asia,Sud de l'Asie centrale,Asia,Asie
2019,102,15429,68,68,KOR,KR,Rep. of Korea,R,Eastern Asia,Asie orientale,Asia,Asie
2019,104,140,7,7,KWT,KW,Kuwait,Kowe,Western Asia,Asie occidentale,Asia,Asie
2019,105,10,1,1,LAO,LA,Lao People's Dem. Rep.,R,South-eastern Asia,Asie du Sud-Est,Asia,Asie
2019,106,15,3,3,LBR,LR,Liberia,Lib,Western Africa,Afrique occidentale,Africa,Afrique
2019,107,12143,14,14,LBY,LY,Libya,Libye,Northern Africa,Afrique septentrionale,Africa,Afrique
2019,109,3610,29,41,LBN,LB,Lebanon,Liban,Western Asia,Asie occidentale,Asia,Asie
2019,110,121,4,4,LSO,LS,Lesotho,Lesotho,Southern Africa,Afrique australe,Africa,Afrique
2019,111,40,6,6,LIE,LI,Liechtenstein,Liechtenstein,Western Europe,Europe occidentale,Europe,Europe
2019,112,301,4,5,LKA,LK,Sri Lanka,Sri Lanka,Southern Asia,Sud de l'Asie centrale,Asia,Asie
2019,113,625,16,16,LTU,LT,Lithuania,Lituanie,Northern Europe,Europe septentrionale,Europe,Europe
2019,114,2195,54,54,LUX,LU,Luxembourg,Luxembourg,Western Europe,Europe occidentale,Europe,Europe
2019,115,184,21,21,LVA,LV,Latvia,Lettonie,Northern Europe,Europe septentrionale,Europe,Europe
2019,117,173,7,7,MDG,MG,Madagascar,Madagascar,Eastern Africa,Afrique orientale,Africa,Afrique
2019,119,1873,24,32,MRT,MR,Mauritania,Mauritanie,Western Africa,Afrique occidentale,Africa,Afrique
2019,120,450,13,13,MKD,MK,North Macedonia,Ex-R,Southern Europe,Europe australe,Europe,Europe
2019,122,170,16,21,MDA,MD,Rep. of Moldova,R,Eastern Europe,Europe orientale,Europe,Europe
2019,124,70363,60,60,MEX,MX,Mexico,Mexique,Central America,Am,Latin America and the Caribbean,Am
2019,126,273,11,11,MLI,ML,Mali,Mali,Western Africa,Afrique occidentale,Africa,Afrique
2019,127,27627,34,41,MYS,MY,Malaysia,Malaisie,South-eastern Asia,Asie du Sud-Est,Asia,Asie
2019,128,7605,5,7,MWI,MW,Malawi,Malawi,Eastern Africa,Afrique orientale,Africa,Afrique
2019,129,21,1,1,MNG,MN,Mongolia,Mongolie,Eastern Asia,Asie orientale,Asia,Asie
2019,130,5624,39,50,MAR,MA,Morocco,Maroc,Northern Africa,Afrique septentrionale,Africa,Afrique
2019,131,797,8,8,MOZ,MZ,Mozambique,Mozambique,Eastern Africa,Afrique orientale,Africa,Afrique
2019,132,3961,42,64,MLT,MT,Malta,Malte,Southern Europe,Europe australe,Europe,Europe
2019,133,1912,19,19,MNE,ME,Montenegro,Mont,Southern Europe,Europe australe,Europe,Europe
2019,134,15,3,3,MUS,MU,Mauritius,Maurice,Eastern Africa,Afrique orientale,Africa,Afrique
2019,136,1156,8,8,NAM,,Namibia,Namibie,Southern Africa,Afrique australe,Africa,Afrique
2019,137,59,6,7,NPL,NP,Nepal,N,Southern Asia,Sud de l'Asie centrale,Asia,Asie
2019,138,25161,97,161,NLD,NL,Netherlands (Kingdom of the),Pays-Bas,Western Europe,Europe occidentale,Europe,Europe
2019,139,43589,15,25,NER,NE,Niger,Niger,Western Africa,Afrique occidentale,Africa,Afrique
2019,141,19683,11,13,NGA,NG,Nigeria,Nig,Western Africa,Afrique occidentale,Africa,Afrique
2019,143,3607,69,132,NOR,NO,Norway,Norv,Northern Europe,Europe septentrionale,Europe,Europe
2019,145,721,35,35,NZL,NZ,New Zealand,Nouvelle-Z,Australia-New Zealand,Australie-Nouvelle-Z,Oceania,Oc
2019,147,3606,7,8,PAK,PK,Pakistan,Pakistan,Southern Asia,Sud de l'Asie centrale,Asia,Asie
2019,148,9728,12,12,PAN,PA,Panama,Panama,Central America,Am,Latin America and the Caribbean,Am
2019,149,1072,8,8,PRY,PY,Paraguay,Paraguay,South America,Am,Latin America and the Caribbean,Am
2019,150,259834,20,20,PER,PE,Peru,P,South America,Am,Latin America and the Caribbean,Am
2019,151,216,18,18,PHL,PH,Philippines,Philippines,South-eastern Asia,Asie du Sud-Est,Asia,Asie
2019,154,4198,41,68,POL,PL,Poland,Pologne,Eastern Europe,Europe orientale,Europe,Europe
2019,155,1823,51,51,PRT,PT,Portugal,Portugal,Southern Europe,Europe australe,Europe,Europe
2019,157,22,3,3,QAT,QA,Qatar,Qatar,Western Asia,Asie occidentale,Asia,Asie
2019,158,2756,48,64,ROU,RO,Romania,Roumanie,Eastern Europe,Europe orientale,Europe,Europe
2019,159,48366,52,119,ZAF,ZA,South Africa,Afrique du Sud,Southern Africa,Afrique australe,Africa,Afrique
2019,160,8091,37,51,RUS,RU,Russian Federation,F,Eastern Europe,Europe orientale,Europe,Europe
2019,161,381,8,8,RWA,RW,Rwanda,Rwanda,Eastern Africa,Afrique orientale,Africa,Afrique
2019,162,27,3,3,SLV,SV,El Salvador,El Salvador,Central America,Am,Latin America and the Caribbean,Am
2019,163,268,3,3,SAU,SA,Saudi Arabia,Arabie saoudite,Western Asia,Asie occidentale,Asia,Asie
2019,164,2318,24,24,SRB,RS,Serbia and Kosovo: S/RES/1244 (1999),Serbie,Southern Europe,Europe australe,Europe,Europe
2019,165,260,14,14,SEN,SN,Senegal,S,Western Africa,Afrique occidentale,Africa,Afrique
2019,172,2005,6,6,SOM,SO,Somalia,Somalie,Eastern Africa,Afrique orientale,Africa,Afrique
2019,173,118257,100,100,ESP,ES,Spain,Espagne,Southern Europe,Europe australe,Europe,Europe
2019,174,5,1,1,VNM,VN,Viet Nam,Viet Nam,South-eastern Asia,Asie du Sud-Est,Asia,Asie
2019,177,7087,5,9,SDN,SD,Sudan,Soudan,Northern Africa,Afrique septentrionale,Africa,Afrique
2019,178,1220,2,2,SUR,SR,Suriname,Suriname,South America,Am,Latin America and the Caribbean,Am
2019,179,1385,4,4,SSD,SS,South Sudan,,Eastern Africa,Afrique septentrionale,Africa,Afrique
2019,180,244,14,18,SVK,SK,Slovakia,Slovaquie,Eastern Europe,Europe orientale,Europe,Europe
2019,181,3869,32,55,SVN,SI,Slovenia,Slov,Southern Europe,Europe australe,Europe,Europe
2019,182,274,7,7,SWZ,SZ,Eswatini,Eswatini,Southern Africa,Afrique australe,Africa,Afrique
2019,183,36024,107,266,SWE,SE,Sweden,Su,Northern Europe,Europe septentrionale,Europe,Europe
2019,184,14215,93,127,CHE,CH,Switzerland,Suisse,Western Europe,Europe occidentale,Europe,Europe
2019,185,1569,14,18,SYR,SY,Syrian Arab Rep.,R,Western Asia,Asie occidentale,Asia,Asie
2019,186,10,2,2,TZA,TZ,United Rep. of Tanzania,R,Eastern Africa,Afrique orientale,Africa,Afrique
2019,188,962,21,29,THA,TH,Thailand,Tha,South-eastern Asia,Asie du Sud-Est,Asia,Asie
2019,189,3235,1,1,TJK,TJ,Tajikistan,Tadjikistan,Central Asia,Sud de l'Asie centrale,Asia,Asie
2019,192,117,7,7,TGO,TG,Togo,Togo,Western Africa,Afrique occidentale,Africa,Afrique
2019,194,9192,16,17,TTO,TT,Trinidad and Tobago,Trinit,Caribbean,Cara,Latin America and the Caribbean,Am
2019,195,1512,23,30,TUN,TN,Tunisia,Tunisie,Northern Africa,Afrique septentrionale,Africa,Afrique
2019,196,56417,4,4,TUR,TR,Türkiye,Türkiye,Western Asia,Asie occidentale,Asia,Asie
2019,198,1643,13,13,ARE,AE,United Arab Emirates,Emirats arabes unis,Western Asia,Asie occidentale,Asia,Asie
2019,199,33362,15,15,UGA,UG,Uganda,Ouganda,Eastern Africa,Afrique orientale,Africa,Afrique
2019,200,1587,44,71,UKR,UA,Ukraine,Ukraine,Eastern Europe,Europe orientale,Europe,Europe
2019,201,12221,27,27,URY,UY,Uruguay,Uruguay,South America,Am,Latin America and the Caribbean,Am
2019,202,315897,160,423,USA,US,United States of America,Etats-Unis d'Am,Northern America,Am,Northern America,Am
2019,207,698,1,1,VEN,VE,Venezuela (Bolivarian Republic of),Venezuela (R,South America,Am,Latin America and the Caribbean,Am
2019,211,2472,11,11,YEM,YE,Yemen,Y,Western Asia,Asie occidentale,Asia,Asie
2019,213,7861,10,10,ZMB,ZM,Zambia,Zambie,Eastern Africa,Afrique orientale,Africa,Afrique
2019,214,1843,10,10,ZWE,ZW,Zimbabwe,Zimbabwe,Eastern Africa,Afrique orientale,Africa,Afrique
2019,254,50,2,2,CUW,CW,Curacao,Cura,Caribbean,Cara,Latin America and the Caribbean,Am
2019,255,5,1,1,SXM,SX,Sint Maarten (Dutch part),Saint-Martin,Caribbean,Cara,Latin America and the Caribbean,Am
2020,2,5,1,1,AFG,AF,Afghanistan,Afghanistan,Southern Asia,Sud de l'Asie centrale,Asia,Asie
2020,3,12,2,2,ALB,AL,Albania,Albanie,Southern Europe,Europe australe,Europe,Europe
2020,4,1359,21,28,DZA,DZ,Algeria,Alg,Northern Africa,Afrique septentrionale,Africa,Afrique
2020,6,20,2,2,AGO,AO,Angola,Angola,Middle Africa,Afrique australe,Africa,Afrique
2020,8,10261,22,35,EGY,EG,Egypt,Egypte,Northern Africa,Afrique septentrionale,Africa,Afrique
2020,9,1701,24,33,ARG,AR,Argentina,Argentine,South America,Am,Latin America and the Caribbean,Am
2020,10,196,11,11,ARM,AM,Armenia,Arm,Western Asia,Asie occidentale,Asia,Asie
2020,11,33377,93,152,AUS,AU,Australia,Australie,Australia-New Zealand,Australie-Nouvelle-Z,Oceania,Oc
2020,12,14741,61,61,AUT,AT,Austria,Autriche,Western Europe,Europe occidentale,Europe,Europe
2020,13,583,7,8,AZE,AZ,Azerbaijan,Azerba,Western Asia,Asie occidentale,Asia,Asie
2020,16,5597,3,3,BDI,BI,Burundi,Burundi,Eastern Africa,Afrique orientale,Africa,Afrique
2020,17,16881,92,156,BEL,BE,Belgium,Belgique,Western Europe,Europe occidentale,Europe,Europe
2020,18,97,10,10,BEN,BJ,Benin,B,Western Africa,Afrique occidentale,Africa,Afrique
2020,20,13,2,2,BGD,BD,Bangladesh,Bangladesh,Southern Asia,Sud de l'Asie centrale,Asia,Asie
2020,21,6,1,1,BHS,BS,Bahamas,Bahamas,Caribbean,Cara,Latin America and the Caribbean,Am
2020,23,27,3,3,BFA,BF,Burkina Faso,Burkina Faso,Western Africa,Afrique occidentale,Africa,Afrique
2020,24,599,18,21,BLR,BY,Belarus,B,Eastern Europe,Europe orientale,Europe,Europe
2020,25,901,6,6,BOL,BO,Bolivia (Plurinational State of),Bolivie,South America,Am,Latin America and the Caribbean,Am
2020,26,334,3,3,BWA,BW,Botswana,Botswana,Southern Africa,Afrique australe,Africa,Afrique
2020,27,22146,76,76,BRA,BR,Brazil,Br,South America,Am,Latin America and the Caribbean,Am
2020,29,258,14,17,BIH,BA,Bosnia and Herzegovina,Bosnie-Herz,Southern Europe,Europe australe,Europe,Europe
2020,30,3519,25,25,BGR,BG,Bulgaria,Bulgarie,Eastern Europe,Europe orientale,Europe,Europe
2020,31,117,4,4,BLZ,BZ,Belize,Belize,Central America,Am,Latin America and the Caribbean,Am
2020,33,25974,92,158,CAN,CA,Canada,Canada,Northern America,Am,Northern America,Am
2020,34,5,1,1,CAF,CF,Central African Rep.,R,Middle Africa,Afrique australe,Africa,Afrique
2020,35,20,1,1,CYM,KY,Cayman Islands,Iles Ca,Caribbean,Cara,Latin America and the Caribbean,Am
2020,36,1002,9,9,TCD,TD,Chad,Tchad,Middle Africa,Afrique australe,Africa,Afrique
2020,37,427,14,21,CHN,CN,China,Chine,Eastern Asia,Asie orientale,Asia,Asie
2020,38,1675,4,4,CHL,CL,Chile,Chili,South America,Am,Latin America and the Caribbean,Am
2020,39,1615,12,20,CMR,CM,Cameroon,Cameroun,Middle Africa,Afrique australe,Africa,Afrique
2020,40,293,4,4,COG,CG,Congo,Congo,Middle Africa,Afrique australe,Africa,Afrique
2020,41,40,7,7,COD,CD,Dem. Rep. of the Congo,R,Middle Africa,Afrique australe,Africa,Afrique
2020,42,14,1,1,COM,KM,Comoros,Comores,Eastern Africa,Afrique orientale,Africa,Afrique
2020,44,11920,6,6,COL,CO,Colombia,Colombie,South America,Am,Latin America and the Caribbean,Am
2020,45,22307,23,30,CRI,CR,Costa Rica,Costa Rica,Central America,Am,Latin America and the Caribbean,Am
2020,48,8090,42,48,CYP,CY,Cyprus,Chypre,Western Asia,Asie occidentale,Asia,Asie
2020,49,1897,34,54,CZE,CZ,Czechia,R,Eastern Europe,Europe orientale,Europe,Europe
2020,50,2034,56,87,DNK,DK,Denmark,Danemark,Northern Europe,Europe septentrionale,Europe,Europe
2020,51,301,4,4,DJI,DJ,Djibouti,Djibouti,Eastern Africa,Afrique orientale,Africa,Afrique
2020,53,103,4,4,DOM,DO,Dominican Rep.,R,Caribbean,Cara,Latin America and the Caribbean,Am
2020,54,6244,15,15,ECU,EC,Ecuador,Equateur,South America,Am,Latin America and the Caribbean,Am
2020,57,40,6,6,EST,EE,Estonia,Estonie,Northern Europe,Europe septentrionale,Europe,Europe
2020,58,295,9,9,ETH,ET,Ethiopia,Ethiopie,Eastern Africa,Afrique orientale,Africa,Afrique
2020,61,3141,48,69,FIN,FI,Finland,Finlande,Northern Europe,Europe septentrionale,Europe,Europe
2020,64,142394,105,331,FRA,FR,France,France,Western Europe,Europe occidentale,Europe,Europe
2020,70,41034,128,237,GBR,GB,United Kingdom of Great Britain and Northern Ireland,Royaume-Uni,Northern Europe,Europe septentrionale,Europe,Europe
2020,71,844,27,27,GEO,GE,Georgia,G,Western Asia,Asie occidentale,Asia,Asie
2020,72,122136,117,189,DEU,DE,Germany,Allemagne,Western Europe,Europe occidentale,Europe,Europe
2020,73,787,15,15,GHA,GH,Ghana,Ghana,Western Africa,Afrique occidentale,Africa,Afrique
2020,76,53431,68,158,GRC,GR,Greece,Gr,Southern Europe,Europe australe,Europe,Europe
2020,78,480,7,7,GTM,GT,Guatemala,Guatemala,Central America,Am,Latin America and the Caribbean,Am
2020,79,2801,8,8,GIN,GN,Guinea,Guin,Western Africa,Afrique occidentale,Africa,Afrique
2020,80,26,2,2,GUY,GY,Guyana,Guyana,South America,Am,Latin America and the Caribbean,Am
2020,83,74,5,5,HND,HN,Honduras,Honduras,Central America,Am,Latin America and the Caribbean,Am
2020,84,1678,26,37,HRV,HR,Croatia,Croatie,Southern Europe,Europe australe,Europe,Europe
2020,85,107,8,10,HUN,HU,Hungary,Hongrie,Eastern Europe,Europe orientale,Europe,Europe
2020,86,1018,38,55,ISL,IS,Iceland,Islande,Northern Europe,Europe septentrionale,Europe,Europe
2020,87,138,9,9,CIV,CI,Cote d'Ivoire,C,Western Africa,Afrique occidentale,Africa,Afrique
2020,88,2719,25,29,IND,IN,India,Inde,Southern Asia,Sud de l'Asie centrale,Asia,Asie
2020,89,634,20,23,IDN,ID,Indonesia,Indon,South-eastern Asia,Asie du Sud-Est,Asia,Asie
2020,90,2685,60,92,IRL,IE,Ireland,Irlande,Northern Europe,Europe septentrionale,Europe,Europe
2020,92,502,9,9,IRQ,IQ,Iraq,Iraq,Western Asia,Asie occidentale,Asia,Asie
2020,93,1886,37,37,ISR,IL,Israel,Isra,Western Asia,Asie occidentale,Asia,Asie
2020,94,26561,85,120,ITA,IT,Italy,Italie,Southern Europe,Europe australe,Europe,Europe
2020,96,872,8,12,JOR,JO,Jordan,Jordanie,Western Asia,Asie occidentale,Asia,Asie
2020,97,6509,1,2,JPN,JP,Japan,Japon,Eastern Asia,Asie orientale,Asia,Asie
2020,98,144,1,2,KAZ,KZ,Kazakhstan,Kazakhstan,Central Asia,Sud de l'Asie centrale,Asia,Asie
2020,99,5543,14,15,KEN,KE,Kenya,Kenya,Eastern Africa,Afrique orientale,Africa,Afrique
2020,100,316,3,3,KGZ,KG,Kyrgyzstan,Kirghizistan,Central Asia,Sud de l'Asie centrale,Asia,Asie
2020,102,6666,62,62,KOR,KR,Rep. of Korea,R,Eastern Asia,Asie orientale,Asia,Asie
2020,104,34,3,3,KWT,KW,Kuwait,Kowe,Western Asia,Asie occidentale,Asia,Asie
2020,106,10683,5,5,LBR,LR,Liberia,Lib,Western Africa,Afrique occidentale,Africa,Afrique
2020,107,8084,19,19,LBY,LY,Libya,Libye,Northern Africa,Afrique septentrionale,Africa,Afrique
2020,109,2001,25,34,LBN,LB,Lebanon,Liban,Western Asia,Asie occidentale,Asia,Asie
2020,110,174,5,5,LSO,LS,Lesotho,Lesotho,Southern Africa,Afrique australe,Africa,Afrique
2020,111,31,6,6,LIE,LI,Liechtenstein,Liechtenstein,Western Europe,Europe occidentale,Europe,Europe
2020,112,86,3,4,LKA,LK,Sri Lanka,Sri Lanka,Southern Asia,Sud de l'Asie centrale,Asia,Asie
2020,113,310,13,13,LTU,LT,Lithuania,Lituanie,Northern Europe,Europe septentrionale,Europe,Europe
2020,114,1245,40,59,LUX,LU,Luxembourg,Luxembourg,Western Europe,Europe occidentale,Europe,Europe
2020,115,145,16,16,LVA,LV,Latvia,Lettonie,Northern Europe,Europe septentrionale,Europe,Europe
2020,117,71,3,3,MDG,MG,Madagascar,Madagascar,Eastern Africa,Afrique orientale,Africa,Afrique
2020,119,2493,23,33,MRT,MR,Mauritania,Mauritanie,Western Africa,Afrique occidentale,Africa,Afrique
2020,120,151,6,6,MKD,MK,North Macedonia,Ex-R,Southern Europe,Europe australe,Europe,Europe
2020,122,110,7,12,MDA,MD,Rep. of Moldova,R,Eastern Europe,Europe orientale,Europe,Europe
2020,124,41204,59,59,MEX,MX,Mexico,Mexique,Central America,Am,Latin America and the Caribbean,Am
2020,126,41,3,3,MLI,ML,Mali,Mali,Western Africa,Afrique occidentale,Africa,Afrique
2020,127,6432,19,20,MYS,MY,Malaysia,Malaisie,South-eastern Asia,Asie du Sud-Est,Asia,Asie
2020,128,3278,5,8,MWI,MW,Malawi,Malawi,Eastern Africa,Afrique orientale,Africa,Afrique
2020,130,4926,38,47,MAR,MA,Morocco,Maroc,Northern Africa,Afrique septentrionale,Africa,Afrique
2020,131,1457,6,6,MOZ,MZ,Mozambique,Mozambique,Eastern Africa,Afrique orientale,Africa,Afrique
2020,132,2395,36,36,MLT,MT,Malta,Malte,Southern Europe,Europe australe,Europe,Europe
2020,133,538,15,15,MNE,ME,Montenegro,Mont,Southern Europe,Europe australe,Europe,Europe
2020,136,576,3,3,NAM,,Namibia,Namibie,Southern Africa,Afrique australe,Africa,Afrique
2020,137,25,2,2,NPL,NP,Nepal,N,Southern Asia,Sud de l'Asie centrale,Asia,Asie
2020,138,15225,94,148,NLD,NL,Netherlands (Kingdom of the),Pays-Bas,Western Europe,Europe occidentale,Europe,Europe
2020,139,1557,16,31,NER,NE,Niger,Niger,Western Africa,Afrique occidentale,Africa,Afrique
2020,141,2336,15,15,NGA,NG,Nigeria,Nig,Western Africa,Afrique occidentale,Africa,Afrique
2020,143,2419,52,94,NOR,NO,Norway,Norv,Northern Europe,Europe septentrionale,Europe,Europe
2020,145,587,26,26,NZL,NZ,New Zealand,Nouvelle-Z,Australia-New Zealand,Australie-Nouvelle-Z,Oceania,Oc
2020,147,1300,4,4,PAK,PK,Pakistan,Pakistan,Southern Asia,Sud de l'Asie centrale,Asia,Asie
2020,148,648,8,8,PAN,PA,Panama,Panama,Central America,Am,Latin America and the Caribbean,Am
2020,149,1439,6,6,PRY,PY,Paraguay,Paraguay,South America,Am,Latin America and the Caribbean,Am
2020,150,52529,20,20,PER,PE,Peru,P,South America,Am,Latin America and the Caribbean,Am
2020,151,199,23,23,PHL,PH,Philippines,Philippines,South-eastern Asia,Asie du Sud-Est,Asia,Asie
2020,154,3446,45,69,POL,PL,Poland,Pologne,Eastern Europe,Europe orientale,Europe,Europe
2020,155,988,39,39,PRT,PT,Portugal,Portugal,Southern Europe,Europe australe,Europe,Europe
2020,158,6240,42,54,ROU,RO,Romania,Roumanie,Eastern Europe,Europe orientale,Europe,Europe
2020,159,3074,28,44,ZAF,ZA,South Africa,Afrique du Sud,Southern Africa,Afrique australe,Africa,Afrique
2020,160,6981,39,53,RUS,RU,Russian Federation,F,Eastern Europe,Europe orientale,Europe,Europe
2020,161,204,5,5,RWA,RW,Rwanda,Rwanda,Eastern Africa,Afrique orientale,Africa,Afrique
2020,162,32,4,4,SLV,SV,El Salvador,El Salvador,Central America,Am,Latin America and the Caribbean,Am
2020,163,1037,6,6,SAU,SA,Saudi Arabia,Arabie saoudite,Western Asia,Asie occidentale,Asia,Asie
2020,164,1539,21,21,SRB,RS,Serbia and Kosovo: S/RES/1244 (1999),Serbie,Southern Europe,Europe australe,Europe,Europe
2020,165,125,10,10,SEN,SN,Senegal,S,Western Africa,Afrique occidentale,Africa,Afrique
2020,172,1892,3,3,SOM,SO,Somalia,Somalie,Eastern Africa,Afrique orientale,Africa,Afrique
2020,173,88746,89,89,ESP,ES,Spain,Espagne,Southern Europe,Europe australe,Europe,Europe
2020,177,9267,5,6,SDN,SD,Sudan,Soudan,Northern Africa,Afrique septentrionale,Africa,Afrique
2020,178,759,2,2,SUR,SR,Suriname,Suriname,South America,Am,Latin America and the Caribbean,Am
2020,179,270,3,3,SSD,SS,South Sudan,,Eastern Africa,Afrique septentrionale,Africa,Afrique
2020,180,268,15,16,SVK,SK,Slovakia,Slovaquie,Eastern Europe,Europe orientale,Europe,Europe
2020,181,3561,26,36,SVN,SI,Slovenia,Slov,Southern Europe,Europe australe,Europe,Europe
2020,182,147,7,7,SWZ,SZ,Eswatini,Eswatini,Southern Africa,Afrique australe,Africa,Afrique
2020,183,26687,107,260,SWE,SE,Sweden,Su,Northern Europe,Europe septentrionale,Europe,Europe
2020,184,11004,83,119,CHE,CH,Switzerland,Suisse,Western Europe,Europe occidentale,Europe,Europe
2020,185,168,7,9,SYR,SY,Syrian Arab Rep.,R,Western Asia,Asie occidentale,Asia,Asie
2020,186,756,7,7,TZA,TZ,United Rep. of Tanzania,R,Eastern Africa,Afrique orientale,Africa,Afrique
2020,187,16,1,1,TCA,TC,Turks and Caicos Islands,Iles Turques et Caiques,Caribbean,Cara,Latin America and the Caribbean,Am
2020,188,569,16,23,THA,TH,Thailand,Tha,South-eastern Asia,Asie du Sud-Est,Asia,Asie
2020,189,1090,1,1,TJK,TJ,Tajikistan,Tadjikistan,Central Asia,Sud de l'Asie centrale,Asia,Asie
2020,192,289,13,18,TGO,TG,Togo,Togo,Western Africa,Afrique occidentale,Africa,Afrique
2020,194,3560,11,11,TTO,TT,Trinidad and Tobago,Trinit,Caribbean,Cara,Latin America and the Caribbean,Am
2020,195,2637,33,38,TUN,TN,Tunisia,Tunisie,Northern Africa,Afrique septentrionale,Africa,Afrique
2020,196,31334,4,4,TUR,TR,Türkiye,Türkiye,Western Asia,Asie occidentale,Asia,Asie
2020,198,98,2,2,ARE,AE,United Arab Emirates,Emirats arabes unis,Western Asia,Asie occidentale,Asia,Asie
2020,199,23775,11,11,UGA,UG,Uganda,Ouganda,Eastern Africa,Afrique orientale,Africa,Afrique
2020,200,983,39,59,UKR,UA,Ukraine,Ukraine,Eastern Europe,Europe orientale,Europe,Europe
2020,201,2932,19,19,URY,UY,Uruguay,Uruguay,South America,Am,Latin America and the Caribbean,Am
2020,202,238320,148,387,USA,US,United States of America,Etats-Unis d'Am,Northern America,Am,Northern America,Am
2020,207,627,2,2,VEN,VE,Venezuela (Bolivarian Republic of),Venezuela (R,South America,Am,Latin America and the Caribbean,Am
2020,211,755,3,4,YEM,YE,Yemen,Y,Western Asia,Asie occidentale,Asia,Asie
2020,213,7657,13,13,ZMB,ZM,Zambia,Zambie,Eastern Africa,Afrique orientale,Africa,Afrique
2020,214,832,5,5,ZWE,ZW,Zimbabwe,Zimbabwe,Eastern Africa,Afrique orientale,Africa,Afrique
2020,254,5,1,1,CUW,CW,Curacao,Cura,Caribbean,Cara,Latin America and the Caribbean,Am
2020,255,8,1,1,SXM,SX,Sint Maarten (Dutch part),Saint-Martin,Caribbean,Cara,Latin America and the Caribbean,Am
2021,2,84,2,2,AFG,AF,Afghanistan,Afghanistan,Southern Asia,Sud de l'Asie centrale,Asia,Asie
2021,3,15,2,2,ALB,AL,Albania,Albanie,Southern Europe,Europe australe,Europe,Europe
2021,4,1359,21,28,DZA,DZ,Algeria,Alg,Northern Africa,Afrique septentrionale,Africa,Afrique
2021,6,6,1,1,AGO,AO,Angola,Angola,Middle Africa,Afrique australe,Africa,Afrique
2021,8,13950,28,41,EGY,EG,Egypt,Egypte,Northern Africa,Afrique septentrionale,Africa,Afrique
2021,9,2361,24,33,ARG,AR,Argentina,Argentine,South America,Am,Latin America and the Caribbean,Am
2021,10,297,13,16,ARM,AM,Armenia,Arm,Western Asia,Asie occidentale,Asia,Asie
2021,11,28326,76,105,AUS,AU,Australia,Australie,Australia-New Zealand,Australie-Nouvelle-Z,Oceania,Oc
2021,12,39905,74,74,AUT,AT,Austria,Autriche,Western Europe,Europe occidentale,Europe,Europe
2021,13,213,4,6,AZE,AZ,Azerbaijan,Azerba,Western Asia,Asie occidentale,Asia,Asie
2021,14,5,1,1,BHR,BH,Bahrain,Bahre,Western Asia,Asie occidentale,Asia,Asie
2021,16,210,2,2,BDI,BI,Burundi,Burundi,Eastern Africa,Afrique orientale,Africa,Afrique
2021,17,24470,83,132,BEL,BE,Belgium,Belgique,Western Europe,Europe occidentale,Europe,Europe
2021,18,287,9,9,BEN,BJ,Benin,B,Western Africa,Afrique occidentale,Africa,Afrique
2021,20,31,2,2,BGD,BD,Bangladesh,Bangladesh,Southern Asia,Sud de l'Asie centrale,Asia,Asie
2021,23,9420,3,3,BFA,BF,Burkina Faso,Burkina Faso,Western Africa,Afrique occidentale,Africa,Afrique
2021,24,505,22,27,BLR,BY,Belarus,B,Eastern Europe,Europe orientale,Europe,Europe
2021,25,46,3,3,BOL,BO,Bolivia (Plurinational State of),Bolivie,South America,Am,Latin America and the Caribbean,Am
2021,26,281,4,6,BWA,BW,Botswana,Botswana,Southern Africa,Afrique australe,Africa,Afrique
2021,27,7754,64,64,BRA,BR,Brazil,Br,South America,Am,Latin America and the Caribbean,Am
2021,29,202,12,16,BIH,BA,Bosnia and Herzegovina,Bosnie-Herz,Southern Europe,Europe australe,Europe,Europe
2021,30,10987,28,28,BGR,BG,Bulgaria,Bulgarie,Eastern Europe,Europe orientale,Europe,Europe
2021,31,38,2,2,BLZ,BZ,Belize,Belize,Central America,Am,Latin America and the Caribbean,Am
2021,33,35839,144,337,CAN,CA,Canada,Canada,Northern America,Am,Northern America,Am
2021,34,614,7,7,CAF,CF,Central African Rep.,R,Middle Africa,Afrique australe,Africa,Afrique
2021,35,13,1,1,CYM,KY,Cayman Islands,Iles Ca,Caribbean,Cara,Latin America and the Caribbean,Am
2021,36,313,7,7,TCD,TD,Chad,Tchad,Middle Africa,Afrique australe,Africa,Afrique
2021,37,422,17,25,CHN,CN,China,Chine,Eastern Asia,Asie orientale,Asia,Asie
2021,38,2498,8,8,CHL,CL,Chile,Chili,South America,Am,Latin America and the Caribbean,Am
2021,39,3720,13,19,CMR,CM,Cameroon,Cameroun,Middle Africa,Afrique australe,Africa,Afrique
2021,40,298,8,8,COG,CG,Congo,Congo,Middle Africa,Afrique australe,Africa,Afrique
2021,41,45885,7,7,COD,CD,Dem. Rep. of the Congo,R,Middle Africa,Afrique australe,Africa,Afrique
2021,42,35,2,2,COM,KM,Comoros,Comores,Eastern Africa,Afrique orientale,Africa,Afrique
2021,44,15939,5,5,COL,CO,Colombia,Colombie,South America,Am,Latin America and the Caribbean,Am
2021,45,109686,37,55,CRI,CR,Costa Rica,Costa Rica,Central America,Am,Latin America and the Caribbean,Am
2021,46,7,1,1,CUB,CU,Cuba,Cuba,Caribbean,Cara,Latin America and the Caribbean,Am
2021,48,22791,50,93,CYP,CY,Cyprus,Chypre,Western Asia,Asie occidentale,Asia,Asie
2021,49,1943,37,57,CZE,CZ,Czechia,R,Eastern Europe,Europe orientale,Europe,Europe
2021,50,2591,52,81,DNK,DK,Denmark,Danemark,Northern Europe,Europe septentrionale,Europe,Europe
2021,51,1575,5,5,DJI,DJ,Djibouti,Djibouti,Eastern Africa,Afrique orientale,Africa,Afrique
2021,53,22,3,3,DOM,DO,Dominican Rep.,R,Caribbean,Cara,Latin America and the Caribbean,Am
2021,54,8518,13,13,ECU,EC,Ecuador,Equateur,South America,Am,Latin America and the Caribbean,Am
2021,57,67,8,8,EST,EE,Estonia,Estonie,Northern Europe,Europe septentrionale,Europe,Europe
2021,58,475,11,11,ETH,ET,Ethiopia,Ethiopie,Eastern Africa,Afrique orientale,Africa,Afrique
2021,61,2496,49,72,FIN,FI,Finland,Finlande,Northern Europe,Europe septentrionale,Europe,Europe
2021,64,171323,122,381,FRA,FR,France,France,Western Europe,Europe occidentale,Europe,Europe
2021,70,60950,118,220,GBR,GB,United Kingdom of Great Britain and Northern Ireland,Royaume-Uni,Northern Europe,Europe septentrionale,Europe,Europe
2021,71,719,28,28,GEO,GE,Georgia,G,Western Asia,Asie occidentale,Asia,Asie
2021,72,253688,124,299,DEU,DE,Germany,Allemagne,Western Europe,Europe occidentale,Europe,Europe
2021,73,753,15,15,GHA,GH,Ghana,Ghana,Western Africa,Afrique occidentale,Africa,Afrique
2021,76,45781,74,169,GRC,GR,Greece,Gr,Southern Europe,Europe australe,Europe,Europe
2021,78,1046,8,8,GTM,GT,Guatemala,Guatemala,Central America,Am,Latin America and the Caribbean,Am
2021,79,160,4,4,GIN,GN,Guinea,Guin,Western Africa,Afrique occidentale,Africa,Afrique
2021,80,48,2,2,GUY,GY,Guyana,Guyana,South America,Am,Latin America and the Caribbean,Am
2021,83,105,6,6,HND,HN,Honduras,Honduras,Central America,Am,Latin America and the Caribbean,Am
2021,84,2539,24,35,HRV,HR,Croatia,Croatie,Southern Europe,Europe australe,Europe,Europe
2021,85,30,4,4,HUN,HU,Hungary,Hongrie,Eastern Europe,Europe orientale,Europe,Europe
2021,86,1409,31,45,ISL,IS,Iceland,Islande,Northern Europe,Europe septentrionale,Europe,Europe
2021,87,2175,7,7,CIV,CI,Cote d'Ivoire,C,Western Africa,Afrique occidentale,Africa,Afrique
2021,88,6162,23,34,IND,IN,India,Inde,Southern Asia,Sud de l'Asie centrale,Asia,Asie
2021,89,38,4,6,IDN,ID,Indonesia,Indon,South-eastern Asia,Asie du Sud-Est,Asia,Asie
2021,90,3320,60,87,IRL,IE,Ireland,Irlande,Northern Europe,Europe septentrionale,Europe,Europe
2021,92,45,3,3,IRQ,IQ,Iraq,Iraq,Western Asia,Asie occidentale,Asia,Asie
2021,93,1927,31,31,ISR,IL,Israel,Isra,Western Asia,Asie occidentale,Asia,Asie
2021,94,53105,93,141,ITA,IT,Italy,Italie,Southern Europe,Europe australe,Europe,Europe
2021,96,309,6,9,JOR,JO,Jordan,Jordanie,Western Asia,Asie occidentale,Asia,Asie
2021,97,6459,1,2,JPN,JP,Japan,Japon,Eastern Asia,Asie orientale,Asia,Asie
2021,98,224,2,3,KAZ,KZ,Kazakhstan,Kazakhstan,Central Asia,Sud de l'Asie centrale,Asia,Asie
2021,99,11602,14,16,KEN,KE,Kenya,Kenya,Eastern Africa,Afrique orientale,Africa,Afrique
2021,100,631,7,7,KGZ,KG,Kyrgyzstan,Kirghizistan,Central Asia,Sud de l'Asie centrale,Asia,Asie
2021,102,2328,54,54,KOR,KR,Rep. of Korea,R,Eastern Asia,Asie orientale,Asia,Asie
2021,104,100,5,5,KWT,KW,Kuwait,Kowe,Western Asia,Asie occidentale,Asia,Asie
2021,106,15,3,3,LBR,LR,Liberia,Lib,Western Africa,Afrique occidentale,Africa,Afrique
2021,107,14257,14,14,LBY,LY,Libya,Libye,Northern Africa,Afrique septentrionale,Africa,Afrique
2021,109,1141,21,28,LBN,LB,Lebanon,Liban,Western Asia,Asie occidentale,Asia,Asie
2021,110,67,5,5,LSO,LS,Lesotho,Lesotho,Southern Africa,Afrique australe,Africa,Afrique
2021,111,78,11,11,LIE,LI,Liechtenstein,Liechtenstein,Western Europe,Europe occidentale,Europe,Europe
2021,112,68,5,6,LKA,LK,Sri Lanka,Sri Lanka,Southern Asia,Sud de l'Asie centrale,Asia,Asie
2021,113,310,13,13,LTU,LT,Lithuania,Lituanie,Northern Europe,Europe septentrionale,Europe,Europe
2021,114,1360,34,39,LUX,LU,Luxembourg,Luxembourg,Western Europe,Europe occidentale,Europe,Europe
2021,115,589,18,18,LVA,LV,Latvia,Lettonie,Northern Europe,Europe septentrionale,Europe,Europe
2021,119,5166,24,36,MRT,MR,Mauritania,Mauritanie,Western Africa,Afrique occidentale,Africa,Afrique
2021,120,91,11,11,MKD,MK,North Macedonia,Ex-R,Southern Europe,Europe australe,Europe,Europe
2021,122,80,8,11,MDA,MD,Rep. of Moldova,R,Eastern Europe,Europe orientale,Europe,Europe
2021,124,131418,76,76,MEX,MX,Mexico,Mexique,Central America,Am,Latin America and the Caribbean,Am
2021,126,92,6,6,MLI,ML,Mali,Mali,Western Africa,Afrique occidentale,Africa,Afrique
2021,127,17796,19,21,MYS,MY,Malaysia,Malaisie,South-eastern Asia,Asie du Sud-Est,Asia,Asie
2021,128,4559,8,8,MWI,MW,Malawi,Malawi,Eastern Africa,Afrique orientale,Africa,Afrique
2021,130,5289,30,39,MAR,MA,Morocco,Maroc,Northern Africa,Afrique septentrionale,Africa,Afrique
2021,131,1941,7,7,MOZ,MZ,Mozambique,Mozambique,Eastern Africa,Afrique orientale,Africa,Afrique
2021,132,1848,35,60,MLT,MT,Malta,Malte,Southern Europe,Europe australe,Europe,Europe
2021,133,270,12,12,MNE,ME,Montenegro,Mont,Southern Europe,Europe australe,Europe,Europe
2021,136,834,5,5,NAM,,Namibia,Namibie,Southern Africa,Afrique australe,Africa,Afrique
2021,137,9,1,1,NPL,NP,Nepal,N,Southern Asia,Sud de l'Asie centrale,Asia,Asie
2021,138,26507,99,152,NLD,NL,Netherlands (Kingdom of the),Pays-Bas,Western Europe,Europe occidentale,Europe,Europe
2021,139,13966,17,26,NER,NE,Niger,Niger,Western Africa,Afrique occidentale,Africa,Afrique
2021,141,1188,15,15,NGA,NG,Nigeria,Nig,Western Africa,Afrique occidentale,Africa,Afrique
2021,143,2446,50,85,NOR,NO,Norway,Norv,Northern Europe,Europe septentrionale,Europe,Europe
2021,145,569,26,26,NZL,NZ,New Zealand,Nouvelle-Z,Australia-New Zealand,Australie-Nouvelle-Z,Oceania,Oc
2021,147,3666,6,7,PAK,PK,Pakistan,Pakistan,Southern Asia,Sud de l'Asie centrale,Asia,Asie
2021,148,328,8,8,PAN,PA,Panama,Panama,Central America,Am,Latin America and the Caribbean,Am
2021,149,2207,12,12,PRY,PY,Paraguay,Paraguay,South America,Am,Latin America and the Caribbean,Am
2021,150,1516,7,7,PER,PE,Peru,P,South America,Am,Latin America and the Caribbean,Am
2021,151,206,20,20,PHL,PH,Philippines,Philippines,South-eastern Asia,Asie du Sud-Est,Asia,Asie
2021,153,27,1,1,PNG,PG,Papua New Guinea,Papouasie-Nouvelle-Guin,Melanesia,M,Oceania,Oc
2021,154,8792,43,89,POL,PL,Poland,Pologne,Eastern Europe,Europe orientale,Europe,Europe
2021,155,1533,44,44,PRT,PT,Portugal,Portugal,Southern Europe,Europe australe,Europe,Europe
2021,157,5,1,1,QAT,QA,Qatar,Qatar,Western Asia,Asie occidentale,Asia,Asie
2021,158,9773,36,46,ROU,RO,Romania,Roumanie,Eastern Europe,Europe orientale,Europe,Europe
2021,160,4824,33,43,RUS,RU,Russian Federation,F,Eastern Europe,Europe orientale,Europe,Europe
2021,161,408,7,7,RWA,RW,Rwanda,Rwanda,Eastern Africa,Afrique orientale,Africa,Afrique
2021,162,81,7,7,SLV,SV,El Salvador,El Salvador,Central America,Am,Latin America and the Caribbean,Am
2021,163,47,2,2,SAU,SA,Saudi Arabia,Arabie saoudite,Western Asia,Asie occidentale,Asia,Asie
2021,164,750,24,26,SRB,RS,Serbia and Kosovo: S/RES/1244 (1999),Serbie,Southern Europe,Europe australe,Europe,Europe
2021,165,207,10,10,SEN,SN,Senegal,S,Western Africa,Afrique occidentale,Africa,Afrique
2021,172,3174,4,4,SOM,SO,Somalia,Somalie,Eastern Africa,Afrique orientale,Africa,Afrique
2021,173,65384,95,95,ESP,ES,Spain,Espagne,Southern Europe,Europe australe,Europe,Europe
2021,177,12502,9,9,SDN,SD,Sudan,Soudan,Northern Africa,Afrique septentrionale,Africa,Afrique
2021,178,520,3,3,SUR,SR,Suriname,Suriname,South America,Am,Latin America and the Caribbean,Am
2021,179,836,5,5,SSD,SS,South Sudan,,Eastern Africa,Afrique septentrionale,Africa,Afrique
2021,180,396,17,23,SVK,SK,Slovakia,Slovaquie,Eastern Europe,Europe orientale,Europe,Europe
2021,181,5279,40,46,SVN,SI,Slovenia,Slov,Southern Europe,Europe australe,Europe,Europe
2021,182,262,9,9,SWZ,SZ,Eswatini,Eswatini,Southern Africa,Afrique australe,Africa,Afrique
2021,183,19998,98,241,SWE,SE,Sweden,Su,Northern Europe,Europe septentrionale,Europe,Europe
2021,184,14885,79,121,CHE,CH,Switzerland,Suisse,Western Europe,Europe occidentale,Europe,Europe
2021,185,57,5,5,SYR,SY,Syrian Arab Rep.,R,Western Asia,Asie occidentale,Asia,Asie
2021,186,676,2,2,TZA,TZ,United Rep. of Tanzania,R,Eastern Africa,Afrique orientale,Africa,Afrique
2021,188,591,17,27,THA,TH,Thailand,Tha,South-eastern Asia,Asie du Sud-Est,Asia,Asie
2021,189,6372,1,1,TJK,TJ,Tajikistan,Tadjikistan,Central Asia,Sud de l'Asie centrale,Asia,Asie
2021,192,257,13,17,TGO,TG,Togo,Togo,Western Africa,Afrique occidentale,Africa,Afrique
2021,194,2228,8,9,TTO,TT,Trinidad and Tobago,Trinit,Caribbean,Cara,Latin America and the Caribbean,Am
2021,195,3539,33,42,TUN,TN,Tunisia,Tunisie,Northern Africa,Afrique septentrionale,Africa,Afrique
2021,196,29256,4,4,TUR,TR,Türkiye,Türkiye,Western Asia,Asie occidentale,Asia,Asie
2021,198,103,7,7,ARE,AE,United Arab Emirates,Emirats arabes unis,Western Asia,Asie occidentale,Asia,Asie
2021,199,42361,12,17,UGA,UG,Uganda,Ouganda,Eastern Africa,Afrique orientale,Africa,Afrique
2021,200,1368,38,54,UKR,UA,Ukraine,Ukraine,Eastern Europe,Europe orientale,Europe,Europe
2021,201,3455,17,17,URY,UY,Uruguay,Uruguay,South America,Am,Latin America and the Caribbean,Am
2021,202,210488,155,392,USA,US,United States of America,Etats-Unis d'Am,Northern America,Am,Northern America,Am
2021,204,5,1,1,VUT,VU,Vanuatu,Vanuatu,Melanesia,M,Oceania,Oc
2021,207,287,2,2,VEN,VE,Venezuela (Bolivarian Republic of),Venezuela (R,South America,Am,Latin America and the Caribbean,Am
2021,211,2266,5,6,YEM,YE,Yemen,Y,Western Asia,Asie occidentale,Asia,Asie
2021,213,8402,13,13,ZMB,ZM,Zambia,Zambie,Eastern Africa,Afrique orientale,Africa,Afrique
2021,214,113,6,6,ZWE,ZW,Zimbabwe,Zimbabwe,Eastern Africa,Afrique orientale,Africa,Afrique
2022,2,9,1,1,AFG,AF,Afghanistan,Afghanistan,Southern Asia,Sud de l'Asie centrale,Asia,Asie
2022,3,29,4,4,ALB,AL,Albania,Albanie,Southern Europe,Europe australe,Europe,Europe
2022,4,3518,25,42,DZA,DZ,Algeria,Alg,Northern Africa,Afrique septentrionale,Africa,Afrique
2022,8,34644,29,41,EGY,EG,Egypt,Egypte,Northern Africa,Afrique septentrionale,Africa,Afrique
2022,9,1002,29,41,ARG,AR,Argentina,Argentine,South America,Am,Latin America and the Caribbean,Am
2022,10,965,18,18,ARM,AM,Armenia,Arm,Western Asia,Asie occidentale,Asia,Asie
2022,11,30918,105,164,AUS,AU,Australia,Australie,Australia-New Zealand,Australie-Nouvelle-Z,Oceania,Oc
2022,12,109773,78,78,AUT,AT,Austria,Autriche,Western Europe,Europe occidentale,Europe,Europe
2022,13,297,7,7,AZE,AZ,Azerbaijan,Azerba,Western Asia,Asie occidentale,Asia,Asie
2022,16,3030,4,5,BDI,BI,Burundi,Burundi,Eastern Africa,Afrique orientale,Africa,Afrique
2022,17,43712,111,256,BEL,BE,Belgium,Belgique,Western Europe,Europe occidentale,Europe,Europe
2022,18,1156,12,12,BEN,BJ,Benin,B,Western Africa,Afrique occidentale,Africa,Afrique
2022,20,10,2,2,BGD,BD,Bangladesh,Bangladesh,Southern Asia,Sud de l'Asie centrale,Asia,Asie
2022,21,31,5,5,BHS,BS,Bahamas,Bahamas,Caribbean,Cara,Latin America and the Caribbean,Am
2022,23,2828,9,9,BFA,BF,Burkina Faso,Burkina Faso,Western Africa,Afrique occidentale,Africa,Afrique
2022,24,2586,18,22,BLR,BY,Belarus,B,Eastern Europe,Europe orientale,Europe,Europe
2022,25,36,3,3,BOL,BO,Bolivia (Plurinational State of),Bolivie,South America,Am,Latin America and the Caribbean,Am
2022,26,127,2,3,BWA,BW,Botswana,Botswana,Southern Africa,Afrique australe,Africa,Afrique
2022,27,50332,96,96,BRA,BR,Brazil,Br,South America,Am,Latin America and the Caribbean,Am
2022,29,168,12,15,BIH,BA,Bosnia and Herzegovina,Bosnie-Herz,Southern Europe,Europe australe,Europe,Europe
2022,30,20389,28,28,BGR,BG,Bulgaria,Bulgarie,Eastern Europe,Europe orientale,Europe,Europe
2022,31,148,4,4,BLZ,BZ,Belize,Belize,Central America,Am,Latin America and the Caribbean,Am
2022,33,108408,166,380,CAN,CA,Canada,Canada,Northern America,Am,Northern America,Am
2022,34,728,7,7,CAF,CF,Central African Rep.,R,Middle Africa,Afrique australe,Africa,Afrique
2022,35,219,1,1,CYM,KY,Cayman Islands,Iles Ca,Caribbean,Cara,Latin America and the Caribbean,Am
2022,36,948,13,13,TCD,TD,Chad,Tchad,Middle Africa,Afrique australe,Africa,Afrique
2022,37,355,18,24,CHN,CN,China,Chine,Eastern Asia,Asie orientale,Asia,Asie
2022,38,5057,8,8,CHL,CL,Chile,Chili,South America,Am,Latin America and the Caribbean,Am
2022,39,3681,17,29,CMR,CM,Cameroon,Cameroun,Middle Africa,Afrique australe,Africa,Afrique
2022,40,4810,4,4,COG,CG,Congo,Congo,Middle Africa,Afrique australe,Africa,Afrique
2022,41,4140,10,10,COD,CD,Dem. Rep. of the Congo,R,Middle Africa,Afrique australe,Africa,Afrique
2022,42,30,3,3,COM,KM,Comoros,Comores,Eastern Africa,Afrique orientale,Africa,Afrique
2022,44,5530,10,10,COL,CO,Colombia,Colombie,South America,Am,Latin America and the Caribbean,Am
2022,45,131075,42,55,CRI,CR,Costa Rica,Costa Rica,Central America,Am,Latin America and the Caribbean,Am
2022,48,30944,55,104,CYP,CY,Cyprus,Chypre,Western Asia,Asie occidentale,Asia,Asie
2022,49,1909,36,54,CZE,CZ,Czechia,R,Eastern Europe,Europe orientale,Europe,Europe
2022,50,4871,65,97,DNK,DK,Denmark,Danemark,Northern Europe,Europe septentrionale,Europe,Europe
2022,51,1985,3,3,DJI,DJ,Djibouti,Djibouti,Eastern Africa,Afrique orientale,Africa,Afrique
2022,53,1943,9,13,DOM,DO,Dominican Rep.,R,Caribbean,Cara,Latin America and the Caribbean,Am
2022,54,1131,12,12,ECU,EC,Ecuador,Equateur,South America,Am,Latin America and the Caribbean,Am
2022,57,2928,12,12,EST,EE,Estonia,Estonie,Northern Europe,Europe septentrionale,Europe,Europe
2022,58,192,6,6,ETH,ET,Ethiopia,Ethiopie,Eastern Africa,Afrique orientale,Africa,Afrique
2022,60,13,2,2,FJI,FJ,Fiji,Fidji,Melanesia,M,Oceania,Oc
2022,61,5777,67,89,FIN,FI,Finland,Finlande,Northern Europe,Europe septentrionale,Europe,Europe
2022,64,192744,118,378,FRA,FR,France,France,Western Europe,Europe occidentale,Europe,Europe
2022,67,21,1,1,GAB,GA,Gabon,Gabon,Middle Africa,Afrique australe,Africa,Afrique
2022,68,868,2,2,GMB,GM,Gambia,Gambie,Western Africa,Afrique occidentale,Africa,Afrique
2022,70,94729,141,248,GBR,GB,United Kingdom of Great Britain and Northern Ireland,Royaume-Uni,Northern Europe,Europe septentrionale,Europe,Europe
2022,71,1448,30,30,GEO,GE,Georgia,G,Western Asia,Asie occidentale,Asia,Asie
2022,72,322831,120,302,DEU,DE,Germany,Allemagne,Western Europe,Europe occidentale,Europe,Europe
2022,73,1387,14,14,GHA,GH,Ghana,Ghana,Western Africa,Afrique occidentale,Africa,Afrique
2022,76,54144,76,181,GRC,GR,Greece,Gr,Southern Europe,Europe australe,Europe,Europe
2022,78,955,15,15,GTM,GT,Guatemala,Guatemala,Central America,Am,Latin America and the Caribbean,Am
2022,80,40,4,4,GUY,GY,Guyana,Guyana,South America,Am,Latin America and the Caribbean,Am
2022,83,151,5,5,HND,HN,Honduras,Honduras,Central America,Am,Latin America and the Caribbean,Am
2022,84,2694,41,44,HRV,HR,Croatia,Croatie,Southern Europe,Europe australe,Europe,Europe
2022,85,30,4,4,HUN,HU,Hungary,Hongrie,Eastern Europe,Europe orientale,Europe,Europe
2022,86,5093,43,63,ISL,IS,Iceland,Islande,Northern Europe,Europe septentrionale,Europe,Europe
2022,87,1351,11,11,CIV,CI,Cote d'Ivoire,C,Western Africa,Afrique occidentale,Africa,Afrique
2022,88,7841,21,31,IND,IN,India,Inde,Southern Asia,Sud de l'Asie centrale,Asia,Asie
2022,89,18,3,3,IDN,ID,Indonesia,Indon,South-eastern Asia,Asie du Sud-Est,Asia,Asie
2022,90,14686,90,127,IRL,IE,Ireland,Irlande,Northern Europe,Europe septentrionale,Europe,Europe
2022,92,466,7,7,IRQ,IQ,Iraq,Iraq,Western Asia,Asie occidentale,Asia,Asie
2022,93,3916,46,46,ISR,IL,Israel,Isra,Western Asia,Asie occidentale,Asia,Asie
2022,94,76910,100,100,ITA,IT,Italy,Italie,Southern Europe,Europe australe,Europe,Europe
2022,96,15,2,2,JOR,JO,Jordan,Jordanie,Western Asia,Asie occidentale,Asia,Asie
2022,97,8233,26,42,JPN,JP,Japan,Japon,Eastern Asia,Asie orientale,Asia,Asie
2022,98,650,5,7,KAZ,KZ,Kazakhstan,Kazakhstan,Central Asia,Sud de l'Asie centrale,Asia,Asie
2022,99,16504,16,17,KEN,KE,Kenya,Kenya,Eastern Africa,Afrique orientale,Africa,Afrique
2022,100,435,9,9,KGZ,KG,Kyrgyzstan,Kirghizistan,Central Asia,Sud de l'Asie centrale,Asia,Asie
2022,102,15285,52,90,KOR,KR,Rep. of Korea,R,Eastern Asia,Asie orientale,Asia,Asie
2022,104,46,4,4,KWT,KW,Kuwait,Kowe,Western Asia,Asie occidentale,Asia,Asie
2022,106,259,2,2,LBR,LR,Liberia,Lib,Western Africa,Afrique occidentale,Africa,Afrique
2022,107,20224,16,16,LBY,LY,Libya,Libye,Northern Africa,Afrique septentrionale,Africa,Afrique
2022,109,2154,26,36,LBN,LB,Lebanon,Liban,Western Asia,Asie occidentale,Asia,Asie
2022,110,160,8,8,LSO,LS,Lesotho,Lesotho,Southern Africa,Afrique australe,Africa,Afrique
2022,111,67,10,10,LIE,LI,Liechtenstein,Liechtenstein,Western Europe,Europe occidentale,Europe,Europe
2022,112,210,3,4,LKA,LK,Sri Lanka,Sri Lanka,Southern Asia,Sud de l'Asie centrale,Asia,Asie
2022,113,1037,24,24,LTU,LT,Lithuania,Lituanie,Northern Europe,Europe septentrionale,Europe,Europe
2022,114,2251,45,51,LUX,LU,Luxembourg,Luxembourg,Western Europe,Europe occidentale,Europe,Europe
2022,115,541,18,18,LVA,LV,Latvia,Lettonie,Northern Europe,Europe septentrionale,Europe,Europe
2022,117,24,1,1,MDG,MG,Madagascar,Madagascar,Eastern Africa,Afrique orientale,Africa,Afrique
2022,119,5939,24,29,MRT,MR,Mauritania,Mauritanie,Western Africa,Afrique occidentale,Africa,Afrique
2022,120,162,13,13,MKD,MK,North Macedonia,Ex-R,Southern Europe,Europe australe,Europe,Europe
2022,122,9136,35,37,MDA,MD,Rep. of Moldova,R,Eastern Europe,Europe orientale,Europe,Europe
2022,124,118735,92,92,MEX,MX,Mexico,Mexique,Central America,Am,Latin America and the Caribbean,Am
2022,126,182,9,9,MLI,ML,Mali,Mali,Western Africa,Afrique occidentale,Africa,Afrique
2022,127,5814,19,26,MYS,MY,Malaysia,Malaisie,South-eastern Asia,Asie du Sud-Est,Asia,Asie
2022,128,4840,9,9,MWI,MW,Malawi,Malawi,Eastern Africa,Afrique orientale,Africa,Afrique
2022,130,4849,36,50,MAR,MA,Morocco,Maroc,Northern Africa,Afrique septentrionale,Africa,Afrique
2022,131,1670,7,7,MOZ,MZ,Mozambique,Mozambique,Eastern Africa,Afrique orientale,Africa,Afrique
2022,132,995,33,33,MLT,MT,Malta,Malte,Southern Europe,Europe australe,Europe,Europe
2022,133,163,11,11,MNE,ME,Montenegro,Mont,Southern Europe,Europe australe,Europe,Europe
2022,136,579,7,7,NAM,,Namibia,Namibie,Southern Africa,Afrique australe,Africa,Afrique
2022,138,36986,104,159,NLD,NL,Netherlands (Kingdom of the),Pays-Bas,Western Europe,Europe occidentale,Europe,Europe
2022,139,31855,15,21,NER,NE,Niger,Niger,Western Africa,Afrique occidentale,Africa,Afrique
2022,141,606,14,17,NGA,NG,Nigeria,Nig,Western Africa,Afrique occidentale,Africa,Afrique
2022,143,5026,75,110,NOR,NO,Norway,Norv,Northern Europe,Europe septentrionale,Europe,Europe
2022,144,17,3,3,NRU,NR,Nauru,Nauru,Micronesia,Micron,Oceania,Oc
2022,145,474,23,27,NZL,NZ,New Zealand,Nouvelle-Z,Australia-New Zealand,Australie-Nouvelle-Z,Oceania,Oc
2022,147,28485,1,2,PAK,PK,Pakistan,Pakistan,Southern Asia,Sud de l'Asie centrale,Asia,Asie
2022,148,694,10,10,PAN,PA,Panama,Panama,Central America,Am,Latin America and the Caribbean,Am
2022,149,1299,8,8,PRY,PY,Paraguay,Paraguay,South America,Am,Latin America and the Caribbean,Am
2022,150,1428,13,13,PER,PE,Peru,P,South America,Am,Latin America and the Caribbean,Am
2022,151,285,24,24,PHL,PH,Philippines,Philippines,South-eastern Asia,Asie du Sud-Est,Asia,Asie
2022,153,3330,4,4,PNG,PG,Papua New Guinea,Papouasie-Nouvelle-Guin,Melanesia,M,Oceania,Oc
2022,154,9403,53,80,POL,PL,Poland,Pologne,Eastern Europe,Europe orientale,Europe,Europe
2022,155,1976,54,54,PRT,PT,Portugal,Portugal,Southern Europe,Europe australe,Europe,Europe
2022,158,12524,54,69,ROU,RO,Romania,Roumanie,Eastern Europe,Europe orientale,Europe,Europe
2022,159,8754,23,55,ZAF,ZA,South Africa,Afrique du Sud,Southern Africa,Afrique australe,Africa,Afrique
2022,160,102956,41,52,RUS,RU,Russian Federation,F,Eastern Europe,Europe orientale,Europe,Europe
2022,161,762,10,10,RWA,RW,Rwanda,Rwanda,Eastern Africa,Afrique orientale,Africa,Afrique
2022,162,76,7,7,SLV,SV,El Salvador,El Salvador,Central America,Am,Latin America and the Caribbean,Am
2022,163,7,1,1,SAU,SA,Saudi Arabia,Arabie saoudite,Western Asia,Asie occidentale,Asia,Asie
2022,164,900,23,26,SRB,RS,Serbia and Kosovo: S/RES/1244 (1999),Serbie,Southern Europe,Europe australe,Europe,Europe
2022,165,9,1,1,SEN,SN,Senegal,S,Western Africa,Afrique occidentale,Africa,Afrique
2022,172,2932,6,6,SOM,SO,Somalia,Somalie,Eastern Africa,Afrique orientale,Africa,Afrique
2022,173,118810,99,99,ESP,ES,Spain,Espagne,Southern Europe,Europe australe,Europe,Europe
2022,174,5,1,1,VNM,VN,Viet Nam,Viet Nam,South-eastern Asia,Asie du Sud-Est,Asia,Asie
2022,177,10016,7,9,SDN,SD,Sudan,Soudan,Northern Africa,Afrique septentrionale,Africa,Afrique
2022,178,412,3,3,SUR,SR,Suriname,Suriname,South America,Am,Latin America and the Caribbean,Am
2022,179,637,3,3,SSD,SS,South Sudan,,Eastern Africa,Afrique septentrionale,Africa,Afrique
2022,180,529,18,23,SVK,SK,Slovakia,Slovaquie,Eastern Europe,Europe orientale,Europe,Europe
2022,181,6720,44,48,SVN,SI,Slovenia,Slov,Southern Europe,Europe australe,Europe,Europe
2022,182,522,9,9,SWZ,SZ,Eswatini,Eswatini,Southern Africa,Afrique australe,Africa,Afrique
2022,183,23424,104,252,SWE,SE,Sweden,Su,Northern Europe,Europe septentrionale,Europe,Europe
2022,184,24481,107,141,CHE,CH,Switzerland,Suisse,Western Europe,Europe occidentale,Europe,Europe
2022,185,638,18,22,SYR,SY,Syrian Arab Rep.,R,Western Asia,Asie occidentale,Asia,Asie
2022,186,978,6,6,TZA,TZ,United Rep. of Tanzania,R,Eastern Africa,Afrique orientale,Africa,Afrique
2022,188,697,16,21,THA,TH,Thailand,Tha,South-eastern Asia,Asie du Sud-Est,Asia,Asie
2022,189,334,2,2,TJK,TJ,Tajikistan,Tadjikistan,Central Asia,Sud de l'Asie centrale,Asia,Asie
2022,192,181,11,12,TGO,TG,Togo,Togo,Western Africa,Afrique occidentale,Africa,Afrique
2022,194,3164,12,12,TTO,TT,Trinidad and Tobago,Trinit,Caribbean,Cara,Latin America and the Caribbean,Am
2022,195,920,28,28,TUN,TN,Tunisia,Tunisie,Northern Africa,Afrique septentrionale,Africa,Afrique
2022,196,33246,5,5,TUR,TR,Türkiye,Türkiye,Western Asia,Asie occidentale,Asia,Asie
2022,198,44,2,2,ARE,AE,United Arab Emirates,Emirats arabes unis,Western Asia,Asie occidentale,Asia,Asie
2022,199,26438,16,20,UGA,UG,Uganda,Ouganda,Eastern Africa,Afrique orientale,Africa,Afrique
2022,200,356,18,23,UKR,UA,Ukraine,Ukraine,Eastern Europe,Europe orientale,Europe,Europe
2022,201,8307,18,18,URY,UY,Uruguay,Uruguay,South America,Am,Latin America and the Caribbean,Am
2022,202,752693,168,412,USA,US,United States of America,Etats-Unis d'Am,Northern America,Am,Northern America,Am
2022,207,548,1,1,VEN,VE,Venezuela (Bolivarian Republic of),Venezuela (R,South America,Am,Latin America and the Caribbean,Am
2022,211,3356,7,8,YEM,YE,Yemen,Y,Western Asia,Asie occidentale,Asia,Asie
2022,213,10555,13,13,ZMB,ZM,Zambia,Zambie,Eastern Africa,Afrique orientale,Africa,Afrique
2022,214,250,4,4,ZWE,ZW,Zimbabwe,Zimbabwe,Eastern Africa,Afrique orientale,Africa,Afrique
2023,2,37,2,2,AFG,AF,Afghanistan,Afghanistan,Southern Asia,Sud de l'Asie centrale,Asia,Asie
2023,3,28,5,5,ALB,AL,Albania,Albanie,Southern Europe,Europe australe,Europe,Europe
2023,4,1849,25,42,DZA,DZ,Algeria,Alg,Northern Africa,Afrique septentrionale,Africa,Afrique
2023,8,184049,32,43,EGY,EG,Egypt,Egypte,Northern Africa,Afrique septentrionale,Africa,Afrique
2023,9,2096,35,46,ARG,AR,Argentina,Argentine,South America,Am,Latin America and the Caribbean,Am
2023,10,917,22,26,ARM,AM,Armenia,Arm,Western Asia,Asie occidentale,Asia,Asie
2023,11,44210,122,177,AUS,AU,Australia,Australie,Australia-New Zealand,Australie-Nouvelle-Z,Oceania,Oc
2023,12,59215,81,81,AUT,AT,Austria,Autriche,Western Europe,Europe occidentale,Europe,Europe
2023,13,222,5,8,AZE,AZ,Azerbaijan,Azerba,Western Asia,Asie occidentale,Asia,Asie
2023,15,5,1,1,BRB,BB,Barbados,Barbade,Caribbean,Cara,Latin America and the Caribbean,Am
2023,16,3066,3,3,BDI,BI,Burundi,Burundi,Eastern Africa,Afrique orientale,Africa,Afrique
2023,17,44445,114,266,BEL,BE,Belgium,Belgique,Western Europe,Europe occidentale,Europe,Europe
2023,18,9718,14,14,BEN,BJ,Benin,B,Western Africa,Afrique occidentale,Africa,Afrique
2023,23,604,4,4,BFA,BF,Burkina Faso,Burkina Faso,Western Africa,Afrique occidentale,Africa,Afrique
2023,24,1417,22,28,BLR,BY,Belarus,B,Eastern Europe,Europe orientale,Europe,Europe
2023,25,21,4,4,BOL,BO,Bolivia (Plurinational State of),Bolivie,South America,Am,Latin America and the Caribbean,Am
2023,27,58613,107,107,BRA,BR,Brazil,Br,South America,Am,Latin America and the Caribbean,Am
2023,29,152,11,12,BIH,BA,Bosnia and Herzegovina,Bosnie-Herz,Southern Europe,Europe australe,Europe,Europe
2023,30,22506,30,30,BGR,BG,Bulgaria,Bulgarie,Eastern Europe,Europe orientale,Europe,Europe
2023,31,245,7,7,BLZ,BZ,Belize,Belize,Central America,Am,Latin America and the Caribbean,Am
2023,33,157508,164,356,CAN,CA,Canada,Canada,Northern America,Am,Northern America,Am
2023,34,32071,4,4,CAF,CF,Central African Rep.,R,Middle Africa,Afrique australe,Africa,Afrique
2023,35,90,1,1,CYM,KY,Cayman Islands,Iles Ca,Caribbean,Cara,Latin America and the Caribbean,Am
2023,36,829,10,10,TCD,TD,Chad,Tchad,Middle Africa,Afrique australe,Africa,Afrique
2023,37,177,15,20,CHN,CN,China,Chine,Eastern Asia,Asie orientale,Asia,Asie
2023,38,3626,7,7,CHL,CL,Chile,Chili,South America,Am,Latin America and the Caribbean,Am
2023,39,7341,19,32,CMR,CM,Cameroon,Cameroun,Middle Africa,Afrique australe,Africa,Afrique
2023,40,2851,8,8,COG,CG,Congo,Congo,Middle Africa,Afrique australe,Africa,Afrique
2023,41,10529,9,9,COD,CD,Dem. Rep. of the Congo,R,Middle Africa,Afrique australe,Africa,Afrique
2023,44,5791,10,10,COL,CO,Colombia,Colombie,South America,Am,Latin America and the Caribbean,Am
2023,45,36466,28,44,CRI,CR,Costa Rica,Costa Rica,Central America,Am,Latin America and the Caribbean,Am
2023,46,35,4,4,CUB,CU,Cuba,Cuba,Caribbean,Cara,Latin America and the Caribbean,Am
2023,48,20232,51,99,CYP,CY,Cyprus,Chypre,Western Asia,Asie occidentale,Asia,Asie
2023,49,2123,39,88,CZE,CZ,Czechia,R,Eastern Europe,Europe orientale,Europe,Europe
2023,50,2759,55,80,DNK,DK,Denmark,Danemark,Northern Europe,Europe septentrionale,Europe,Europe
2023,51,595,4,4,DJI,DJ,Djibouti,Djibouti,Eastern Africa,Afrique orientale,Africa,Afrique
2023,53,1672,10,10,DOM,DO,Dominican Rep.,R,Caribbean,Cara,Latin America and the Caribbean,Am
2023,54,5441,19,19,ECU,EC,Ecuador,Equateur,South America,Am,Latin America and the Caribbean,Am
2023,57,3978,18,18,EST,EE,Estonia,Estonie,Northern Europe,Europe septentrionale,Europe,Europe
2023,58,61967,9,9,ETH,ET,Ethiopia,Ethiopie,Eastern Africa,Afrique orientale,Africa,Afrique
2023,60,11,2,2,FJI,FJ,Fiji,Fidji,Melanesia,M,Oceania,Oc
2023,61,5337,69,95,FIN,FI,Finland,Finlande,Northern Europe,Europe septentrionale,Europe,Europe
2023,64,142642,103,191,FRA,FR,France,France,Western Europe,Europe occidentale,Europe,Europe
2023,67,20,3,3,GAB,GA,Gabon,Gabon,Middle Africa,Afrique australe,Africa,Afrique
2023,68,256,6,6,GMB,GM,Gambia,Gambie,Western Africa,Afrique occidentale,Africa,Afrique
2023,70,89280,146,255,GBR,GB,United Kingdom of Great Britain and Northern Ireland,Royaume-Uni,Northern Europe,Europe septentrionale,Europe,Europe
2023,71,1040,35,35,GEO,GE,Georgia,G,Western Asia,Asie occidentale,Asia,Asie
2023,72,444432,135,321,DEU,DE,Germany,Allemagne,Western Europe,Europe occidentale,Europe,Europe
2023,73,2450,11,11,GHA,GH,Ghana,Ghana,Western Africa,Afrique occidentale,Africa,Afrique
2023,76,75142,83,196,GRC,GR,Greece,Gr,Southern Europe,Europe australe,Europe,Europe
2023,78,1247,13,13,GTM,GT,Guatemala,Guatemala,Central America,Am,Latin America and the Caribbean,Am
2023,80,15,2,2,GUY,GY,Guyana,Guyana,South America,Am,Latin America and the Caribbean,Am
2023,81,5,1,1,HTI,HT,Haiti,Ha,Caribbean,Cara,Latin America and the Caribbean,Am
2023,83,107,6,6,HND,HN,Honduras,Honduras,Central America,Am,Latin America and the Caribbean,Am
2023,84,1727,36,40,HRV,HR,Croatia,Croatie,Southern Europe,Europe australe,Europe,Europe
2023,85,24,4,4,HUN,HU,Hungary,Hongrie,Eastern Europe,Europe orientale,Europe,Europe
2023,86,5246,42,61,ISL,IS,Iceland,Islande,Northern Europe,Europe septentrionale,Europe,Europe
2023,87,33914,18,18,CIV,CI,Cote d'Ivoire,C,Western Africa,Afrique occidentale,Africa,Afrique
2023,88,4370,29,42,IND,IN,India,Inde,Southern Asia,Sud de l'Asie centrale,Asia,Asie
2023,89,25,4,4,IDN,ID,Indonesia,Indon,South-eastern Asia,Asie du Sud-Est,Asia,Asie
2023,90,17690,94,141,IRL,IE,Ireland,Irlande,Northern Europe,Europe septentrionale,Europe,Europe
2023,92,334,7,7,IRQ,IQ,Iraq,Iraq,Western Asia,Asie occidentale,Asia,Asie
2023,93,6813,56,56,ISR,IL,Israel,Isra,Western Asia,Asie occidentale,Asia,Asie
2023,94,135789,101,149,ITA,IT,Italy,Italie,Southern Europe,Europe australe,Europe,Europe
2023,96,61,3,3,JOR,JO,Jordan,Jordanie,Western Asia,Asie occidentale,Asia,Asie
2023,97,19070,25,41,JPN,JP,Japan,Japon,Eastern Asia,Asie orientale,Asia,Asie
2023,98,583,10,15,KAZ,KZ,Kazakhstan,Kazakhstan,Central Asia,Sud de l'Asie centrale,Asia,Asie
2023,99,92937,17,17,KEN,KE,Kenya,Kenya,Eastern Africa,Afrique orientale,Africa,Afrique
2023,100,823,9,9,KGZ,KG,Kyrgyzstan,Kirghizistan,Central Asia,Sud de l'Asie centrale,Asia,Asie
2023,102,24075,57,97,KOR,KR,Rep. of Korea,R,Eastern Asia,Asie orientale,Asia,Asie
2023,104,17,3,3,KWT,KW,Kuwait,Kowe,Western Asia,Asie occidentale,Asia,Asie
2023,106,52,3,3,LBR,LR,Liberia,Lib,Western Africa,Afrique occidentale,Africa,Afrique
2023,107,30349,15,15,LBY,LY,Libya,Libye,Northern Africa,Afrique septentrionale,Africa,Afrique
2023,108,5,1,1,LCA,LC,Saint Lucia,Sainte-Lucie,Caribbean,Cara,Latin America and the Caribbean,Am
2023,109,2191,30,40,LBN,LB,Lebanon,Liban,Western Asia,Asie occidentale,Asia,Asie
2023,110,126,9,9,LSO,LS,Lesotho,Lesotho,Southern Africa,Afrique australe,Africa,Afrique
2023,111,381,14,14,LIE,LI,Liechtenstein,Liechtenstein,Western Europe,Europe occidentale,Europe,Europe
2023,112,79,2,3,LKA,LK,Sri Lanka,Sri Lanka,Southern Asia,Sud de l'Asie centrale,Asia,Asie
2023,113,562,23,23,LTU,LT,Lithuania,Lituanie,Northern Europe,Europe septentrionale,Europe,Europe
2023,114,2668,52,62,LUX,LU,Luxembourg,Luxembourg,Western Europe,Europe occidentale,Europe,Europe
2023,115,1603,34,34,LVA,LV,Latvia,Lettonie,Northern Europe,Europe septentrionale,Europe,Europe
2023,117,828,2,2,MDG,MG,Madagascar,Madagascar,Eastern Africa,Afrique orientale,Africa,Afrique
2023,119,4201,25,27,MRT,MR,Mauritania,Mauritanie,Western Africa,Afrique occidentale,Africa,Afrique
2023,120,598,18,18,MKD,MK,North Macedonia,Ex-R,Southern Europe,Europe australe,Europe,Europe
2023,122,4148,25,28,MDA,MD,Rep. of Moldova,R,Eastern Europe,Europe orientale,Europe,Europe
2023,124,140979,82,82,MEX,MX,Mexico,Mexique,Central America,Am,Latin America and the Caribbean,Am
2023,126,43,5,5,MLI,ML,Mali,Mali,Western Africa,Afrique occidentale,Africa,Afrique
2023,127,10176,26,29,MYS,MY,Malaysia,Malaisie,South-eastern Asia,Asie du Sud-Est,Asia,Asie
2023,128,4607,7,7,MWI,MW,Malawi,Malawi,Eastern Africa,Afrique orientale,Africa,Afrique
2023,130,3813,30,41,MAR,MA,Morocco,Maroc,Northern Africa,Afrique septentrionale,Africa,Afrique
2023,132,591,27,27,MLT,MT,Malta,Malte,Southern Europe,Europe australe,Europe,Europe
2023,133,140,10,10,MNE,ME,Montenegro,Mont,Southern Europe,Europe australe,Europe,Europe
2023,134,19,3,3,MUS,MU,Mauritius,Maurice,Eastern Africa,Afrique orientale,Africa,Afrique
2023,136,414,3,3,NAM,,Namibia,Namibie,Southern Africa,Afrique australe,Africa,Afrique
2023,137,31,3,3,NPL,NP,Nepal,N,Southern Asia,Sud de l'Asie centrale,Asia,Asie
2023,138,39680,105,160,NLD,NL,Netherlands (Kingdom of the),Pays-Bas,Western Europe,Europe occidentale,Europe,Europe
2023,139,7042,16,25,NER,NE,Niger,Niger,Western Africa,Afrique occidentale,Africa,Afrique
2023,141,33174,14,17,NGA,NG,Nigeria,Nig,Western Africa,Afrique occidentale,Africa,Afrique
2023,143,6344,79,131,NOR,NO,Norway,Norv,Northern Europe,Europe septentrionale,Europe,Europe
2023,144,13,2,2,NRU,NR,Nauru,Nauru,Micronesia,Micron,Oceania,Oc
2023,145,1888,40,52,NZL,NZ,New Zealand,Nouvelle-Z,Australia-New Zealand,Australie-Nouvelle-Z,Oceania,Oc
2023,147,6746,6,7,PAK,PK,Pakistan,Pakistan,Southern Asia,Sud de l'Asie centrale,Asia,Asie
2023,148,357,10,10,PAN,PA,Panama,Panama,Central America,Am,Latin America and the Caribbean,Am
2023,149,1102,10,10,PRY,PY,Paraguay,Paraguay,South America,Am,Latin America and the Caribbean,Am
2023,150,10453,45,45,PER,PE,Peru,P,South America,Am,Latin America and the Caribbean,Am
2023,151,447,33,33,PHL,PH,Philippines,Philippines,South-eastern Asia,Asie du Sud-Est,Asia,Asie
2023,153,5,1,1,PNG,PG,Papua New Guinea,Papouasie-Nouvelle-Guin,Melanesia,M,Oceania,Oc
2023,154,11099,64,137,POL,PL,Poland,Pologne,Eastern Europe,Europe orientale,Europe,Europe
2023,155,2576,53,53,PRT,PT,Portugal,Portugal,Southern Europe,Europe australe,Europe,Europe
2023,158,10312,45,65,ROU,RO,Romania,Roumanie,Eastern Europe,Europe orientale,Europe,Europe
2023,159,20442,39,39,ZAF,ZA,South Africa,Afrique du Sud,Southern Africa,Afrique australe,Africa,Afrique
2023,160,8507,54,62,RUS,RU,Russian Federation,F,Eastern Europe,Europe orientale,Europe,Europe
2023,161,12899,9,11,RWA,RW,Rwanda,Rwanda,Eastern Africa,Afrique orientale,Africa,Afrique
2023,162,213,8,8,SLV,SV,El Salvador,El Salvador,Central America,Am,Latin America and the Caribbean,Am
2023,164,377,27,28,SRB,RS,Serbia and Kosovo: S/RES/1244 (1999),Serbie,Southern Europe,Europe australe,Europe,Europe
2023,165,548,21,21,SEN,SN,Senegal,S,Western Africa,Afrique occidentale,Africa,Afrique
2023,168,5,1,1,SGP,SG,Singapore,Singapour,South-eastern Asia,Asie du Sud-Est,Asia,Asie
2023,172,2429,5,6,SOM,SO,Somalia,Somalie,Eastern Africa,Afrique orientale,Africa,Afrique
2023,173,163192,97,97,ESP,ES,Spain,Espagne,Southern Europe,Europe australe,Europe,Europe
2023,174,136,1,1,VNM,VN,Viet Nam,Viet Nam,South-eastern Asia,Asie du Sud-Est,Asia,Asie
2023,175,19,2,2,KNA,KN,Saint Kitts and Nevis,Saint-Kitts-et-Nevis,Caribbean,Cara,Latin America and the Caribbean,Am
2023,177,18907,4,4,SDN,SD,Sudan,Soudan,Northern Africa,Afrique septentrionale,Africa,Afrique
2023,178,612,3,3,SUR,SR,Suriname,Suriname,South America,Am,Latin America and the Caribbean,Am
2023,179,4708,7,7,SSD,SS,South Sudan,,Eastern Africa,Afrique septentrionale,Africa,Afrique
2023,180,386,19,22,SVK,SK,Slovakia,Slovaquie,Eastern Europe,Europe orientale,Europe,Europe
2023,181,7287,36,44,SVN,SI,Slovenia,Slov,Southern Europe,Europe australe,Europe,Europe
2023,182,829,10,10,SWZ,SZ,Eswatini,Eswatini,Southern Africa,Afrique australe,Africa,Afrique
2023,183,21404,103,260,SWE,SE,Sweden,Su,Northern Europe,Europe septentrionale,Europe,Europe
2023,184,30191,99,140,CHE,CH,Switzerland,Suisse,Western Europe,Europe occidentale,Europe,Europe
2023,185,191,8,9,SYR,SY,Syrian Arab Rep.,R,Western Asia,Asie occidentale,Asia,Asie
2023,186,13314,5,5,TZA,TZ,United Rep. of Tanzania,R,Eastern Africa,Afrique orientale,Africa,Afrique
2023,188,1734,20,28,THA,TH,Thailand,Tha,South-eastern Asia,Asie du Sud-Est,Asia,Asie
2023,189,925,2,2,TJK,TJ,Tajikistan,Tadjikistan,Central Asia,Sud de l'Asie centrale,Asia,Asie
2023,192,23587,15,15,TGO,TG,Togo,Togo,Western Africa,Afrique occidentale,Africa,Afrique
2023,194,5,1,1,TTO,TT,Trinidad and Tobago,Trinit,Caribbean,Cara,Latin America and the Caribbean,Am
2023,195,7141,29,29,TUN,TN,Tunisia,Tunisie,Northern Africa,Afrique septentrionale,Africa,Afrique
2023,196,19017,5,5,TUR,TR,Türkiye,Türkiye,Western Asia,Asie occidentale,Asia,Asie
2023,198,88,4,4,ARE,AE,United Arab Emirates,Emirats arabes unis,Western Asia,Asie occidentale,Asia,Asie
2023,199,37927,21,25,UGA,UG,Uganda,Ouganda,Eastern Africa,Afrique orientale,Africa,Afrique
2023,200,181,8,11,UKR,UA,Ukraine,Ukraine,Eastern Europe,Europe orientale,Europe,Europe
2023,201,9112,20,20,URY,UY,Uruguay,Uruguay,South America,Am,Latin America and the Caribbean,Am
2023,202,1189166,178,410,USA,US,United States of America,Etats-Unis d'Am,Northern America,Am,Northern America,Am
2023,204,5,1,1,VUT,VU,Vanuatu,Vanuatu,Melanesia,M,Oceania,Oc
2023,207,532,2,2,VEN,VE,Venezuela (Bolivarian Republic of),Venezuela (R,South America,Am,Latin America and the Caribbean,Am
2023,211,3891,6,7,YEM,YE,Yemen,Y,Western Asia,Asie occidentale,Asia,Asie
2023,213,13114,13,13,ZMB,ZM,Zambia,Zambie,Eastern Africa,Afrique orientale,Africa,Afrique
2023,214,1027,6,6,ZWE,ZW,Zimbabwe,Zimbabwe,Eastern Africa,Afrique orientale,Africa,Afrique
2023,255,26,2,2,SXM,SX,Sint Maarten (Dutch part),Saint-Martin,Caribbean,Cara,Latin America and the Caribbean,Am
2024,2,120,3,3,AFG,AF,Afghanistan,Afghanistan,Southern Asia,Sud de l'Asie centrale,Asia,Asie
2024,3,16,3,3,ALB,AL,Albania,Albanie,Southern Europe,Europe australe,Europe,Europe
2024,4,2210,24,36,DZA,DZ,Algeria,Alg,Northern Africa,Afrique septentrionale,Africa,Afrique
2024,7,10,2,2,ATG,AG,Antigua and Barbuda,Antigua-et-Barbuda,Caribbean,Cara,Latin America and the Caribbean,Am
2024,8,437229,36,47,EGY,EG,Egypt,Egypte,Northern Africa,Afrique septentrionale,Africa,Afrique
2024,9,2538,38,53,ARG,AR,Argentina,Argentine,South America,Am,Latin America and the Caribbean,Am
2024,10,978,22,33,ARM,AM,Armenia,Arm,Western Asia,Asie occidentale,Asia,Asie
2024,11,20753,71,71,AUS,AU,Australia,Australie,Australia-New Zealand,Australie-Nouvelle-Z,Oceania,Oc
2024,12,25322,75,114,AUT,AT,Austria,Autriche,Western Europe,Europe occidentale,Europe,Europe
2024,13,299,7,9,AZE,AZ,Azerbaijan,Azerba,Western Asia,Asie occidentale,Asia,Asie
2024,15,8,1,1,BRB,BB,Barbados,Barbade,Caribbean,Cara,Latin America and the Caribbean,Am
2024,16,3832,2,2,BDI,BI,Burundi,Burundi,Eastern Africa,Afrique orientale,Africa,Afrique
2024,17,46583,108,250,BEL,BE,Belgium,Belgique,Western Europe,Europe occidentale,Europe,Europe
2024,18,10264,14,14,BEN,BJ,Benin,B,Western Africa,Afrique occidentale,Africa,Afrique
2024,20,58,3,3,BGD,BD,Bangladesh,Bangladesh,Southern Asia,Sud de l'Asie centrale,Asia,Asie
2024,21,12,2,2,BHS,BS,Bahamas,Bahamas,Caribbean,Cara,Latin America and the Caribbean,Am
2024,23,1052,4,4,BFA,BF,Burkina Faso,Burkina Faso,Western Africa,Afrique occidentale,Africa,Afrique
2024,24,2279,21,25,BLR,BY,Belarus,B,Eastern Europe,Europe orientale,Europe,Europe
2024,25,17,2,2,BOL,BO,Bolivia (Plurinational State of),Bolivie,South America,Am,Latin America and the Caribbean,Am
2024,27,68152,109,109,BRA,BR,Brazil,Br,South America,Am,Latin America and the Caribbean,Am
2024,29,239,15,18,BIH,BA,Bosnia and Herzegovina,Bosnie-Herz,Southern Europe,Europe australe,Europe,Europe
2024,30,12231,27,27,BGR,BG,Bulgaria,Bulgarie,Eastern Europe,Europe orientale,Europe,Europe
2024,31,242,4,4,BLZ,BZ,Belize,Belize,Central America,Am,Latin America and the Caribbean,Am
2024,33,188145,165,299,CAN,CA,Canada,Canada,Northern America,Am,Northern America,Am
2024,34,8226,8,8,CAF,CF,Central African Rep.,R,Middle Africa,Afrique australe,Africa,Afrique
2024,35,36,1,1,CYM,KY,Cayman Islands,Iles Ca,Caribbean,Cara,Latin America and the Caribbean,Am
2024,36,8221,10,10,TCD,TD,Chad,Tchad,Middle Africa,Afrique australe,Africa,Afrique
2024,37,124,10,14,CHN,CN,China,Chine,Eastern Asia,Asie orientale,Asia,Asie
2024,38,2494,8,8,CHL,CL,Chile,Chili,South America,Am,Latin America and the Caribbean,Am
2024,39,10199,14,26,CMR,CM,Cameroon,Cameroun,Middle Africa,Afrique australe,Africa,Afrique
2024,40,1278,14,14,COG,CG,Congo,Congo,Middle Africa,Afrique australe,Africa,Afrique
2024,41,6101,10,10,COD,CD,Dem. Rep. of the Congo,R,Middle Africa,Afrique australe,Africa,Afrique
2024,42,13,2,2,COM,KM,Comoros,Comores,Eastern Africa,Afrique orientale,Africa,Afrique
2024,44,7051,7,7,COL,CO,Colombia,Colombie,South America,Am,Latin America and the Caribbean,Am
2024,45,28423,27,33,CRI,CR,Costa Rica,Costa Rica,Central America,Am,Latin America and the Caribbean,Am
2024,46,44,5,5,CUB,CU,Cuba,Cuba,Caribbean,Cara,Latin America and the Caribbean,Am
2024,48,13957,48,95,CYP,CY,Cyprus,Chypre,Western Asia,Asie occidentale,Asia,Asie
2024,49,2089,35,54,CZE,CZ,Czechia,R,Eastern Europe,Europe orientale,Europe,Europe
2024,50,2719,62,88,DNK,DK,Denmark,Danemark,Northern Europe,Europe septentrionale,Europe,Europe
2024,51,864,6,6,DJI,DJ,Djibouti,Djibouti,Eastern Africa,Afrique orientale,Africa,Afrique
2024,52,5,1,1,DMA,DM,Dominica,Dominique,Caribbean,Cara,Latin America and the Caribbean,Am
2024,53,74,4,4,DOM,DO,Dominican Rep.,R,Caribbean,Cara,Latin America and the Caribbean,Am
2024,54,7063,16,16,ECU,EC,Ecuador,Equateur,South America,Am,Latin America and the Caribbean,Am
2024,55,5,1,1,GNQ,GQ,Equatorial Guinea,Guin,Middle Africa,Afrique australe,Africa,Afrique
2024,57,1367,11,13,EST,EE,Estonia,Estonie,Northern Europe,Europe septentrionale,Europe,Europe
2024,58,3088,16,16,ETH,ET,Ethiopia,Ethiopie,Eastern Africa,Afrique orientale,Africa,Afrique
2024,60,20,4,4,FJI,FJ,Fiji,Fidji,Melanesia,M,Oceania,Oc
2024,61,2901,64,94,FIN,FI,Finland,Finlande,Northern Europe,Europe septentrionale,Europe,Europe
2024,64,218948,117,306,FRA,FR,France,France,Western Europe,Europe occidentale,Europe,Europe
2024,67,12,2,2,GAB,GA,Gabon,Gabon,Middle Africa,Afrique australe,Africa,Afrique
2024,68,25,3,3,GMB,GM,Gambia,Gambie,Western Africa,Afrique occidentale,Africa,Afrique
2024,70,111107,152,220,GBR,GB,United Kingdom of Great Britain and Northern Ireland,Royaume-Uni,Northern Europe,Europe septentrionale,Europe,Europe
2024,71,1644,38,38,GEO,GE,Georgia,G,Western Asia,Asie occidentale,Asia,Asie
2024,72,362538,133,337,DEU,DE,Germany,Allemagne,Western Europe,Europe occidentale,Europe,Europe
2024,73,6667,14,14,GHA,GH,Ghana,Ghana,Western Africa,Afrique occidentale,Africa,Afrique
2024,76,85674,77,184,GRC,GR,Greece,Gr,Southern Europe,Europe australe,Europe,Europe
2024,78,1867,14,14,GTM,GT,Guatemala,Guatemala,Central America,Am,Latin America and the Caribbean,Am
2024,79,118,6,6,GIN,GN,Guinea,Guin,Western Africa,Afrique occidentale,Africa,Afrique
2024,80,16,3,3,GUY,GY,Guyana,Guyana,South America,Am,Latin America and the Caribbean,Am
2024,83,163,7,7,HND,HN,Honduras,Honduras,Central America,Am,Latin America and the Caribbean,Am
2024,84,1544,43,58,HRV,HR,Croatia,Croatie,Southern Europe,Europe australe,Europe,Europe
2024,85,15,3,3,HUN,HU,Hungary,Hongrie,Eastern Europe,Europe orientale,Europe,Europe
2024,86,3623,38,56,ISL,IS,Iceland,Islande,Northern Europe,Europe septentrionale,Europe,Europe
2024,87,29496,5,5,CIV,CI,Cote d'Ivoire,C,Western Africa,Afrique occidentale,Africa,Afrique
2024,88,3169,20,27,IND,IN,India,Inde,Southern Asia,Sud de l'Asie centrale,Asia,Asie
2024,89,87,7,7,IDN,ID,Indonesia,Indon,South-eastern Asia,Asie du Sud-Est,Asia,Asie
2024,90,26592,93,153,IRL,IE,Ireland,Irlande,Northern Europe,Europe septentrionale,Europe,Europe
2024,92,369,5,7,IRQ,IQ,Iraq,Iraq,Western Asia,Asie occidentale,Asia,Asie
2024,93,6080,55,55,ISR,IL,Israel,Isra,Western Asia,Asie occidentale,Asia,Asie
2024,94,158588,108,166,ITA,IT,Italy,Italie,Southern Europe,Europe australe,Europe,Europe
2024,96,5,1,1,JOR,JO,Jordan,Jordanie,Western Asia,Asie occidentale,Asia,Asie
2024,97,16919,26,41,JPN,JP,Japan,Japon,Eastern Asia,Asie orientale,Asia,Asie
2024,98,383,7,14,KAZ,KZ,Kazakhstan,Kazakhstan,Central Asia,Sud de l'Asie centrale,Asia,Asie
2024,99,88027,16,16,KEN,KE,Kenya,Kenya,Eastern Africa,Afrique orientale,Africa,Afrique
2024,100,2323,5,5,KGZ,KG,Kyrgyzstan,Kirghizistan,Central Asia,Sud de l'Asie centrale,Asia,Asie
2024,102,23482,58,103,KOR,KR,Rep. of Korea,R,Eastern Asia,Asie orientale,Asia,Asie
2024,104,17,2,2,KWT,KW,Kuwait,Kowe,Western Asia,Asie occidentale,Asia,Asie
2024,106,64,3,3,LBR,LR,Liberia,Lib,Western Africa,Afrique occidentale,Africa,Afrique
2024,107,1043,6,10,LBY,LY,Libya,Libye,Northern Africa,Afrique septentrionale,Africa,Afrique
2024,109,1412,16,21,LBN,LB,Lebanon,Liban,Western Asia,Asie occidentale,Asia,Asie
2024,110,70,6,6,LSO,LS,Lesotho,Lesotho,Southern Africa,Afrique australe,Africa,Afrique
2024,111,84,12,12,LIE,LI,Liechtenstein,Liechtenstein,Western Europe,Europe occidentale,Europe,Europe
2024,112,117,1,1,LKA,LK,Sri Lanka,Sri Lanka,Southern Asia,Sud de l'Asie centrale,Asia,Asie
2024,113,280,12,12,LTU,LT,Lithuania,Lituanie,Northern Europe,Europe septentrionale,Europe,Europe
2024,114,1974,49,60,LUX,LU,Luxembourg,Luxembourg,Western Europe,Europe occidentale,Europe,Europe
2024,115,1112,31,46,LVA,LV,Latvia,Lettonie,Northern Europe,Europe septentrionale,Europe,Europe
2024,117,296,6,6,MDG,MG,Madagascar,Madagascar,Eastern Africa,Afrique orientale,Africa,Afrique
2024,119,3918,23,27,MRT,MR,Mauritania,Mauritanie,Western Africa,Afrique occidentale,Africa,Afrique
2024,120,322,14,14,MKD,MK,North Macedonia,Ex-R,Southern Europe,Europe australe,Europe,Europe
2024,122,8360,23,39,MDA,MD,Rep. of Moldova,R,Eastern Europe,Europe orientale,Europe,Europe
2024,124,78966,71,71,MEX,MX,Mexico,Mexique,Central America,Am,Latin America and the Caribbean,Am
2024,126,120,8,8,MLI,ML,Mali,Mali,Western Africa,Afrique occidentale,Africa,Afrique
2024,127,11208,29,40,MYS,MY,Malaysia,Malaisie,South-eastern Asia,Asie du Sud-Est,Asia,Asie
2024,128,5925,6,10,MWI,MW,Malawi,Malawi,Eastern Africa,Afrique orientale,Africa,Afrique
2024,129,15,3,3,MNG,MN,Mongolia,Mongolie,Eastern Asia,Asie orientale,Asia,Asie
2024,130,4526,35,46,MAR,MA,Morocco,Maroc,Northern Africa,Afrique septentrionale,Africa,Afrique
2024,131,1063,5,5,MOZ,MZ,Mozambique,Mozambique,Eastern Africa,Afrique orientale,Africa,Afrique
2024,132,504,22,22,MLT,MT,Malta,Malte,Southern Europe,Europe australe,Europe,Europe
2024,133,117,10,10,MNE,ME,Montenegro,Mont,Southern Europe,Europe australe,Europe,Europe
2024,134,68,4,4,MUS,MU,Mauritius,Maurice,Eastern Africa,Afrique orientale,Africa,Afrique
2024,136,526,6,6,NAM,,Namibia,Namibie,Southern Africa,Afrique australe,Africa,Afrique
2024,137,22,2,2,NPL,NP,Nepal,N,Southern Asia,Sud de l'Asie centrale,Asia,Asie
2024,138,33625,110,170,NLD,NL,Netherlands (Kingdom of the),Pays-Bas,Western Europe,Europe occidentale,Europe,Europe
2024,139,18800,15,21,NER,NE,Niger,Niger,Western Africa,Afrique occidentale,Africa,Afrique
2024,141,10606,15,15,NGA,NG,Nigeria,Nig,Western Africa,Afrique occidentale,Africa,Afrique
2024,143,6442,82,142,NOR,NO,Norway,Norv,Northern Europe,Europe septentrionale,Europe,Europe
2024,144,112,3,3,NRU,NR,Nauru,Nauru,Micronesia,Micron,Oceania,Oc
2024,145,2811,46,57,NZL,NZ,New Zealand,Nouvelle-Z,Australia-New Zealand,Australie-Nouvelle-Z,Oceania,Oc
2024,147,336,6,7,PAK,PK,Pakistan,Pakistan,Southern Asia,Sud de l'Asie centrale,Asia,Asie
2024,148,1204,12,21,PAN,PA,Panama,Panama,Central America,Am,Latin America and the Caribbean,Am
2024,149,303,4,4,PRY,PY,Paraguay,Paraguay,South America,Am,Latin America and the Caribbean,Am
2024,150,32854,35,35,PER,PE,Peru,P,South America,Am,Latin America and the Caribbean,Am
2024,151,575,28,28,PHL,PH,Philippines,Philippines,South-eastern Asia,Asie du Sud-Est,Asia,Asie
2024,152,5,1,1,PLW,PW,Palau,Palaos (les),Micronesia,Micron,Oceania,Oc
2024,153,10,2,2,PNG,PG,Papua New Guinea,Papouasie-Nouvelle-Guin,Melanesia,M,Oceania,Oc
2024,154,18372,64,141,POL,PL,Poland,Pologne,Eastern Europe,Europe orientale,Europe,Europe
2024,155,2652,60,60,PRT,PT,Portugal,Portugal,Southern Europe,Europe australe,Europe,Europe
2024,158,2664,44,72,ROU,RO,Romania,Roumanie,Eastern Europe,Europe orientale,Europe,Europe
2024,159,7077,32,32,ZAF,ZA,South Africa,Afrique du Sud,Southern Africa,Afrique australe,Africa,Afrique
2024,160,7018,52,62,RUS,RU,Russian Federation,F,Eastern Europe,Europe orientale,Europe,Europe
2024,161,2578,9,12,RWA,RW,Rwanda,Rwanda,Eastern Africa,Afrique orientale,Africa,Afrique
2024,162,272,9,9,SLV,SV,El Salvador,El Salvador,Central America,Am,Latin America and the Caribbean,Am
2024,163,74,3,3,SAU,SA,Saudi Arabia,Arabie saoudite,Western Asia,Asie occidentale,Asia,Asie
2024,164,406,26,28,SRB,RS,Serbia and Kosovo: S/RES/1244 (1999),Serbie,Southern Europe,Europe australe,Europe,Europe
2024,165,470,14,14,SEN,SN,Senegal,S,Western Africa,Afrique occidentale,Africa,Afrique
2024,171,5,1,1,SLB,SB,Solomon Islands,Iles Salomon,Melanesia,M,Oceania,Oc
2024,172,1861,4,4,SOM,SO,Somalia,Somalie,Eastern Africa,Afrique orientale,Africa,Afrique
2024,173,167342,105,105,ESP,ES,Spain,Espagne,Southern Europe,Europe australe,Europe,Europe
2024,176,5,1,1,STP,ST,Sao Tome and Principe,Sao Tom,Middle Africa,Afrique australe,Africa,Afrique
2024,177,17233,6,6,SDN,SD,Sudan,Soudan,Northern Africa,Afrique septentrionale,Africa,Afrique
2024,178,623,2,2,SUR,SR,Suriname,Suriname,South America,Am,Latin America and the Caribbean,Am
2024,179,1887,12,12,SSD,SS,South Sudan,,Eastern Africa,Afrique septentrionale,Africa,Afrique
2024,180,127,12,13,SVK,SK,Slovakia,Slovaquie,Eastern Europe,Europe orientale,Europe,Europe
2024,181,5683,41,55,SVN,SI,Slovenia,Slov,Southern Europe,Europe australe,Europe,Europe
2024,182,1471,10,10,SWZ,SZ,Eswatini,Eswatini,Southern Africa,Afrique australe,Africa,Afrique
2024,183,17095,96,247,SWE,SE,Sweden,Su,Northern Europe,Europe septentrionale,Europe,Europe
2024,184,27694,104,143,CHE,CH,Switzerland,Suisse,Western Europe,Europe occidentale,Europe,Europe
2024,185,83,11,13,SYR,SY,Syrian Arab Rep.,R,Western Asia,Asie occidentale,Asia,Asie
2024,186,3177,10,10,TZA,TZ,United Rep. of Tanzania,R,Eastern Africa,Afrique orientale,Africa,Afrique
2024,188,1771,22,30,THA,TH,Thailand,Tha,South-eastern Asia,Asie du Sud-Est,Asia,Asie
2024,189,5307,1,1,TJK,TJ,Tajikistan,Tadjikistan,Central Asia,Sud de l'Asie centrale,Asia,Asie
2024,192,15940,10,10,TGO,TG,Togo,Togo,Western Africa,Afrique occidentale,Africa,Afrique
2024,195,5455,30,34,TUN,TN,Tunisia,Tunisie,Northern Africa,Afrique septentrionale,Africa,Afrique
2024,196,9009,5,5,TUR,TR,Türkiye,Türkiye,Western Asia,Asie occidentale,Asia,Asie
2024,198,50,3,3,ARE,AE,United Arab Emirates,Emirats arabes unis,Western Asia,Asie occidentale,Asia,Asie
2024,199,30459,17,21,UGA,UG,Uganda,Ouganda,Eastern Africa,Afrique orientale,Africa,Afrique
2024,200,144,7,12,UKR,UA,Ukraine,Ukraine,Eastern Europe,Europe orientale,Europe,Europe
2024,201,9300,17,17,URY,UY,Uruguay,Uruguay,South America,Am,Latin America and the Caribbean,Am
2024,202,733912,168,367,USA,US,United States of America,Etats-Unis d'Am,Northern America,Am,Northern America,Am
2024,211,3759,7,8,YEM,YE,Yemen,Y,Western Asia,Asie occidentale,Asia,Asie
2024,213,11478,13,13,ZMB,ZM,Zambia,Zambie,Eastern Africa,Afrique orientale,Africa,Afrique
2024,214,1004,7,7,ZWE,ZW,Zimbabwe,Zimbabwe,Eastern Africa,Afrique orientale,Africa,Afrique
2024,225,49,1,1,VGB,VG,British Virgin Islands,Iles Vierges britaniques,Caribbean,,Latin America and the Caribbean,
2024,255,26,4,4,SXM,SX,Sint Maarten (Dutch part),Saint-Martin,Caribbean,Cara,Latin America and the Caribbean,Am
2025,2,19,1,1,AFG,AF,Afghanistan,Afghanistan,Southern Asia,Sud de l'Asie centrale,Asia,Asie
2025,3,36,6,6,ALB,AL,Albania,Albanie,Southern Europe,Europe australe,Europe,Europe
2025,4,1867,23,38,DZA,DZ,Algeria,Alg,Northern Africa,Afrique septentrionale,Africa,Afrique
2025,8,292686,28,51,EGY,EG,Egypt,Egypte,Northern Africa,Afrique septentrionale,Africa,Afrique
2025,9,1251,34,41,ARG,AR,Argentina,Argentine,South America,Am,Latin America and the Caribbean,Am
2025,10,695,23,30,ARM,AM,Armenia,Arm,Western Asia,Asie occidentale,Asia,Asie
2025,11,50209,120,201,AUS,AU,Australia,Australie,Australia-New Zealand,Australie-Nouvelle-Z,Oceania,Oc
2025,12,16635,79,120,AUT,AT,Austria,Autriche,Western Europe,Europe occidentale,Europe,Europe
2025,13,34,2,3,AZE,AZ,Azerbaijan,Azerba,Western Asia,Asie occidentale,Asia,Asie
2025,16,401,3,3,BDI,BI,Burundi,Burundi,Eastern Africa,Afrique orientale,Africa,Afrique
2025,17,46920,109,271,BEL,BE,Belgium,Belgique,Western Europe,Europe occidentale,Europe,Europe
2025,18,5098,13,13,BEN,BJ,Benin,B,Western Africa,Afrique occidentale,Africa,Afrique
2025,20,34,2,2,BGD,BD,Bangladesh,Bangladesh,Southern Asia,Sud de l'Asie centrale,Asia,Asie
2025,23,751,3,3,BFA,BF,Burkina Faso,Burkina Faso,Western Africa,Afrique occidentale,Africa,Afrique
2025,24,2303,12,15,BLR,BY,Belarus,B,Eastern Europe,Europe orientale,Europe,Europe
2025,25,10,1,1,BOL,BO,Bolivia (Plurinational State of),Bolivie,South America,Am,Latin America and the Caribbean,Am
2025,26,26,3,3,BWA,BW,Botswana,Botswana,Southern Africa,Afrique australe,Africa,Afrique
2025,27,75585,107,107,BRA,BR,Brazil,Br,South America,Am,Latin America and the Caribbean,Am
2025,29,178,15,18,BIH,BA,Bosnia and Herzegovina,Bosnie-Herz,Southern Europe,Europe australe,Europe,Europe
2025,30,3876,29,29,BGR,BG,Bulgaria,Bulgarie,Eastern Europe,Europe orientale,Europe,Europe
2025,31,217,5,8,BLZ,BZ,Belize,Belize,Central America,Am,Latin America and the Caribbean,Am
2025,33,133910,165,312,CAN,CA,Canada,Canada,Northern America,Am,Northern America,Am
2025,34,10198,7,7,CAF,CF,Central African Rep.,R,Middle Africa,Afrique australe,Africa,Afrique
2025,35,5,1,1,CYM,KY,Cayman Islands,Iles Ca,Caribbean,Cara,Latin America and the Caribbean,Am
2025,36,2404,14,14,TCD,TD,Chad,Tchad,Middle Africa,Afrique australe,Africa,Afrique
2025,37,79,6,9,CHN,CN,China,Chine,Eastern Asia,Asie orientale,Asia,Asie
2025,38,544,12,12,CHL,CL,Chile,Chili,South America,Am,Latin America and the Caribbean,Am
2025,39,8534,20,31,CMR,CM,Cameroon,Cameroun,Middle Africa,Afrique australe,Africa,Afrique
2025,40,537,4,4,COG,CG,Congo,Congo,Middle Africa,Afrique australe,Africa,Afrique
2025,41,99377,10,10,COD,CD,Dem. Rep. of the Congo,R,Middle Africa,Afrique australe,Africa,Afrique
2025,44,8244,10,11,COL,CO,Colombia,Colombie,South America,Am,Latin America and the Caribbean,Am
2025,45,29916,33,37,CRI,CR,Costa Rica,Costa Rica,Central America,Am,Latin America and the Caribbean,Am
2025,46,25,3,3,CUB,CU,Cuba,Cuba,Caribbean,Cara,Latin America and the Caribbean,Am
2025,48,7994,52,116,CYP,CY,Cyprus,Chypre,Western Asia,Asie occidentale,Asia,Asie
2025,49,1149,37,52,CZE,CZ,Czechia,R,Eastern Europe,Europe orientale,Europe,Europe
2025,50,2442,65,99,DNK,DK,Denmark,Danemark,Northern Europe,Europe septentrionale,Europe,Europe
2025,51,1594,7,7,DJI,DJ,Djibouti,Djibouti,Eastern Africa,Afrique orientale,Africa,Afrique
2025,53,42,4,4,DOM,DO,Dominican Rep.,R,Caribbean,Cara,Latin America and the Caribbean,Am
2025,54,9745,20,20,ECU,EC,Ecuador,Equateur,South America,Am,Latin America and the Caribbean,Am
2025,57,1022,11,13,EST,EE,Estonia,Estonie,Northern Europe,Europe septentrionale,Europe,Europe
2025,58,52108,6,7,ETH,ET,Ethiopia,Ethiopie,Eastern Africa,Afrique orientale,Africa,Afrique
2025,60,25,4,5,FJI,FJ,Fiji,Fidji,Melanesia,M,Oceania,Oc
2025,61,4774,80,157,FIN,FI,Finland,Finlande,Northern Europe,Europe septentrionale,Europe,Europe
2025,64,214228,113,303,FRA,FR,France,France,Western Europe,Europe occidentale,Europe,Europe
2025,67,7,1,1,GAB,GA,Gabon,Gabon,Middle Africa,Afrique australe,Africa,Afrique
2025,68,74,5,5,GMB,GM,Gambia,Gambie,Western Africa,Afrique occidentale,Africa,Afrique
2025,70,168185,154,236,GBR,GB,United Kingdom of Great Britain and Northern Ireland,Royaume-Uni,Northern Europe,Europe septentrionale,Europe,Europe
2025,71,583,26,26,GEO,GE,Georgia,G,Western Asia,Asie occidentale,Asia,Asie
2025,72,338233,133,334,DEU,DE,Germany,Allemagne,Western Europe,Europe occidentale,Europe,Europe
2025,73,279,14,14,GHA,GH,Ghana,Ghana,Western Africa,Afrique occidentale,Africa,Afrique
2025,76,74139,79,189,GRC,GR,Greece,Gr,Southern Europe,Europe australe,Europe,Europe
2025,78,1373,14,14,GTM,GT,Guatemala,Guatemala,Central America,Am,Latin America and the Caribbean,Am
2025,80,5,1,1,GUY,GY,Guyana,Guyana,South America,Am,Latin America and the Caribbean,Am
2025,83,716,1,1,HND,HN,Honduras,Honduras,Central America,Am,Latin America and the Caribbean,Am
2025,84,1229,39,39,HRV,HR,Croatia,Croatie,Southern Europe,Europe australe,Europe,Europe
2025,85,101,14,14,HUN,HU,Hungary,Hongrie,Eastern Europe,Europe orientale,Europe,Europe
2025,86,2124,30,46,ISL,IS,Iceland,Islande,Northern Europe,Europe septentrionale,Europe,Europe
2025,87,13620,8,8,CIV,CI,Cote d'Ivoire,C,Western Africa,Afrique occidentale,Africa,Afrique
2025,88,2202,18,27,IND,IN,India,Inde,Southern Asia,Sud de l'Asie centrale,Asia,Asie
2025,89,15,3,3,IDN,ID,Indonesia,Indon,South-eastern Asia,Asie du Sud-Est,Asia,Asie
2025,90,27222,96,175,IRL,IE,Ireland,Irlande,Northern Europe,Europe septentrionale,Europe,Europe
2025,92,189,6,7,IRQ,IQ,Iraq,Iraq,Western Asia,Asie occidentale,Asia,Asie
2025,93,9632,49,49,ISR,IL,Israel,Isra,Western Asia,Asie occidentale,Asia,Asie
2025,94,133736,109,163,ITA,IT,Italy,Italie,Southern Europe,Europe australe,Europe,Europe
2025,97,19310,38,65,JPN,JP,Japan,Japon,Eastern Asia,Asie orientale,Asia,Asie
2025,98,155,5,9,KAZ,KZ,Kazakhstan,Kazakhstan,Central Asia,Sud de l'Asie centrale,Asia,Asie
2025,99,32718,17,17,KEN,KE,Kenya,Kenya,Eastern Africa,Afrique orientale,Africa,Afrique
2025,100,854,8,8,KGZ,KG,Kyrgyzstan,Kirghizistan,Central Asia,Sud de l'Asie centrale,Asia,Asie
2025,102,20373,60,105,KOR,KR,Rep. of Korea,R,Eastern Asia,Asie orientale,Asia,Asie
2025,106,39,3,3,LBR,LR,Liberia,Lib,Western Africa,Afrique occidentale,Africa,Afrique
2025,107,1096,5,7,LBY,LY,Libya,Libye,Northern Africa,Afrique septentrionale,Africa,Afrique
2025,109,1883,18,20,LBN,LB,Lebanon,Liban,Western Asia,Asie occidentale,Asia,Asie
2025,110,43,5,5,LSO,LS,Lesotho,Lesotho,Southern Africa,Afrique australe,Africa,Afrique
2025,111,70,10,10,LIE,LI,Liechtenstein,Liechtenstein,Western Europe,Europe occidentale,Europe,Europe
2025,112,18,3,3,LKA,LK,Sri Lanka,Sri Lanka,Southern Asia,Sud de l'Asie centrale,Asia,Asie
2025,113,324,24,24,LTU,LT,Lithuania,Lituanie,Northern Europe,Europe septentrionale,Europe,Europe
2025,114,2356,57,115,LUX,LU,Luxembourg,Luxembourg,Western Europe,Europe occidentale,Europe,Europe
2025,115,1698,32,48,LVA,LV,Latvia,Lettonie,Northern Europe,Europe septentrionale,Europe,Europe
2025,117,110,6,6,MDG,MG,Madagascar,Madagascar,Eastern Africa,Afrique orientale,Africa,Afrique
2025,119,2735,31,38,MRT,MR,Mauritania,Mauritanie,Western Africa,Afrique occidentale,Africa,Afrique
2025,120,169,12,12,MKD,MK,North Macedonia,Ex-R,Southern Europe,Europe australe,Europe,Europe
2025,122,2720,23,34,MDA,MD,Rep. of Moldova,R,Eastern Europe,Europe orientale,Europe,Europe
2025,124,70482,62,62,MEX,MX,Mexico,Mexique,Central America,Am,Latin America and the Caribbean,Am
2025,126,25,4,4,MLI,ML,Mali,Mali,Western Africa,Afrique occidentale,Africa,Afrique
2025,127,3629,18,26,MYS,MY,Malaysia,Malaisie,South-eastern Asia,Asie du Sud-Est,Asia,Asie
2025,128,4144,6,6,MWI,MW,Malawi,Malawi,Eastern Africa,Afrique orientale,Africa,Afrique
2025,130,5313,37,45,MAR,MA,Morocco,Maroc,Northern Africa,Afrique septentrionale,Africa,Afrique
2025,131,416,4,4,MOZ,MZ,Mozambique,Mozambique,Eastern Africa,Afrique orientale,Africa,Afrique
2025,132,446,29,36,MLT,MT,Malta,Malte,Southern Europe,Europe australe,Europe,Europe
2025,133,125,9,9,MNE,ME,Montenegro,Mont,Southern Europe,Europe australe,Europe,Europe
2025,134,178,7,7,MUS,MU,Mauritius,Maurice,Eastern Africa,Afrique orientale,Africa,Afrique
2025,136,469,3,3,NAM,,Namibia,Namibie,Southern Africa,Afrique australe,Africa,Afrique
2025,137,43,3,3,NPL,NP,Nepal,N,Southern Asia,Sud de l'Asie centrale,Asia,Asie
2025,138,25675,109,168,NLD,NL,Netherlands (Kingdom of the),Pays-Bas,Western Europe,Europe occidentale,Europe,Europe
2025,139,10041,10,11,NER,NE,Niger,Niger,Western Africa,Afrique occidentale,Africa,Afrique
2025,141,24493,14,14,NGA,NG,Nigeria,Nig,Western Africa,Afrique occidentale,Africa,Afrique
2025,143,5863,83,154,NOR,NO,Norway,Norv,Northern Europe,Europe septentrionale,Europe,Europe
2025,144,45,1,1,NRU,NR,Nauru,Nauru,Micronesia,Micron,Oceania,Oc
2025,145,2558,47,47,NZL,NZ,New Zealand,Nouvelle-Z,Australia-New Zealand,Australie-Nouvelle-Z,Oceania,Oc
2025,147,363,3,4,PAK,PK,Pakistan,Pakistan,Southern Asia,Sud de l'Asie centrale,Asia,Asie
2025,148,1203,18,26,PAN,PA,Panama,Panama,Central America,Am,Latin America and the Caribbean,Am
2025,149,790,8,10,PRY,PY,Paraguay,Paraguay,South America,Am,Latin America and the Caribbean,Am
2025,150,18697,22,22,PER,PE,Peru,P,South America,Am,Latin America and the Caribbean,Am
2025,151,463,27,27,PHL,PH,Philippines,Philippines,South-eastern Asia,Asie du Sud-Est,Asia,Asie
2025,154,13196,68,68,POL,PL,Poland,Pologne,Eastern Europe,Europe orientale,Europe,Europe
2025,155,1770,55,57,PRT,PT,Portugal,Portugal,Southern Europe,Europe australe,Europe,Europe
2025,158,1167,38,39,ROU,RO,Romania,Roumanie,Eastern Europe,Europe orientale,Europe,Europe
2025,159,5324,30,30,ZAF,ZA,South Africa,Afrique du Sud,Southern Africa,Afrique australe,Africa,Afrique
2025,160,8507,50,63,RUS,RU,Russian Federation,F,Eastern Europe,Europe orientale,Europe,Europe
2025,161,1835,10,11,RWA,RW,Rwanda,Rwanda,Eastern Africa,Afrique orientale,Africa,Afrique
2025,162,172,10,10,SLV,SV,El Salvador,El Salvador,Central America,Am,Latin America and the Caribbean,Am
2025,164,323,24,25,SRB,RS,Serbia and Kosovo: S/RES/1244 (1999),Serbie,Southern Europe,Europe australe,Europe,Europe
2025,165,334,19,19,SEN,SN,Senegal,S,Western Africa,Afrique occidentale,Africa,Afrique
2025,172,3642,6,6,SOM,SO,Somalia,Somalie,Eastern Africa,Afrique orientale,Africa,Afrique
2025,173,144387,103,103,ESP,ES,Spain,Espagne,Southern Europe,Europe australe,Europe,Europe
2025,177,11858,4,6,SDN,SD,Sudan,Soudan,Northern Africa,Afrique septentrionale,Africa,Afrique
2025,178,52,1,1,SUR,SR,Suriname,Suriname,South America,Am,Latin America and the Caribbean,Am
2025,179,3959,11,11,SSD,SS,South Sudan,,Eastern Africa,Afrique septentrionale,Africa,Afrique
2025,180,142,14,14,SVK,SK,Slovakia,Slovaquie,Eastern Europe,Europe orientale,Europe,Europe
2025,181,4216,41,57,SVN,SI,Slovenia,Slov,Southern Europe,Europe australe,Europe,Europe
2025,182,1316,11,11,SWZ,SZ,Eswatini,Eswatini,Southern Africa,Afrique australe,Africa,Afrique
2025,183,14072,98,252,SWE,SE,Sweden,Su,Northern Europe,Europe septentrionale,Europe,Europe
2025,184,25755,106,148,CHE,CH,Switzerland,Suisse,Western Europe,Europe occidentale,Europe,Europe
2025,185,204,10,14,SYR,SY,Syrian Arab Rep.,R,Western Asia,Asie occidentale,Asia,Asie
2025,186,5409,8,8,TZA,TZ,United Rep. of Tanzania,R,Eastern Africa,Afrique orientale,Africa,Afrique
2025,188,1254,17,27,THA,TH,Thailand,Tha,South-eastern Asia,Asie du Sud-Est,Asia,Asie
2025,189,1876,1,1,TJK,TJ,Tajikistan,Tadjikistan,Central Asia,Sud de l'Asie centrale,Asia,Asie
2025,192,6647,7,7,TGO,TG,Togo,Togo,Western Africa,Afrique occidentale,Africa,Afrique
2025,195,61,9,10,TUN,TN,Tunisia,Tunisie,Northern Africa,Afrique septentrionale,Africa,Afrique
2025,196,6459,5,5,TUR,TR,Türkiye,Türkiye,Western Asia,Asie occidentale,Asia,Asie
2025,199,18421,15,20,UGA,UG,Uganda,Ouganda,Eastern Africa,Afrique orientale,Africa,Afrique
2025,200,108,7,10,UKR,UA,Ukraine,Ukraine,Eastern Europe,Europe orientale,Europe,Europe
2025,201,16521,24,24,URY,UY,Uruguay,Uruguay,South America,Am,Latin America and the Caribbean,Am
2025,202,911952,162,163,USA,US,United States of America,Etats-Unis d'Am,Northern America,Am,Northern America,Am
2025,204,7,1,1,VUT,VU,Vanuatu,Vanuatu,Melanesia,M,Oceania,Oc
2025,211,181,1,2,YEM,YE,Yemen,Y,Western Asia,Asie occidentale,Asia,Asie
2025,213,7715,11,11,ZMB,ZM,Zambia,Zambie,Eastern Africa,Afrique orientale,Africa,Afrique
2025,214,828,6,6,ZWE,ZW,Zimbabwe,Zimbabwe,Eastern Africa,Afrique orientale,Africa,Afrique
2025,225,10,1,1,VGB,VG,British Virgin Islands,Iles Vierges britaniques,Caribbean,,Latin America and the Caribbean,
