year,coo_id,idmc_total,asylum_applications,demandes_source_rows,decisions_recognized,decisions_other,decisions_rejected,decisions_closed,decisions_total,decisions_source_rows,recognition_rate,returned_refugees,resettlement,naturalisation,returned_idps,solutions_source_rows,country_iso,country_name,country_region,has_asylum_data,has_decisions_data,has_solutions_data
2009,2,297000,42511.0,81.0,7806.0,6013.0,13635.0,8471.0,35925.0,79.0,0.21728601252609603,57577.0,2762.0,1667.0,7225.0,27.0,AFG,Afghanistan,Southern Asia,1,1,1
2010,2,352000,40159.0,94.0,8469.0,7939.0,16511.0,8756.0,41675.0,95.0,0.20321535692861428,118031.0,2655.0,149.0,3366.0,25.0,AFG,Afghanistan,Southern Asia,1,1,1
2011,2,450000,50219.0,99.0,9378.0,9209.0,18761.0,12058.0,49406.0,94.0,0.18981500222645023,71145.0,3098.0,46.0,75453.0,21.0,AFG,Afghanistan,Southern Asia,1,1,1
2012,2,492000,65611.0,92.0,12870.0,6980.0,17169.0,8484.0,45822.0,96.0,0.2808694513552442,98611.0,3078.0,156.0,18830.0,23.0,AFG,Afghanistan,Southern Asia,1,1,1
2013,2,631000,56978.0,110.0,13217.0,9192.0,15721.0,9834.0,47964.0,93.0,0.27556083729463765,39665.0,4719.0,152.0,21830.0,20.0,AFG,Afghanistan,Southern Asia,1,1,1
2014,2,805000,84068.0,122.0,11941.0,8620.0,16164.0,27679.0,64404.0,107.0,0.1854077386497733,17815.0,3937.0,2246.0,0.0,18.0,AFG,Afghanistan,Southern Asia,1,1,1
2015,2,1174000,280343.0,113.0,14183.0,9208.0,16952.0,67142.0,107485.0,108.0,0.1319532958087175,61381.0,4450.0,2232.0,123653.0,23.0,AFG,Afghanistan,Southern Asia,1,1,1
2016,2,1200000,254558.0,115.0,30769.0,38752.0,52583.0,51092.0,173196.0,111.0,0.177654218342225,383950.0,5921.0,1386.0,0.0,20.0,AFG,Afghanistan,Southern Asia,1,1,1
2017,2,1286000,150459.0,113.0,43125.0,60439.0,102377.0,55657.0,261598.0,103.0,0.16485217776894318,60541.0,4385.0,1814.0,32649.0,25.0,AFG,Afghanistan,Southern Asia,1,1,1
2018,2,2598000,138946.0,107.0,21904.0,30051.0,44443.0,68751.0,165149.0,99.0,0.13263174466693714,16218.0,3861.0,1656.0,73527.0,19.0,AFG,Afghanistan,Southern Asia,1,1,1
2019,2,2993000,114963.0,114.0,21768.0,21617.0,33677.0,37370.0,114416.0,106.0,0.19025311145294366,8404.0,5488.0,2231.0,0.0,19.0,AFG,Afghanistan,Southern Asia,1,1,1
2020,2,3547000,85855.0,93.0,22059.0,27063.0,33397.0,30183.0,112724.0,95.0,0.19569035875235088,2311.0,1151.0,1162.0,0.0,22.0,AFG,Afghanistan,Southern Asia,1,1,1
2021,2,4314000,153868.0,107.0,36305.0,29540.0,19365.0,44083.0,129293.0,96.0,0.2807963308145066,1429.0,10865.0,1485.0,791000.0,24.0,AFG,Afghanistan,Southern Asia,1,1,1
2022,2,4513000,234273.0,115.0,68789.0,40776.0,15832.0,77478.0,202875.0,108.0,0.3390708564386938,6506.0,34217.0,1421.0,236166.0,22.0,AFG,Afghanistan,Southern Asia,1,1,1
2023,2,4187000,192486.0,114.0,99658.0,29248.0,22507.0,79562.0,230975.0,111.0,0.4314666089403615,57530.0,32706.0,904.0,31605.0,25.0,AFG,Afghanistan,Southern Asia,1,1,1
2024,2,4187000,136850.0,109.0,83221.0,26626.0,23036.0,28757.0,161640.0,101.0,0.514853996535511,364443.0,35546.0,7965.0,22687.0,26.0,AFG,Afghanistan,Southern Asia,1,1,1
2025,2,4355000,165472.0,108.0,101835.0,11674.0,39266.0,44240.0,197015.0,95.0,0.5168895769357663,1947183.0,17856.0,5816.0,8056.0,25.0,AFG,Afghanistan,Southern Asia,1,1,1
2016,4,2500,14603.0,66.0,265.0,229.0,9098.0,5812.0,15404.0,61.0,0.017203323811996882,5.0,0.0,58.0,0.0,4.0,DZA,Algeria,Northern Africa,1,1,1
2014,8,4100,8968.0,88.0,2697.0,630.0,3923.0,1523.0,8773.0,78.0,0.30742049469964666,0.0,161.0,58.0,0.0,5.0,EGY,Egypt,Northern Africa,1,1,1
2015,8,9100,8024.0,80.0,2005.0,355.0,3488.0,1612.0,7460.0,73.0,0.2687667560321716,5.0,143.0,98.0,0.0,10.0,EGY,Egypt,Northern Africa,1,1,1
2016,8,9100,9570.0,78.0,1693.0,420.0,5914.0,2292.0,10319.0,74.0,0.1640662854927803,0.0,188.0,92.0,0.0,7.0,EGY,Egypt,Northern Africa,1,1,1
2017,8,36000,10410.0,85.0,2024.0,485.0,5913.0,2525.0,10947.0,73.0,0.18489083767242168,0.0,144.0,89.0,0.0,7.0,EGY,Egypt,Northern Africa,1,1,1
2018,8,3200,12131.0,85.0,2442.0,322.0,4965.0,1994.0,9723.0,76.0,0.2511570502931194,0.0,188.0,235.0,0.0,4.0,EGY,Egypt,Northern Africa,1,1,1
2019,8,3200,10720.0,95.0,3404.0,110.0,5191.0,2206.0,10911.0,80.0,0.3119787370543488,0.0,187.0,369.0,0.0,6.0,EGY,Egypt,Northern Africa,1,1,1
2020,8,3200,7525.0,72.0,1661.0,131.0,4904.0,2477.0,9190.0,75.0,0.1807399347116431,0.0,105.0,196.0,0.0,4.0,EGY,Egypt,Northern Africa,1,1,1
2009,10,8400,7159.0,40.0,784.0,302.0,4399.0,853.0,6338.0,40.0,0.12369832754812243,0.0,5.0,235.0,0.0,2.0,ARM,Armenia,Western Asia,1,1,1
2010,10,8400,8542.0,45.0,797.0,414.0,8049.0,926.0,10186.0,45.0,0.07824464951894758,0.0,10.0,19.0,0.0,5.0,ARM,Armenia,Western Asia,1,1,1
2011,10,8400,7819.0,43.0,514.0,309.0,7174.0,822.0,8819.0,43.0,0.05828325206939562,0.0,17.0,13.0,0.0,4.0,ARM,Armenia,Western Asia,1,1,1
2012,10,8400,8465.0,41.0,402.0,286.0,6698.0,928.0,8381.0,44.0,0.04796563655888319,0.0,13.0,5.0,0.0,3.0,ARM,Armenia,Western Asia,1,1,1
2013,10,8400,8331.0,48.0,402.0,447.0,7142.0,1034.0,9025.0,46.0,0.04454293628808864,0.0,5.0,20.0,0.0,3.0,ARM,Armenia,Western Asia,1,1,1
2014,10,8400,8031.0,52.0,365.0,360.0,4971.0,1318.0,7014.0,41.0,0.052038779583689763,5.0,45.0,75.0,0.0,5.0,ARM,Armenia,Western Asia,1,1,1
2015,10,8400,7073.0,53.0,242.0,285.0,3780.0,1524.0,5831.0,50.0,0.04150231521179901,0.0,36.0,199.0,0.0,7.0,ARM,Armenia,Western Asia,1,1,1
2016,10,8400,10474.0,46.0,230.0,389.0,4874.0,1895.0,7388.0,45.0,0.031131564699512723,0.0,71.0,107.0,0.0,4.0,ARM,Armenia,Western Asia,1,1,1
2020,10,800,4201.0,41.0,179.0,351.0,5000.0,2199.0,7729.0,36.0,0.02315952904644844,0.0,64.0,98.0,0.0,3.0,ARM,Armenia,Western Asia,1,1,1
2021,10,800,5573.0,46.0,211.0,210.0,3499.0,2101.0,6021.0,40.0,0.035044012622487956,0.0,39.0,129.0,0.0,5.0,ARM,Armenia,Western Asia,1,1,1
2022,10,7600,11096.0,53.0,389.0,203.0,4493.0,1866.0,6951.0,40.0,0.05596317076679615,0.0,229.0,83.0,0.0,3.0,ARM,Armenia,Western Asia,1,1,1
2023,10,7600,12520.0,52.0,424.0,243.0,4801.0,3394.0,8862.0,46.0,0.047844730309185284,0.0,236.0,84.0,0.0,3.0,ARM,Armenia,Western Asia,1,1,1
2009,13,586000,3076.0,31.0,441.0,117.0,1479.0,396.0,2433.0,31.0,0.1812577065351418,0.0,39.0,824.0,0.0,6.0,AZE,Azerbaijan,Western Asia,1,1,1
2010,13,593000,3160.0,35.0,430.0,190.0,2496.0,455.0,3571.0,31.0,0.12041444973396807,0.0,31.0,305.0,0.0,7.0,AZE,Azerbaijan,Western Asia,1,1,1
2011,13,599000,3009.0,33.0,389.0,134.0,2176.0,318.0,3017.0,31.0,0.12893602916804772,0.0,6.0,419.0,0.0,2.0,AZE,Azerbaijan,Western Asia,1,1,1
2012,13,600000,2847.0,32.0,278.0,57.0,1899.0,284.0,2530.0,34.0,0.10988142292490119,0.0,17.0,226.0,0.0,5.0,AZE,Azerbaijan,Western Asia,1,1,1
2013,13,543000,3528.0,37.0,395.0,119.0,2024.0,358.0,2896.0,35.0,0.13639502762430938,0.0,5.0,108.0,0.0,2.0,AZE,Azerbaijan,Western Asia,1,1,1
2014,13,569000,3958.0,43.0,377.0,84.0,2138.0,494.0,3093.0,35.0,0.12188813449725186,0.0,26.0,133.0,0.0,6.0,AZE,Azerbaijan,Western Asia,1,1,1
2015,13,564000,3780.0,47.0,384.0,132.0,1793.0,576.0,2885.0,45.0,0.13310225303292894,0.0,24.0,193.0,0.0,9.0,AZE,Azerbaijan,Western Asia,1,1,1
2016,13,582000,7109.0,48.0,739.0,307.0,3192.0,1108.0,5346.0,46.0,0.13823419378974935,0.0,44.0,107.0,0.0,6.0,AZE,Azerbaijan,Western Asia,1,1,1
2017,13,643000,6343.0,45.0,1018.0,446.0,6075.0,3335.0,10874.0,39.0,0.09361780393599411,0.0,11.0,134.0,0.0,7.0,AZE,Azerbaijan,Western Asia,1,1,1
2018,13,644000,8274.0,52.0,618.0,172.0,3934.0,3565.0,8289.0,48.0,0.07455664133188564,0.0,0.0,188.0,0.0,4.0,AZE,Azerbaijan,Western Asia,1,1,1
2019,13,651000,4610.0,46.0,668.0,160.0,3890.0,2873.0,7591.0,42.0,0.08799894612040575,0.0,0.0,176.0,0.0,5.0,AZE,Azerbaijan,Western Asia,1,1,1
2020,13,735000,2484.0,44.0,453.0,96.0,2707.0,2257.0,5550.0,43.0,0.08162162162162162,0.0,0.0,158.0,0.0,3.0,AZE,Azerbaijan,Western Asia,1,1,1
2021,13,655000,2591.0,38.0,518.0,125.0,2358.0,1422.0,4423.0,34.0,0.11711508026226543,0.0,0.0,80.0,0.0,3.0,AZE,Azerbaijan,Western Asia,1,1,1
2022,13,659000,4687.0,44.0,403.0,94.0,2163.0,1559.0,4219.0,40.0,0.09552026546575018,0.0,0.0,170.0,0.0,3.0,AZE,Azerbaijan,Western Asia,1,1,1
2023,13,658000,5672.0,50.0,456.0,105.0,2528.0,1733.0,4822.0,43.0,0.09456656988801328,0.0,0.0,169.0,0.0,5.0,AZE,Azerbaijan,Western Asia,1,1,1
2024,13,658000,6426.0,48.0,559.0,110.0,3300.0,1809.0,5778.0,38.0,0.09674627898926964,71.0,14.0,6059.0,0.0,8.0,AZE,Azerbaijan,Western Asia,1,1,1
2025,13,657000,6045.0,51.0,509.0,120.0,3424.0,1772.0,5825.0,45.0,0.08738197424892703,0.0,7.0,21915.0,0.0,6.0,AZE,Azerbaijan,Western Asia,1,1,1
2009,16,100000,4648.0,38.0,1489.0,90.0,1226.0,1688.0,4493.0,42.0,0.33140440685510797,32364.0,972.0,155145.0,0.0,22.0,BDI,Burundi,Eastern Africa,1,1,1
2010,16,100000,5247.0,39.0,1218.0,66.0,897.0,178.0,2359.0,36.0,0.516320474777448,4760.0,626.0,7242.0,0.0,15.0,BDI,Burundi,Eastern Africa,1,1,1
2011,16,79000,6391.0,36.0,2196.0,42.0,1274.0,219.0,3731.0,39.0,0.5885821495577593,4379.0,288.0,25.0,0.0,18.0,BDI,Burundi,Eastern Africa,1,1,1
2012,16,79000,8451.0,35.0,2386.0,17.0,2066.0,1239.0,5708.0,36.0,0.41800981079187105,35740.0,323.0,24.0,0.0,13.0,BDI,Burundi,Eastern Africa,1,1,1
2013,16,79000,5745.0,40.0,581.0,51.0,2080.0,1615.0,4327.0,35.0,0.13427316847700485,2124.0,275.0,74.0,0.0,16.0,BDI,Burundi,Eastern Africa,1,1,1
2014,16,78000,9049.0,43.0,1304.0,5.0,1815.0,6537.0,9661.0,45.0,0.13497567539592176,1349.0,447.0,477.0,0.0,15.0,BDI,Burundi,Eastern Africa,1,1,1
2015,16,99000,19679.0,60.0,9497.0,48.0,1540.0,1179.0,12264.0,51.0,0.7743803000652316,16.0,1710.0,514.0,1144.0,11.0,BDI,Burundi,Eastern Africa,1,1,1
2016,16,59000,9052.0,63.0,3279.0,90.0,1997.0,6133.0,11499.0,55.0,0.28515523088964256,4121.0,1059.0,296.0,0.0,19.0,BDI,Burundi,Eastern Africa,1,1,1
2017,16,57000,40337.0,50.0,6760.0,102.0,1484.0,2335.0,10681.0,52.0,0.6328995412414568,70610.0,616.0,243.0,0.0,12.0,BDI,Burundi,Eastern Africa,1,1,1
2018,16,32000,10102.0,48.0,4633.0,3107.0,808.0,8590.0,17138.0,53.0,0.2703349282296651,45534.0,590.0,259.0,0.0,11.0,BDI,Burundi,Eastern Africa,1,1,1
2019,16,23000,24441.0,51.0,14922.0,20.0,1656.0,1285.0,17883.0,49.0,0.8344237544036236,21178.0,843.0,388.0,0.0,11.0,BDI,Burundi,Eastern Africa,1,1,1
2020,16,22000,9493.0,45.0,6525.0,25.0,844.0,5375.0,12786.0,45.0,0.5103237916471141,40852.0,242.0,190.0,11393.0,15.0,BDI,Burundi,Eastern Africa,1,1,1
2021,16,19000,11043.0,34.0,4739.0,10.0,977.0,3946.0,9672.0,37.0,0.4899710504549214,66073.0,387.0,195.0,2687.0,23.0,BDI,Burundi,Eastern Africa,1,1,1
2022,16,8500,21683.0,60.0,10327.0,247.0,1478.0,4490.0,16542.0,54.0,0.6242896868576956,21794.0,842.0,557.0,0.0,19.0,BDI,Burundi,Eastern Africa,1,1,1
2023,16,8100,31273.0,56.0,15265.0,140.0,3358.0,8423.0,27186.0,56.0,0.5615022438019569,26663.0,856.0,157.0,0.0,16.0,BDI,Burundi,Eastern Africa,1,1,1
2024,16,6900,16382.0,66.0,8431.0,54.0,3276.0,6587.0,18348.0,56.0,0.4595051231741879,21136.0,1213.0,673.0,0.0,22.0,BDI,Burundi,Eastern Africa,1,1,1
2025,16,6800,15711.0,62.0,4081.0,138.0,3778.0,3066.0,11063.0,55.0,0.3688872819307602,17827.0,546.0,510.0,0.0,20.0,BDI,Burundi,Eastern Africa,1,1,1
2018,18,3500,741.0,28.0,46.0,59.0,507.0,169.0,781.0,24.0,0.058898847631242,0.0,0.0,22.0,0.0,2.0,BEN,Benin,Western Africa,1,1,1
2019,18,3500,712.0,35.0,64.0,20.0,452.0,204.0,740.0,29.0,0.08648648648648649,0.0,5.0,17.0,0.0,2.0,BEN,Benin,Western Africa,1,1,1
2020,18,3500,548.0,26.0,53.0,25.0,324.0,163.0,565.0,24.0,0.09380530973451327,,,,,,BEN,Benin,Western Africa,1,1,0
2021,18,2700,625.0,30.0,72.0,40.0,333.0,115.0,560.0,22.0,0.12857142857142856,0.0,0.0,5.0,0.0,1.0,BEN,Benin,Western Africa,1,1,1
2022,18,1200,1127.0,32.0,154.0,28.0,699.0,231.0,1112.0,29.0,0.13848920863309352,,,,,,BEN,Benin,Western Africa,1,1,0
2023,18,8800,2567.0,33.0,113.0,48.0,637.0,505.0,1303.0,30.0,0.08672294704528012,0.0,0.0,6.0,0.0,1.0,BEN,Benin,Western Africa,1,1,1
2024,18,12000,3019.0,32.0,111.0,57.0,1359.0,541.0,2068.0,29.0,0.05367504835589942,5.0,0.0,6.0,0.0,2.0,BEN,Benin,Western Africa,1,1,1
2025,18,26000,2679.0,31.0,181.0,123.0,2092.0,523.0,2919.0,26.0,0.06200753682768071,0.0,0.0,13.0,0.0,2.0,BEN,Benin,Western Africa,1,1,1
2009,20,426000,12520.0,57.0,570.0,199.0,9384.0,1810.0,11956.0,56.0,0.04767480762796922,0.0,0.0,224.0,0.0,3.0,BGD,Bangladesh,Southern Asia,1,1,1
2010,20,426000,12462.0,62.0,943.0,118.0,10047.0,656.0,11764.0,62.0,0.08015980958857531,0.0,76.0,0.0,0.0,2.0,BGD,Bangladesh,Southern Asia,1,1,1
2011,20,426000,15100.0,64.0,623.0,114.0,11898.0,753.0,13388.0,61.0,0.04653420974006573,0.0,5.0,6.0,0.0,2.0,BGD,Bangladesh,Southern Asia,1,1,1
2012,20,426000,17634.0,67.0,771.0,160.0,16523.0,1336.0,18804.0,66.0,0.04100191448627952,0.0,0.0,5.0,0.0,1.0,BGD,Bangladesh,Southern Asia,1,1,1
2013,20,426000,23438.0,79.0,920.0,415.0,16361.0,2709.0,20405.0,72.0,0.0450869884832149,,,,,,BGD,Bangladesh,Southern Asia,1,1,0
2014,20,426000,27087.0,81.0,1282.0,458.0,19259.0,4754.0,25753.0,73.0,0.04978060808449501,0.0,5.0,211.0,0.0,3.0,BGD,Bangladesh,Southern Asia,1,1,1
2015,20,426000,36777.0,87.0,1308.0,1278.0,18471.0,7784.0,28841.0,76.0,0.04535210290905308,0.0,10.0,195.0,0.0,6.0,BGD,Bangladesh,Southern Asia,1,1,1
2016,20,426000,28374.0,76.0,1503.0,1739.0,18272.0,11712.0,33226.0,76.0,0.04523565882140492,0.0,10.0,164.0,0.0,4.0,BGD,Bangladesh,Southern Asia,1,1,1
2017,20,432000,33895.0,77.0,1841.0,2139.0,21779.0,4630.0,30389.0,75.0,0.06058113133041561,0.0,10.0,181.0,0.0,4.0,BGD,Bangladesh,Southern Asia,1,1,1
2018,20,426000,28473.0,90.0,1779.0,3010.0,21174.0,3975.0,29938.0,74.0,0.05942280713474514,0.0,0.0,196.0,0.0,2.0,BGD,Bangladesh,Southern Asia,1,1,1
2019,20,426000,32748.0,85.0,2126.0,603.0,22932.0,6027.0,31584.0,75.0,0.06731256332320162,0.0,8.0,296.0,0.0,4.0,BGD,Bangladesh,Southern Asia,1,1,1
2020,20,426000,21506.0,70.0,3352.0,556.0,15419.0,3564.0,22907.0,65.0,0.14633081590780112,0.0,5.0,224.0,0.0,4.0,BGD,Bangladesh,Southern Asia,1,1,1
2021,20,426000,33764.0,66.0,2244.0,1134.0,22490.0,8849.0,34717.0,69.0,0.0646369213929775,0.0,5.0,266.0,0.0,5.0,BGD,Bangladesh,Southern Asia,1,1,1
2022,20,426000,54155.0,77.0,2657.0,484.0,30902.0,20259.0,54302.0,76.0,0.04893005782475784,5.0,5.0,436.0,0.0,6.0,BGD,Bangladesh,Southern Asia,1,1,1
2023,20,426000,61698.0,76.0,3827.0,539.0,31851.0,19350.0,55567.0,74.0,0.06887181240664424,0.0,7.0,302.0,0.0,4.0,BGD,Bangladesh,Southern Asia,1,1,1
2024,20,585000,80721.0,74.0,3620.0,584.0,38967.0,6490.0,49661.0,66.0,0.07289422283079278,0.0,168.0,553.0,0.0,7.0,BGD,Bangladesh,Southern Asia,1,1,1
2025,20,583000,60589.0,69.0,4230.0,541.0,54114.0,5608.0,64493.0,63.0,0.06558851348208333,0.0,200.0,388.0,0.0,9.0,BGD,Bangladesh,Southern Asia,1,1,1
2016,23,700,2877.0,34.0,149.0,183.0,798.0,409.0,1539.0,30.0,0.096816114359974,0.0,0.0,12.0,0.0,2.0,BFA,Burkina Faso,Western Africa,1,1,1
2017,23,4900,2506.0,35.0,276.0,201.0,1463.0,433.0,2373.0,30.0,0.11630847029077118,0.0,0.0,13.0,0.0,2.0,BFA,Burkina Faso,Western Africa,1,1,1
2018,23,47000,10333.0,36.0,8674.0,216.0,1387.0,329.0,10606.0,33.0,0.8178389590797661,0.0,0.0,14.0,0.0,1.0,BFA,Burkina Faso,Western Africa,1,1,1
2019,23,560000,1505.0,42.0,254.0,88.0,1028.0,226.0,1596.0,31.0,0.15914786967418545,0.0,0.0,21.0,0.0,2.0,BFA,Burkina Faso,Western Africa,1,1,1
2020,23,1075000,1013.0,38.0,229.0,107.0,526.0,241.0,1126.0,29.0,0.2033747779751332,,,,,,BFA,Burkina Faso,Western Africa,1,1,0
2021,23,1580000,3682.0,33.0,2571.0,179.0,701.0,263.0,3714.0,34.0,0.6922455573505655,0.0,0.0,17.0,0.0,2.0,BFA,Burkina Faso,Western Africa,1,1,1
2022,23,1882000,30445.0,39.0,595.0,519.0,854.0,470.0,2438.0,34.0,0.24405250205086138,0.0,0.0,20.0,0.0,1.0,BFA,Burkina Faso,Western Africa,1,1,1
2023,23,2063000,77646.0,43.0,20808.0,715.0,762.0,669.0,22954.0,34.0,0.906508669512939,0.0,0.0,10.0,0.0,2.0,BFA,Burkina Faso,Western Africa,1,1,1
2024,23,2063000,72482.0,40.0,27034.0,3715.0,853.0,471.0,32073.0,32.0,0.842889657967761,0.0,5.0,44.0,0.0,3.0,BFA,Burkina Faso,Western Africa,1,1,1
2025,23,2063000,31637.0,43.0,4031.0,4485.0,1027.0,80392.0,89935.0,35.0,0.04482125979874354,0.0,8.0,43.0,0.0,2.0,BFA,Burkina Faso,Western Africa,1,1,1
2019,25,31,528.0,19.0,37.0,0.0,225.0,25.0,287.0,15.0,0.1289198606271777,0.0,0.0,5.0,0.0,1.0,BOL,Bolivia (Plurinational State of),South America,1,1,1
2021,27,21000,10507.0,36.0,361.0,108.0,1727.0,1171.0,3367.0,28.0,0.10721710721710721,0.0,0.0,5.0,0.0,1.0,BRA,Brazil,South America,1,1,1
2022,27,5600,32127.0,42.0,798.0,80.0,4816.0,3081.0,8775.0,36.0,0.09094017094017094,0.0,0.0,20.0,0.0,1.0,BRA,Brazil,South America,1,1,1
2023,27,16000,36610.0,44.0,1020.0,121.0,4778.0,6934.0,12853.0,39.0,0.07935890453590601,0.0,0.0,30.0,0.0,2.0,BRA,Brazil,South America,1,1,1
2024,27,19000,22561.0,38.0,556.0,80.0,4278.0,5916.0,10830.0,39.0,0.05133887349953832,39.0,5.0,59.0,0.0,4.0,BRA,Brazil,South America,1,1,1
2025,27,19000,22063.0,42.0,1123.0,50.0,7059.0,8503.0,16735.0,40.0,0.06710487003286525,0.0,0.0,177.0,0.0,4.0,BRA,Brazil,South America,1,1,1
2009,29,114000,1749.0,28.0,91.0,163.0,856.0,493.0,1603.0,33.0,0.056768558951965066,870.0,0.0,3447.0,299.0,23.0,BIH,Bosnia and Herzegovina,Southern Europe,1,1,1
2010,29,113000,2527.0,31.0,121.0,114.0,1637.0,380.0,2252.0,25.0,0.053730017761989345,905.0,0.0,393.0,277.0,22.0,BIH,Bosnia and Herzegovina,Southern Europe,1,1,1
2011,29,113000,3276.0,29.0,71.0,67.0,2225.0,442.0,2805.0,30.0,0.02531194295900178,447.0,0.0,146.0,365.0,21.0,BIH,Bosnia and Herzegovina,Southern Europe,1,1,1
2012,29,103000,6906.0,30.0,42.0,125.0,5366.0,1505.0,7292.0,31.0,0.00575973669775096,275.0,5.0,190.0,9551.0,16.0,BIH,Bosnia and Herzegovina,Southern Europe,1,1,1
2013,29,103000,8202.0,30.0,68.0,289.0,4597.0,1759.0,6713.0,27.0,0.010129599284969463,126.0,0.0,251.0,18949.0,13.0,BIH,Bosnia and Herzegovina,Southern Europe,1,1,1
2014,29,100000,11849.0,38.0,92.0,196.0,6163.0,3221.0,9672.0,31.0,0.009511993382961124,171.0,0.0,139.0,0.0,11.0,BIH,Bosnia and Herzegovina,Southern Europe,1,1,1
2015,29,98000,9764.0,36.0,51.0,195.0,5935.0,5312.0,11493.0,34.0,0.004437483685721744,21.0,0.0,101.0,0.0,7.0,BIH,Bosnia and Herzegovina,Southern Europe,1,1,1
2016,29,98000,5046.0,33.0,43.0,189.0,5838.0,4344.0,10414.0,32.0,0.004129057038601882,5.0,0.0,49.0,0.0,3.0,BIH,Bosnia and Herzegovina,Southern Europe,1,1,1
2017,29,99000,3220.0,28.0,60.0,146.0,2602.0,2037.0,4845.0,23.0,0.01238390092879257,0.0,0.0,88.0,0.0,4.0,BIH,Bosnia and Herzegovina,Southern Europe,1,1,1
2018,29,99000,2995.0,27.0,51.0,113.0,1536.0,1121.0,2821.0,25.0,0.018078695498050336,0.0,0.0,55.0,0.0,2.0,BIH,Bosnia and Herzegovina,Southern Europe,1,1,1
2019,29,99000,2205.0,26.0,61.0,47.0,1167.0,845.0,2120.0,22.0,0.028773584905660378,0.0,0.0,98.0,0.0,4.0,BIH,Bosnia and Herzegovina,Southern Europe,1,1,1
2020,29,99000,1611.0,23.0,35.0,35.0,1297.0,645.0,2012.0,21.0,0.01739562624254473,0.0,0.0,30.0,0.0,3.0,BIH,Bosnia and Herzegovina,Southern Europe,1,1,1
2021,29,92000,3354.0,23.0,30.0,101.0,1729.0,1159.0,3019.0,23.0,0.009937065253395164,0.0,0.0,37.0,0.0,2.0,BIH,Bosnia and Herzegovina,Southern Europe,1,1,1
2022,29,91000,3040.0,26.0,41.0,33.0,1654.0,1517.0,3245.0,24.0,0.012634822804314329,0.0,0.0,24.0,0.0,2.0,BIH,Bosnia and Herzegovina,Southern Europe,1,1,1
2023,29,95000,2095.0,22.0,10.0,30.0,1037.0,1281.0,2358.0,19.0,0.004240882103477523,0.0,0.0,23.0,0.0,2.0,BIH,Bosnia and Herzegovina,Southern Europe,1,1,1
2024,29,95000,1961.0,24.0,10.0,15.0,986.0,1037.0,2048.0,21.0,0.0048828125,10.0,0.0,97.0,0.0,7.0,BIH,Bosnia and Herzegovina,Southern Europe,1,1,1
2025,29,95000,1211.0,25.0,5.0,10.0,548.0,522.0,1085.0,17.0,0.004608294930875576,0.0,0.0,75.0,0.0,5.0,BIH,Bosnia and Herzegovina,Southern Europe,1,1,1
2025,32,518000,1472.0,21.0,113.0,18.0,953.0,297.0,1381.0,18.0,0.08182476466328747,0.0,47.0,50.0,131608.0,4.0,KHM,Cambodia,South-eastern Asia,1,1,1
2009,34,162000,1774.0,20.0,1330.0,10.0,267.0,582.0,2189.0,24.0,0.6075833714024669,51.0,68.0,0.0,0.0,3.0,CAF,Central African Rep.,Middle Africa,1,1,1
2010,34,192000,2081.0,16.0,1051.0,0.0,224.0,161.0,1436.0,12.0,0.7318941504178273,51.0,80.0,0.0,0.0,6.0,CAF,Central African Rep.,Middle Africa,1,1,1
2011,34,105000,2521.0,23.0,1466.0,5.0,398.0,466.0,2335.0,19.0,0.6278372591006424,8974.0,183.0,0.0,66545.0,5.0,CAF,Central African Rep.,Middle Africa,1,1,1
2012,34,132000,3489.0,18.0,1709.0,0.0,386.0,1299.0,3394.0,20.0,0.5035356511490866,2313.0,127.0,0.0,35433.0,6.0,CAF,Central African Rep.,Middle Africa,1,1,1
2013,34,935000,6408.0,44.0,311.0,20.0,202.0,303.0,836.0,28.0,0.37200956937799046,0.0,469.0,11.0,0.0,5.0,CAF,Central African Rep.,Middle Africa,1,1,1
2014,34,439000,15874.0,52.0,7116.0,350.0,275.0,1235.0,8976.0,44.0,0.7927807486631016,0.0,330.0,30.0,610903.0,6.0,CAF,Central African Rep.,Middle Africa,1,1,1
2015,34,452000,10664.0,44.0,8550.0,453.0,405.0,4494.0,13902.0,42.0,0.6150194216659474,21632.0,545.0,18.0,258276.0,10.0,CAF,Central African Rep.,Middle Africa,1,1,1
2016,34,412000,8508.0,43.0,4919.0,618.0,728.0,2093.0,8358.0,40.0,0.5885379277339077,34401.0,649.0,25.0,0.0,9.0,CAF,Central African Rep.,Middle Africa,1,1,1
2017,34,689000,8838.0,41.0,4303.0,465.0,1323.0,430.0,6521.0,43.0,0.6598681183867505,78620.0,346.0,27.0,89019.0,19.0,CAF,Central African Rep.,Middle Africa,1,1,1
2018,34,641000,10239.0,47.0,4445.0,208.0,678.0,486.0,5817.0,41.0,0.7641395908543923,35182.0,581.0,34.0,306246.0,19.0,CAF,Central African Rep.,Middle Africa,1,1,1
2019,34,592000,6484.0,38.0,4060.0,214.0,725.0,2658.0,7657.0,37.0,0.5302337730181533,46523.0,1099.0,50.0,90672.0,20.0,CAF,Central African Rep.,Middle Africa,1,1,1
2020,34,682000,3856.0,35.0,3170.0,92.0,503.0,2653.0,6418.0,31.0,0.4939233406045497,4978.0,254.0,30.0,158247.0,16.0,CAF,Central African Rep.,Middle Africa,1,1,1
2021,34,692000,48165.0,40.0,45250.0,291.0,470.0,1567.0,47578.0,36.0,0.951069822186725,5579.0,124.0,50.0,371285.0,10.0,CAF,Central African Rep.,Middle Africa,1,1,1
2022,34,516000,5127.0,40.0,4175.0,106.0,532.0,711.0,5524.0,38.0,0.7557929036929761,5703.0,1452.0,66.0,404628.0,15.0,CAF,Central African Rep.,Middle Africa,1,1,1
2023,34,512000,7187.0,38.0,5830.0,114.0,574.0,517.0,7035.0,39.0,0.8287135749822317,14449.0,1556.0,30.0,325938.0,14.0,CAF,Central African Rep.,Middle Africa,1,1,1
2024,34,469000,10865.0,41.0,5635.0,151.0,491.0,1385.0,7662.0,44.0,0.7354476637953536,19875.0,1840.0,53.0,151765.0,19.0,CAF,Central African Rep.,Middle Africa,1,1,1
2025,34,427000,69840.0,35.0,2586.0,209.0,509.0,1977.0,5281.0,39.0,0.4896799848513539,21664.0,999.0,30.0,183922.0,18.0,CAF,Central African Rep.,Middle Africa,1,1,1
2009,36,168000,1492.0,37.0,880.0,11.0,786.0,1026.0,2703.0,45.0,0.3255641879393267,1799.0,14.0,11.0,20771.0,7.0,TCD,Chad,Middle Africa,1,1,1
2010,36,171000,1991.0,38.0,645.0,5.0,461.0,400.0,1511.0,36.0,0.4268696227663799,39.0,43.0,0.0,50000.0,4.0,TCD,Chad,Middle Africa,1,1,1
2011,36,126000,2471.0,39.0,496.0,33.0,734.0,303.0,1566.0,37.0,0.3167305236270754,73.0,20.0,16.0,7000.0,7.0,TCD,Chad,Middle Africa,1,1,1
2012,36,90000,1488.0,44.0,229.0,113.0,749.0,697.0,1803.0,39.0,0.12701053799223516,1723.0,24.0,5.0,35000.0,6.0,TCD,Chad,Middle Africa,1,1,1
2013,36,90000,1392.0,40.0,125.0,44.0,542.0,737.0,1448.0,37.0,0.08632596685082873,389.0,49.0,87.0,0.0,5.0,TCD,Chad,Middle Africa,1,1,1
2014,36,71000,1800.0,40.0,172.0,37.0,1433.0,852.0,2494.0,38.0,0.06896551724137931,369.0,41.0,70.0,0.0,8.0,TCD,Chad,Middle Africa,1,1,1
2015,36,107000,1525.0,40.0,203.0,81.0,819.0,514.0,1617.0,40.0,0.12554112554112554,38.0,36.0,84.0,0.0,5.0,TCD,Chad,Middle Africa,1,1,1
2016,36,108000,1595.0,38.0,248.0,70.0,828.0,569.0,1715.0,36.0,0.1446064139941691,26.0,19.0,51.0,0.0,5.0,TCD,Chad,Middle Africa,1,1,1
2017,36,158000,2072.0,41.0,341.0,92.0,1551.0,340.0,2324.0,37.0,0.14672977624784853,970.0,10.0,80.0,0.0,8.0,TCD,Chad,Middle Africa,1,1,1
2018,36,90000,3423.0,43.0,442.0,65.0,1074.0,359.0,1940.0,35.0,0.22783505154639175,6352.0,19.0,63.0,0.0,7.0,TCD,Chad,Middle Africa,1,1,1
2019,36,176000,3236.0,38.0,478.0,72.0,1197.0,291.0,2038.0,37.0,0.23454367026496564,306.0,40.0,80.0,0.0,7.0,TCD,Chad,Middle Africa,1,1,1
2020,36,342000,2540.0,39.0,398.0,59.0,904.0,532.0,1938.0,31.0,0.20536635706914344,0.0,8.0,39.0,0.0,4.0,TCD,Chad,Middle Africa,1,1,1
2021,36,397000,4139.0,38.0,610.0,70.0,1717.0,443.0,2840.0,36.0,0.2147887323943662,8.0,0.0,46.0,0.0,4.0,TCD,Chad,Middle Africa,1,1,1
2022,36,300000,5037.0,48.0,1169.0,102.0,2762.0,1414.0,5447.0,43.0,0.21461354874242702,8.0,22.0,131.0,0.0,5.0,TCD,Chad,Middle Africa,1,1,1
2023,36,452000,38010.0,48.0,782.0,113.0,2590.0,1117.0,4602.0,43.0,0.16992611907866145,0.0,10.0,36.0,0.0,3.0,TCD,Chad,Middle Africa,1,1,1
2024,36,383000,16295.0,43.0,4127.0,137.0,2528.0,21971.0,28763.0,42.0,0.14348294684142823,12.0,43.0,226.0,0.0,7.0,TCD,Chad,Middle Africa,1,1,1
2025,36,593000,3440.0,45.0,721.0,94.0,1910.0,11464.0,14189.0,44.0,0.050814010853478045,29.0,11.0,215.0,24165.0,5.0,TCD,Chad,Middle Africa,1,1,1
2014,39,40000,5315.0,75.0,825.0,113.0,2881.0,1708.0,5527.0,71.0,0.1492672335806043,385.0,15.0,166.0,0.0,5.0,CMR,Cameroon,Middle Africa,1,1,1
2015,39,124000,7531.0,85.0,796.0,151.0,2693.0,1774.0,5414.0,77.0,0.14702622829700776,0.0,14.0,217.0,18636.0,7.0,CMR,Cameroon,Middle Africa,1,1,1
2016,39,177000,9005.0,87.0,842.0,311.0,2596.0,2127.0,5876.0,80.0,0.14329475833900612,131.0,23.0,101.0,18213.0,6.0,CMR,Cameroon,Middle Africa,1,1,1
2017,39,239000,18823.0,85.0,1246.0,507.0,4751.0,3675.0,10179.0,82.0,0.12240888102957069,0.0,22.0,152.0,33662.0,6.0,CMR,Cameroon,Middle Africa,1,1,1
2018,39,668000,12664.0,100.0,1790.0,472.0,4699.0,2745.0,9706.0,75.0,0.1844220070059757,0.0,36.0,184.0,67653.0,6.0,CMR,Cameroon,Middle Africa,1,1,1
2019,39,969000,32552.0,110.0,21747.0,316.0,4801.0,2752.0,29617.0,91.0,0.7342742343924098,0.0,61.0,279.0,347923.0,7.0,CMR,Cameroon,Middle Africa,1,1,1
2020,39,1003000,8446.0,92.0,2241.0,288.0,4411.0,2073.0,9039.0,79.0,0.24792565549286424,18279.0,20.0,118.0,465757.0,8.0,CMR,Cameroon,Middle Africa,1,1,1
2021,39,909000,8166.0,97.0,1949.0,336.0,4429.0,2459.0,9173.0,87.0,0.2124713834078273,0.0,30.0,163.0,53095.0,6.0,CMR,Cameroon,Middle Africa,1,1,1
2022,39,987000,11457.0,102.0,2398.0,344.0,4963.0,3627.0,11332.0,98.0,0.21161313095658313,30758.0,64.0,188.0,38159.0,7.0,CMR,Cameroon,Middle Africa,1,1,1
2023,39,1044000,41221.0,107.0,2641.0,370.0,5254.0,4104.0,12369.0,93.0,0.21351766513056836,2058.0,90.0,144.0,15050.0,10.0,CMR,Cameroon,Middle Africa,1,1,1
2024,39,1029000,27277.0,105.0,6833.0,548.0,7043.0,4790.0,19214.0,89.0,0.355626105964401,17653.0,235.0,380.0,12811.0,14.0,CMR,Cameroon,Middle Africa,1,1,1
2025,39,954000,22523.0,97.0,27620.0,526.0,8760.0,3278.0,40184.0,95.0,0.6873382440772446,1146.0,83.0,342.0,0.0,11.0,CMR,Cameroon,Middle Africa,1,1,1
2009,40,7800,4816.0,50.0,978.0,115.0,2578.0,392.0,4063.0,53.0,0.24070883583558947,76.0,480.0,214.0,0.0,12.0,COG,Congo,Middle Africa,1,1,1
2010,40,7800,2963.0,54.0,677.0,120.0,3026.0,307.0,4130.0,48.0,0.1639225181598063,98.0,212.0,10.0,0.0,10.0,COG,Congo,Middle Africa,1,1,1
2011,40,7800,3332.0,48.0,486.0,132.0,2088.0,2071.0,4777.0,48.0,0.10173749214988487,741.0,222.0,32.0,0.0,13.0,COG,Congo,Middle Africa,1,1,1
2012,40,7800,3623.0,48.0,533.0,107.0,2309.0,288.0,3242.0,45.0,0.16440468846391115,50.0,227.0,16.0,0.0,8.0,COG,Congo,Middle Africa,1,1,1
2013,40,7800,3330.0,55.0,584.0,135.0,2181.0,386.0,3286.0,47.0,0.17772367620206939,29.0,629.0,118.0,0.0,13.0,COG,Congo,Middle Africa,1,1,1
2014,40,7800,3836.0,53.0,841.0,78.0,2398.0,766.0,4083.0,48.0,0.2059759980406564,10.0,190.0,138.0,0.0,11.0,COG,Congo,Middle Africa,1,1,1
2015,40,7800,4004.0,47.0,485.0,76.0,1848.0,920.0,3329.0,52.0,0.1456893962150796,0.0,22.0,146.0,0.0,5.0,COG,Congo,Middle Africa,1,1,1
2016,40,25000,3664.0,58.0,503.0,81.0,1854.0,885.0,3323.0,55.0,0.15136924465844118,10.0,256.0,107.0,0.0,7.0,COG,Congo,Middle Africa,1,1,1
2017,40,108000,3633.0,54.0,519.0,113.0,1942.0,529.0,3103.0,47.0,0.16725749274895263,5.0,1738.0,157.0,0.0,7.0,COG,Congo,Middle Africa,1,1,1
2018,40,107000,3110.0,60.0,384.0,88.0,1818.0,629.0,2919.0,48.0,0.131551901336074,0.0,172.0,123.0,0.0,5.0,COG,Congo,Middle Africa,1,1,1
2019,40,134000,2931.0,50.0,393.0,60.0,1687.0,435.0,2575.0,44.0,0.15262135922330097,5.0,74.0,176.0,5312.0,8.0,COG,Congo,Middle Africa,1,1,1
2020,40,134000,2223.0,52.0,350.0,60.0,1314.0,265.0,2000.0,46.0,0.175,5.0,0.0,156.0,0.0,4.0,COG,Congo,Middle Africa,1,1,1
2021,40,134000,2040.0,53.0,429.0,64.0,1531.0,595.0,2619.0,47.0,0.16380297823596793,5.0,13.0,177.0,0.0,5.0,COG,Congo,Middle Africa,1,1,1
2022,40,27000,3348.0,58.0,375.0,68.0,1949.0,2608.0,5000.0,59.0,0.075,5.0,20.0,141.0,0.0,4.0,COG,Congo,Middle Africa,1,1,1
2009,41,1900000,32124.0,90.0,11793.0,453.0,7671.0,2637.0,22554.0,93.0,0.522878425113062,44291.0,3127.0,234.0,78859.0,26.0,COD,Dem. Rep. of the Congo,Middle Africa,1,1,1
2010,41,1700000,38662.0,101.0,13968.0,733.0,9226.0,1291.0,25218.0,88.0,0.5538900785153462,16632.0,4693.0,181.0,460754.0,22.0,COD,Dem. Rep. of the Congo,Middle Africa,1,1,1
2011,41,1710000,35569.0,102.0,11624.0,564.0,9948.0,5260.0,27391.0,100.0,0.42437296922346757,21079.0,2247.0,68.0,822688.0,27.0,COD,Dem. Rep. of the Congo,Middle Africa,1,1,1
2012,41,2700000,59822.0,106.0,29553.0,272.0,14257.0,11458.0,55698.0,99.0,0.530593558116988,71922.0,3652.0,163.0,304596.0,25.0,COD,Dem. Rep. of the Congo,Middle Africa,1,1,1
2013,41,2964000,66809.0,104.0,34857.0,417.0,17326.0,9854.0,62454.0,101.0,0.5581227783648766,68417.0,4870.0,256.0,595200.0,20.0,COD,Dem. Rep. of the Congo,Middle Africa,1,1,1
2014,41,2757000,60363.0,106.0,27053.0,342.0,21270.0,18128.0,66793.0,109.0,0.405027472938781,25148.0,7091.0,1271.0,561073.0,22.0,COD,Dem. Rep. of the Congo,Middle Africa,1,1,1
2015,41,1500000,64895.0,107.0,28921.0,903.0,17662.0,7886.0,55372.0,95.0,0.5223036913963737,8535.0,10469.0,1239.0,736837.0,24.0,COD,Dem. Rep. of the Congo,Middle Africa,1,1,1
2016,41,2230000,65059.0,110.0,25102.0,1123.0,15915.0,14640.0,56780.0,105.0,0.4420922860162029,13222.0,22514.0,1012.0,619600.0,20.0,COD,Dem. Rep. of the Congo,Middle Africa,1,1,1
2017,41,4480000,109255.0,110.0,63515.0,650.0,16996.0,5652.0,86813.0,94.0,0.7316300554064483,27.0,6454.0,986.0,255635.0,16.0,COD,Dem. Rep. of the Congo,Middle Africa,1,1,1
2018,41,3081000,67482.0,109.0,40176.0,11136.0,10341.0,9766.0,71419.0,110.0,0.5625393802769572,6623.0,13618.0,971.0,0.0,18.0,COD,Dem. Rep. of the Congo,Middle Africa,1,1,1
2019,41,5512000,64694.0,102.0,44754.0,478.0,11435.0,7099.0,63766.0,98.0,0.7018473794812282,23860.0,15839.0,1169.0,2134349.0,22.0,COD,Dem. Rep. of the Congo,Middle Africa,1,1,1
2020,41,5268000,38425.0,101.0,20282.0,427.0,9260.0,4413.0,34433.0,93.0,0.589027967356896,390.0,4152.0,425.0,1434272.0,18.0,COD,Dem. Rep. of the Congo,Middle Africa,1,1,1
2021,41,5339000,40692.0,100.0,22889.0,604.0,12433.0,5061.0,40987.0,101.0,0.5584453607241321,715.0,8138.0,617.0,1041368.0,24.0,COD,Dem. Rep. of the Congo,Middle Africa,1,1,1
2022,41,5686000,50797.0,107.0,33444.0,730.0,10919.0,19965.0,65058.0,102.0,0.5140643733284146,11253.0,13087.0,727.0,1216942.0,21.0,COD,Dem. Rep. of the Congo,Middle Africa,1,1,1
2023,41,6737000,80171.0,104.0,22231.0,1012.0,17250.0,28640.0,69133.0,97.0,0.32156857072599193,1808.0,28703.0,410.0,1833092.0,23.0,COD,Dem. Rep. of the Congo,Middle Africa,1,1,1
2024,41,6215000,54565.0,108.0,21560.0,1529.0,16400.0,7122.0,46611.0,101.0,0.4625517581686726,575.0,24721.0,1193.0,2361409.0,22.0,COD,Dem. Rep. of the Congo,Middle Africa,1,1,1
2025,41,4276000,57409.0,107.0,17412.0,1563.0,21728.0,9339.0,50042.0,91.0,0.347947723911914,788.0,5764.0,1406.0,3582665.0,22.0,COD,Dem. Rep. of the Congo,Middle Africa,1,1,1
2024,42,11,1162.0,13.0,154.0,19.0,928.0,62.0,1163.0,12.0,0.13241616509028376,0.0,0.0,14.0,0.0,1.0,COM,Comoros,Eastern Africa,1,1,1
2009,44,4916000,39198.0,41.0,30185.0,67.0,4990.0,1822.0,37064.0,41.0,0.8144021152600907,58.0,1109.0,570.0,0.0,10.0,COL,Colombia,South America,1,1,1
2010,44,5196000,32384.0,34.0,3739.0,6568.0,5778.0,20432.0,36517.0,38.0,0.10239066736040749,32.0,647.0,10.0,0.0,15.0,COL,Colombia,South America,1,1,1
2011,44,5281000,21322.0,43.0,4668.0,116.0,11121.0,1945.0,17850.0,39.0,0.2615126050420168,23.0,629.0,0.0,0.0,9.0,COL,Colombia,South America,1,1,1
2012,44,5455000,17484.0,40.0,4016.0,30.0,26332.0,9454.0,39911.0,39.0,0.10062388815113628,11.0,747.0,0.0,0.0,13.0,COL,Colombia,South America,1,1,1
2013,44,5700000,14924.0,38.0,2199.0,56.0,12531.0,3277.0,18063.0,36.0,0.12174057465537286,13.0,966.0,11.0,0.0,10.0,COL,Colombia,South America,1,1,1
2014,44,6044000,6556.0,37.0,1677.0,72.0,4047.0,1135.0,6931.0,36.0,0.24195642764391861,5.0,1101.0,4003.0,0.0,10.0,COL,Colombia,South America,1,1,1
2015,44,6270000,6293.0,34.0,2134.0,53.0,1467.0,715.0,4369.0,34.0,0.48844129091325245,1794.0,825.0,2472.0,0.0,12.0,COL,Colombia,South America,1,1,1
2016,44,7246000,11295.0,37.0,1994.0,39.0,2455.0,1597.0,6085.0,37.0,0.3276910435497124,205.0,774.0,1140.0,0.0,11.0,COL,Colombia,South America,1,1,1
2017,44,6509000,17669.0,44.0,1210.0,62.0,2365.0,13818.0,17455.0,42.0,0.06932111142938986,199.0,637.0,576.0,0.0,12.0,COL,Colombia,South America,1,1,1
2018,44,5761000,27669.0,56.0,6216.0,120.0,5786.0,2340.0,14462.0,44.0,0.4298160696999032,23896.0,487.0,865.0,0.0,8.0,COL,Colombia,South America,1,1,1
2019,44,5576000,51164.0,55.0,4630.0,165.0,9764.0,4962.0,19521.0,49.0,0.23718047231186926,31.0,575.0,977.0,0.0,7.0,COL,Colombia,South America,1,1,1
2020,44,4922000,41457.0,58.0,3085.0,439.0,42820.0,2493.0,48895.0,57.0,0.0630943859290316,0.0,265.0,233.0,0.0,7.0,COL,Colombia,South America,1,1,1
2021,44,5235000,34380.0,61.0,5404.0,389.0,24760.0,1413.0,31966.0,48.0,0.16905462053431772,7.0,169.0,299.0,0.0,8.0,COL,Colombia,South America,1,1,1
2022,44,4766000,96001.0,59.0,6758.0,559.0,24714.0,4618.0,36649.0,54.0,0.1843979371879178,6.0,542.0,765.0,0.0,7.0,COL,Colombia,South America,1,1,1
2023,44,5077000,213704.0,70.0,8752.0,707.0,25618.0,13268.0,48345.0,57.0,0.1810321646499121,5.0,1779.0,637.0,0.0,8.0,COL,Colombia,South America,1,1,1
2024,44,7265000,156681.0,69.0,9180.0,819.0,34555.0,23391.0,67945.0,59.0,0.13510927956435353,116.0,1557.0,1279.0,0.0,11.0,COL,Colombia,South America,1,1,1
2025,44,7211000,91643.0,67.0,8157.0,976.0,51756.0,31079.0,91968.0,62.0,0.08869389352818371,5.0,402.0,1011.0,0.0,9.0,COL,Colombia,South America,1,1,1
2009,48,201000,,,0.0,0.0,0.0,5.0,5.0,1.0,0.0,,,,,,CYP,Cyprus,Western Asia,0,1,0
2010,48,208000,,,0.0,0.0,0.0,5.0,5.0,1.0,0.0,,,,,,CYP,Cyprus,Western Asia,0,1,0
2011,48,208000,,,,,,,,,,,,,,,CYP,Cyprus,Western Asia,0,0,0
2012,48,210000,,,0.0,0.0,0.0,0.0,5.0,1.0,0.0,,,,,,CYP,Cyprus,Western Asia,0,1,0
2013,48,212000,,,,,,,,,,,,,,,CYP,Cyprus,Western Asia,0,0,0
2014,48,212000,5.0,1.0,,,,,,,,,,,,,CYP,Cyprus,Western Asia,1,0,0
2015,48,272000,10.0,2.0,0.0,0.0,5.0,0.0,5.0,1.0,0.0,0.0,5.0,0.0,0.0,1.0,CYP,Cyprus,Western Asia,1,1,1
2016,48,272000,11.0,2.0,0.0,0.0,5.0,0.0,5.0,1.0,0.0,,,,,,CYP,Cyprus,Western Asia,1,1,0
2017,48,217000,13.0,2.0,,,,,,,,,,,,,CYP,Cyprus,Western Asia,1,0,0
2018,48,228000,15.0,2.0,11.0,0.0,0.0,0.0,11.0,1.0,1.0,,,,,,CYP,Cyprus,Western Asia,1,1,0
2019,48,228000,25.0,5.0,0.0,0.0,10.0,0.0,10.0,2.0,0.0,0.0,0.0,7.0,0.0,1.0,CYP,Cyprus,Western Asia,1,1,1
2020,48,228000,,,,,,,,,,,,,,,CYP,Cyprus,Western Asia,0,0,0
2021,48,242000,,,,,,,,,,,,,,,CYP,Cyprus,Western Asia,0,0,0
2022,48,246000,14.0,2.0,,,,,,,,,,,,,CYP,Cyprus,Western Asia,1,0,0
2023,48,248000,21.0,3.0,5.0,0.0,0.0,15.0,20.0,4.0,0.25,,,,,,CYP,Cyprus,Western Asia,1,1,0
2024,48,245000,13.0,2.0,,,,,,,,,,,,,CYP,Cyprus,Western Asia,1,0,0
2025,48,247000,8.0,1.0,0.0,0.0,17.0,5.0,22.0,2.0,0.0,,,,,,CYP,Cyprus,Western Asia,1,1,0
2024,54,49000,43752.0,35.0,625.0,20.0,2012.0,5319.0,7976.0,28.0,0.07836008024072216,8.0,22.0,50.0,0.0,3.0,ECU,Ecuador,South America,1,1,1
2025,54,316000,41401.0,38.0,896.0,43.0,6530.0,10122.0,17591.0,32.0,0.050935137286112216,0.0,52.0,28.0,0.0,2.0,ECU,Ecuador,South America,1,1,1
2009,56,10000,44245.0,61.0,35444.0,3448.0,3338.0,3964.0,46194.0,65.0,0.7672857946919514,10.0,3103.0,142.0,0.0,11.0,ERI,Eritrea,Eastern Africa,1,1,1
2010,56,10000,25210.0,71.0,17876.0,2682.0,3035.0,2903.0,26496.0,68.0,0.6746678743961353,0.0,3882.0,8.0,0.0,8.0,ERI,Eritrea,Eastern Africa,1,1,1
2011,56,10000,25558.0,72.0,17203.0,2432.0,3602.0,1940.0,25177.0,73.0,0.6832823608849347,0.0,3748.0,29.0,0.0,11.0,ERI,Eritrea,Eastern Africa,1,1,1
2012,56,10000,32006.0,75.0,19774.0,1774.0,2572.0,2004.0,26682.0,74.0,0.7410988681508133,5.0,3485.0,16.0,0.0,13.0,ERI,Eritrea,Eastern Africa,1,1,1
2013,56,10000,37104.0,82.0,16277.0,3820.0,4102.0,3140.0,27339.0,75.0,0.5953765682724314,0.0,3585.0,30.0,0.0,13.0,ERI,Eritrea,Eastern Africa,1,1,1
2014,56,10000,62616.0,94.0,19706.0,5960.0,4435.0,7762.0,37863.0,78.0,0.520455325779785,0.0,3931.0,752.0,0.0,11.0,ERI,Eritrea,Eastern Africa,1,1,1
2009,58,350000,43572.0,73.0,6100.0,339.0,5648.0,2497.0,14584.0,76.0,0.41826659352715306,14.0,1770.0,2393.0,0.0,12.0,ETH,Ethiopia,Eastern Africa,1,1,1
2010,58,300000,18425.0,72.0,10116.0,225.0,7953.0,4067.0,22361.0,65.0,0.4523947945082957,5.0,1933.0,16.0,0.0,11.0,ETH,Ethiopia,Eastern Africa,1,1,1
2011,58,350000,30431.0,70.0,8971.0,337.0,11926.0,19781.0,41016.0,70.0,0.21871952408816073,21.0,2063.0,28.0,0.0,12.0,ETH,Ethiopia,Eastern Africa,1,1,1
2012,58,350000,30098.0,71.0,7680.0,180.0,11531.0,7777.0,27298.0,70.0,0.2813392922558429,29.0,2311.0,22.0,0.0,19.0,ETH,Ethiopia,Eastern Africa,1,1,1
2013,58,316000,32591.0,79.0,7863.0,390.0,10455.0,7582.0,26290.0,64.0,0.299087105363256,30.0,1777.0,22.0,0.0,15.0,ETH,Ethiopia,Eastern Africa,1,1,1
2014,58,397000,36890.0,88.0,7314.0,441.0,9937.0,14993.0,32685.0,73.0,0.22377237264800368,463.0,1655.0,824.0,0.0,13.0,ETH,Ethiopia,Eastern Africa,1,1,1
2015,58,450000,36990.0,80.0,5271.0,418.0,11784.0,4811.0,22284.0,82.0,0.23653742595584276,5.0,1667.0,1097.0,0.0,15.0,ETH,Ethiopia,Eastern Africa,1,1,1
2016,58,258000,40753.0,88.0,5717.0,544.0,12934.0,21622.0,40817.0,81.0,0.1400641889408825,0.0,2511.0,727.0,0.0,11.0,ETH,Ethiopia,Eastern Africa,1,1,1
2017,58,1078000,29327.0,85.0,7945.0,1182.0,15000.0,7887.0,32014.0,72.0,0.24817267445492597,0.0,1968.0,643.0,0.0,15.0,ETH,Ethiopia,Eastern Africa,1,1,1
2018,58,2137000,29486.0,91.0,5815.0,2114.0,8478.0,22042.0,38449.0,83.0,0.15123930401310828,16.0,1921.0,770.0,0.0,9.0,ETH,Ethiopia,Eastern Africa,1,1,1
2019,58,1324000,25371.0,87.0,4622.0,399.0,9811.0,10894.0,25726.0,74.0,0.1796625981497318,139.0,2467.0,945.0,1303736.0,12.0,ETH,Ethiopia,Eastern Africa,1,1,1
2020,58,2060000,15134.0,77.0,6948.0,1209.0,8277.0,11269.0,27736.0,73.0,0.2505047591577733,89.0,613.0,252.0,0.0,10.0,ETH,Ethiopia,Eastern Africa,1,1,1
2021,58,3589000,28500.0,86.0,3840.0,749.0,5869.0,6817.0,17275.0,81.0,0.2222865412445731,1082.0,858.0,292.0,1548421.0,15.0,ETH,Ethiopia,Eastern Africa,1,1,1
2022,58,3852000,28255.0,94.0,7775.0,732.0,3378.0,29286.0,41171.0,89.0,0.1888465181802725,288.0,1243.0,595.0,1880000.0,13.0,ETH,Ethiopia,Eastern Africa,1,1,1
2023,58,2852000,41242.0,90.0,10036.0,532.0,8525.0,8880.0,27973.0,92.0,0.35877453258499264,6187.0,2829.0,416.0,534293.0,12.0,ETH,Ethiopia,Eastern Africa,1,1,1
2024,58,2378000,46404.0,97.0,11949.0,484.0,7321.0,19742.0,39496.0,85.0,0.30253696576868544,11672.0,3808.0,1248.0,2438438.0,14.0,ETH,Ethiopia,Eastern Africa,1,1,1
2025,58,2378000,32347.0,91.0,11650.0,797.0,8821.0,10110.0,31378.0,85.0,0.3712792402320097,5362.0,3112.0,808.0,0.0,15.0,ETH,Ethiopia,Eastern Africa,1,1,1
2020,62,140,,,,,,,,,,,,,,,NCL,New Caledonia,Melanesia,0,0,0
2021,62,150,,,,,,,,,,,,,,,NCL,New Caledonia,Melanesia,0,0,0
2022,62,150,,,,,,,,,,,,,,,NCL,New Caledonia,Melanesia,0,0,0
2023,62,150,,,,,,,,,,,,,,,NCL,New Caledonia,Melanesia,0,0,0
2022,68,5600,3816.0,53.0,368.0,189.0,3181.0,1772.0,5510.0,47.0,0.06678765880217785,0.0,5.0,18.0,0.0,2.0,GMB,Gambia,Western Africa,1,1,1
2023,68,5700,5726.0,55.0,444.0,187.0,2343.0,1837.0,4811.0,50.0,0.09228850550821036,0.0,0.0,22.0,0.0,2.0,GMB,Gambia,Western Africa,1,1,1
2009,69,160000,2583.0,42.0,544.0,1172.0,517.0,357.0,2590.0,42.0,0.21003861003861005,0.0,290.0,16.0,0.0,8.0,PSE,State of Palestine,Western Asia,1,1,1
2010,69,160000,3312.0,60.0,554.0,410.0,860.0,919.0,2743.0,56.0,0.2019686474662778,13.0,1065.0,6.0,0.0,7.0,PSE,State of Palestine,Western Asia,1,1,1
2011,69,160000,2307.0,56.0,570.0,97.0,1955.0,977.0,3594.0,62.0,0.15859766277128548,0.0,146.0,41.0,0.0,8.0,PSE,State of Palestine,Western Asia,1,1,1
2012,69,145000,2837.0,60.0,956.0,97.0,514.0,621.0,2217.0,51.0,0.43121335137573297,0.0,227.0,31.0,0.0,7.0,PSE,State of Palestine,Western Asia,1,1,1
2013,69,146000,5362.0,65.0,2898.0,118.0,388.0,1084.0,4488.0,53.0,0.6457219251336899,5.0,212.0,14.0,0.0,7.0,PSE,State of Palestine,Western Asia,1,1,1
2014,69,275000,4635.0,64.0,2221.0,129.0,445.0,1691.0,4486.0,63.0,0.495095853767276,0.0,205.0,128.0,0.0,7.0,PSE,State of Palestine,Western Asia,1,1,1
2015,69,221000,5263.0,69.0,1408.0,336.0,669.0,1770.0,4183.0,57.0,0.3366005259383218,12.0,180.0,100.0,0.0,8.0,PSE,State of Palestine,Western Asia,1,1,1
2016,69,193000,5320.0,70.0,1520.0,498.0,863.0,1021.0,3902.0,58.0,0.389543823680164,0.0,281.0,168.0,0.0,7.0,PSE,State of Palestine,Western Asia,1,1,1
2017,69,231000,7862.0,65.0,2044.0,237.0,890.0,1351.0,4522.0,59.0,0.4520123839009288,0.0,252.0,41.0,0.0,9.0,PSE,State of Palestine,Western Asia,1,1,1
2018,69,238000,10313.0,72.0,1864.0,223.0,775.0,1467.0,4329.0,60.0,0.4305844305844306,0.0,328.0,62.0,0.0,7.0,PSE,State of Palestine,Western Asia,1,1,1
2019,69,243000,9030.0,77.0,2590.0,289.0,2370.0,1632.0,6881.0,59.0,0.37639877924720244,0.0,247.0,78.0,0.0,9.0,PSE,State of Palestine,Western Asia,1,1,1
2020,69,131000,5380.0,57.0,3341.0,376.0,3925.0,1543.0,9199.0,54.0,0.363191651266442,0.0,169.0,53.0,0.0,8.0,PSE,State of Palestine,Western Asia,1,1,1
2021,69,12000,5304.0,61.0,3841.0,307.0,2220.0,2101.0,8469.0,51.0,0.4535364269689456,0.0,145.0,72.0,0.0,6.0,PSE,State of Palestine,Western Asia,1,1,1
2022,69,12000,10298.0,59.0,3756.0,430.0,1713.0,2809.0,8708.0,59.0,0.4313275149288011,0.0,249.0,335.0,0.0,5.0,PSE,State of Palestine,Western Asia,1,1,1
2023,69,1707000,14168.0,66.0,8820.0,445.0,1391.0,2208.0,12864.0,57.0,0.6856343283582089,0.0,200.0,193.0,0.0,6.0,PSE,State of Palestine,Western Asia,1,1,1
2024,69,2032000,15030.0,58.0,8945.0,1333.0,798.0,1891.0,12967.0,54.0,0.6898280249865042,0.0,144.0,476.0,0.0,7.0,PSE,State of Palestine,Western Asia,1,1,1
2025,69,2035000,16793.0,73.0,6119.0,1878.0,5365.0,2918.0,16280.0,62.0,0.3758599508599509,24.0,150.0,351.0,0.0,10.0,PSE,State of Palestine,Western Asia,1,1,1
2009,71,240000,15730.0,46.0,328.0,1941.0,8159.0,4973.0,15401.0,52.0,0.021297318355950914,0.0,0.0,386.0,5273.0,7.0,GEO,Georgia,Western Asia,1,1,1
2010,71,257000,10194.0,54.0,207.0,644.0,6157.0,2695.0,9703.0,52.0,0.02133360816242399,5.0,10.0,18.0,0.0,3.0,GEO,Georgia,Western Asia,1,1,1
2011,71,270000,8499.0,52.0,515.0,89.0,4923.0,3604.0,9131.0,44.0,0.05640127039754682,0.0,17.0,40.0,0.0,3.0,GEO,Georgia,Western Asia,1,1,1
2012,71,280000,14088.0,55.0,403.0,104.0,6770.0,5304.0,12698.0,52.0,0.031737281461647504,0.0,10.0,24.0,0.0,4.0,GEO,Georgia,Western Asia,1,1,1
2013,71,207000,12583.0,57.0,245.0,343.0,6911.0,4863.0,12362.0,53.0,0.019818799546998868,0.0,0.0,13.0,0.0,1.0,GEO,Georgia,Western Asia,1,1,1
2014,71,233000,12375.0,62.0,257.0,415.0,7643.0,5143.0,13458.0,53.0,0.019096448209243572,0.0,15.0,83.0,0.0,4.0,GEO,Georgia,Western Asia,1,1,1
2015,71,239000,11403.0,65.0,238.0,299.0,6771.0,3237.0,10545.0,51.0,0.022569938359412043,0.0,12.0,113.0,0.0,7.0,GEO,Georgia,Western Asia,1,1,1
2016,71,229000,14914.0,58.0,225.0,323.0,7176.0,4223.0,11947.0,55.0,0.01883317987779359,0.0,11.0,59.0,0.0,6.0,GEO,Georgia,Western Asia,1,1,1
2017,71,233000,16406.0,61.0,213.0,388.0,11049.0,5404.0,17054.0,48.0,0.012489738477776475,0.0,0.0,66.0,0.0,3.0,GEO,Georgia,Western Asia,1,1,1
2018,71,278000,29456.0,59.0,342.0,495.0,15806.0,5724.0,22367.0,52.0,0.015290383153753298,0.0,0.0,58.0,0.0,2.0,GEO,Georgia,Western Asia,1,1,1
2019,71,286000,29441.0,54.0,616.0,358.0,20054.0,4935.0,25963.0,47.0,0.023726071717444053,0.0,26.0,102.0,0.0,4.0,GEO,Georgia,Western Asia,1,1,1
2020,71,289000,12501.0,48.0,367.0,285.0,13456.0,5654.0,19777.0,46.0,0.01855690954138646,0.0,0.0,45.0,0.0,4.0,GEO,Georgia,Western Asia,1,1,1
2021,71,290000,20154.0,56.0,419.0,410.0,12725.0,5186.0,18740.0,42.0,0.022358591248665956,0.0,0.0,82.0,0.0,4.0,GEO,Georgia,Western Asia,1,1,1
2022,71,293000,42424.0,63.0,828.0,435.0,23223.0,5291.0,29777.0,53.0,0.027806696443563823,0.0,0.0,141.0,0.0,4.0,GEO,Georgia,Western Asia,1,1,1
2023,71,296000,46303.0,58.0,1021.0,593.0,26140.0,12709.0,40463.0,50.0,0.025232928848577713,0.0,24.0,73.0,0.0,5.0,GEO,Georgia,Western Asia,1,1,1
2024,71,299000,28128.0,61.0,1011.0,388.0,21558.0,8243.0,31200.0,50.0,0.03240384615384615,250.0,10.0,281.0,0.0,6.0,GEO,Georgia,Western Asia,1,1,1
2025,71,301000,22690.0,57.0,1292.0,326.0,16088.0,5436.0,23142.0,52.0,0.05582922824302135,5.0,0.0,179.0,0.0,6.0,GEO,Georgia,Western Asia,1,1,1
2018,73,5000,5685.0,64.0,236.0,1007.0,5451.0,2189.0,8883.0,55.0,0.02656760103568614,0.0,5.0,44.0,0.0,3.0,GHA,Ghana,Western Africa,1,1,1
2023,73,3800,9193.0,72.0,493.0,72.0,2356.0,3354.0,6275.0,61.0,0.07856573705179283,0.0,0.0,31.0,0.0,2.0,GHA,Ghana,Western Africa,1,1,1
2024,73,3200,13003.0,66.0,636.0,73.0,2417.0,1750.0,4876.0,61.0,0.13043478260869565,0.0,5.0,107.0,0.0,3.0,GHA,Ghana,Western Africa,1,1,1
2025,73,3900,10906.0,69.0,1567.0,54.0,3837.0,1528.0,6986.0,64.0,0.2243057543658746,0.0,0.0,192.0,0.0,5.0,GHA,Ghana,Western Africa,1,1,1
2013,78,242000,5067.0,12.0,428.0,5.0,1046.0,3101.0,4580.0,11.0,0.09344978165938865,0.0,5.0,0.0,0.0,1.0,GTM,Guatemala,Central America,1,1,1
2014,78,249000,9249.0,12.0,872.0,126.0,1390.0,3206.0,5594.0,13.0,0.15588130139435108,0.0,0.0,118.0,0.0,1.0,GTM,Guatemala,Central America,1,1,1
2015,78,251000,16717.0,12.0,2421.0,5.0,1114.0,6921.0,10461.0,9.0,0.23143102953828507,0.0,0.0,106.0,0.0,1.0,GTM,Guatemala,Central America,1,1,1
2016,78,257000,26667.0,12.0,2503.0,0.0,1848.0,7450.0,11801.0,9.0,0.21210066943479366,0.0,29.0,67.0,0.0,3.0,GTM,Guatemala,Central America,1,1,1
2017,78,242000,36571.0,17.0,3291.0,0.0,6609.0,5599.0,15499.0,14.0,0.2123362797599845,0.0,39.0,63.0,0.0,4.0,GTM,Guatemala,Central America,1,1,1
2018,78,242000,38543.0,20.0,2492.0,65.0,8752.0,7296.0,18605.0,12.0,0.13394248857833915,0.0,63.0,77.0,0.0,2.0,GTM,Guatemala,Central America,1,1,1
2019,78,242000,59952.0,20.0,3610.0,118.0,17186.0,6590.0,27504.0,20.0,0.13125363583478766,0.0,164.0,109.0,0.0,3.0,GTM,Guatemala,Central America,1,1,1
2020,78,242000,41934.0,20.0,2244.0,32.0,9741.0,4721.0,16757.0,17.0,0.13391418511666767,0.0,232.0,35.0,0.0,3.0,GTM,Guatemala,Central America,1,1,1
2021,78,242000,28990.0,17.0,2796.0,22.0,6358.0,9644.0,18820.0,14.0,0.1485653560042508,0.0,219.0,34.0,0.0,3.0,GTM,Guatemala,Central America,1,1,1
2022,78,242000,46797.0,26.0,3866.0,15.0,8369.0,24501.0,36751.0,22.0,0.10519441647846317,0.0,1334.0,50.0,0.0,4.0,GTM,Guatemala,Central America,1,1,1
2023,78,573000,50809.0,26.0,3712.0,10.0,5643.0,28761.0,38126.0,24.0,0.09736138068509678,0.0,2205.0,32.0,0.0,3.0,GTM,Guatemala,Central America,1,1,1
2024,78,573000,36171.0,27.0,2489.0,15.0,3573.0,17077.0,23154.0,26.0,0.107497624600501,0.0,5261.0,85.0,0.0,3.0,GTM,Guatemala,Central America,1,1,1
2025,78,573000,41323.0,27.0,1780.0,25.0,9515.0,14494.0,25814.0,25.0,0.06895483071201673,0.0,298.0,64.0,0.0,5.0,GTM,Guatemala,Central America,1,1,1
2019,81,2100,40647.0,34.0,1927.0,128.0,10010.0,1353.0,13418.0,27.0,0.14361305708749442,0.0,0.0,959.0,0.0,2.0,HTI,Haiti,Caribbean,1,1,1
2020,81,7900,26522.0,29.0,1314.0,828.0,8606.0,1900.0,12665.0,21.0,0.103750493485985,0.0,0.0,271.0,0.0,2.0,HTI,Haiti,Caribbean,1,1,1
2021,81,17000,70805.0,34.0,2987.0,1052.0,10013.0,6960.0,21012.0,24.0,0.14215686274509803,0.0,5.0,291.0,0.0,2.0,HTI,Haiti,Caribbean,1,1,1
2022,81,171000,76338.0,45.0,2989.0,987.0,12675.0,16108.0,32759.0,35.0,0.09124210140724687,0.0,5.0,630.0,0.0,2.0,HTI,Haiti,Caribbean,1,1,1
2023,81,311000,131818.0,34.0,2913.0,2205.0,5808.0,57631.0,68557.0,36.0,0.0424901906442814,0.0,124.0,225.0,0.0,3.0,HTI,Haiti,Caribbean,1,1,1
2024,81,1037000,78809.0,40.0,3677.0,8777.0,4554.0,23505.0,40513.0,38.0,0.09076099029941007,0.0,223.0,979.0,0.0,4.0,HTI,Haiti,Caribbean,1,1,1
2025,81,1431000,93343.0,36.0,8956.0,9851.0,3773.0,30780.0,53360.0,34.0,0.16784107946026985,0.0,187.0,1129.0,0.0,2.0,HTI,Haiti,Caribbean,1,1,1
2014,83,29000,8015.0,21.0,648.0,119.0,1414.0,1508.0,3689.0,21.0,0.17565735971808077,0.0,0.0,62.0,0.0,1.0,HND,Honduras,Central America,1,1,1
2015,83,174000,16498.0,24.0,2176.0,157.0,2127.0,5337.0,9797.0,22.0,0.22210880881902623,0.0,0.0,69.0,0.0,1.0,HND,Honduras,Central America,1,1,1
2016,83,190000,24994.0,21.0,3231.0,38.0,3339.0,6387.0,12995.0,21.0,0.2486340900346287,0.0,140.0,24.0,0.0,2.0,HND,Honduras,Central America,1,1,1
2017,83,190000,35081.0,26.0,3157.0,20.0,6448.0,4111.0,13736.0,22.0,0.22983401281304602,0.0,51.0,25.0,0.0,2.0,HND,Honduras,Central America,1,1,1
2018,83,190000,43398.0,28.0,2634.0,743.0,8245.0,7696.0,19318.0,24.0,0.1363495185837043,0.0,80.0,66.0,0.0,2.0,HND,Honduras,Central America,1,1,1
2019,83,247000,80162.0,29.0,6805.0,500.0,15506.0,10394.0,33205.0,27.0,0.20493901520855293,0.0,122.0,146.0,0.0,6.0,HND,Honduras,Central America,1,1,1
2020,83,247000,54004.0,24.0,8308.0,143.0,13474.0,5550.0,27512.0,25.0,0.30197731898807795,0.0,157.0,80.0,0.0,4.0,HND,Honduras,Central America,1,1,1
2021,83,247000,60789.0,32.0,17175.0,168.0,10734.0,14732.0,42809.0,28.0,0.4012006820995585,0.0,168.0,49.0,0.0,3.0,HND,Honduras,Central America,1,1,1
2022,83,247000,80738.0,37.0,14094.0,79.0,11062.0,26816.0,52051.0,33.0,0.27077289581372116,0.0,537.0,87.0,0.0,4.0,HND,Honduras,Central America,1,1,1
2023,83,101000,97671.0,34.0,14943.0,179.0,9801.0,31292.0,56215.0,31.0,0.26581873165525216,0.0,757.0,145.0,0.0,5.0,HND,Honduras,Central America,1,1,1
2024,83,101000,67185.0,33.0,17272.0,206.0,7270.0,28031.0,52779.0,30.0,0.3272513689156672,0.0,1035.0,208.0,0.0,4.0,HND,Honduras,Central America,1,1,1
2025,83,101000,45992.0,29.0,5665.0,78.0,15065.0,28120.0,48928.0,27.0,0.11578237410071943,0.0,228.0,114.0,0.0,3.0,HND,Honduras,Central America,1,1,1
2009,84,2400,250.0,16.0,10.0,13.0,134.0,54.0,211.0,18.0,0.04739336492890995,709.0,0.0,374.0,212.0,6.0,HRV,Croatia,Southern Europe,1,1,1
2010,84,2300,424.0,20.0,15.0,0.0,150.0,49.0,214.0,18.0,0.07009345794392523,469.0,0.0,114.0,160.0,5.0,HRV,Croatia,Southern Europe,1,1,1
2011,84,2100,599.0,15.0,21.0,5.0,163.0,60.0,249.0,17.0,0.08433734939759036,439.0,0.0,138.0,67.0,5.0,HRV,Croatia,Southern Europe,1,1,1
2009,87,342000,3647.0,60.0,565.0,582.0,2700.0,2446.0,6293.0,68.0,0.08978229779119656,89.0,46.0,69.0,166816.0,16.0,CIV,Cote d'Ivoire,Western Africa,1,1,1
2010,87,522000,3307.0,71.0,377.0,286.0,1770.0,617.0,3050.0,58.0,0.12360655737704918,46.0,66.0,43.0,22625.0,13.0,CIV,Cote d'Ivoire,Western Africa,1,1,1
2011,87,247000,33741.0,89.0,1147.0,5476.0,3414.0,9478.0,19515.0,78.0,0.058775301050473995,135203.0,102.0,28.0,466808.0,14.0,CIV,Cote d'Ivoire,Western Africa,1,1,1
2012,87,80000,6908.0,72.0,10036.0,1491.0,3509.0,4022.0,19083.0,70.0,0.5259131163863124,72850.0,67.0,57.0,96010.0,21.0,CIV,Cote d'Ivoire,Western Africa,1,1,1
2013,87,80000,6631.0,80.0,850.0,471.0,3628.0,2106.0,7055.0,80.0,0.12048192771084337,20021.0,49.0,123.0,21000.0,18.0,CIV,Cote d'Ivoire,Western Africa,1,1,1
2014,87,301000,8508.0,87.0,626.0,588.0,3481.0,2284.0,6979.0,75.0,0.08969766442183694,12362.0,123.0,88.0,0.0,16.0,CIV,Cote d'Ivoire,Western Africa,1,1,1
2015,87,303000,8930.0,86.0,631.0,1880.0,4031.0,2516.0,9058.0,77.0,0.06966217708103334,12220.0,196.0,177.0,399.0,14.0,CIV,Cote d'Ivoire,Western Africa,1,1,1
2016,87,301000,14373.0,76.0,686.0,1198.0,5261.0,2200.0,9345.0,79.0,0.07340823970037454,19549.0,231.0,113.0,0.0,15.0,CIV,Cote d'Ivoire,Western Africa,1,1,1
2017,87,302000,17118.0,71.0,1065.0,1569.0,7644.0,4304.0,14582.0,71.0,0.07303524893704567,8302.0,157.0,192.0,0.0,16.0,CIV,Cote d'Ivoire,Western Africa,1,1,1
2018,87,302000,14704.0,68.0,1621.0,1400.0,10781.0,2098.0,15900.0,66.0,0.10194968553459119,2837.0,84.0,162.0,0.0,10.0,CIV,Cote d'Ivoire,Western Africa,1,1,1
2019,87,302000,12722.0,70.0,2039.0,518.0,11062.0,1590.0,15209.0,68.0,0.13406535603918732,3245.0,143.0,169.0,0.0,10.0,CIV,Cote d'Ivoire,Western Africa,1,1,1
2020,87,308000,23950.0,64.0,1867.0,457.0,7937.0,1268.0,11534.0,59.0,0.16186925611236344,331.0,11.0,90.0,11338.0,9.0,CIV,Cote d'Ivoire,Western Africa,1,1,1
2021,87,302000,16235.0,71.0,3077.0,655.0,10945.0,2849.0,17526.0,57.0,0.17556772794705008,22500.0,38.0,155.0,0.0,12.0,CIV,Cote d'Ivoire,Western Africa,1,1,1
2022,87,302000,14486.0,64.0,3013.0,524.0,10329.0,12228.0,26094.0,70.0,0.1154671572008891,21304.0,65.0,116.0,0.0,18.0,CIV,Cote d'Ivoire,Western Africa,1,1,1
2009,88,500000,9131.0,51.0,641.0,57.0,4972.0,2409.0,8079.0,50.0,0.07934150266122045,0.0,19.0,1167.0,0.0,3.0,IND,India,Southern Asia,1,1,1
2010,88,650000,7651.0,58.0,511.0,29.0,5525.0,1982.0,8047.0,48.0,0.06350192618367094,0.0,71.0,0.0,0.0,2.0,IND,India,Southern Asia,1,1,1
2011,88,650000,9100.0,59.0,525.0,49.0,5091.0,2394.0,8059.0,56.0,0.06514455887827274,0.0,81.0,5.0,0.0,4.0,IND,India,Southern Asia,1,1,1
2012,88,1000000,12245.0,62.0,367.0,20.0,6969.0,1984.0,9345.0,58.0,0.03927233814874264,0.0,24.0,5.0,0.0,3.0,IND,India,Southern Asia,1,1,1
2013,88,526000,11049.0,63.0,599.0,50.0,6382.0,1845.0,8876.0,58.0,0.0674853537629563,0.0,108.0,0.0,0.0,3.0,IND,India,Southern Asia,1,1,1
2014,88,854000,12511.0,65.0,716.0,116.0,6537.0,1712.0,9081.0,58.0,0.07884594207686378,0.0,232.0,406.0,0.0,3.0,IND,India,Southern Asia,1,1,1
2015,88,612000,16188.0,75.0,659.0,48.0,5396.0,2859.0,8962.0,63.0,0.07353269359517965,0.0,104.0,342.0,0.0,4.0,IND,India,Southern Asia,1,1,1
2016,88,796000,18310.0,70.0,827.0,94.0,8557.0,7843.0,17321.0,70.0,0.04774551122914381,0.0,22.0,278.0,0.0,5.0,IND,India,Southern Asia,1,1,1
2017,88,826000,19245.0,69.0,1041.0,195.0,9525.0,4370.0,15131.0,63.0,0.06879915405458992,0.0,76.0,142.0,0.0,3.0,IND,India,Southern Asia,1,1,1
2018,88,479000,29163.0,83.0,1963.0,172.0,7788.0,4175.0,14098.0,76.0,0.13923960845510003,0.0,247.0,294.0,0.0,5.0,IND,India,Southern Asia,1,1,1
2019,88,470000,34513.0,83.0,2967.0,113.0,12176.0,4837.0,19761.0,70.0,0.15014422347047215,0.0,202.0,331.0,0.0,2.0,IND,India,Southern Asia,1,1,1
2020,88,473000,16838.0,68.0,1736.0,66.0,7455.0,3544.0,12825.0,61.0,0.1353606237816764,0.0,27.0,97.0,0.0,3.0,IND,India,Southern Asia,1,1,1
2021,88,506000,19515.0,69.0,2241.0,87.0,11676.0,3479.0,17483.0,56.0,0.12818166218612367,0.0,0.0,127.0,0.0,2.0,IND,India,Southern Asia,1,1,1
2022,88,498000,66734.0,79.0,6018.0,30.0,19005.0,17461.0,42514.0,72.0,0.14155337065437268,0.0,87.0,505.0,0.0,3.0,IND,India,Southern Asia,1,1,1
2023,88,517000,91852.0,80.0,5912.0,81.0,18806.0,17236.0,42035.0,74.0,0.14064470084453431,0.0,76.0,363.0,0.0,4.0,IND,India,Southern Asia,1,1,1
2024,88,525000,89625.0,78.0,3898.0,67.0,13881.0,13980.0,31826.0,62.0,0.1224784767171495,8.0,90.0,1557.0,0.0,4.0,IND,India,Southern Asia,1,1,1
2025,88,530000,60518.0,70.0,3812.0,35.0,24871.0,15844.0,44562.0,67.0,0.08554373681612136,9.0,54.0,3294.0,0.0,6.0,IND,India,Southern Asia,1,1,1
2009,89,70000,1497.0,17.0,341.0,158.0,1133.0,986.0,2618.0,15.0,0.13025210084033614,311.0,8.0,330.0,0.0,3.0,IDN,Indonesia,South-eastern Asia,1,1,1
2010,89,200000,944.0,22.0,256.0,0.0,747.0,659.0,1662.0,22.0,0.15403128760529483,0.0,71.0,0.0,0.0,1.0,IDN,Indonesia,South-eastern Asia,1,1,1
2011,89,180000,1123.0,16.0,233.0,5.0,650.0,627.0,1515.0,16.0,0.1537953795379538,0.0,28.0,0.0,0.0,1.0,IDN,Indonesia,South-eastern Asia,1,1,1
2012,89,170000,1128.0,13.0,242.0,0.0,681.0,653.0,1576.0,14.0,0.15355329949238578,35.0,6.0,0.0,0.0,2.0,IDN,Indonesia,South-eastern Asia,1,1,1
2013,89,90000,1100.0,18.0,210.0,0.0,322.0,610.0,1142.0,17.0,0.18388791593695272,0.0,12.0,0.0,0.0,2.0,IDN,Indonesia,South-eastern Asia,1,1,1
2014,89,84000,750.0,20.0,201.0,19.0,384.0,332.0,936.0,15.0,0.21474358974358973,0.0,28.0,28.0,0.0,3.0,IDN,Indonesia,South-eastern Asia,1,1,1
2015,89,6100,1738.0,21.0,138.0,0.0,318.0,390.0,846.0,19.0,0.16312056737588654,0.0,21.0,18.0,0.0,3.0,IDN,Indonesia,South-eastern Asia,1,1,1
2016,89,6700,4214.0,18.0,142.0,5.0,2204.0,257.0,2608.0,17.0,0.054447852760736194,0.0,15.0,13.0,0.0,2.0,IDN,Indonesia,South-eastern Asia,1,1,1
2017,89,9500,4886.0,19.0,100.0,0.0,2569.0,710.0,3379.0,16.0,0.02959455460195324,0.0,23.0,14.0,0.0,3.0,IDN,Indonesia,South-eastern Asia,1,1,1
2018,89,13000,3596.0,24.0,182.0,0.0,3404.0,572.0,4158.0,18.0,0.04377104377104377,0.0,18.0,18.0,0.0,3.0,IDN,Indonesia,South-eastern Asia,1,1,1
2019,89,29000,2170.0,20.0,191.0,5.0,1241.0,246.0,1087.0,19.0,0.17571297148114076,0.0,20.0,20.0,0.0,3.0,IDN,Indonesia,South-eastern Asia,1,1,1
2020,89,65000,1826.0,15.0,70.0,0.0,925.0,260.0,1255.0,16.0,0.055776892430278883,0.0,7.0,8.0,0.0,2.0,IDN,Indonesia,South-eastern Asia,1,1,1
2021,89,99000,1161.0,17.0,84.0,5.0,580.0,213.0,882.0,16.0,0.09523809523809523,0.0,5.0,5.0,0.0,1.0,IDN,Indonesia,South-eastern Asia,1,1,1
2022,89,33000,5426.0,17.0,131.0,0.0,708.0,364.0,1203.0,18.0,0.10889443059019119,0.0,12.0,2161.0,0.0,3.0,IDN,Indonesia,South-eastern Asia,1,1,1
2023,89,48000,5232.0,20.0,224.0,10.0,1214.0,695.0,2143.0,18.0,0.10452636490900606,5.0,18.0,13.0,0.0,4.0,IDN,Indonesia,South-eastern Asia,1,1,1
2024,89,57000,6037.0,22.0,143.0,5.0,683.0,473.0,1304.0,21.0,0.10966257668711657,0.0,5.0,26.0,0.0,3.0,IDN,Indonesia,South-eastern Asia,1,1,1
2025,89,36000,4691.0,23.0,234.0,5.0,2884.0,927.0,4050.0,20.0,0.057777777777777775,0.0,5.0,100.0,0.0,4.0,IDN,Indonesia,South-eastern Asia,1,1,1
2009,92,2764000,34171.0,85.0,14478.0,5521.0,20404.0,6712.0,47115.0,88.0,0.3072906717605858,38033.0,28977.0,1602.0,167740.0,30.0,IRQ,Iraq,Western Asia,1,1,1
2010,92,2800000,31295.0,97.0,11075.0,4310.0,12981.0,4805.0,33171.0,94.0,0.3338759760031353,28888.0,24542.0,41.0,294770.0,23.0,IRQ,Iraq,Western Asia,1,1,1
2011,92,2600000,32744.0,94.0,12214.0,3799.0,10004.0,5199.0,31216.0,94.0,0.39127370579190157,67086.0,13721.0,30.0,193610.0,33.0,IRQ,Iraq,Western Asia,1,1,1
2012,92,2100000,28842.0,94.0,13792.0,2503.0,8181.0,5257.0,29968.0,88.0,0.4602242391884677,82271.0,20570.0,265.0,218800.0,37.0,IRQ,Iraq,Western Asia,1,1,1
2013,92,2100000,49553.0,101.0,17384.0,2729.0,7414.0,6101.0,33628.0,99.0,0.5169501605804686,60880.0,26328.0,416.0,63270.0,27.0,IRQ,Iraq,Western Asia,1,1,1
2014,92,3276000,108917.0,117.0,27234.0,2737.0,5311.0,11054.0,46336.0,104.0,0.5877503453038674,10908.0,25799.0,3271.0,19967.0,41.0,IRQ,Iraq,Western Asia,1,1,1
2015,92,3290000,215388.0,123.0,40200.0,3099.0,5400.0,37339.0,86038.0,106.0,0.4672354076105907,5914.0,15097.0,4043.0,1747.0,52.0,IRQ,Iraq,Western Asia,1,1,1
2016,92,3035000,195543.0,117.0,65063.0,16105.0,38139.0,44413.0,163720.0,120.0,0.39740410456877595,158.0,16402.0,2467.0,1397016.0,19.0,IRQ,Iraq,Western Asia,1,1,1
2017,92,2616000,127877.0,115.0,51033.0,22579.0,49030.0,45611.0,168253.0,105.0,0.3033110850920935,862.0,12968.0,2690.0,1546586.0,35.0,IRQ,Iraq,Western Asia,1,1,1
2018,92,1962000,99755.0,107.0,20134.0,8079.0,33293.0,55525.0,117031.0,105.0,0.1720398868675821,62.0,8323.0,3756.0,944958.0,15.0,IRQ,Iraq,Western Asia,1,1,1
2019,92,1533000,62448.0,104.0,15552.0,6158.0,29662.0,61045.0,112417.0,94.0,0.13834206570180665,100.0,13011.0,4863.0,431130.0,16.0,IRQ,Iraq,Western Asia,1,1,1
2020,92,1224000,35022.0,96.0,14619.0,4978.0,25080.0,36620.0,81323.0,91.0,0.17976464222913566,1505.0,3809.0,1548.0,278065.0,19.0,IRQ,Iraq,Western Asia,1,1,1
2021,92,1187000,51924.0,88.0,13700.0,5027.0,24388.0,26232.0,69347.0,78.0,0.19755721228027168,1079.0,3964.0,1735.0,120678.0,21.0,IRQ,Iraq,Western Asia,1,1,1
2022,92,1169000,58699.0,92.0,12526.0,4744.0,30174.0,35574.0,83018.0,93.0,0.15088294104892916,370.0,5874.0,1518.0,30138.0,21.0,IRQ,Iraq,Western Asia,1,1,1
2023,92,1124000,47589.0,91.0,16846.0,3695.0,26715.0,37333.0,84589.0,91.0,0.19915118987102343,154.0,6030.0,995.0,27288.0,16.0,IRQ,Iraq,Western Asia,1,1,1
2024,92,1031000,35016.0,85.0,7109.0,2944.0,18546.0,11836.0,40435.0,81.0,0.17581303326326203,171.0,5091.0,3307.0,55974.0,19.0,IRQ,Iraq,Western Asia,1,1,1
2025,92,997000,30105.0,82.0,5059.0,2557.0,20085.0,12759.0,40460.0,73.0,0.1250370736529906,147.0,4247.0,2681.0,28794.0,23.0,IRQ,Iraq,Western Asia,1,1,1
2023,93,200000,823.0,36.0,44.0,0.0,35.0,220.0,299.0,22.0,0.14715719063545152,0.0,5.0,0.0,0.0,1.0,ISR,Israel,Western Asia,1,1,1
2024,93,68000,958.0,41.0,155.0,20.0,166.0,185.0,526.0,33.0,0.2946768060836502,6.0,0.0,25.0,0.0,2.0,ISR,Israel,Western Asia,1,1,1
2025,93,31000,693.0,40.0,125.0,10.0,360.0,229.0,724.0,40.0,0.17265193370165746,0.0,5.0,48.0,0.0,2.0,ISR,Israel,Western Asia,1,1,1
2022,98,120,5120.0,46.0,288.0,57.0,1537.0,675.0,2557.0,37.0,0.11263199061400078,5.0,5.0,40.0,0.0,4.0,KAZ,Kazakhstan,Central Asia,1,1,1
2009,99,250000,3782.0,35.0,673.0,46.0,1014.0,490.0,2223.0,38.0,0.3027440395861449,454.0,16.0,49.0,5000.0,7.0,KEN,Kenya,Eastern Africa,1,1,1
2010,99,250000,1684.0,32.0,400.0,66.0,1324.0,1554.0,3344.0,36.0,0.11961722488038277,324.0,108.0,18.0,0.0,4.0,KEN,Kenya,Eastern Africa,1,1,1
2011,99,250000,1553.0,39.0,375.0,46.0,913.0,382.0,1716.0,36.0,0.21853146853146854,69.0,100.0,14.0,0.0,4.0,KEN,Kenya,Eastern Africa,1,1,1
2012,99,300000,1705.0,38.0,627.0,40.0,981.0,357.0,2005.0,35.0,0.3127182044887781,0.0,98.0,0.0,0.0,3.0,KEN,Kenya,Eastern Africa,1,1,1
2013,99,412000,1623.0,43.0,210.0,30.0,960.0,259.0,1459.0,39.0,0.1439342015078821,0.0,110.0,11.0,0.0,5.0,KEN,Kenya,Eastern Africa,1,1,1
2014,99,309000,1600.0,46.0,243.0,66.0,987.0,489.0,1785.0,43.0,0.1361344537815126,0.0,75.0,89.0,0.0,3.0,KEN,Kenya,Eastern Africa,1,1,1
2015,99,309000,1691.0,43.0,228.0,22.0,770.0,502.0,1522.0,44.0,0.1498028909329829,1231.0,196.0,116.0,0.0,5.0,KEN,Kenya,Eastern Africa,1,1,1
2016,99,138000,1783.0,40.0,183.0,41.0,707.0,792.0,1723.0,38.0,0.10621009866511898,0.0,185.0,238.0,0.0,5.0,KEN,Kenya,Eastern Africa,1,1,1
2017,99,159000,2269.0,42.0,208.0,5.0,877.0,605.0,1695.0,35.0,0.12271386430678466,0.0,192.0,172.0,0.0,4.0,KEN,Kenya,Eastern Africa,1,1,1
2018,99,162000,3203.0,44.0,268.0,25.0,899.0,502.0,1694.0,37.0,0.15820543093270367,0.0,251.0,245.0,0.0,4.0,KEN,Kenya,Eastern Africa,1,1,1
2019,99,162000,2568.0,43.0,375.0,22.0,927.0,932.0,2256.0,42.0,0.16622340425531915,0.0,314.0,348.0,0.0,3.0,KEN,Kenya,Eastern Africa,1,1,1
2020,99,190000,2079.0,33.0,332.0,10.0,562.0,689.0,1601.0,39.0,0.20737039350405997,0.0,24.0,46.0,0.0,3.0,KEN,Kenya,Eastern Africa,1,1,1
2021,99,190000,1763.0,36.0,391.0,34.0,749.0,491.0,1665.0,37.0,0.23483483483483483,5.0,10.0,53.0,0.0,6.0,KEN,Kenya,Eastern Africa,1,1,1
2022,99,30000,2529.0,42.0,426.0,10.0,685.0,799.0,1920.0,42.0,0.221875,0.0,23.0,188.0,0.0,4.0,KEN,Kenya,Eastern Africa,1,1,1
2023,99,38000,8738.0,51.0,584.0,30.0,815.0,659.0,2088.0,46.0,0.2796934865900383,0.0,39.0,115.0,0.0,5.0,KEN,Kenya,Eastern Africa,1,1,1
2024,99,100000,5638.0,54.0,1883.0,10.0,1561.0,627.0,4081.0,49.0,0.4614065180102916,5.0,298.0,316.0,0.0,6.0,KEN,Kenya,Eastern Africa,1,1,1
2025,99,10000,3135.0,49.0,1875.0,25.0,2091.0,550.0,4541.0,39.0,0.4129046465536225,0.0,213.0,283.0,0.0,4.0,KEN,Kenya,Eastern Africa,1,1,1
2010,100,75000,2533.0,37.0,107.0,35.0,750.0,330.0,1222.0,27.0,0.08756137479541735,0.0,46.0,10.0,200000.0,6.0,KGZ,Kyrgyzstan,Central Asia,1,1,1
2011,100,67000,2313.0,36.0,281.0,61.0,1349.0,764.0,2455.0,38.0,0.11446028513238289,0.0,15.0,5.0,8100.0,3.0,KGZ,Kyrgyzstan,Central Asia,1,1,1
2012,100,164000,1550.0,35.0,511.0,25.0,1199.0,532.0,2272.0,37.0,0.2249119718309859,0.0,60.0,6.0,3400.0,4.0,KGZ,Kyrgyzstan,Central Asia,1,1,1
2019,100,770,1495.0,33.0,248.0,35.0,949.0,438.0,1670.0,33.0,0.14850299401197606,0.0,25.0,6.0,0.0,2.0,KGZ,Kyrgyzstan,Central Asia,1,1,1
2020,100,770,1144.0,30.0,173.0,27.0,751.0,294.0,1245.0,33.0,0.1389558232931727,,,,,,KGZ,Kyrgyzstan,Central Asia,1,1,0
2022,100,4000,2679.0,39.0,249.0,20.0,535.0,285.0,1089.0,30.0,0.22865013774104684,0.0,10.0,14.0,0.0,4.0,KGZ,Kyrgyzstan,Central Asia,1,1,1
2009,106,23000,1520.0,47.0,165.0,59.0,857.0,889.0,1970.0,50.0,0.08375634517766498,1404.0,867.0,1287.0,0.0,11.0,LBR,Liberia,Western Africa,1,1,1
2010,106,23000,1233.0,52.0,134.0,29.0,661.0,672.0,1496.0,44.0,0.08957219251336898,1301.0,455.0,9.0,0.0,12.0,LBR,Liberia,Western Africa,1,1,1
2011,106,23000,1762.0,50.0,267.0,10.0,853.0,492.0,1622.0,49.0,0.16461159062885328,1765.0,251.0,10.0,0.0,11.0,LBR,Liberia,Western Africa,1,1,1
2012,106,23000,757.0,47.0,96.0,15.0,689.0,309.0,1119.0,48.0,0.08579088471849866,29468.0,100.0,10.0,0.0,17.0,LBR,Liberia,Western Africa,1,1,1
2013,106,23000,876.0,49.0,104.0,40.0,339.0,498.0,981.0,48.0,0.10601427115188583,83.0,115.0,308.0,0.0,9.0,LBR,Liberia,Western Africa,1,1,1
2014,106,23000,1537.0,50.0,121.0,71.0,391.0,382.0,965.0,50.0,0.12538860103626942,0.0,102.0,144.0,0.0,5.0,LBR,Liberia,Western Africa,1,1,1
2011,107,154000,4925.0,52.0,364.0,309.0,1651.0,968.0,3292.0,39.0,0.11057108140947752,148951.0,0.0,0.0,458047.0,2.0,LBY,Libya,Northern Africa,1,1,1
2012,107,50000,2414.0,49.0,338.0,113.0,1355.0,724.0,2547.0,47.0,0.13270514330585,1055.0,35.0,6.0,177452.0,6.0,LBY,Libya,Northern Africa,1,1,1
2013,107,59000,3061.0,53.0,570.0,150.0,1046.0,604.0,2370.0,47.0,0.24050632911392406,0.0,11.0,5.0,5350.0,3.0,LBY,Libya,Northern Africa,1,1,1
2014,107,400000,4424.0,59.0,760.0,385.0,1145.0,957.0,3247.0,48.0,0.23406221127194332,0.0,22.0,19.0,0.0,4.0,LBY,Libya,Northern Africa,1,1,1
2015,107,500000,7093.0,59.0,1438.0,1135.0,1658.0,1064.0,5295.0,54.0,0.2715769593956563,0.0,0.0,27.0,0.0,1.0,LBY,Libya,Northern Africa,1,1,1
2016,107,304000,6275.0,63.0,1556.0,993.0,1966.0,1447.0,5962.0,55.0,0.2609862462260986,0.0,5.0,22.0,449840.0,3.0,LBY,Libya,Northern Africa,1,1,1
2017,107,197000,6179.0,69.0,1424.0,1190.0,1948.0,1880.0,6442.0,55.0,0.22104936355169202,0.0,5.0,30.0,149883.0,4.0,LBY,Libya,Northern Africa,1,1,1
2018,107,187000,7099.0,67.0,999.0,1969.0,1458.0,2214.0,6640.0,57.0,0.15045180722891566,0.0,5.0,48.0,43681.0,5.0,LBY,Libya,Northern Africa,1,1,1
2019,107,411000,4628.0,65.0,997.0,1520.0,1295.0,1594.0,5406.0,58.0,0.18442471328153903,0.0,7.0,123.0,4369.0,4.0,LBY,Libya,Northern Africa,1,1,1
2020,107,278000,3397.0,58.0,903.0,1238.0,895.0,1237.0,4273.0,52.0,0.21132693657851626,0.0,0.0,66.0,105414.0,4.0,LBY,Libya,Northern Africa,1,1,1
2021,107,160000,3575.0,54.0,661.0,1034.0,1105.0,1345.0,4145.0,52.0,0.15946924004825092,0.0,0.0,196.0,107834.0,5.0,LBY,Libya,Northern Africa,1,1,1
2022,107,135000,4079.0,55.0,513.0,643.0,986.0,1564.0,3706.0,55.0,0.13842417701025364,0.0,22.0,216.0,22376.0,7.0,LBY,Libya,Northern Africa,1,1,1
2023,107,119000,4042.0,55.0,641.0,1027.0,1208.0,1448.0,4324.0,51.0,0.14824236817761333,5.0,5.0,137.0,37099.0,7.0,LBY,Libya,Northern Africa,1,1,1
2024,107,107000,3969.0,53.0,380.0,907.0,1275.0,1227.0,3789.0,44.0,0.10029031406703616,10.0,93.0,241.0,93011.0,10.0,LBY,Libya,Northern Africa,1,1,1
2025,107,85000,4054.0,53.0,422.0,726.0,2223.0,1408.0,4779.0,49.0,0.08830299225779452,0.0,22.0,161.0,0.0,7.0,LBY,Libya,Northern Africa,1,1,1
2009,109,90000,1875.0,33.0,237.0,80.0,1500.0,730.0,2547.0,37.0,0.09305064782096584,0.0,16.0,79.0,0.0,5.0,LBN,Lebanon,Western Asia,1,1,1
2010,109,75000,1745.0,36.0,187.0,52.0,1420.0,504.0,2163.0,28.0,0.08645399907535829,0.0,11.0,6.0,0.0,3.0,LBN,Lebanon,Western Asia,1,1,1
2011,109,47000,1775.0,40.0,238.0,41.0,1269.0,366.0,1914.0,34.0,0.12434691745036573,0.0,11.0,7.0,0.0,2.0,LBN,Lebanon,Western Asia,1,1,1
2012,109,45000,2264.0,43.0,209.0,30.0,1263.0,359.0,1861.0,34.0,0.1123052122514777,0.0,8.0,0.0,0.0,1.0,LBN,Lebanon,Western Asia,1,1,1
2013,109,20000,3113.0,48.0,232.0,162.0,1534.0,380.0,2308.0,46.0,0.10051993067590988,0.0,37.0,16.0,0.0,4.0,LBN,Lebanon,Western Asia,1,1,1
2014,109,20000,3943.0,56.0,643.0,110.0,1743.0,748.0,3244.0,50.0,0.19821208384710234,0.0,127.0,111.0,0.0,4.0,LBN,Lebanon,Western Asia,1,1,1
2015,109,12000,5094.0,62.0,353.0,123.0,1539.0,893.0,2908.0,57.0,0.12138927097661623,0.0,86.0,119.0,0.0,4.0,LBN,Lebanon,Western Asia,1,1,1
2016,109,12000,8570.0,55.0,484.0,382.0,4585.0,1812.0,7263.0,49.0,0.06663912983615586,0.0,222.0,89.0,0.0,4.0,LBN,Lebanon,Western Asia,1,1,1
2017,109,11000,3993.0,49.0,465.0,405.0,5375.0,1707.0,7952.0,50.0,0.05847585513078471,0.0,136.0,51.0,0.0,3.0,LBN,Lebanon,Western Asia,1,1,1
2018,109,11000,4167.0,55.0,394.0,166.0,3514.0,1444.0,5518.0,48.0,0.07140268213120696,0.0,96.0,106.0,0.0,3.0,LBN,Lebanon,Western Asia,1,1,1
2019,109,7000,3790.0,51.0,424.0,94.0,2633.0,1345.0,4496.0,52.0,0.09430604982206406,0.0,195.0,294.0,0.0,5.0,LBN,Lebanon,Western Asia,1,1,1
2020,109,7000,2994.0,57.0,336.0,120.0,2055.0,1401.0,3950.0,48.0,0.08506329113924051,0.0,56.0,72.0,0.0,4.0,LBN,Lebanon,Western Asia,1,1,1
2021,109,50,4123.0,63.0,604.0,321.0,1859.0,1024.0,3808.0,44.0,0.15861344537815125,0.0,33.0,107.0,0.0,5.0,LBN,Lebanon,Western Asia,1,1,1
2023,109,74000,6181.0,60.0,862.0,255.0,2495.0,3212.0,6824.0,53.0,0.12631887456037513,0.0,76.0,146.0,0.0,3.0,LBN,Lebanon,Western Asia,1,1,1
2024,109,985000,6762.0,67.0,817.0,284.0,2075.0,1796.0,4972.0,54.0,0.16432019308125503,7.0,247.0,609.0,860740.0,8.0,LBN,Lebanon,Western Asia,1,1,1
2025,109,64000,4636.0,65.0,784.0,378.0,2939.0,2292.0,6393.0,58.0,0.12263413108086971,5.0,137.0,370.0,60365.0,8.0,LBN,Lebanon,Western Asia,1,1,1
2009,112,400000,14211.0,73.0,5289.0,1626.0,7140.0,1868.0,15923.0,71.0,0.3321610249324876,1488.0,430.0,50.0,94600.0,11.0,LKA,Sri Lanka,Southern Asia,1,1,1
2010,112,327000,15005.0,69.0,4869.0,1182.0,8431.0,1502.0,15983.0,71.0,0.304636175936933,5061.0,377.0,10.0,161128.0,13.0,LKA,Sri Lanka,Southern Asia,1,1,1
2011,112,125000,13303.0,64.0,3335.0,408.0,10842.0,1423.0,15998.0,63.0,0.20846355794474308,2360.0,498.0,7.0,144577.0,12.0,LKA,Sri Lanka,Southern Asia,1,1,1
2012,112,93000,18222.0,61.0,3169.0,343.0,10161.0,1707.0,16230.0,67.0,0.19525569932224277,1476.0,177.0,24.0,44610.0,12.0,LKA,Sri Lanka,Southern Asia,1,1,1
2013,112,90000,16324.0,65.0,3250.0,568.0,9534.0,2246.0,15598.0,63.0,0.20836004615976408,913.0,337.0,38.0,40691.0,12.0,LKA,Sri Lanka,Southern Asia,1,1,1
2014,112,90000,14235.0,63.0,3683.0,471.0,8043.0,2045.0,14242.0,66.0,0.2586013200393203,501.0,273.0,1634.0,358.0,11.0,LKA,Sri Lanka,Southern Asia,1,1,1
2015,112,44000,13305.0,76.0,3676.0,411.0,9348.0,2114.0,15549.0,68.0,0.23641391729371664,854.0,141.0,1175.0,8112.0,9.0,LKA,Sri Lanka,Southern Asia,1,1,1
2016,112,44000,14806.0,67.0,3009.0,268.0,7602.0,2650.0,13529.0,70.0,0.22241111686007836,1052.0,146.0,946.0,12445.0,9.0,LKA,Sri Lanka,Southern Asia,1,1,1
2017,112,42000,15749.0,67.0,2527.0,279.0,8947.0,1530.0,13283.0,64.0,0.1902431679590454,1586.0,32.0,748.0,408.0,10.0,LKA,Sri Lanka,Southern Asia,1,1,1
2018,112,37000,13733.0,73.0,2407.0,339.0,9743.0,2207.0,14696.0,60.0,0.16378606423516603,1421.0,94.0,751.0,3849.0,9.0,LKA,Sri Lanka,Southern Asia,1,1,1
2019,112,26000,13385.0,62.0,1878.0,266.0,7294.0,1664.0,10699.0,60.0,0.17553042340405645,1068.0,111.0,907.0,10363.0,8.0,LKA,Sri Lanka,Southern Asia,1,1,1
2020,112,26000,6688.0,60.0,1462.0,299.0,5383.0,1422.0,8598.0,55.0,0.17003954408001862,212.0,59.0,529.0,97.0,7.0,LKA,Sri Lanka,Southern Asia,1,1,1
2021,112,11000,8302.0,69.0,2086.0,265.0,6850.0,1624.0,10825.0,58.0,0.19270207852193996,112.0,41.0,485.0,16519.0,9.0,LKA,Sri Lanka,Southern Asia,1,1,1
2022,112,11000,11670.0,62.0,1819.0,142.0,6251.0,1239.0,9451.0,66.0,0.19246640567135753,369.0,56.0,587.0,227.0,9.0,LKA,Sri Lanka,Southern Asia,1,1,1
2023,112,11000,19675.0,67.0,4242.0,221.0,6677.0,2996.0,14136.0,65.0,0.30008488964346347,346.0,73.0,433.0,3734.0,9.0,LKA,Sri Lanka,Southern Asia,1,1,1
2024,112,4800,30745.0,69.0,2807.0,249.0,9749.0,1527.0,14332.0,58.0,0.1958554284119453,859.0,54.0,1088.0,0.0,12.0,LKA,Sri Lanka,Southern Asia,1,1,1
2025,112,4800,24584.0,62.0,3647.0,356.0,16578.0,3207.0,23788.0,53.0,0.1533125945855053,131.0,40.0,1633.0,0.0,15.0,LKA,Sri Lanka,Southern Asia,1,1,1
2018,117,2000,252.0,11.0,10.0,10.0,159.0,10.0,189.0,6.0,0.05291005291005291,0.0,0.0,7.0,0.0,1.0,MDG,Madagascar,Eastern Africa,1,1,1
2021,117,1300,470.0,6.0,40.0,16.0,370.0,19.0,445.0,6.0,0.0898876404494382,0.0,0.0,5.0,0.0,1.0,MDG,Madagascar,Eastern Africa,1,1,1
2024,117,180,347.0,9.0,26.0,16.0,279.0,15.0,336.0,9.0,0.07738095238095238,0.0,0.0,5.0,0.0,1.0,MDG,Madagascar,Eastern Africa,1,1,1
2009,120,640,1035.0,28.0,40.0,54.0,737.0,370.0,1201.0,27.0,0.03330557868442964,0.0,0.0,37.0,0.0,1.0,MKD,North Macedonia,Southern Europe,1,1,1
2010,120,640,8701.0,28.0,69.0,35.0,5020.0,1560.0,6684.0,26.0,0.010323159784560144,,,,,,MKD,North Macedonia,Southern Europe,1,1,0
2011,120,640,7032.0,26.0,57.0,43.0,5268.0,1844.0,7212.0,24.0,0.007903494176372712,,,,,,MKD,North Macedonia,Southern Europe,1,1,0
2012,120,620,11473.0,25.0,54.0,44.0,7499.0,3362.0,11388.0,24.0,0.004741833508956797,0.0,0.0,10.0,0.0,2.0,MKD,North Macedonia,Southern Europe,1,1,1
2013,120,330,11920.0,27.0,44.0,56.0,5853.0,2965.0,8918.0,27.0,0.004933841668535546,,,,,,MKD,North Macedonia,Southern Europe,1,1,0
2014,120,220,10919.0,32.0,33.0,77.0,6774.0,3507.0,10391.0,27.0,0.003175825233375036,0.0,241.0,12.0,0.0,3.0,MKD,North Macedonia,Southern Europe,1,1,1
2015,120,200,16607.0,36.0,64.0,89.0,9198.0,6381.0,15732.0,32.0,0.004068141367912535,0.0,0.0,7.0,0.0,1.0,MKD,North Macedonia,Southern Europe,1,1,1
2016,120,150,9457.0,33.0,51.0,109.0,12299.0,9064.0,21523.0,36.0,0.0023695581470984527,0.0,0.0,10.0,0.0,2.0,MKD,North Macedonia,Southern Europe,1,1,1
2017,120,140,7409.0,34.0,40.0,115.0,6857.0,5677.0,12689.0,30.0,0.0031523366695563088,0.0,0.0,16.0,0.0,2.0,MKD,North Macedonia,Southern Europe,1,1,1
2018,120,140,6750.0,36.0,66.0,83.0,3607.0,2890.0,6646.0,24.0,0.009930785434848028,0.0,0.0,21.0,0.0,2.0,MKD,North Macedonia,Southern Europe,1,1,1
2019,120,140,4487.0,29.0,46.0,45.0,2741.0,2498.0,5330.0,25.0,0.008630393996247656,0.0,0.0,22.0,0.0,1.0,MKD,North Macedonia,Southern Europe,1,1,1
2020,120,140,1693.0,27.0,29.0,27.0,1478.0,1460.0,2994.0,22.0,0.009686038744154976,0.0,0.0,6.0,0.0,1.0,MKD,North Macedonia,Southern Europe,1,1,1
2021,120,110,6889.0,27.0,20.0,38.0,2047.0,2344.0,4449.0,23.0,0.004495392222971455,0.0,0.0,6.0,0.0,1.0,MKD,North Macedonia,Southern Europe,1,1,1
2022,120,110,9117.0,29.0,35.0,64.0,3658.0,4453.0,8210.0,24.0,0.004263093788063338,0.0,0.0,5.0,0.0,1.0,MKD,North Macedonia,Southern Europe,1,1,1
2023,120,110,10117.0,26.0,25.0,25.0,4418.0,5931.0,10399.0,24.0,0.0024040773151264546,,,,,,MKD,North Macedonia,Southern Europe,1,1,0
2009,124,8000,11658.0,11.0,734.0,0.0,3768.0,6741.0,11243.0,7.0,0.06528506626345282,0.0,0.0,51.0,0.0,1.0,MEX,Mexico,Central America,1,1,1
2010,124,123000,5270.0,13.0,821.0,0.0,4010.0,6216.0,11047.0,12.0,0.0743188195890287,,,,,,MEX,Mexico,Central America,1,1,0
2011,124,162000,9147.0,14.0,1385.0,0.0,5491.0,7754.0,14630.0,16.0,0.09466848940533151,,,,,,MEX,Mexico,Central America,1,1,0
2012,124,162000,11557.0,15.0,1144.0,5.0,3641.0,10863.0,15653.0,15.0,0.07308503162333099,,,,,,MEX,Mexico,Central America,1,1,0
2013,124,160000,10277.0,13.0,623.0,10.0,2413.0,9663.0,12709.0,14.0,0.04902037925879298,,,,,,MEX,Mexico,Central America,1,1,0
2014,124,281000,14166.0,19.0,795.0,130.0,3789.0,8465.0,13179.0,17.0,0.06032324152060096,0.0,0.0,769.0,0.0,1.0,MEX,Mexico,Central America,1,1,1
2015,124,287000,19577.0,23.0,924.0,101.0,1963.0,8439.0,11427.0,21.0,0.08086111840378052,0.0,0.0,578.0,0.0,1.0,MEX,Mexico,Central America,1,1,1
2016,124,311000,28255.0,18.0,1043.0,5.0,2930.0,11950.0,15928.0,21.0,0.06548216976393773,0.0,0.0,361.0,0.0,1.0,MEX,Mexico,Central America,1,1,1
2017,124,330000,29189.0,21.0,1294.0,5.0,3961.0,12999.0,18259.0,18.0,0.07086916041404238,0.0,0.0,242.0,0.0,1.0,MEX,Mexico,Central America,1,1,1
2018,124,341000,35061.0,22.0,1542.0,10.0,8102.0,14289.0,23943.0,18.0,0.06440295702292946,0.0,0.0,410.0,0.0,1.0,MEX,Mexico,Central America,1,1,1
2019,124,347000,40191.0,22.0,2764.0,0.0,17899.0,8084.0,28747.0,21.0,0.09614916339096254,0.0,0.0,588.0,0.0,1.0,MEX,Mexico,Central America,1,1,1
2020,124,357000,23975.0,22.0,1615.0,5.0,9178.0,4389.0,15187.0,27.0,0.10634094949627972,0.0,5.0,156.0,0.0,1.0,MEX,Mexico,Central America,1,1,1
2021,124,379000,19735.0,24.0,2249.0,10.0,8360.0,7110.0,17729.0,18.0,0.1268543065034689,0.0,0.0,145.0,0.0,1.0,MEX,Mexico,Central America,1,1,1
2022,124,386000,40285.0,31.0,2751.0,10.0,7552.0,18312.0,28625.0,26.0,0.09610480349344978,0.0,0.0,535.0,0.0,1.0,MEX,Mexico,Central America,1,1,1
2023,124,390000,73173.0,33.0,3953.0,21.0,8281.0,20092.0,32347.0,26.0,0.12220607784338579,0.0,0.0,325.0,0.0,1.0,MEX,Mexico,Central America,1,1,1
2024,124,390000,67369.0,34.0,5290.0,15.0,7653.0,18345.0,31303.0,32.0,0.16899338721528287,5.0,0.0,925.0,0.0,2.0,MEX,Mexico,Central America,1,1,1
2025,124,390000,94463.0,38.0,4155.0,21.0,16503.0,18403.0,39082.0,29.0,0.10631492758814799,0.0,5.0,946.0,0.0,3.0,MEX,Mexico,Central America,1,1,1
2012,126,230000,3907.0,52.0,381.0,2297.0,1455.0,447.0,4585.0,35.0,0.08309705561613959,28.0,0.0,5.0,0.0,2.0,MLI,Mali,Western Africa,1,1,1
2013,126,218000,9406.0,68.0,611.0,1496.0,2046.0,1135.0,5288.0,50.0,0.1155446293494705,14278.0,0.0,10.0,42253.0,8.0,MLI,Mali,Western Africa,1,1,1
2014,126,62000,15647.0,75.0,645.0,2035.0,5518.0,1947.0,10145.0,57.0,0.06357811729916214,20959.0,0.0,64.0,155006.0,7.0,MLI,Mali,Western Africa,1,1,1
2015,126,50000,10281.0,68.0,511.0,2766.0,8602.0,1552.0,13431.0,63.0,0.0380463107735835,4088.0,8.0,53.0,53551.0,8.0,MLI,Mali,Western Africa,1,1,1
2016,126,37000,11599.0,56.0,530.0,3015.0,7671.0,1546.0,12762.0,57.0,0.041529540824322204,9757.0,5.0,94.0,35986.0,8.0,MLI,Mali,Western Africa,1,1,1
2017,126,38000,12333.0,47.0,613.0,2005.0,6540.0,2313.0,11471.0,56.0,0.053439107314096415,5075.0,15.0,94.0,23240.0,11.0,MLI,Mali,Western Africa,1,1,1
2018,126,120000,9481.0,52.0,753.0,1799.0,7165.0,1557.0,11274.0,49.0,0.06679084619478445,6676.0,142.0,94.0,0.0,7.0,MLI,Mali,Western Africa,1,1,1
2019,126,208000,10388.0,55.0,1566.0,828.0,8177.0,845.0,11416.0,43.0,0.1371758934828311,5249.0,226.0,119.0,35101.0,9.0,MLI,Mali,Western Africa,1,1,1
2020,126,326000,9602.0,51.0,1791.0,724.0,4849.0,560.0,7922.0,41.0,0.2260792729108811,6232.0,17.0,74.0,20473.0,7.0,MLI,Mali,Western Africa,1,1,1
2021,126,326000,24587.0,47.0,3789.0,2583.0,3970.0,1394.0,11736.0,41.0,0.32285276073619634,1731.0,40.0,84.0,76926.0,9.0,MLI,Mali,Western Africa,1,1,1
2022,126,380000,14850.0,56.0,4314.0,5762.0,5288.0,12289.0,27653.0,56.0,0.15600477344230282,645.0,52.0,129.0,64642.0,9.0,MLI,Mali,Western Africa,1,1,1
2023,126,344000,12377.0,60.0,3409.0,3233.0,2491.0,2410.0,11543.0,46.0,0.29533050333535477,574.0,93.0,102.0,79763.0,7.0,MLI,Mali,Western Africa,1,1,1
2024,126,346000,23350.0,54.0,2275.0,11320.0,3064.0,2014.0,18673.0,55.0,0.12183366357842874,3035.0,285.0,120.0,51546.0,10.0,MLI,Mali,Western Africa,1,1,1
2025,126,409000,24841.0,51.0,2368.0,10844.0,3248.0,3623.0,20083.0,49.0,0.11791067071652642,1043.0,232.0,63.0,153133.0,9.0,MLI,Mali,Western Africa,1,1,1
2024,128,880,1362.0,11.0,79.0,0.0,361.0,262.0,702.0,12.0,0.11253561253561253,0.0,205.0,46.0,0.0,3.0,MWI,Malawi,Eastern Africa,1,1,1
2016,131,15000,11379.0,11.0,5.0,0.0,480.0,7374.0,7859.0,8.0,0.000636213258684311,5755.0,0.0,7.0,0.0,2.0,MOZ,Mozambique,Eastern Africa,1,1,1
2017,131,10000,1956.0,15.0,5.0,0.0,272.0,2774.0,3051.0,13.0,0.0016388069485414618,6231.0,0.0,5.0,0.0,2.0,MOZ,Mozambique,Eastern Africa,1,1,1
2018,131,14000,470.0,15.0,0.0,5.0,108.0,3974.0,4087.0,15.0,0.0,8845.0,0.0,5.0,8845.0,3.0,MOZ,Mozambique,Eastern Africa,1,1,1
2019,131,95000,355.0,14.0,18.0,0.0,119.0,243.0,380.0,15.0,0.04736842105263158,0.0,0.0,5.0,0.0,1.0,MOZ,Mozambique,Eastern Africa,1,1,1
2020,131,676000,106.0,8.0,120.0,18.0,49.0,20.0,207.0,12.0,0.5797101449275363,,,,,,MOZ,Mozambique,Eastern Africa,1,1,0
2021,131,735000,99.0,6.0,5.0,5.0,116.0,15.0,141.0,9.0,0.03546099290780142,,,,,,MOZ,Mozambique,Eastern Africa,1,1,0
2022,131,1030000,198.0,13.0,5.0,0.0,29.0,190.0,224.0,8.0,0.022321428571428572,0.0,0.0,0.0,270502.0,1.0,MOZ,Mozambique,Eastern Africa,1,1,1
2023,131,592000,274.0,12.0,5.0,0.0,55.0,57.0,117.0,12.0,0.042735042735042736,0.0,0.0,0.0,280988.0,1.0,MOZ,Mozambique,Eastern Africa,1,1,1
2024,131,580000,341.0,19.0,0.0,0.0,40.0,165.0,205.0,9.0,0.0,0.0,0.0,0.0,5090.0,1.0,MOZ,Mozambique,Eastern Africa,1,1,1
2025,131,465000,321.0,20.0,10.0,0.0,117.0,1872.0,1999.0,16.0,0.0050025012506253125,0.0,0.0,0.0,88509.0,1.0,MOZ,Mozambique,Eastern Africa,1,1,1
2009,135,470000,49360.0,35.0,42868.0,599.0,3147.0,3151.0,49305.0,39.0,0.869445289524389,0.0,24170.0,367.0,0.0,11.0,MMR,Myanmar,South-eastern Asia,1,1,1
2010,135,446000,28485.0,43.0,24065.0,504.0,1194.0,3156.0,28919.0,40.0,0.8321518724713856,0.0,19649.0,0.0,0.0,11.0,MMR,Myanmar,South-eastern Asia,1,1,1
2011,135,450000,31334.0,36.0,14431.0,349.0,2528.0,12861.0,29974.0,40.0,0.48145059051177685,0.0,17994.0,0.0,0.0,10.0,MMR,Myanmar,South-eastern Asia,1,1,1
2012,135,450000,23398.0,40.0,14130.0,81.0,1914.0,5143.0,21268.0,40.0,0.6643784088771864,0.0,17432.0,57.0,0.0,9.0,MMR,Myanmar,South-eastern Asia,1,1,1
2013,135,641000,58573.0,45.0,19226.0,68.0,2023.0,6200.0,27517.0,43.0,0.6986953519642403,3010.0,16942.0,0.0,27383.0,13.0,MMR,Myanmar,South-eastern Asia,1,1,1
2014,135,645000,28993.0,48.0,16247.0,94.0,2238.0,4094.0,22673.0,44.0,0.7165791911083668,0.0,17851.0,707.0,0.0,8.0,MMR,Myanmar,South-eastern Asia,1,1,1
2015,135,644000,24764.0,48.0,10696.0,15.0,1404.0,3533.0,15648.0,46.0,0.6835378323108384,0.0,19534.0,533.0,25265.0,11.0,MMR,Myanmar,South-eastern Asia,1,1,1
2016,135,644000,20377.0,39.0,21422.0,10.0,2329.0,1004.0,24765.0,36.0,0.8650111043811831,76.0,13014.0,204.0,1346.0,13.0,MMR,Myanmar,South-eastern Asia,1,1,1
2017,135,635000,24031.0,42.0,21193.0,47.0,4007.0,13689.0,38936.0,36.0,0.5443034723649065,0.0,5006.0,197.0,684.0,11.0,MMR,Myanmar,South-eastern Asia,1,1,1
2018,135,401000,28817.0,48.0,21364.0,0.0,9877.0,5539.0,36780.0,42.0,0.5808591625883632,93.0,5723.0,218.0,379.0,9.0,MMR,Myanmar,South-eastern Asia,1,1,1
2019,135,457000,25408.0,36.0,13395.0,5.0,1178.0,3069.0,17272.0,44.0,0.7755326540064845,875.0,6336.0,342.0,1641.0,12.0,MMR,Myanmar,South-eastern Asia,1,1,1
2020,135,505000,8150.0,27.0,3642.0,0.0,425.0,2950.0,7017.0,32.0,0.5190252244548953,5.0,1885.0,128.0,2992.0,10.0,MMR,Myanmar,South-eastern Asia,1,1,1
2021,135,649000,21862.0,37.0,2390.0,518.0,334.0,1302.0,4544.0,35.0,0.5259683098591549,0.0,1133.0,73.0,130432.0,8.0,MMR,Myanmar,South-eastern Asia,1,1,1
2022,135,1498000,14404.0,44.0,8415.0,1716.0,2129.0,1992.0,14252.0,42.0,0.5904434465338199,0.0,4355.0,81.0,325206.0,10.0,MMR,Myanmar,South-eastern Asia,1,1,1
2023,135,2625000,15943.0,43.0,9292.0,964.0,2025.0,5162.0,17443.0,45.0,0.5327065298400504,10.0,8484.0,70.0,276612.0,9.0,MMR,Myanmar,South-eastern Asia,1,1,1
2024,135,3521000,15923.0,40.0,10139.0,364.0,1206.0,729.0,12438.0,39.0,0.8151632095192153,0.0,10617.0,151.0,377566.0,13.0,MMR,Myanmar,South-eastern Asia,1,1,1
2025,135,3639000,8647.0,41.0,5246.0,672.0,1132.0,1329.0,8379.0,43.0,0.6260890321040697,64.0,2571.0,550.0,415089.0,14.0,MMR,Myanmar,South-eastern Asia,1,1,1
2009,137,60000,2540.0,44.0,640.0,65.0,1525.0,986.0,3216.0,45.0,0.19900497512437812,0.0,13.0,25.0,0.0,2.0,NPL,Nepal,Southern Asia,1,1,1
2010,137,50000,2453.0,45.0,755.0,28.0,1048.0,839.0,2670.0,41.0,0.28277153558052437,0.0,364.0,5.0,0.0,3.0,NPL,Nepal,Southern Asia,1,1,1
2011,137,50000,3547.0,46.0,909.0,50.0,1606.0,833.0,3398.0,46.0,0.26751030017657446,0.0,406.0,0.0,0.0,3.0,NPL,Nepal,Southern Asia,1,1,1
2012,137,50000,4013.0,52.0,692.0,41.0,1997.0,725.0,3467.0,46.0,0.19959619267378137,0.0,307.0,6.0,0.0,4.0,NPL,Nepal,Southern Asia,1,1,1
2013,137,50000,3709.0,48.0,832.0,33.0,1980.0,744.0,3589.0,48.0,0.23181944831429369,0.0,493.0,6.0,0.0,4.0,NPL,Nepal,Southern Asia,1,1,1
2014,137,50000,4641.0,50.0,597.0,72.0,2148.0,727.0,3544.0,40.0,0.16845372460496613,0.0,374.0,157.0,0.0,5.0,NPL,Nepal,Southern Asia,1,1,1
2015,137,50000,5801.0,52.0,667.0,61.0,2018.0,1012.0,3758.0,49.0,0.17748802554550291,0.0,194.0,115.0,0.0,4.0,NPL,Nepal,Southern Asia,1,1,1
2016,137,50000,6272.0,46.0,596.0,26.0,2238.0,1095.0,3955.0,50.0,0.1506953223767383,0.0,175.0,360.0,0.0,5.0,NPL,Nepal,Southern Asia,1,1,1
2009,139,11000,1871.0,29.0,55.0,27.0,1345.0,150.0,1577.0,28.0,0.03487634749524413,0.0,0.0,13.0,0.0,2.0,NER,Niger,Western Africa,1,1,1
2010,139,11000,543.0,31.0,45.0,0.0,390.0,129.0,564.0,26.0,0.0797872340425532,,,,,,NER,Niger,Western Africa,1,1,0
2011,139,11000,1250.0,29.0,43.0,11.0,724.0,177.0,955.0,29.0,0.04502617801047121,0.0,0.0,5.0,0.0,1.0,NER,Niger,Western Africa,1,1,1
2012,139,11000,656.0,27.0,42.0,50.0,624.0,257.0,985.0,27.0,0.04263959390862944,0.0,5.0,0.0,0.0,1.0,NER,Niger,Western Africa,1,1,1
2013,139,11000,637.0,33.0,28.0,78.0,455.0,200.0,761.0,31.0,0.03679369250985545,0.0,0.0,12.0,0.0,1.0,NER,Niger,Western Africa,1,1,1
2014,139,11000,690.0,32.0,77.0,41.0,379.0,308.0,805.0,32.0,0.09565217391304348,0.0,0.0,5.0,0.0,1.0,NER,Niger,Western Africa,1,1,1
2015,139,153000,780.0,29.0,33.0,59.0,358.0,222.0,672.0,27.0,0.049107142857142856,0.0,0.0,20.0,0.0,2.0,NER,Niger,Western Africa,1,1,1
2016,139,136000,851.0,25.0,29.0,47.0,362.0,328.0,766.0,24.0,0.037859007832898174,0.0,0.0,18.0,0.0,3.0,NER,Niger,Western Africa,1,1,1
2017,139,144000,881.0,19.0,55.0,81.0,426.0,276.0,838.0,19.0,0.06563245823389022,0.0,0.0,6.0,5867.0,2.0,NER,Niger,Western Africa,1,1,1
2018,139,156000,1911.0,33.0,1089.0,159.0,551.0,266.0,2065.0,24.0,0.5273607748184019,0.0,0.0,10.0,24727.0,2.0,NER,Niger,Western Africa,1,1,1
2019,139,195000,1294.0,34.0,265.0,99.0,407.0,268.0,1039.0,28.0,0.2550529355149182,0.0,0.0,9.0,0.0,1.0,NER,Niger,Western Africa,1,1,1
2020,139,257000,2124.0,32.0,61.0,26.0,316.0,126.0,529.0,24.0,0.11531190926275993,,,,,,NER,Niger,Western Africa,1,1,0
2021,139,224000,1029.0,31.0,104.0,57.0,384.0,1892.0,2437.0,28.0,0.04267542059909725,0.0,0.0,5.0,0.0,1.0,NER,Niger,Western Africa,1,1,1
2022,139,372000,2305.0,37.0,101.0,79.0,515.0,1432.0,2127.0,35.0,0.04748472026328162,0.0,8.0,0.0,0.0,1.0,NER,Niger,Western Africa,1,1,1
2023,139,347000,14366.0,37.0,164.0,79.0,1109.0,372.0,1724.0,33.0,0.0951276102088167,0.0,0.0,21.0,0.0,1.0,NER,Niger,Western Africa,1,1,1
2024,139,379000,8564.0,35.0,1525.0,116.0,1534.0,10102.0,13277.0,37.0,0.11486028470286963,0.0,8.0,11.0,0.0,2.0,NER,Niger,Western Africa,1,1,1
2025,139,392000,25028.0,37.0,11057.0,110.0,971.0,1638.0,13776.0,33.0,0.8026277584204413,0.0,0.0,12.0,0.0,1.0,NER,Niger,Western Africa,1,1,1
2020,140,77,19527.0,31.0,4447.0,105.0,7155.0,12293.0,24013.0,30.0,0.18519135468288012,0.0,0.0,15.0,0.0,2.0,NIC,Nicaragua,Central America,1,1,1
2021,140,1100,112239.0,32.0,2341.0,40.0,3939.0,4267.0,10587.0,33.0,0.22112024180598847,0.0,0.0,15.0,0.0,2.0,NIC,Nicaragua,Central America,1,1,1
2022,140,1100,167465.0,37.0,5453.0,0.0,6008.0,40125.0,51586.0,31.0,0.10570697476059396,0.0,20.0,160.0,0.0,3.0,NIC,Nicaragua,Central America,1,1,1
2023,140,1300,127158.0,41.0,5257.0,20.0,4907.0,23373.0,33557.0,35.0,0.15665881932234704,0.0,800.0,87.0,0.0,5.0,NIC,Nicaragua,Central America,1,1,1
2013,141,3300000,28065.0,96.0,787.0,1533.0,16146.0,4616.0,23082.0,89.0,0.03409583225023828,16.0,11.0,49.0,0.0,5.0,NGA,Nigeria,Western Africa,1,1,1
2014,141,1075000,36514.0,110.0,1247.0,2453.0,20711.0,4794.0,29205.0,89.0,0.04269816812189694,0.0,0.0,541.0,0.0,3.0,NGA,Nigeria,Western Africa,1,1,1
2015,141,2096000,54302.0,119.0,1615.0,3743.0,27360.0,4428.0,37146.0,99.0,0.04347709040004307,0.0,11.0,747.0,0.0,6.0,NGA,Nigeria,Western Africa,1,1,1
2016,141,1955000,60118.0,100.0,2088.0,4563.0,26552.0,13193.0,46396.0,95.0,0.04500387964479696,0.0,7.0,369.0,689906.0,7.0,NGA,Nigeria,Western Africa,1,1,1
2017,141,1702000,57125.0,98.0,4213.0,6387.0,36947.0,19766.0,67313.0,96.0,0.06258820732993627,305.0,9.0,214.0,381780.0,6.0,NGA,Nigeria,Western Africa,1,1,1
2018,141,2243000,59731.0,106.0,4349.0,4981.0,35629.0,14579.0,59538.0,101.0,0.0730457858846451,0.0,108.0,584.0,176155.0,5.0,NGA,Nigeria,Western Africa,1,1,1
2019,141,2583000,86461.0,106.0,6850.0,1804.0,39058.0,25870.0,73577.0,91.0,0.09309974584448945,134.0,253.0,648.0,18356.0,7.0,NGA,Nigeria,Western Africa,1,1,1
2020,141,2730000,26633.0,94.0,6015.0,1780.0,22487.0,47685.0,78168.0,88.0,0.07694964691433835,12335.0,23.0,266.0,0.0,8.0,NGA,Nigeria,Western Africa,1,1,1
2021,141,3228000,46652.0,105.0,6196.0,2379.0,28654.0,11185.0,48414.0,91.0,0.12797951005907382,16951.0,44.0,406.0,205201.0,10.0,NGA,Nigeria,Western Africa,1,1,1
2022,141,3646000,38935.0,115.0,5202.0,1303.0,24452.0,11900.0,42857.0,112.0,0.12138040460134868,19693.0,141.0,1959.0,139622.0,8.0,NGA,Nigeria,Western Africa,1,1,1
2023,141,3340000,40797.0,113.0,5357.0,1217.0,20468.0,28585.0,55627.0,103.0,0.09630215542811944,31747.0,164.0,976.0,35131.0,10.0,NGA,Nigeria,Western Africa,1,1,1
2024,141,3472000,48840.0,112.0,5637.0,1044.0,19169.0,8978.0,34828.0,97.0,0.16185253244515907,37696.0,339.0,2063.0,35721.0,14.0,NGA,Nigeria,Western Africa,1,1,1
2025,141,3496000,37281.0,109.0,6988.0,758.0,23689.0,7544.0,38979.0,99.0,0.17927602042125246,26780.0,122.0,1645.0,0.0,15.0,NGA,Nigeria,Western Africa,1,1,1
2009,147,1230000,16716.0,78.0,1225.0,402.0,11795.0,2057.0,15479.0,72.0,0.07913947929452807,5.0,167.0,380.0,1106396.0,8.0,PAK,Pakistan,Southern Asia,1,1,1
2010,147,980000,16415.0,88.0,1330.0,308.0,11529.0,1958.0,15125.0,85.0,0.08793388429752066,0.0,214.0,25.0,1186889.0,6.0,PAK,Pakistan,Southern Asia,1,1,1
2011,147,900000,26472.0,89.0,2644.0,487.0,14338.0,2832.0,20300.0,83.0,0.1302463054187192,3448.0,364.0,20.0,620362.0,9.0,PAK,Pakistan,Southern Asia,1,1,1
2012,147,758000,35436.0,102.0,3675.0,786.0,21101.0,4668.0,30314.0,90.0,0.12123111433661014,0.0,444.0,33.0,56181.0,11.0,PAK,Pakistan,Southern Asia,1,1,1
2013,147,747000,42169.0,111.0,4814.0,1181.0,24236.0,8162.0,38393.0,96.0,0.12538744041882635,0.0,687.0,50.0,90637.0,10.0,PAK,Pakistan,Southern Asia,1,1,1
2014,147,1900000,44203.0,115.0,5175.0,2534.0,21874.0,11553.0,41136.0,102.0,0.1258022170361727,0.0,754.0,787.0,75825.0,8.0,PAK,Pakistan,Southern Asia,1,1,1
2015,147,1459000,68777.0,115.0,5244.0,3276.0,23857.0,19649.0,52026.0,97.0,0.10079575596816977,5.0,941.0,722.0,676638.0,11.0,PAK,Pakistan,Southern Asia,1,1,1
2016,147,464000,66990.0,116.0,6146.0,4181.0,33354.0,24205.0,67886.0,112.0,0.09053413074860796,6.0,984.0,559.0,704370.0,10.0,PAK,Pakistan,Southern Asia,1,1,1
2017,147,249000,56692.0,111.0,6074.0,3121.0,47604.0,15899.0,72698.0,100.0,0.08355112932955515,17.0,812.0,374.0,281640.0,15.0,PAK,Pakistan,Southern Asia,1,1,1
2018,147,117000,54518.0,113.0,5784.0,2422.0,34370.0,12821.0,55398.0,102.0,0.10440810137550093,11.0,1281.0,939.0,83454.0,12.0,PAK,Pakistan,Southern Asia,1,1,1
2019,147,101000,45739.0,109.0,7554.0,1469.0,30748.0,10834.0,50384.0,91.0,0.14992854874563352,6.0,1514.0,1399.0,18.0,10.0,PAK,Pakistan,Southern Asia,1,1,1
2020,147,98000,28964.0,91.0,5032.0,1192.0,28292.0,8647.0,43264.0,87.0,0.11630917159763314,14.0,400.0,561.0,1782.0,11.0,PAK,Pakistan,Southern Asia,1,1,1
2021,147,104000,39505.0,90.0,5290.0,2491.0,26606.0,12827.0,47214.0,87.0,0.11204303808192485,5.0,555.0,769.0,0.0,9.0,PAK,Pakistan,Southern Asia,1,1,1
2022,147,16000,57050.0,100.0,5301.0,1225.0,30052.0,18065.0,54643.0,97.0,0.09701151108101679,5.0,1347.0,1139.0,98898.0,11.0,PAK,Pakistan,Southern Asia,1,1,1
2023,147,21000,62448.0,107.0,7894.0,1054.0,23048.0,18970.0,50966.0,101.0,0.1548875721068948,36.0,1555.0,960.0,0.0,12.0,PAK,Pakistan,Southern Asia,1,1,1
2024,147,22000,53168.0,101.0,9361.0,1145.0,23889.0,8947.0,43342.0,94.0,0.21597988094688755,7.0,1967.0,1792.0,0.0,13.0,PAK,Pakistan,Southern Asia,1,1,1
2025,147,269000,46126.0,96.0,10945.0,1486.0,33076.0,8720.0,54227.0,89.0,0.20183672340347059,164.0,962.0,1998.0,3439.0,9.0,PAK,Pakistan,Southern Asia,1,1,1
2009,150,150000,1991.0,15.0,109.0,15.0,1208.0,227.0,1559.0,16.0,0.06991661321359846,0.0,0.0,390.0,0.0,1.0,PER,Peru,South America,1,1,1
2010,150,150000,1537.0,19.0,118.0,15.0,725.0,1462.0,2320.0,16.0,0.05086206896551724,0.0,5.0,0.0,0.0,1.0,PER,Peru,South America,1,1,1
2011,150,150000,683.0,18.0,76.0,10.0,761.0,238.0,1085.0,19.0,0.07004608294930875,,,,,,PER,Peru,South America,1,1,0
2012,150,150000,678.0,17.0,81.0,20.0,558.0,345.0,1004.0,18.0,0.08067729083665338,0.0,0.0,5.0,0.0,1.0,PER,Peru,South America,1,1,1
2013,150,150000,509.0,18.0,50.0,13.0,285.0,240.0,588.0,16.0,0.08503401360544217,,,,,,PER,Peru,South America,1,1,0
2014,150,150000,639.0,16.0,59.0,20.0,256.0,221.0,556.0,15.0,0.10611510791366907,0.0,0.0,181.0,0.0,2.0,PER,Peru,South America,1,1,1
2015,150,60000,774.0,19.0,61.0,17.0,161.0,213.0,452.0,18.0,0.13495575221238937,0.0,0.0,123.0,0.0,2.0,PER,Peru,South America,1,1,1
2016,150,62000,1146.0,18.0,44.0,17.0,215.0,292.0,568.0,16.0,0.07746478873239436,0.0,0.0,81.0,0.0,4.0,PER,Peru,South America,1,1,1
2017,150,59000,1505.0,23.0,54.0,13.0,295.0,3844.0,4206.0,20.0,0.012838801711840228,0.0,0.0,52.0,0.0,1.0,PER,Peru,South America,1,1,1
2018,150,59000,2748.0,25.0,76.0,40.0,497.0,518.0,1131.0,20.0,0.0671971706454465,0.0,0.0,36.0,0.0,1.0,PER,Peru,South America,1,1,1
2019,150,60000,8395.0,28.0,293.0,52.0,2779.0,261.0,3385.0,29.0,0.08655834564254063,0.0,0.0,58.0,0.0,2.0,PER,Peru,South America,1,1,1
2020,150,60000,7223.0,31.0,253.0,91.0,5356.0,195.0,5938.0,25.0,0.04260693836308521,0.0,0.0,25.0,0.0,1.0,PER,Peru,South America,1,1,1
2021,150,60000,4469.0,31.0,395.0,293.0,5517.0,226.0,6431.0,24.0,0.06142124086456228,0.0,0.0,22.0,0.0,1.0,PER,Peru,South America,1,1,1
2022,150,73000,20668.0,38.0,407.0,86.0,4287.0,992.0,5772.0,29.0,0.07051282051282051,0.0,0.0,25.0,0.0,1.0,PER,Peru,South America,1,1,1
2023,150,75000,70250.0,41.0,723.0,266.0,7067.0,3449.0,11505.0,35.0,0.06284224250325945,0.0,5.0,5.0,0.0,2.0,PER,Peru,South America,1,1,1
2024,150,78000,56172.0,46.0,944.0,304.0,11610.0,6157.0,19015.0,43.0,0.049645017091769654,12.0,21.0,48.0,0.0,3.0,PER,Peru,South America,1,1,1
2025,150,82000,37645.0,50.0,1319.0,385.0,22998.0,8619.0,33321.0,39.0,0.03958464631913808,0.0,10.0,42.0,0.0,3.0,PER,Peru,South America,1,1,1
2009,151,125000,963.0,17.0,35.0,5.0,680.0,367.0,1087.0,21.0,0.03219871205151794,0.0,0.0,85.0,0.0,1.0,PHL,Philippines,South-eastern Asia,1,1,1
2010,151,15000,900.0,23.0,38.0,5.0,647.0,291.0,981.0,20.0,0.03873598369011213,,,,,,PHL,Philippines,South-eastern Asia,1,1,0
2011,151,46000,945.0,25.0,28.0,10.0,677.0,328.0,1043.0,24.0,0.026845637583892617,0.0,9.0,0.0,0.0,1.0,PHL,Philippines,South-eastern Asia,1,1,1
2013,151,116000,719.0,29.0,20.0,0.0,340.0,294.0,654.0,24.0,0.03058103975535168,0.0,0.0,0.0,211607.0,1.0,PHL,Philippines,South-eastern Asia,1,1,1
2014,151,78000,736.0,34.0,20.0,5.0,485.0,251.0,761.0,28.0,0.026281208935611037,0.0,10.0,24.0,98718.0,3.0,PHL,Philippines,South-eastern Asia,1,1,1
2015,151,62000,1378.0,31.0,10.0,0.0,405.0,258.0,673.0,32.0,0.014858841010401188,0.0,20.0,25.0,254848.0,2.0,PHL,Philippines,South-eastern Asia,1,1,1
2016,151,87000,2947.0,30.0,25.0,15.0,1328.0,271.0,1639.0,34.0,0.01525320317266626,0.0,0.0,16.0,255626.0,2.0,PHL,Philippines,South-eastern Asia,1,1,1
2017,151,445000,8219.0,36.0,35.0,18.0,2729.0,835.0,3617.0,35.0,0.009676527508985348,0.0,6.0,13.0,318483.0,2.0,PHL,Philippines,South-eastern Asia,1,1,1
2018,151,301000,5283.0,30.0,50.0,52.0,4615.0,1377.0,6094.0,31.0,0.008204791598293404,0.0,5.0,20.0,445655.0,2.0,PHL,Philippines,South-eastern Asia,1,1,1
2019,151,180000,3332.0,36.0,69.0,20.0,3802.0,591.0,1379.0,38.0,0.05003625815808557,0.0,6.0,31.0,115106.0,2.0,PHL,Philippines,South-eastern Asia,1,1,1
2020,151,153000,1430.0,28.0,54.0,5.0,748.0,289.0,1096.0,29.0,0.04927007299270073,0.0,0.0,19.0,150242.0,3.0,PHL,Philippines,South-eastern Asia,1,1,1
2021,151,108000,1393.0,33.0,56.0,22.0,631.0,420.0,1129.0,27.0,0.049601417183348095,0.0,0.0,11.0,181317.0,3.0,PHL,Philippines,South-eastern Asia,1,1,1
2022,151,98000,2368.0,40.0,69.0,5.0,1693.0,710.0,2477.0,32.0,0.027856277755349212,0.0,0.0,15.0,118120.0,3.0,PHL,Philippines,South-eastern Asia,1,1,1
2023,151,110000,2287.0,41.0,78.0,38.0,1211.0,1622.0,2949.0,37.0,0.026449643947100712,0.0,8.0,15.0,137352.0,3.0,PHL,Philippines,South-eastern Asia,1,1,1
2024,151,123000,2791.0,36.0,53.0,30.0,1004.0,595.0,1682.0,35.0,0.03151010701545779,6.0,10.0,51.0,166193.0,3.0,PHL,Philippines,South-eastern Asia,1,1,1
2025,151,28000,4567.0,39.0,87.0,5.0,2288.0,671.0,3051.0,29.0,0.028515240904621434,0.0,0.0,118.0,172452.0,4.0,PHL,Philippines,South-eastern Asia,1,1,1
2014,153,7500,162.0,3.0,71.0,0.0,50.0,0.0,121.0,2.0,0.5867768595041323,,,,,,PNG,Papua New Guinea,Melanesia,1,1,0
2015,153,6300,174.0,3.0,57.0,0.0,22.0,19.0,98.0,3.0,0.5816326530612245,,,,,,PNG,Papua New Guinea,Melanesia,1,1,0
2016,153,8400,204.0,3.0,64.0,0.0,57.0,0.0,121.0,2.0,0.5289256198347108,,,,,,PNG,Papua New Guinea,Melanesia,1,1,0
2017,153,12000,228.0,2.0,16.0,0.0,102.0,5.0,123.0,3.0,0.13008130081300814,,,,,,PNG,Papua New Guinea,Melanesia,1,1,0
2018,153,12000,175.0,2.0,43.0,0.0,21.0,0.0,64.0,2.0,0.671875,,,,,,PNG,Papua New Guinea,Melanesia,1,1,0
2019,153,14000,327.0,3.0,75.0,0.0,179.0,10.0,264.0,2.0,0.2840909090909091,,,,,,PNG,Papua New Guinea,Melanesia,1,1,0
2020,153,13000,218.0,2.0,54.0,0.0,44.0,5.0,103.0,3.0,0.5242718446601942,,,,,,PNG,Papua New Guinea,Melanesia,1,1,0
2022,153,83000,245.0,3.0,156.0,0.0,102.0,13.0,271.0,2.0,0.5756457564575646,0.0,5.0,0.0,0.0,1.0,PNG,Papua New Guinea,Melanesia,1,1,1
2023,153,84000,500.0,3.0,150.0,0.0,101.0,347.0,598.0,2.0,0.2508361204013378,0.0,11.0,24.0,0.0,2.0,PNG,Papua New Guinea,Melanesia,1,1,1
2024,153,84000,180.0,5.0,89.0,0.0,83.0,22.0,194.0,2.0,0.4587628865979381,0.0,7.0,0.0,0.0,1.0,PNG,Papua New Guinea,Melanesia,1,1,1
2025,153,70000,563.0,6.0,228.0,0.0,211.0,69.0,508.0,6.0,0.44881889763779526,0.0,0.0,40.0,0.0,1.0,PNG,Papua New Guinea,Melanesia,1,1,1
2023,159,620,2361.0,32.0,223.0,23.0,1037.0,458.0,1741.0,31.0,0.12808730614589317,0.0,8.0,57.0,0.0,2.0,ZAF,South Africa,Southern Africa,1,1,1
2024,159,29,2315.0,34.0,220.0,20.0,1196.0,304.0,1740.0,29.0,0.12643678160919541,5.0,5.0,99.0,0.0,3.0,ZAF,South Africa,Southern Africa,1,1,1
2009,160,80000,22775.0,58.0,3913.0,3243.0,11511.0,9552.0,28219.0,62.0,0.13866543817994967,29.0,503.0,3321.0,878.0,12.0,RUS,Russian Federation,Eastern Europe,1,1,1
2010,160,78000,24248.0,65.0,4634.0,1041.0,12472.0,5986.0,24133.0,62.0,0.19201922678490035,39.0,311.0,817.0,758.0,13.0,RUS,Russian Federation,Eastern Europe,1,1,1
2012,160,29000,29883.0,61.0,3479.0,741.0,12771.0,7546.0,24714.0,57.0,0.14077041353079225,12.0,226.0,738.0,0.0,9.0,RUS,Russian Federation,Eastern Europe,1,1,1
2013,160,35000,46342.0,70.0,3138.0,1355.0,12778.0,27065.0,44336.0,63.0,0.07077769758210033,0.0,98.0,601.0,0.0,6.0,RUS,Russian Federation,Eastern Europe,1,1,1
2014,160,25000,24549.0,74.0,2676.0,803.0,10899.0,11321.0,25699.0,62.0,0.10412856531382544,14.0,210.0,343.0,0.0,6.0,RUS,Russian Federation,Eastern Europe,1,1,1
2015,160,27000,28663.0,80.0,2970.0,835.0,10417.0,14118.0,28340.0,69.0,0.10479887085391673,5.0,300.0,623.0,0.0,9.0,RUS,Russian Federation,Eastern Europe,1,1,1
2016,160,19000,32352.0,83.0,2541.0,883.0,13572.0,18698.0,35694.0,72.0,0.07118843503109766,56.0,527.0,389.0,0.0,7.0,RUS,Russian Federation,Eastern Europe,1,1,1
2017,160,19000,23813.0,85.0,2874.0,1346.0,18880.0,15162.0,38262.0,76.0,0.07511368982280069,7.0,405.0,508.0,0.0,6.0,RUS,Russian Federation,Eastern Europe,1,1,1
2018,160,2300,32445.0,85.0,2934.0,880.0,13621.0,11710.0,29145.0,73.0,0.1006690684508492,32.0,340.0,310.0,0.0,6.0,RUS,Russian Federation,Eastern Europe,1,1,1
2019,160,1800,27730.0,81.0,3829.0,658.0,14364.0,10789.0,29640.0,77.0,0.12918353576248312,5.0,182.0,415.0,0.0,7.0,RUS,Russian Federation,Eastern Europe,1,1,1
2020,160,1100,15925.0,69.0,2517.0,534.0,13456.0,10163.0,26682.0,66.0,0.09433325837643355,0.0,177.0,288.0,0.0,5.0,RUS,Russian Federation,Eastern Europe,1,1,1
2021,160,470,16903.0,74.0,2849.0,614.0,13698.0,7870.0,25031.0,69.0,0.11381886460788622,0.0,41.0,338.0,0.0,8.0,RUS,Russian Federation,Eastern Europe,1,1,1
2022,160,7200,42924.0,100.0,4045.0,723.0,10094.0,8053.0,22915.0,81.0,0.176521928867554,0.0,48.0,332.0,0.0,8.0,RUS,Russian Federation,Eastern Europe,1,1,1
2023,160,60000,81075.0,107.0,6685.0,688.0,11921.0,15165.0,34459.0,90.0,0.19399866508024027,5.0,349.0,238.0,0.0,8.0,RUS,Russian Federation,Eastern Europe,1,1,1
2024,160,171000,43914.0,102.0,6305.0,566.0,14055.0,13785.0,34711.0,86.0,0.18164270692287748,77.0,339.0,584.0,0.0,11.0,RUS,Russian Federation,Eastern Europe,1,1,1
2025,160,580,31748.0,96.0,6612.0,619.0,19031.0,12662.0,38924.0,85.0,0.16986948926112425,16.0,16.0,775.0,0.0,15.0,RUS,Russian Federation,Eastern Europe,1,1,1
2022,162,52000,42763.0,42.0,7523.0,468.0,9663.0,25432.0,43086.0,38.0,0.1746042798124681,0.0,778.0,156.0,0.0,6.0,SLV,El Salvador,Central America,1,1,1
2023,162,49000,35559.0,42.0,8577.0,240.0,7237.0,28254.0,44308.0,41.0,0.19357678071680057,0.0,1295.0,232.0,0.0,7.0,SLV,El Salvador,Central America,1,1,1
2024,162,35000,23957.0,37.0,3851.0,211.0,4819.0,16339.0,25220.0,41.0,0.1526962727993656,10.0,1320.0,314.0,0.0,10.0,SLV,El Salvador,Central America,1,1,1
2025,162,61000,25099.0,37.0,2394.0,69.0,9024.0,12273.0,23760.0,39.0,0.10075757575757575,0.0,248.0,198.0,0.0,8.0,SLV,El Salvador,Central America,1,1,1
2009,164,245000,22339.0,40.0,1068.0,1143.0,13541.0,6384.0,22136.0,47.0,0.04824719913263462,2698.0,57.0,1147.0,871.0,23.0,SRB,Serbia and Kosovo: S/RES/1244 (1999),Southern Europe,1,1,1
2010,164,243000,40910.0,48.0,1383.0,1063.0,26181.0,6596.0,35223.0,49.0,0.03926411719615024,397.0,22.0,135.0,1803.0,8.0,SRB,Serbia and Kosovo: S/RES/1244 (1999),Southern Europe,1,1,1
2011,164,243000,29087.0,41.0,1231.0,843.0,26754.0,6119.0,34947.0,41.0,0.035224768935817094,392.0,46.0,103.0,845.0,9.0,SRB,Serbia and Kosovo: S/RES/1244 (1999),Southern Europe,1,1,1
2012,164,243000,35016.0,42.0,770.0,445.0,26407.0,9762.0,38961.0,39.0,0.01976335309668643,193.0,5.0,181.0,798.0,10.0,SRB,Serbia and Kosovo: S/RES/1244 (1999),Southern Europe,1,1,1
2013,164,114000,49204.0,48.0,433.0,810.0,22746.0,13768.0,37757.0,43.0,0.011468072145562412,168.0,0.0,144.0,780.0,7.0,SRB,Serbia and Kosovo: S/RES/1244 (1999),Southern Europe,1,1,1
2014,164,114000,75676.0,55.0,716.0,814.0,30879.0,21098.0,53507.0,46.0,0.013381426729213,215.0,10.0,227.0,450.0,7.0,SRB,Serbia and Kosovo: S/RES/1244 (1999),Southern Europe,1,1,1
2015,164,17000,109891.0,56.0,735.0,871.0,64701.0,64921.0,131228.0,49.0,0.0056009388240314565,328.0,0.0,211.0,545.0,8.0,SRB,Serbia and Kosovo: S/RES/1244 (1999),Southern Europe,1,1,1
2016,164,17000,29087.0,57.0,519.0,1155.0,44819.0,26927.0,73420.0,54.0,0.007068918550803596,166.0,0.0,171.0,477.0,7.0,SRB,Serbia and Kosovo: S/RES/1244 (1999),Southern Europe,1,1,1
2017,164,16000,18880.0,48.0,470.0,864.0,17883.0,11529.0,30746.0,44.0,0.015286541338710727,355.0,0.0,221.0,193.0,7.0,SRB,Serbia and Kosovo: S/RES/1244 (1999),Southern Europe,1,1,1
2018,164,16000,16372.0,46.0,450.0,670.0,8789.0,6581.0,16490.0,39.0,0.0272892662219527,6.0,0.0,227.0,197.0,7.0,SRB,Serbia and Kosovo: S/RES/1244 (1999),Southern Europe,1,1,1
2019,164,16000,11888.0,48.0,458.0,376.0,7197.0,4722.0,12753.0,44.0,0.03591311848192582,39.0,0.0,201.0,165.0,5.0,SRB,Serbia and Kosovo: S/RES/1244 (1999),Southern Europe,1,1,1
2020,164,213000,6781.0,38.0,230.0,314.0,5922.0,3158.0,9624.0,36.0,0.023898586866167915,19.0,0.0,142.0,375.0,7.0,SRB,Serbia and Kosovo: S/RES/1244 (1999),Southern Europe,1,1,1
2021,164,16000,7973.0,46.0,241.0,342.0,4799.0,3104.0,8486.0,42.0,0.028399717181239688,14.0,0.0,153.0,359.0,7.0,SRB,Serbia and Kosovo: S/RES/1244 (1999),Southern Europe,1,1,1
2022,164,211000,9606.0,45.0,343.0,237.0,5381.0,2922.0,8883.0,43.0,0.038613081166272656,21.0,0.0,120.0,191.0,7.0,SRB,Serbia and Kosovo: S/RES/1244 (1999),Southern Europe,1,1,1
2023,164,210000,9969.0,42.0,314.0,201.0,5490.0,4631.0,10636.0,40.0,0.029522376833396015,12.0,0.0,95.0,114.0,6.0,SRB,Serbia and Kosovo: S/RES/1244 (1999),Southern Europe,1,1,1
2024,164,210000,12975.0,47.0,197.0,242.0,7648.0,3997.0,12084.0,42.0,0.01630254882489242,52.0,0.0,159.0,0.0,8.0,SRB,Serbia and Kosovo: S/RES/1244 (1999),Southern Europe,1,1,1
2025,164,210000,8082.0,46.0,185.0,277.0,6375.0,2123.0,8960.0,39.0,0.020647321428571428,0.0,0.0,154.0,56.0,8.0,SRB,Serbia and Kosovo: S/RES/1244 (1999),Southern Europe,1,1,1
2009,165,24000,1557.0,23.0,132.0,120.0,976.0,341.0,1569.0,30.0,0.0841300191204589,0.0,0.0,15.0,0.0,2.0,SEN,Senegal,Western Africa,1,1,1
2010,165,24000,1833.0,35.0,149.0,94.0,706.0,375.0,1324.0,29.0,0.11253776435045318,0.0,7.0,0.0,0.0,1.0,SEN,Senegal,Western Africa,1,1,1
2011,165,24000,3081.0,37.0,260.0,100.0,1260.0,606.0,2226.0,35.0,0.11680143755615453,,,,,,SEN,Senegal,Western Africa,1,1,0
2012,165,22000,4603.0,35.0,211.0,146.0,1996.0,936.0,3311.0,37.0,0.06372697070371489,0.0,14.0,6.0,0.0,3.0,SEN,Senegal,Western Africa,1,1,1
2013,165,24000,5404.0,50.0,329.0,276.0,2845.0,1610.0,5060.0,45.0,0.0650197628458498,0.0,7.0,15.0,0.0,2.0,SEN,Senegal,Western Africa,1,1,1
2014,165,24000,9354.0,53.0,385.0,870.0,2976.0,1363.0,5594.0,49.0,0.06882373972112978,0.0,0.0,29.0,0.0,2.0,SEN,Senegal,Western Africa,1,1,1
2015,165,24000,14206.0,56.0,459.0,1494.0,5757.0,1054.0,8764.0,47.0,0.05237334550433592,0.0,19.0,53.0,0.0,5.0,SEN,Senegal,Western Africa,1,1,1
2016,165,24000,12330.0,50.0,401.0,1686.0,8373.0,1769.0,12229.0,47.0,0.03279090686074086,0.0,45.0,66.0,0.0,5.0,SEN,Senegal,Western Africa,1,1,1
2017,165,22000,13902.0,56.0,481.0,1474.0,8204.0,2188.0,12347.0,47.0,0.038956831619016766,0.0,20.0,79.0,0.0,4.0,SEN,Senegal,Western Africa,1,1,1
2018,165,18000,9620.0,63.0,505.0,1445.0,11106.0,1329.0,14385.0,52.0,0.03510601320820299,0.0,27.0,3535.0,0.0,5.0,SEN,Senegal,Western Africa,1,1,1
2019,165,8400,8688.0,54.0,642.0,199.0,9080.0,1264.0,11185.0,45.0,0.05739830129637908,0.0,41.0,5583.0,0.0,7.0,SEN,Senegal,Western Africa,1,1,1
2020,165,8400,5658.0,55.0,626.0,168.0,4801.0,734.0,6293.0,43.0,0.09947560781821072,0.0,12.0,32.0,0.0,4.0,SEN,Senegal,Western Africa,1,1,1
2021,165,8400,9548.0,54.0,675.0,419.0,5549.0,1038.0,7681.0,45.0,0.08787918239812524,0.0,5.0,55.0,0.0,3.0,SEN,Senegal,Western Africa,1,1,1
2022,165,8400,9892.0,54.0,861.0,133.0,6326.0,2826.0,10146.0,52.0,0.08486102897693672,0.0,25.0,859.0,0.0,5.0,SEN,Senegal,Western Africa,1,1,1
2023,165,8400,15269.0,59.0,875.0,135.0,3906.0,7790.0,12706.0,53.0,0.06886510310089722,0.0,98.0,19.0,0.0,4.0,SEN,Senegal,Western Africa,1,1,1
2024,165,5900,33231.0,56.0,833.0,120.0,7117.0,2305.0,10375.0,51.0,0.08028915662650603,5.0,121.0,81.0,0.0,6.0,SEN,Senegal,Western Africa,1,1,1
2018,169,3000,4784.0,59.0,261.0,259.0,1872.0,945.0,3337.0,46.0,0.07821396463889721,0.0,0.0,70.0,0.0,3.0,SLE,Sierra Leone,Western Africa,1,1,1
2019,169,5500,2358.0,54.0,596.0,86.0,1643.0,696.0,3021.0,48.0,0.19728566699768288,0.0,10.0,83.0,0.0,4.0,SLE,Sierra Leone,Western Africa,1,1,1
2020,169,2500,3656.0,46.0,966.0,85.0,1282.0,634.0,2950.0,47.0,0.32745762711864407,0.0,5.0,82.0,0.0,3.0,SLE,Sierra Leone,Western Africa,1,1,1
2021,169,2500,2457.0,50.0,1514.0,92.0,1363.0,2258.0,5227.0,47.0,0.28964989477711883,0.0,0.0,80.0,0.0,2.0,SLE,Sierra Leone,Western Africa,1,1,1
2021,171,1000,49.0,1.0,,,,,,,,,,,,,SLB,Solomon Islands,Melanesia,1,0,0
2022,171,1000,319.0,3.0,10.0,0.0,60.0,5.0,75.0,2.0,0.13333333333333333,,,,,,SLB,Solomon Islands,Melanesia,1,1,0
2023,171,1000,499.0,3.0,0.0,0.0,521.0,166.0,687.0,2.0,0.0,,,,,,SLB,Solomon Islands,Melanesia,1,1,0
2024,171,11,322.0,2.0,16.0,0.0,55.0,39.0,110.0,2.0,0.14545454545454545,,,,,,SLB,Solomon Islands,Melanesia,1,1,0
2009,172,1500000,40107.0,92.0,11222.0,12692.0,7804.0,6294.0,38012.0,93.0,0.2952225612964327,59.0,6250.0,2654.0,0.0,13.0,SOM,Somalia,Eastern Africa,1,1,1
2010,172,1500000,40394.0,100.0,16305.0,11018.0,7390.0,4624.0,39337.0,102.0,0.41449525891654165,34.0,6190.0,68.0,0.0,13.0,SOM,Somalia,Eastern Africa,1,1,1
2011,172,1459000,38608.0,98.0,13760.0,7431.0,4852.0,4187.0,30230.0,98.0,0.4551769765133973,210.0,5475.0,18.0,0.0,14.0,SOM,Somalia,Eastern Africa,1,1,1
2012,172,1350000,32569.0,99.0,12991.0,5727.0,4952.0,6499.0,30304.0,96.0,0.42868928194297784,45.0,8024.0,127.0,10188.0,17.0,SOM,Somalia,Eastern Africa,1,1,1
2013,172,1100000,39420.0,104.0,14413.0,6943.0,7018.0,7092.0,35466.0,95.0,0.40638921784244064,7272.0,10203.0,125.0,104706.0,15.0,SOM,Somalia,Eastern Africa,1,1,1
2014,172,1107000,45948.0,120.0,10622.0,4539.0,6385.0,13484.0,35030.0,103.0,0.3032258064516129,2485.0,11895.0,2317.0,12736.0,18.0,SOM,Somalia,Eastern Africa,1,1,1
2015,172,1223000,40163.0,110.0,13366.0,4623.0,7076.0,7090.0,32155.0,113.0,0.415674078681387,32343.0,9332.0,1152.0,5000.0,18.0,SOM,Somalia,Eastern Africa,1,1,1
2016,172,1107000,41422.0,105.0,14394.0,6768.0,8247.0,11138.0,40547.0,105.0,0.3549954373936419,36136.0,12205.0,644.0,0.0,16.0,SOM,Somalia,Eastern Africa,1,1,1
2017,172,825000,44739.0,100.0,25520.0,10620.0,9291.0,11935.0,57366.0,89.0,0.4448628107241223,41476.0,4118.0,2504.0,0.0,19.0,SOM,Somalia,Eastern Africa,1,1,1
2018,172,2648000,37511.0,97.0,13734.0,4578.0,6910.0,15615.0,40837.0,96.0,0.3363126576389059,13081.0,1808.0,2353.0,0.0,21.0,SOM,Somalia,Eastern Africa,1,1,1
2019,172,2648000,41378.0,101.0,19797.0,3182.0,7065.0,14543.0,44587.0,94.0,0.4440083432390607,6241.0,4307.0,2149.0,22555.0,23.0,SOM,Somalia,Eastern Africa,1,1,1
2020,172,2968000,23731.0,96.0,11396.0,3164.0,5720.0,5877.0,26220.0,82.0,0.43463005339435545,1560.0,909.0,1520.0,288966.0,23.0,SOM,Somalia,Eastern Africa,1,1,1
2021,172,2968000,37654.0,95.0,14711.0,3633.0,7043.0,7761.0,33148.0,91.0,0.44379751417883434,2781.0,1846.0,936.0,544249.0,27.0,SOM,Somalia,Eastern Africa,1,1,1
2022,172,3864000,42160.0,95.0,23030.0,4903.0,6842.0,10064.0,44839.0,96.0,0.513615379468766,3063.0,2773.0,722.0,607256.0,19.0,SOM,Somalia,Eastern Africa,1,1,1
2023,172,3862000,159194.0,100.0,9746.0,5236.0,7617.0,19277.0,41876.0,97.0,0.23273474066290956,1876.0,6931.0,467.0,0.0,17.0,SOM,Somalia,Eastern Africa,1,1,1
2024,172,3136000,103942.0,98.0,24326.0,7865.0,6982.0,9963.0,49136.0,90.0,0.4950748941712797,1959.0,11510.0,2714.0,290750.0,23.0,SOM,Somalia,Eastern Africa,1,1,1
2025,172,3347000,57527.0,93.0,16480.0,6416.0,10106.0,26117.0,59119.0,84.0,0.27875978957695496,1187.0,4946.0,1490.0,0.0,22.0,SOM,Somalia,Eastern Africa,1,1,1
2009,177,4900000,10343.0,78.0,5133.0,184.0,2698.0,3803.0,11818.0,74.0,0.4343374513454053,33135.0,1643.0,1486.0,166900.0,22.0,SDN,Sudan,Northern Africa,1,1,1
2010,177,4800000,13467.0,80.0,2161.0,175.0,2792.0,1648.0,6776.0,77.0,0.31891971664698937,7064.0,997.0,52.0,143000.0,17.0,SDN,Sudan,Northern Africa,1,1,1
2011,177,2200000,20939.0,85.0,8211.0,338.0,2924.0,1625.0,13098.0,82.0,0.6268896014658727,50070.0,974.0,172.0,279325.0,22.0,SDN,Sudan,Northern Africa,1,1,1
2012,177,3000000,14613.0,75.0,7066.0,372.0,2889.0,6879.0,17226.0,78.0,0.41019389295251363,19488.0,2098.0,69.0,91554.0,21.0,SDN,Sudan,Northern Africa,1,1,1
2013,177,2427000,17497.0,96.0,4582.0,320.0,2881.0,2684.0,10467.0,85.0,0.43775675933887453,16949.0,2727.0,35.0,19471.0,15.0,SDN,Sudan,Northern Africa,1,1,1
2014,177,3100000,24506.0,111.0,6150.0,435.0,4805.0,10677.0,22067.0,91.0,0.2786966964245253,13140.0,1469.0,473.0,1695.0,15.0,SDN,Sudan,Northern Africa,1,1,1
2015,177,3182000,28579.0,97.0,9902.0,1060.0,5756.0,3862.0,20580.0,98.0,0.4811467444120505,39491.0,2430.0,450.0,152663.0,18.0,SDN,Sudan,Northern Africa,1,1,1
2016,177,3300000,31955.0,92.0,10538.0,1035.0,8664.0,7162.0,27399.0,88.0,0.38461257710135405,37215.0,1936.0,427.0,0.0,13.0,SDN,Sudan,Northern Africa,1,1,1
2017,177,2072000,29305.0,90.0,12238.0,1804.0,10194.0,5565.0,29801.0,80.0,0.41065736049125867,11675.0,1493.0,362.0,386243.0,21.0,SDN,Sudan,Northern Africa,1,1,1
2018,177,2072000,37998.0,98.0,8486.0,2647.0,6184.0,5526.0,22843.0,79.0,0.37149236089830584,1804.0,1424.0,400.0,0.0,15.0,SDN,Sudan,Northern Africa,1,1,1
2019,177,2134000,28011.0,101.0,11038.0,1097.0,4916.0,6474.0,23525.0,88.0,0.4692029755579171,2191.0,3493.0,550.0,0.0,22.0,SDN,Sudan,Northern Africa,1,1,1
2020,177,2276000,17192.0,81.0,9752.0,588.0,5260.0,4401.0,20019.0,84.0,0.4871372196413407,30.0,1308.0,213.0,0.0,15.0,SDN,Sudan,Northern Africa,1,1,1
2021,177,3175000,26169.0,89.0,6006.0,709.0,5113.0,9437.0,21265.0,80.0,0.2824359275805314,33.0,2808.0,404.0,0.0,19.0,SDN,Sudan,Northern Africa,1,1,1
2022,177,3553000,47169.0,95.0,7221.0,1100.0,7160.0,19823.0,35304.0,97.0,0.204537729435758,12313.0,3127.0,686.0,0.0,19.0,SDN,Sudan,Northern Africa,1,1,1
2023,177,9053000,196604.0,100.0,12593.0,2556.0,3066.0,12107.0,30322.0,96.0,0.4153090165556362,17238.0,3873.0,586.0,0.0,19.0,SDN,Sudan,Northern Africa,1,1,1
2024,177,11560000,446066.0,109.0,21796.0,4036.0,1995.0,21054.0,48881.0,92.0,0.4458992246476136,6472.0,4380.0,1457.0,0.0,17.0,SDN,Sudan,Northern Africa,1,1,1
2025,177,9117000,309641.0,93.0,36216.0,4822.0,3549.0,37861.0,82448.0,92.0,0.4392586842615952,651456.0,3548.0,1041.0,2913113.0,26.0,SDN,Sudan,Northern Africa,1,1,1
2011,179,350000,5.0,1.0,,,,,,,,905.0,0.0,0.0,0.0,3.0,SSD,South Sudan,Eastern Africa,1,0,1
2012,179,350000,10471.0,11.0,298.0,5.0,14.0,472.0,789.0,9.0,0.3776932826362484,2236.0,0.0,0.0,0.0,3.0,SSD,South Sudan,Eastern Africa,1,1,1
2013,179,383000,14295.0,18.0,1853.0,0.0,201.0,179.0,2233.0,12.0,0.8298253470667264,392.0,34.0,0.0,0.0,5.0,SSD,South Sudan,Eastern Africa,1,1,1
2014,179,1498000,2354.0,28.0,2556.0,33.0,82.0,27338.0,30009.0,24.0,0.08517444766570029,0.0,150.0,6.0,200055.0,6.0,SSD,South Sudan,Eastern Africa,1,1,1
2015,179,1697000,2317.0,24.0,1362.0,111.0,46.0,485.0,2004.0,24.0,0.6796407185628742,159.0,218.0,0.0,0.0,6.0,SSD,South Sudan,Eastern Africa,1,1,1
2016,179,1847000,3743.0,31.0,1099.0,87.0,38.0,901.0,2125.0,26.0,0.5171764705882353,0.0,423.0,0.0,752261.0,7.0,SSD,South Sudan,Eastern Africa,1,1,1
2017,179,1899000,5819.0,30.0,2820.0,24.0,57.0,2304.0,5205.0,25.0,0.5417867435158501,2070.0,443.0,10.0,813.0,11.0,SSD,South Sudan,Eastern Africa,1,1,1
2018,179,1869000,10008.0,34.0,2388.0,68.0,110.0,1141.0,3707.0,27.0,0.6441866738602644,136155.0,315.0,16.0,0.0,14.0,SSD,South Sudan,Eastern Africa,1,1,1
2019,179,1352000,8298.0,35.0,14255.0,52.0,65.0,1068.0,15440.0,32.0,0.9232512953367875,99816.0,1148.0,28.0,276463.0,18.0,SSD,South Sudan,Eastern Africa,1,1,1
2020,179,1436000,3377.0,28.0,3537.0,67.0,77.0,508.0,4189.0,32.0,0.8443542611601814,122000.0,574.0,0.0,174463.0,15.0,SSD,South Sudan,Eastern Africa,1,1,1
2021,179,1369000,3519.0,38.0,2725.0,32.0,74.0,576.0,3407.0,34.0,0.7998238919870854,270220.0,1015.0,6.0,0.0,16.0,SSD,South Sudan,Eastern Africa,1,1,1
2022,179,1475000,6064.0,34.0,3533.0,825.0,90.0,1415.0,5863.0,31.0,0.6025925294217978,151256.0,994.0,5.0,0.0,15.0,SSD,South Sudan,Eastern Africa,1,1,1
2023,179,1121000,24838.0,37.0,4224.0,99.0,114.0,1125.0,5562.0,34.0,0.7594390507011867,527206.0,1490.0,5.0,0.0,16.0,SSD,South Sudan,Eastern Africa,1,1,1
2024,179,945000,18409.0,40.0,8684.0,337.0,131.0,1894.0,11046.0,41.0,0.7861669382581931,404744.0,2281.0,88.0,0.0,14.0,SSD,South Sudan,Eastern Africa,1,1,1
2025,179,945000,97267.0,45.0,2556.0,459.0,274.0,3581.0,6870.0,41.0,0.3720524017467249,199273.0,1913.0,78.0,0.0,22.0,SSD,South Sudan,Eastern Africa,1,1,1
2009,185,433000,7043.0,63.0,824.0,189.0,4101.0,2464.0,7578.0,59.0,0.1087358141989971,0.0,71.0,150.0,0.0,7.0,SYR,Syrian Arab Rep.,Western Asia,1,1,1
2010,185,433000,8350.0,62.0,1389.0,311.0,4140.0,1419.0,7259.0,57.0,0.1913486706157873,0.0,73.0,33.0,0.0,5.0,SYR,Syrian Arab Rep.,Western Asia,1,1,1
2011,185,600000,14216.0,73.0,2112.0,693.0,2680.0,1244.0,6729.0,67.0,0.3138653588943379,0.0,109.0,9.0,0.0,5.0,SYR,Syrian Arab Rep.,Western Asia,1,1,1
2012,185,3000000,35240.0,101.0,7354.0,12005.0,1805.0,4741.0,26198.0,83.0,0.2807084510267959,68573.0,195.0,46.0,0.0,8.0,SYR,Syrian Arab Rep.,Western Asia,1,1,1
2013,185,6500000,70561.0,116.0,14705.0,26228.0,3885.0,9204.0,54022.0,108.0,0.27220391692273516,140761.0,607.0,71.0,0.0,10.0,SYR,Syrian Arab Rep.,Western Asia,1,1,1
2014,185,7600000,174936.0,142.0,61354.0,34741.0,4326.0,28153.0,128574.0,118.0,0.4771882340130975,0.0,6367.0,72.0,0.0,19.0,SYR,Syrian Arab Rep.,Western Asia,1,1,1
2015,185,6600000,416866.0,142.0,163097.0,27447.0,5386.0,67697.0,263627.0,132.0,0.6186657664048067,188.0,17717.0,228.0,0.0,22.0,SYR,Syrian Arab Rep.,Western Asia,1,1,1
2016,185,6326000,357613.0,132.0,232368.0,181979.0,5244.0,41257.0,460848.0,127.0,0.5042183105926465,0.0,65843.0,305.0,600000.0,27.0,SYR,Syrian Arab Rep.,Western Asia,1,1,1
2017,185,6784000,125709.0,127.0,87869.0,76391.0,14926.0,28546.0,207732.0,117.0,0.4229921244680646,77212.0,40192.0,50358.0,597152.0,34.0,SYR,Syrian Arab Rep.,Western Asia,1,1,1
2018,185,6119000,126367.0,128.0,48341.0,30660.0,18680.0,29185.0,126866.0,115.0,0.38103983730865637,210946.0,34126.0,30276.0,0.0,30.0,SYR,Syrian Arab Rep.,Western Asia,1,1,1
2019,185,6495000,91293.0,123.0,44712.0,25183.0,11982.0,40374.0,122251.0,107.0,0.36573933955550464,94981.0,30686.0,7571.0,477360.0,31.0,SYR,Syrian Arab Rep.,Western Asia,1,1,1
2020,185,6568000,81139.0,109.0,61941.0,8682.0,15516.0,24263.0,110429.0,104.0,0.5609124414782349,38563.0,11166.0,13870.0,69454.0,28.0,SYR,Syrian Arab Rep.,Western Asia,1,1,1
2021,185,6662000,143706.0,118.0,39299.0,29730.0,7487.0,43854.0,120370.0,105.0,0.32648500456924484,36486.0,16499.0,30907.0,74251.0,30.0,SYR,Syrian Arab Rep.,Western Asia,1,1,1
2022,185,6865000,165164.0,111.0,46181.0,63399.0,6100.0,32025.0,147705.0,99.0,0.3126569852070004,51299.0,25794.0,14206.0,255093.0,26.0,SYR,Syrian Arab Rep.,Western Asia,1,1,1
2023,185,7248000,217676.0,120.0,52628.0,84164.0,6263.0,52805.0,195860.0,103.0,0.2687021341774737,37552.0,33388.0,8890.0,155325.0,32.0,SYR,Syrian Arab Rep.,Western Asia,1,1,1
2024,185,7409000,181407.0,120.0,56689.0,86102.0,8251.0,52833.0,203875.0,102.0,0.2780576333537707,512718.0,25532.0,17595.0,513896.0,26.0,SYR,Syrian Arab Rep.,Western Asia,1,1,1
2025,185,5964000,72014.0,115.0,9345.0,7443.0,18478.0,41234.0,76500.0,97.0,0.12215686274509804,1341148.0,8714.0,14676.0,1964201.0,34.0,SYR,Syrian Arab Rep.,Western Asia,1,1,1
2011,188,35000,215.0,13.0,10.0,0.0,222.0,52.0,284.0,12.0,0.035211267605633804,0.0,360.0,0.0,0.0,2.0,THA,Thailand,South-eastern Asia,1,1,1
2012,188,35000,152.0,14.0,25.0,11.0,149.0,48.0,233.0,16.0,0.1072961373390558,0.0,147.0,0.0,0.0,3.0,THA,Thailand,South-eastern Asia,1,1,1
2013,188,35000,143.0,14.0,5.0,0.0,125.0,54.0,184.0,15.0,0.02717391304347826,0.0,397.0,0.0,0.0,2.0,THA,Thailand,South-eastern Asia,1,1,1
2014,188,35000,413.0,17.0,20.0,0.0,89.0,90.0,199.0,14.0,0.10050251256281408,0.0,442.0,5.0,0.0,3.0,THA,Thailand,South-eastern Asia,1,1,1
2015,188,35000,821.0,21.0,15.0,5.0,268.0,44.0,332.0,18.0,0.045180722891566265,0.0,373.0,5.0,0.0,3.0,THA,Thailand,South-eastern Asia,1,1,1
2016,188,35000,554.0,17.0,0.0,0.0,194.0,74.0,268.0,15.0,0.0,0.0,435.0,106.0,0.0,3.0,THA,Thailand,South-eastern Asia,1,1,1
2017,188,41000,1031.0,18.0,20.0,0.0,435.0,140.0,595.0,18.0,0.03361344537815126,0.0,414.0,71.0,0.0,3.0,THA,Thailand,South-eastern Asia,1,1,1
2018,188,41000,2403.0,18.0,36.0,0.0,566.0,260.0,862.0,15.0,0.04176334106728538,0.0,335.0,110.0,0.0,3.0,THA,Thailand,South-eastern Asia,1,1,1
2019,188,41000,2436.0,20.0,25.0,0.0,1309.0,445.0,1779.0,21.0,0.014052838673412029,0.0,311.0,311.0,0.0,2.0,THA,Thailand,South-eastern Asia,1,1,1
2021,188,520,1174.0,17.0,10.0,5.0,1328.0,429.0,1772.0,17.0,0.0056433408577878106,0.0,5.0,5.0,0.0,2.0,THA,Thailand,South-eastern Asia,1,1,1
2025,188,273000,4434.0,23.0,76.0,10.0,3383.0,2447.0,5916.0,23.0,0.012846517917511832,0.0,540.0,56.0,0.0,3.0,THA,Thailand,South-eastern Asia,1,1,1
2009,190,4000,104.0,12.0,34.0,15.0,44.0,45.0,138.0,12.0,0.2463768115942029,0.0,8.0,17.0,0.0,1.0,TKM,Turkmenistan,Central Asia,1,1,1
2010,190,4000,97.0,12.0,35.0,10.0,61.0,26.0,132.0,15.0,0.26515151515151514,0.0,5.0,0.0,0.0,1.0,TKM,Turkmenistan,Central Asia,1,1,1
2011,190,4000,79.0,9.0,26.0,0.0,15.0,35.0,76.0,9.0,0.34210526315789475,,,,,,TKM,Turkmenistan,Central Asia,1,1,0
2012,190,4000,161.0,12.0,31.0,0.0,50.0,48.0,129.0,13.0,0.24031007751937986,0.0,6.0,0.0,0.0,1.0,TKM,Turkmenistan,Central Asia,1,1,1
2013,190,4000,342.0,14.0,15.0,0.0,60.0,87.0,162.0,15.0,0.09259259259259259,0.0,8.0,0.0,0.0,1.0,TKM,Turkmenistan,Central Asia,1,1,1
2014,190,4000,605.0,14.0,35.0,5.0,55.0,95.0,190.0,17.0,0.18421052631578946,,,,,,TKM,Turkmenistan,Central Asia,1,1,0
2009,191,400,,,,,,,,,,0.0,5.0,0.0,0.0,1.0,TLS,Timor-Leste,South-eastern Asia,0,0,1
2010,191,400,5.0,1.0,0.0,0.0,5.0,0.0,5.0,1.0,0.0,0.0,12.0,0.0,0.0,1.0,TLS,Timor-Leste,South-eastern Asia,1,1,1
2011,191,900,,,0.0,0.0,10.0,0.0,10.0,2.0,0.0,,,,,,TLS,Timor-Leste,South-eastern Asia,0,1,0
2012,191,900,7.0,1.0,0.0,0.0,10.0,12.0,22.0,2.0,0.0,,,,,,TLS,Timor-Leste,South-eastern Asia,1,1,0
2013,191,900,5.0,1.0,,,,,,,,,,,,,TLS,Timor-Leste,South-eastern Asia,1,0,0
2014,191,900,,,,,,,,,,,,,,,TLS,Timor-Leste,South-eastern Asia,0,0,0
2009,192,10000,1119.0,38.0,287.0,95.0,826.0,374.0,1582.0,42.0,0.18141592920353983,284.0,208.0,120.0,0.0,7.0,TGO,Togo,Western Africa,1,1,1
2010,192,10000,1228.0,46.0,244.0,20.0,705.0,333.0,1302.0,36.0,0.18740399385560677,35.0,90.0,15.0,0.0,9.0,TGO,Togo,Western Africa,1,1,1
2011,192,10000,3041.0,38.0,176.0,49.0,785.0,194.0,1204.0,46.0,0.1461794019933555,73.0,50.0,37.0,0.0,7.0,TGO,Togo,Western Africa,1,1,1
2012,192,10000,1118.0,40.0,182.0,50.0,660.0,235.0,1182.0,32.0,0.15397631133671744,91.0,37.0,40.0,0.0,7.0,TGO,Togo,Western Africa,1,1,1
2013,192,10000,1447.0,47.0,191.0,91.0,913.0,2206.0,3401.0,40.0,0.056159952955013234,113.0,15.0,3312.0,0.0,6.0,TGO,Togo,Western Africa,1,1,1
2014,192,10000,1421.0,43.0,218.0,98.0,796.0,405.0,1517.0,45.0,0.14370468029004616,27.0,42.0,122.0,0.0,5.0,TGO,Togo,Western Africa,1,1,1
2015,192,3000,1981.0,43.0,157.0,145.0,956.0,293.0,1551.0,39.0,0.10122501611863315,6.0,5.0,103.0,0.0,6.0,TGO,Togo,Western Africa,1,1,1
2016,192,1500,2094.0,45.0,178.0,133.0,843.0,490.0,1644.0,44.0,0.10827250608272507,5.0,22.0,46.0,0.0,5.0,TGO,Togo,Western Africa,1,1,1
2022,192,2300,1537.0,43.0,245.0,45.0,854.0,499.0,1643.0,42.0,0.14911746804625683,0.0,0.0,30.0,0.0,3.0,TGO,Togo,Western Africa,1,1,1
2023,192,18000,6955.0,42.0,230.0,30.0,725.0,792.0,1777.0,39.0,0.12943162633652222,0.0,0.0,13.0,0.0,2.0,TGO,Togo,Western Africa,1,1,1
2024,192,18000,2945.0,39.0,4919.0,25.0,703.0,428.0,6075.0,36.0,0.8097119341563787,0.0,0.0,36.0,0.0,3.0,TGO,Togo,Western Africa,1,1,1
2009,196,1000000,10117.0,43.0,1467.0,520.0,6187.0,1960.0,10134.0,47.0,0.1447602131438721,26.0,17.0,63.0,0.0,6.0,TUR,Türkiye,Western Asia,1,1,1
2010,196,1000000,9894.0,57.0,1955.0,297.0,7788.0,2927.0,12967.0,54.0,0.1507673324593198,255.0,5.0,24.0,0.0,4.0,TUR,Türkiye,Western Asia,1,1,1
2011,196,1000000,8640.0,52.0,1182.0,243.0,7271.0,1194.0,9885.0,48.0,0.11957511380880122,0.0,43.0,37.0,0.0,3.0,TUR,Türkiye,Western Asia,1,1,1
2012,196,1000000,10406.0,51.0,1221.0,207.0,6120.0,1018.0,8888.0,49.0,0.1373762376237624,0.0,25.0,51.0,0.0,4.0,TUR,Türkiye,Western Asia,1,1,1
2013,196,954000,10164.0,61.0,1168.0,529.0,6550.0,1281.0,9528.0,53.0,0.12258606213266163,0.0,16.0,38.0,0.0,2.0,TUR,Türkiye,Western Asia,1,1,1
2014,196,954000,10009.0,62.0,1327.0,523.0,5821.0,1540.0,9211.0,54.0,0.14406687656063402,0.0,23.0,287.0,0.0,3.0,TUR,Türkiye,Western Asia,1,1,1
2015,196,954000,9226.0,62.0,1107.0,382.0,4770.0,1633.0,7892.0,55.0,0.1402686264571718,0.0,27.0,376.0,0.0,5.0,TUR,Türkiye,Western Asia,1,1,1
2016,196,154000,19982.0,85.0,1161.0,365.0,4945.0,2672.0,9143.0,68.0,0.12698239090014218,0.0,34.0,253.0,0.0,5.0,TUR,Türkiye,Western Asia,1,1,1
2017,196,159000,27281.0,118.0,6747.0,686.0,11798.0,5233.0,24464.0,85.0,0.2757930019620667,0.0,72.0,167.0,0.0,8.0,TUR,Türkiye,Western Asia,1,1,1
2018,196,144000,39068.0,110.0,9127.0,511.0,10334.0,6151.0,26123.0,94.0,0.34938559889752324,0.0,61.0,240.0,0.0,5.0,TUR,Türkiye,Western Asia,1,1,1
2019,196,2000,35642.0,102.0,14633.0,598.0,11918.0,8909.0,35005.0,103.0,0.4180259962862448,0.0,86.0,352.0,0.0,6.0,TUR,Türkiye,Western Asia,1,1,1
2009,199,435000,2387.0,35.0,243.0,34.0,1482.0,170.0,1929.0,36.0,0.12597200622083982,88.0,38.0,41.0,407700.0,7.0,UGA,Uganda,Eastern Africa,1,1,1
2010,199,166000,1981.0,42.0,348.0,71.0,1852.0,180.0,2451.0,36.0,0.1419828641370869,58.0,111.0,10.0,302991.0,8.0,UGA,Uganda,Eastern Africa,1,1,1
2011,199,30000,3245.0,43.0,498.0,54.0,1737.0,195.0,2480.0,44.0,0.20080645161290323,20.0,45.0,17.0,95822.0,8.0,UGA,Uganda,Eastern Africa,1,1,1
2012,199,30000,4127.0,42.0,473.0,53.0,2412.0,307.0,3245.0,44.0,0.14576271186440679,18.0,57.0,13.0,0.0,7.0,UGA,Uganda,Eastern Africa,1,1,1
2013,199,30000,3607.0,46.0,546.0,138.0,2036.0,235.0,2955.0,45.0,0.1847715736040609,0.0,40.0,8.0,0.0,5.0,UGA,Uganda,Eastern Africa,1,1,1
2014,199,30000,4042.0,56.0,794.0,41.0,2166.0,1252.0,4253.0,51.0,0.18669174700211616,0.0,114.0,134.0,0.0,7.0,UGA,Uganda,Eastern Africa,1,1,1
2015,199,30000,4708.0,56.0,706.0,15.0,1920.0,757.0,3398.0,49.0,0.2077692760447322,1191.0,97.0,80.0,0.0,5.0,UGA,Uganda,Eastern Africa,1,1,1
2016,199,53000,3494.0,45.0,614.0,38.0,1449.0,2477.0,4578.0,49.0,0.13411970292704237,0.0,114.0,149.0,0.0,5.0,UGA,Uganda,Eastern Africa,1,1,1
2017,199,24000,3379.0,51.0,539.0,36.0,1688.0,1392.0,3655.0,51.0,0.14746922024623804,0.0,88.0,140.0,0.0,5.0,UGA,Uganda,Eastern Africa,1,1,1
2018,199,32000,3986.0,57.0,575.0,304.0,1028.0,1035.0,2942.0,43.0,0.1954452753229096,0.0,201.0,174.0,0.0,6.0,UGA,Uganda,Eastern Africa,1,1,1
2019,199,32000,4444.0,52.0,771.0,10.0,1342.0,1063.0,3186.0,47.0,0.24199623352165725,0.0,264.0,218.0,0.0,7.0,UGA,Uganda,Eastern Africa,1,1,1
2020,199,1000,2100.0,45.0,882.0,12.0,777.0,343.0,2059.0,46.0,0.4283632831471588,0.0,68.0,155.0,0.0,6.0,UGA,Uganda,Eastern Africa,1,1,1
2021,199,1600,2086.0,52.0,898.0,15.0,917.0,677.0,2507.0,43.0,0.3581970482648584,5.0,97.0,259.0,0.0,6.0,UGA,Uganda,Eastern Africa,1,1,1
2022,199,4500,3532.0,68.0,782.0,12.0,685.0,1613.0,3092.0,58.0,0.25291073738680464,0.0,46.0,351.0,0.0,4.0,UGA,Uganda,Eastern Africa,1,1,1
2023,199,4800,7724.0,61.0,1308.0,15.0,873.0,1119.0,3315.0,60.0,0.3945701357466063,0.0,111.0,242.0,0.0,5.0,UGA,Uganda,Eastern Africa,1,1,1
2024,199,1700,6199.0,64.0,2153.0,20.0,1249.0,1214.0,4636.0,59.0,0.46440897325280417,5.0,192.0,724.0,0.0,8.0,UGA,Uganda,Eastern Africa,1,1,1
2025,199,2000,4094.0,57.0,3746.0,31.0,1783.0,607.0,6167.0,53.0,0.607426625587806,0.0,156.0,508.0,0.0,8.0,UGA,Uganda,Eastern Africa,1,1,1
2014,200,647000,289913.0,83.0,747.0,248940.0,7076.0,18782.0,275545.0,65.0,0.0027109909452176597,0.0,667.0,176.0,0.0,4.0,UKR,Ukraine,Eastern Europe,1,1,1
2015,200,1679000,178741.0,97.0,1054.0,152131.0,9263.0,4272.0,166720.0,81.0,0.0063219769673704415,0.0,1765.0,135.0,0.0,7.0,UKR,Ukraine,Eastern Europe,1,1,1
2016,200,1653000,48845.0,84.0,959.0,24173.0,10549.0,6374.0,42055.0,81.0,0.022803471644275354,6.0,3647.0,86.0,0.0,5.0,UKR,Ukraine,Eastern Europe,1,1,1
2017,200,800000,34410.0,81.0,884.0,12456.0,14682.0,9083.0,37105.0,77.0,0.023824282441719444,5.0,3089.0,47.0,0.0,4.0,UKR,Ukraine,Eastern Europe,1,1,1
2018,200,800000,22576.0,79.0,1067.0,7564.0,12531.0,6711.0,27873.0,68.0,0.03828077350841316,5.0,3101.0,87.0,0.0,4.0,UKR,Ukraine,Eastern Europe,1,1,1
2019,200,730000,19433.0,69.0,6158.0,1240.0,11950.0,5477.0,24825.0,66.0,0.2480563947633434,0.0,4013.0,147.0,0.0,5.0,UKR,Ukraine,Eastern Europe,1,1,1
2020,200,734000,13104.0,59.0,5537.0,1159.0,10131.0,4326.0,21204.0,62.0,0.2611299754763252,0.0,1683.0,102.0,0.0,4.0,UKR,Ukraine,Eastern Europe,1,1,1
2021,200,854000,12939.0,66.0,4389.0,1151.0,9739.0,2364.0,17643.0,55.0,0.24876721645978575,0.0,710.0,149.0,0.0,8.0,UKR,Ukraine,Eastern Europe,1,1,1
2022,200,5914000,154197.0,93.0,102029.0,9982.0,1488.0,18326.0,131825.0,77.0,0.7739730703584298,660000.0,1800.0,283.0,2616000.0,33.0,UKR,Ukraine,Eastern Europe,1,1,1
2023,200,3689000,35279.0,85.0,7616.0,12949.0,1259.0,15189.0,37013.0,77.0,0.205765541836652,399050.0,1439.0,187.0,1318680.0,31.0,UKR,Ukraine,Eastern Europe,1,1,1
2024,200,3665000,45866.0,92.0,6085.0,14640.0,2502.0,14757.0,37984.0,76.0,0.16019903117101938,209064.0,1264.0,268.0,782000.0,27.0,UKR,Ukraine,Eastern Europe,1,1,1
2025,200,3712000,40497.0,88.0,4131.0,19076.0,9553.0,8150.0,40910.0,78.0,0.10097775604986556,139251.0,74.0,339.0,579000.0,25.0,UKR,Ukraine,Eastern Europe,1,1,1
2009,203,3400,2102.0,41.0,531.0,99.0,1287.0,589.0,2506.0,42.0,0.21189146049481244,12.0,246.0,337.0,0.0,7.0,UZB,Uzbekistan,Central Asia,1,1,1
2010,203,3400,2504.0,42.0,371.0,132.0,1317.0,601.0,2421.0,42.0,0.15324246179264767,0.0,335.0,11.0,0.0,7.0,UZB,Uzbekistan,Central Asia,1,1,1
2011,203,3400,2073.0,46.0,470.0,91.0,991.0,965.0,2517.0,44.0,0.18673023440603895,0.0,154.0,5.0,0.0,5.0,UZB,Uzbekistan,Central Asia,1,1,1
2012,203,3400,1695.0,47.0,351.0,26.0,1137.0,576.0,2101.0,40.0,0.16706330318895765,0.0,176.0,128.0,0.0,7.0,UZB,Uzbekistan,Central Asia,1,1,1
2013,203,3400,1942.0,43.0,238.0,104.0,1019.0,453.0,1814.0,45.0,0.13120176405733186,0.0,51.0,12.0,0.0,5.0,UZB,Uzbekistan,Central Asia,1,1,1
2014,203,3400,1797.0,44.0,242.0,69.0,915.0,541.0,1767.0,40.0,0.13695529145444255,0.0,65.0,52.0,0.0,3.0,UZB,Uzbekistan,Central Asia,1,1,1
2009,211,175000,754.0,22.0,152.0,72.0,331.0,97.0,652.0,19.0,0.2331288343558282,0.0,63.0,41.0,0.0,2.0,YEM,Yemen,Western Asia,1,1,1
2010,211,226000,860.0,24.0,189.0,45.0,483.0,180.0,897.0,22.0,0.21070234113712374,0.0,10.0,0.0,94712.0,3.0,YEM,Yemen,Western Asia,1,1,1
2011,211,464000,1353.0,38.0,258.0,106.0,304.0,230.0,898.0,26.0,0.2873051224944321,0.0,9.0,0.0,6024.0,2.0,YEM,Yemen,Western Asia,1,1,1
2012,211,385000,1399.0,39.0,244.0,61.0,586.0,153.0,1078.0,34.0,0.22634508348794063,0.0,7.0,0.0,106868.0,2.0,YEM,Yemen,Western Asia,1,1,1
2013,211,307000,1655.0,46.0,294.0,56.0,613.0,400.0,1363.0,42.0,0.2157006603081438,5.0,16.0,0.0,93055.0,4.0,YEM,Yemen,Western Asia,1,1,1
2014,211,334000,2002.0,52.0,242.0,85.0,508.0,470.0,1305.0,43.0,0.1854406130268199,0.0,24.0,22.0,85805.0,3.0,YEM,Yemen,Western Asia,1,1,1
2015,211,2509000,15242.0,73.0,6863.0,285.0,330.0,442.0,7920.0,55.0,0.866540404040404,0.0,16.0,18.0,0.0,2.0,YEM,Yemen,Western Asia,1,1,1
2016,211,1974000,9308.0,70.0,998.0,739.0,192.0,1483.0,3412.0,58.0,0.2924970691676436,0.0,33.0,50.0,974058.0,3.0,YEM,Yemen,Western Asia,1,1,1
2017,211,2014000,13201.0,82.0,2055.0,1237.0,227.0,1584.0,5103.0,69.0,0.4027042915931805,0.0,35.0,23.0,125034.0,6.0,YEM,Yemen,Western Asia,1,1,1
2018,211,2324000,16862.0,85.0,1779.0,1685.0,485.0,4529.0,8478.0,77.0,0.20983722576079264,0.0,69.0,61.0,133600.0,7.0,YEM,Yemen,Western Asia,1,1,1
2019,211,3635000,9603.0,89.0,2128.0,1740.0,639.0,5869.0,10376.0,89.0,0.20508866615265997,5.0,168.0,81.0,69174.0,10.0,YEM,Yemen,Western Asia,1,1,1
2020,211,3635000,5154.0,78.0,2284.0,984.0,724.0,1815.0,5802.0,78.0,0.3936573595311961,0.0,76.0,55.0,10788.0,5.0,YEM,Yemen,Western Asia,1,1,1
2021,211,4289000,4365.0,71.0,1736.0,972.0,499.0,538.0,3745.0,71.0,0.4635514018691589,219.0,226.0,139.0,0.0,15.0,YEM,Yemen,Western Asia,1,1,1
2022,211,4523000,8045.0,70.0,3680.0,1799.0,681.0,1180.0,7340.0,77.0,0.5013623978201635,7.0,326.0,326.0,0.0,11.0,YEM,Yemen,Western Asia,1,1,1
2023,211,4516000,8536.0,76.0,5173.0,1654.0,809.0,1630.0,9266.0,84.0,0.5582775739261817,11.0,543.0,521.0,0.0,12.0,YEM,Yemen,Western Asia,1,1,1
2024,211,4796000,8481.0,64.0,3947.0,1491.0,909.0,1502.0,7849.0,74.0,0.5028666072111097,23.0,734.0,1534.0,0.0,12.0,YEM,Yemen,Western Asia,1,1,1
2025,211,4796000,6909.0,68.0,2711.0,3218.0,1932.0,2084.0,9945.0,66.0,0.27259929612870787,57.0,385.0,640.0,0.0,10.0,YEM,Yemen,Western Asia,1,1,1
2024,213,190,403.0,19.0,40.0,0.0,32.0,31.0,103.0,12.0,0.3883495145631068,0.0,8.0,12.0,0.0,2.0,ZMB,Zambia,Eastern Africa,1,1,1
2024,214,400,3170.0,41.0,886.0,24.0,1513.0,1182.0,3605.0,39.0,0.24576976421636615,0.0,56.0,342.0,0.0,5.0,ZWE,Zimbabwe,Eastern Africa,1,1,1
1990,262,21300000,,,,,,,,,,4040.0,15608.0,37.0,0.0,30.0,UNK,Unknown,,0,0,1
1991,262,22500000,,,,,,,,,,3010.0,10559.0,52.0,0.0,28.0,UNK,Unknown,,0,0,1
1992,262,25000000,,,,,,,,,,3900.0,3969.0,48.0,0.0,28.0,UNK,Unknown,,0,0,1
1993,262,27500000,,,,,,,,,,676.0,1555.0,38.0,0.0,18.0,UNK,Unknown,,0,0,1
1994,262,28000000,,,,,,,,,,1190.0,1122.0,81.0,0.0,18.0,UNK,Unknown,,0,0,1
1995,262,22000000,,,,,,,,,,150.0,1247.0,68.0,0.0,16.0,UNK,Unknown,,0,0,1
1996,262,19700000,,,,,,,,,,15780.0,3207.0,289.0,0.0,37.0,UNK,Unknown,,0,0,1
1997,262,17400000,,,,,,,,,,0.0,78.0,760.0,0.0,6.0,UNK,Unknown,,0,0,1
1998,262,19300000,,,,,,,,,,106.0,380.0,66.0,0.0,10.0,UNK,Unknown,,0,0,1
1999,262,21300000,,,,,,,,,,207.0,413.0,118.0,0.0,12.0,UNK,Unknown,,0,0,1
2000,262,21200000,87026.0,41.0,8142.0,4244.0,54051.0,19474.0,85887.0,52.0,0.09479898005518879,5.0,889.0,45.0,0.0,8.0,UNK,Unknown,,1,1,1
2001,262,25000000,105161.0,53.0,15116.0,4527.0,72370.0,35817.0,128313.0,52.0,0.11780567830227646,24.0,384.0,57.0,0.0,7.0,UNK,Unknown,,1,1,1
2002,262,25000000,90604.0,49.0,5003.0,1938.0,24929.0,12943.0,44998.0,47.0,0.11118271923196586,53.0,2050.0,75.0,0.0,7.0,UNK,Unknown,,1,1,1
2003,262,24600000,87467.0,36.0,3175.0,3766.0,24073.0,42691.0,73705.0,41.0,0.043077131809239534,71.0,1875.0,138.0,0.0,8.0,UNK,Unknown,,1,1,1
2004,262,25300000,65132.0,44.0,5766.0,949.0,21229.0,11095.0,39098.0,47.0,0.1474755741981687,99.0,544.0,83.0,0.0,8.0,UNK,Unknown,,1,1,1
2005,262,23300000,50264.0,39.0,2747.0,1588.0,14863.0,14077.0,33275.0,43.0,0.08255447032306537,15.0,293.0,882.0,0.0,9.0,UNK,Unknown,,1,1,1
2006,262,24400000,36613.0,40.0,7473.0,977.0,37670.0,13436.0,59532.0,42.0,0.12552912719209836,63.0,34.0,324.0,0.0,8.0,UNK,Unknown,,1,1,1
2007,262,26000000,49306.0,38.0,1743.0,1225.0,12393.0,6235.0,21612.0,40.0,0.08064963908939478,36.0,146.0,9384.0,0.0,8.0,UNK,Unknown,,1,1,1
2008,262,26000000,59088.0,39.0,13973.0,1628.0,81405.0,8284.0,111353.0,41.0,0.1254838217201153,51.0,829.0,446.0,0.0,10.0,UNK,Unknown,,1,1,1
2017,262,2,13052.0,52.0,14452.0,9715.0,26947.0,33086.0,84200.0,47.0,0.17163895486935868,0.0,128.0,1092.0,0.0,6.0,UNK,Unknown,,1,1,1
2021,262,8,30186.0,51.0,11676.0,993.0,17761.0,6824.0,37254.0,45.0,0.3134160090191657,0.0,400.0,337.0,0.0,6.0,UNK,Unknown,,1,1,1
2022,262,8,19505.0,57.0,9288.0,1214.0,5346.0,34597.0,50445.0,52.0,0.18412132024977698,0.0,282.0,234.0,0.0,7.0,UNK,Unknown,,1,1,1
2014,263,20000,,,,,,,,,,,,,,,,,,0,0,0
2015,263,82000,,,,,,,,,,,,,,,,,,0,0,0
2016,263,20000,,,,,,,,,,,,,,,,,,0,0,0
2017,263,31000,,,,,,,,,,,,,,,,,,0,0,0
2018,263,31000,,,,,,,,,,,,,,,,,,0,0,0
2019,263,31000,,,,,,,,,,,,,,,,,,0,0,0
2020,263,19000,,,,,,,,,,,,,,,,,,0,0,0
2021,263,15000,,,,,,,,,,,,,,,,,,0,0,0
2022,263,56000,,,,,,,,,,,,,,,,,,0,0,0
2023,263,42000,,,,,,,,,,,,,,,,,,0,0,0
2024,263,42000,,,,,,,,,,,,,,,,,,0,0,0
2025,263,58000,,,,,,,,,,,,,,,,,,0,0,0
