year,coa_id,coa,coa_iso,coa_name,asylum_iso,asylum_iso2,asylum_country,asylum_country_fr,asylum_region,asylum_region_fr,asylum_major_area,asylum_major_area_fr,asylum_applications,origin_countries,demand_rows
2000,2,AFG,AFG,Afghanistan,AFG,AF,Afghanistan,Afghanistan,Southern Asia,Sud de l'Asie centrale,Asia,Asie,14,2,2
2000,3,ALB,ALB,Albania,ALB,AL,Albania,Albanie,Southern Europe,Europe australe,Europe,Europe,84,5,5
2000,4,ALG,DZA,Algeria,DZA,DZ,Algeria,Alg,Northern Africa,Afrique septentrionale,Africa,Afrique,93,6,6
2000,6,ANG,AGO,Angola,AGO,AO,Angola,Angola,Middle Africa,Afrique australe,Africa,Afrique,90,7,7
2000,8,ARE,EGY,Egypt,EGY,EG,Egypt,Egypte,Northern Africa,Afrique septentrionale,Africa,Afrique,15160,18,18
2000,9,ARG,ARG,Argentina,ARG,AR,Argentina,Argentine,South America,Am,Latin America and the Caribbean,Am,534,22,22
2000,11,AUL,AUS,Australia,AUS,AU,Australia,Australie,Australia-New Zealand,Australie-Nouvelle-Z,Oceania,Oc,19541,108,186
2000,12,AUS,AUT,Austria,AUT,AT,Austria,Autriche,Western Europe,Europe occidentale,Europe,Europe,18274,79,79
2000,13,AZE,AZE,Azerbaijan,AZE,AZ,Azerbaijan,Azerba,Western Asia,Asie occidentale,Asia,Asie,3533,11,11
2000,16,BDI,BDI,Burundi,BDI,BI,Burundi,Burundi,Eastern Africa,Afrique orientale,Africa,Afrique,5502,4,4
2000,17,BEL,BEL,Belgium,BEL,BE,Belgium,Belgique,Western Europe,Europe occidentale,Europe,Europe,42670,88,88
2000,18,BEN,BEN,Benin,BEN,BJ,Benin,B,Western Africa,Afrique occidentale,Africa,Afrique,2618,18,18
2000,20,BGD,BGD,Bangladesh,BGD,BD,Bangladesh,Bangladesh,Southern Asia,Sud de l'Asie centrale,Asia,Asie,26,1,1
2000,21,BHS,BHS,Bahamas,BHS,BS,Bahamas,Bahamas,Caribbean,Cara,Latin America and the Caribbean,Am,336,2,2
2000,23,BKF,BFA,Burkina Faso,BFA,BF,Burkina Faso,Burkina Faso,Western Africa,Afrique occidentale,Africa,Afrique,42,7,7
2000,24,BLR,BLR,Belarus,BLR,BY,Belarus,B,Eastern Europe,Europe orientale,Europe,Europe,455,15,15
2000,26,BOT,BWA,Botswana,BWA,BW,Botswana,Botswana,Southern Africa,Afrique australe,Africa,Afrique,2657,12,12
2000,27,BRA,BRA,Brazil,BRA,BR,Brazil,Br,South America,Am,Latin America and the Caribbean,Am,902,25,25
2000,29,BSN,BIH,Bosnia and Herzegovina,BIH,BA,Bosnia and Herzegovina,Bosnie-Herz,Southern Europe,Europe australe,Europe,Europe,258,6,6
2000,30,BUL,BGR,Bulgaria,BGR,BG,Bulgaria,Bulgarie,Eastern Europe,Europe orientale,Europe,Europe,1741,21,21
2000,31,BZE,BLZ,Belize,BLZ,BZ,Belize,Belize,Central America,Am,Latin America and the Caribbean,Am,44,4,4
2000,32,CAM,KHM,Cambodia,KHM,KH,Cambodia,Cambodge,South-eastern Asia,Asie du Sud-Est,Asia,Asie,207,7,7
2000,33,CAN,CAN,Canada,CAN,CA,Canada,Canada,Northern America,Am,Northern America,Am,34260,146,146
2000,34,CAR,CAF,Central African Rep.,CAF,CF,Central African Rep.,R,Middle Africa,Afrique australe,Africa,Afrique,9686,5,5
2000,36,CHD,TCD,Chad,TCD,TD,Chad,Tchad,Middle Africa,Afrique australe,Africa,Afrique,282,4,4
2000,37,CHI,CHN,China,CHN,CN,China,Chine,Eastern Asia,Asie orientale,Asia,Asie,49,6,6
2000,38,CHL,CHL,Chile,CHL,CL,Chile,Chili,South America,Am,Latin America and the Caribbean,Am,64,7,7
2000,39,CMR,CMR,Cameroon,CMR,CM,Cameroon,Cameroun,Middle Africa,Afrique australe,Africa,Afrique,1353,7,7
2000,40,COB,COG,Congo,COG,CG,Congo,Congo,Middle Africa,Afrique australe,Africa,Afrique,954,6,6
2000,41,COD,COD,Dem. Rep. of the Congo,COD,CD,Dem. Rep. of the Congo,R,Middle Africa,Afrique australe,Africa,Afrique,290,8,8
2000,44,COL,COL,Colombia,COL,CO,Colombia,Colombie,South America,Am,Latin America and the Caribbean,Am,10,2,2
2000,45,COS,CRI,Costa Rica,CRI,CR,Costa Rica,Costa Rica,Central America,Am,Latin America and the Caribbean,Am,1686,4,4
2000,46,CUB,CUB,Cuba,CUB,CU,Cuba,Cuba,Caribbean,Cara,Latin America and the Caribbean,Am,112,8,8
2000,48,CYP,CYP,Cyprus,CYP,CY,Cyprus,Chypre,Western Asia,Asie occidentale,Asia,Asie,637,17,17
2000,49,CZE,CZE,Czechia,CZE,CZ,Czechia,R,Eastern Europe,Europe orientale,Europe,Europe,10171,51,87
2000,50,DEN,DNK,Denmark,DNK,DK,Denmark,Danemark,Northern Europe,Europe septentrionale,Europe,Europe,10325,71,71
2000,53,DOM,DOM,Dominican Rep.,DOM,DO,Dominican Rep.,R,Caribbean,Cara,Latin America and the Caribbean,Am,49,2,2
2000,54,ECU,ECU,Ecuador,ECU,EC,Ecuador,Equateur,South America,Am,Latin America and the Caribbean,Am,1662,6,6
2000,56,ERT,ERI,Eritrea,ERI,ER,Eritrea,Erythr,Eastern Africa,Afrique orientale,Africa,Afrique,382,2,2
2000,58,ETH,ETH,Ethiopia,ETH,ET,Ethiopia,Ethiopie,Eastern Africa,Afrique orientale,Africa,Afrique,73,4,4
2000,61,FIN,FIN,Finland,FIN,FI,Finland,Finlande,Northern Europe,Europe septentrionale,Europe,Europe,3147,47,47
2000,64,FRA,FRA,France,FRA,FR,France,France,Western Europe,Europe occidentale,Europe,Europe,59897,100,130
2000,67,GAB,GAB,Gabon,GAB,GA,Gabon,Gabon,Middle Africa,Afrique australe,Africa,Afrique,935,13,13
2000,68,GAM,GMB,Gambia,GMB,GM,Gambia,Gambie,Western Africa,Afrique occidentale,Africa,Afrique,681,1,1
2000,70,GBR,GBR,United Kingdom of Great Britain and Northern Ireland,GBR,GB,United Kingdom of Great Britain and Northern Ireland,Royaume-Uni,Northern Europe,Europe septentrionale,Europe,Europe,128425,35,37
2000,72,GFR,DEU,Germany,DEU,DE,Germany,Allemagne,Western Europe,Europe occidentale,Europe,Europe,117600,95,167
2000,73,GHA,GHA,Ghana,GHA,GH,Ghana,Ghana,Western Africa,Afrique occidentale,Africa,Afrique,733,9,9
2000,75,GNB,GNB,Guinea-Bissau,GNB,GW,Guinea-Bissau,Guin,Western Africa,Afrique occidentale,Africa,Afrique,185,3,3
2000,76,GRE,GRC,Greece,GRC,GR,Greece,Gr,Southern Europe,Europe australe,Europe,Europe,3080,34,34
2000,78,GUA,GTM,Guatemala,GTM,GT,Guatemala,Guatemala,Central America,Am,Latin America and the Caribbean,Am,54,5,5
2000,79,GUI,GIN,Guinea,GIN,GN,Guinea,Guin,Western Africa,Afrique occidentale,Africa,Afrique,1570,6,6
2000,82,HKG,HKG,"China, Hong Kong SAR",HKG,HK,"China, Hong Kong SAR","Hong Kong, RAS de la R",Eastern Asia,Asie orientale,Asia,Asie,66,5,5
2000,83,HON,HND,Honduras,HND,HN,Honduras,Honduras,Central America,Am,Latin America and the Caribbean,Am,33,4,4
2000,84,HRV,HRV,Croatia,HRV,HR,Croatia,Croatie,Southern Europe,Europe australe,Europe,Europe,21,4,4
2000,85,HUN,HUN,Hungary,HUN,HU,Hungary,Hongrie,Eastern Europe,Europe orientale,Europe,Europe,7790,50,50
2000,86,ICE,ISL,Iceland,ISL,IS,Iceland,Islande,Northern Europe,Europe septentrionale,Europe,Europe,28,4,5
2000,87,ICO,CIV,Cote d'Ivoire,CIV,CI,Cote d'Ivoire,C,Western Africa,Afrique occidentale,Africa,Afrique,1448,10,10
2000,88,IND,IND,India,IND,IN,India,Inde,Southern Asia,Sud de l'Asie centrale,Asia,Asie,811,10,10
2000,89,INS,IDN,Indonesia,IDN,ID,Indonesia,Indon,South-eastern Asia,Asie du Sud-Est,Asia,Asie,1027,9,9
2000,90,IRE,IRL,Ireland,IRL,IE,Ireland,Irlande,Northern Europe,Europe septentrionale,Europe,Europe,14630,74,74
2000,91,IRN,IRN,Iran (Islamic Rep. of),IRN,IR,Iran (Islamic Rep. of),R,Southern Asia,Sud de l'Asie centrale,Asia,Asie,245854,1,1
2000,92,IRQ,IRQ,Iraq,IRQ,IQ,Iraq,Iraq,Western Asia,Asie occidentale,Asia,Asie,1288,4,4
2000,93,ISR,ISR,Israel,ISR,IL,Israel,Isra,Western Asia,Asie occidentale,Asia,Asie,6129,7,7
2000,94,ITA,ITA,Italy,ITA,IT,Italy,Italie,Southern Europe,Europe australe,Europe,Europe,15561,59,59
2000,95,JAM,JAM,Jamaica,JAM,JM,Jamaica,Jama,Caribbean,Cara,Latin America and the Caribbean,Am,15,1,1
2000,96,JOR,JOR,Jordan,JOR,JO,Jordan,Jordanie,Western Asia,Asie occidentale,Asia,Asie,7256,18,18
2000,97,JPN,JPN,Japan,JPN,JP,Japan,Japon,Eastern Asia,Asie orientale,Asia,Asie,224,13,13
2000,98,KAZ,KAZ,Kazakhstan,KAZ,KZ,Kazakhstan,Kazakhstan,Central Asia,Sud de l'Asie centrale,Asia,Asie,72,3,3
2000,99,KEN,KEN,Kenya,KEN,KE,Kenya,Kenya,Eastern Africa,Afrique orientale,Africa,Afrique,8561,12,12
2000,100,KGZ,KGZ,Kyrgyzstan,KGZ,KG,Kyrgyzstan,Kirghizistan,Central Asia,Sud de l'Asie centrale,Asia,Asie,2193,4,4
2000,102,KOR,KOR,Rep. of Korea,KOR,KR,Rep. of Korea,R,Eastern Asia,Asie orientale,Asia,Asie,37,2,2
2000,104,KUW,KWT,Kuwait,KWT,KW,Kuwait,Kowe,Western Asia,Asie occidentale,Asia,Asie,698,5,5
2000,107,LBY,LBY,Libya,LBY,LY,Libya,Libye,Northern Africa,Afrique septentrionale,Africa,Afrique,147,4,4
2000,109,LEB,LBN,Lebanon,LBN,LB,Lebanon,Liban,Western Asia,Asie occidentale,Asia,Asie,4112,9,9
2000,111,LIE,LIE,Liechtenstein,LIE,LI,Liechtenstein,Liechtenstein,Western Europe,Europe occidentale,Europe,Europe,11,1,1
2000,112,LKA,LKA,Sri Lanka,LKA,LK,Sri Lanka,Sri Lanka,Southern Asia,Sud de l'Asie centrale,Asia,Asie,32,2,2
2000,113,LTU,LTU,Lithuania,LTU,LT,Lithuania,Lituanie,Northern Europe,Europe septentrionale,Europe,Europe,190,7,7
2000,114,LUX,LUX,Luxembourg,LUX,LU,Luxembourg,Luxembourg,Western Europe,Europe occidentale,Europe,Europe,620,24,24
2000,119,MAU,MRT,Mauritania,MRT,MR,Mauritania,Mauritanie,Western Africa,Afrique occidentale,Africa,Afrique,134,5,5
2000,122,MDA,MDA,Rep. of Moldova,MDA,MD,Rep. of Moldova,R,Eastern Europe,Europe orientale,Europe,Europe,316,10,10
2000,124,MEX,MEX,Mexico,MEX,MX,Mexico,Mexique,Central America,Am,Latin America and the Caribbean,Am,261,22,22
2000,126,MLI,MLI,Mali,MLI,ML,Mali,Mali,Western Africa,Afrique occidentale,Africa,Afrique,286,9,9
2000,127,MLS,MYS,Malaysia,MYS,MY,Malaysia,Malaisie,South-eastern Asia,Asie du Sud-Est,Asia,Asie,440,12,12
2000,128,MLW,MWI,Malawi,MWI,MW,Malawi,Malawi,Eastern Africa,Afrique orientale,Africa,Afrique,900,3,3
2000,131,MOZ,MOZ,Mozambique,MOZ,MZ,Mozambique,Mozambique,Eastern Africa,Afrique orientale,Africa,Afrique,1096,11,11
2000,132,MTA,MLT,Malta,MLT,MT,Malta,Malte,Southern Europe,Europe australe,Europe,Europe,69,11,11
2000,136,NAM,NAM,Namibia,NAM,,Namibia,Namibie,Southern Africa,Afrique australe,Africa,Afrique,718,9,9
2000,137,NEP,NPL,Nepal,NPL,NP,Nepal,N,Southern Asia,Sud de l'Asie centrale,Asia,Asie,73,5,5
2000,138,NET,NLD,Netherlands (Kingdom of the),NLD,NL,Netherlands (Kingdom of the),Pays-Bas,Western Europe,Europe occidentale,Europe,Europe,43871,101,101
2000,139,NGR,NER,Niger,NER,NE,Niger,Niger,Western Africa,Afrique occidentale,Africa,Afrique,150,7,7
2000,140,NIC,NIC,Nicaragua,NIC,NI,Nicaragua,Nicaragua,Central America,Am,Latin America and the Caribbean,Am,25,5,5
2000,141,NIG,NGA,Nigeria,NGA,NG,Nigeria,Nig,Western Africa,Afrique occidentale,Africa,Afrique,509,7,7
2000,143,NOR,NOR,Norway,NOR,NO,Norway,Norv,Northern Europe,Europe septentrionale,Europe,Europe,10835,70,70
2000,145,NZL,NZL,New Zealand,NZL,NZ,New Zealand,Nouvelle-Z,Australia-New Zealand,Australie-Nouvelle-Z,Oceania,Oc,1551,1,1
2000,147,PAK,PAK,Pakistan,PAK,PK,Pakistan,Pakistan,Southern Asia,Sud de l'Asie centrale,Asia,Asie,1075,15,15
2000,148,PAN,PAN,Panama,PAN,PA,Panama,Panama,Central America,Am,Latin America and the Caribbean,Am,201,2,2
2000,149,PAR,PRY,Paraguay,PRY,PY,Paraguay,Paraguay,South America,Am,Latin America and the Caribbean,Am,5,1,1
2000,150,PER,PER,Peru,PER,PE,Peru,P,South America,Am,Latin America and the Caribbean,Am,18,3,3
2000,151,PHI,PHL,Philippines,PHL,PH,Philippines,Philippines,South-eastern Asia,Asie du Sud-Est,Asia,Asie,21,4,4
2000,154,POL,POL,Poland,POL,PL,Poland,Pologne,Eastern Europe,Europe orientale,Europe,Europe,4581,42,42
2000,155,POR,PRT,Portugal,PRT,PT,Portugal,Portugal,Southern Europe,Europe australe,Europe,Europe,198,17,17
2000,157,QAT,QAT,Qatar,QAT,QA,Qatar,Qatar,Western Asia,Asie occidentale,Asia,Asie,37,2,2
2000,158,ROM,ROU,Romania,ROU,RO,Romania,Roumanie,Eastern Europe,Europe orientale,Europe,Europe,1355,26,26
2000,159,RSA,ZAF,South Africa,ZAF,ZA,South Africa,Afrique du Sud,Southern Africa,Afrique australe,Africa,Afrique,3137,33,33
2000,160,RUS,RUS,Russian Federation,RUS,RU,Russian Federation,F,Eastern Europe,Europe orientale,Europe,Europe,1465,16,16
2000,161,RWA,RWA,Rwanda,RWA,RW,Rwanda,Rwanda,Eastern Africa,Afrique orientale,Africa,Afrique,427,3,3
2000,162,SAL,SLV,El Salvador,SLV,SV,El Salvador,El Salvador,Central America,Am,Latin America and the Caribbean,Am,5,1,1
2000,163,SAU,SAU,Saudi Arabia,SAU,SA,Saudi Arabia,Arabie saoudite,Western Asia,Asie occidentale,Asia,Asie,292,6,6
2000,164,SRB,SRB,Serbia and Kosovo: S/RES/1244 (1999),SRB,RS,Serbia and Kosovo: S/RES/1244 (1999),Serbie,Southern Europe,Europe australe,Europe,Europe,37,3,3
2000,165,SEN,SEN,Senegal,SEN,SN,Senegal,S,Western Africa,Afrique occidentale,Africa,Afrique,642,15,15
2000,168,SIN,SGP,Singapore,SGP,SG,Singapore,Singapour,South-eastern Asia,Asie du Sud-Est,Asia,Asie,16,3,3
2000,169,SLE,SLE,Sierra Leone,SLE,SL,Sierra Leone,Sierra Leone,Western Africa,Afrique occidentale,Africa,Afrique,436,1,1
2000,172,SOM,SOM,Somalia,SOM,SO,Somalia,Somalie,Eastern Africa,Afrique orientale,Africa,Afrique,10,2,2
2000,173,SPA,ESP,Spain,ESP,ES,Spain,Espagne,Southern Europe,Europe australe,Europe,Europe,7912,70,70
2000,177,SUD,SDN,Sudan,SDN,SD,Sudan,Soudan,Northern Africa,Afrique septentrionale,Africa,Afrique,3324,2,2
2000,180,SVK,SVK,Slovakia,SVK,SK,Slovakia,Slovaquie,Eastern Europe,Europe orientale,Europe,Europe,1547,18,18
2000,181,SVN,SVN,Slovenia,SVN,SI,Slovenia,Slov,Southern Europe,Europe australe,Europe,Europe,9235,32,32
2000,183,SWE,SWE,Sweden,SWE,SE,Sweden,Su,Northern Europe,Europe septentrionale,Europe,Europe,16272,82,82
2000,184,SWI,CHE,Switzerland,CHE,CH,Switzerland,Suisse,Western Europe,Europe occidentale,Europe,Europe,32425,88,89
2000,185,SYR,SYR,Syrian Arab Rep.,SYR,SY,Syrian Arab Rep.,R,Western Asia,Asie occidentale,Asia,Asie,4339,16,16
2000,186,TAN,TZA,United Rep. of Tanzania,TZA,TZ,United Rep. of Tanzania,R,Eastern Africa,Afrique orientale,Africa,Afrique,9093,5,5
2000,188,THA,THA,Thailand,THA,TH,Thailand,Tha,South-eastern Asia,Asie du Sud-Est,Asia,Asie,1548,10,17
2000,189,TJK,TJK,Tajikistan,TJK,TJ,Tajikistan,Tadjikistan,Central Asia,Sud de l'Asie centrale,Asia,Asie,170,2,2
2000,190,TKM,TKM,Turkmenistan,TKM,TM,Turkmenistan,Turkm,Central Asia,Sud de l'Asie centrale,Asia,Asie,348,6,6
2000,192,TOG,TGO,Togo,TGO,TG,Togo,Togo,Western Africa,Afrique occidentale,Africa,Afrique,20,2,2
2000,195,TUN,TUN,Tunisia,TUN,TN,Tunisia,Tunisie,Northern Africa,Afrique septentrionale,Africa,Afrique,25,2,2
2000,196,TUR,TUR,Türkiye,TUR,TR,Türkiye,Türkiye,Western Asia,Asie occidentale,Asia,Asie,5679,15,15
2000,198,UAE,ARE,United Arab Emirates,ARE,AE,United Arab Emirates,Emirats arabes unis,Western Asia,Asie occidentale,Asia,Asie,222,9,9
2000,199,UGA,UGA,Uganda,UGA,UG,Uganda,Ouganda,Eastern Africa,Afrique orientale,Africa,Afrique,2691,12,12
2000,200,UKR,UKR,Ukraine,UKR,UA,Ukraine,Ukraine,Eastern Europe,Europe orientale,Europe,Europe,1879,28,28
2000,201,URU,URY,Uruguay,URY,UY,Uruguay,Uruguay,South America,Am,Latin America and the Caribbean,Am,5,1,1
2000,202,USA,USA,United States of America,USA,US,United States of America,Etats-Unis d'Am,Northern America,Am,Northern America,Am,91596,151,224
2000,203,UZB,UZB,Uzbekistan,UZB,UZ,Uzbekistan,Ouzb,Central Asia,Sud de l'Asie centrale,Asia,Asie,2172,2,2
2000,207,VEN,VEN,Venezuela (Bolivarian Republic of),VEN,VE,Venezuela (Bolivarian Republic of),Venezuela (R,South America,Am,Latin America and the Caribbean,Am,100,2,2
2000,211,YEM,YEM,Yemen,YEM,YE,Yemen,Y,Western Asia,Asie occidentale,Asia,Asie,1780,10,10
2000,213,ZAM,ZMB,Zambia,ZMB,ZM,Zambia,Zambie,Eastern Africa,Afrique orientale,Africa,Afrique,651,6,6
2000,214,ZIM,ZWE,Zimbabwe,ZWE,ZW,Zimbabwe,Zimbabwe,Eastern Africa,Afrique orientale,Africa,Afrique,2024,9,9
2001,2,AFG,AFG,Afghanistan,AFG,AF,Afghanistan,Afghanistan,Southern Asia,Sud de l'Asie centrale,Asia,Asie,131,3,3
2001,3,ALB,ALB,Albania,ALB,AL,Albania,Albanie,Southern Europe,Europe australe,Europe,Europe,155,5,5
2001,4,ALG,DZA,Algeria,DZA,DZ,Algeria,Alg,Northern Africa,Afrique septentrionale,Africa,Afrique,25,3,3
2001,6,ANG,AGO,Angola,AGO,AO,Angola,Angola,Middle Africa,Afrique australe,Africa,Afrique,161,6,6
2001,8,ARE,EGY,Egypt,EGY,EG,Egypt,Egypte,Northern Africa,Afrique septentrionale,Africa,Afrique,13165,24,24
2001,9,ARG,ARG,Argentina,ARG,AR,Argentina,Argentine,South America,Am,Latin America and the Caribbean,Am,492,20,20
2001,10,ARM,ARM,Armenia,ARM,AM,Armenia,Arm,Western Asia,Asie occidentale,Asia,Asie,10,2,2
2001,11,AUL,AUS,Australia,AUS,AU,Australia,Australie,Australia-New Zealand,Australie-Nouvelle-Z,Oceania,Oc,18067,102,178
2001,12,AUS,AUT,Austria,AUT,AT,Austria,Autriche,Western Europe,Europe occidentale,Europe,Europe,30110,76,76
2001,13,AZE,AZE,Azerbaijan,AZE,AZ,Azerbaijan,Azerba,Western Asia,Asie occidentale,Asia,Asie,3539,10,10
2001,14,BAH,BHR,Bahrain,BHR,BH,Bahrain,Bahre,Western Asia,Asie occidentale,Asia,Asie,10,2,2
2001,16,BDI,BDI,Burundi,BDI,BI,Burundi,Burundi,Eastern Africa,Afrique orientale,Africa,Afrique,2061,2,2
2001,17,BEL,BEL,Belgium,BEL,BE,Belgium,Belgique,Western Europe,Europe occidentale,Europe,Europe,25998,89,133
2001,18,BEN,BEN,Benin,BEN,BJ,Benin,B,Western Africa,Afrique occidentale,Africa,Afrique,1049,19,19
2001,20,BGD,BGD,Bangladesh,BGD,BD,Bangladesh,Bangladesh,Southern Asia,Sud de l'Asie centrale,Asia,Asie,25,1,1
2001,23,BKF,BFA,Burkina Faso,BFA,BF,Burkina Faso,Burkina Faso,Western Africa,Afrique occidentale,Africa,Afrique,78,5,5
2001,24,BLR,BLR,Belarus,BLR,BY,Belarus,B,Eastern Europe,Europe orientale,Europe,Europe,222,14,14
2001,25,BOL,BOL,Bolivia (Plurinational State of),BOL,BO,Bolivia (Plurinational State of),Bolivie,South America,Am,Latin America and the Caribbean,Am,14,1,1
2001,26,BOT,BWA,Botswana,BWA,BW,Botswana,Botswana,Southern Africa,Afrique australe,Africa,Afrique,734,13,13
2001,27,BRA,BRA,Brazil,BRA,BR,Brazil,Br,South America,Am,Latin America and the Caribbean,Am,505,19,19
2001,29,BSN,BIH,Bosnia and Herzegovina,BIH,BA,Bosnia and Herzegovina,Bosnie-Herz,Southern Europe,Europe australe,Europe,Europe,728,16,16
2001,30,BUL,BGR,Bulgaria,BGR,BG,Bulgaria,Bulgarie,Eastern Europe,Europe orientale,Europe,Europe,2414,23,23
2001,31,BZE,BLZ,Belize,BLZ,BZ,Belize,Belize,Central America,Am,Latin America and the Caribbean,Am,34,2,2
2001,32,CAM,KHM,Cambodia,KHM,KH,Cambodia,Cambodge,South-eastern Asia,Asie du Sud-Est,Asia,Asie,1073,7,7
2001,33,CAN,CAN,Canada,CAN,CA,Canada,Canada,Northern America,Am,Northern America,Am,44028,149,149
2001,34,CAR,CAF,Central African Rep.,CAF,CF,Central African Rep.,R,Middle Africa,Afrique australe,Africa,Afrique,1932,7,7
2001,36,CHD,TCD,Chad,TCD,TD,Chad,Tchad,Middle Africa,Afrique australe,Africa,Afrique,453,8,8
2001,38,CHL,CHL,Chile,CHL,CL,Chile,Chili,South America,Am,Latin America and the Caribbean,Am,81,8,8
2001,39,CMR,CMR,Cameroon,CMR,CM,Cameroon,Cameroun,Middle Africa,Afrique australe,Africa,Afrique,1711,8,8
2001,40,COB,COG,Congo,COG,CG,Congo,Congo,Middle Africa,Afrique australe,Africa,Afrique,3362,12,12
2001,41,COD,COD,Dem. Rep. of the Congo,COD,CD,Dem. Rep. of the Congo,R,Middle Africa,Afrique australe,Africa,Afrique,641,9,9
2001,44,COL,COL,Colombia,COL,CO,Colombia,Colombie,South America,Am,Latin America and the Caribbean,Am,10,2,2
2001,45,COS,CRI,Costa Rica,CRI,CR,Costa Rica,Costa Rica,Central America,Am,Latin America and the Caribbean,Am,5214,6,6
2001,46,CUB,CUB,Cuba,CUB,CU,Cuba,Cuba,Caribbean,Cara,Latin America and the Caribbean,Am,90,10,10
2001,48,CYP,CYP,Cyprus,CYP,CY,Cyprus,Chypre,Western Asia,Asie occidentale,Asia,Asie,1756,29,29
2001,49,CZE,CZE,Czechia,CZE,CZ,Czechia,R,Eastern Europe,Europe orientale,Europe,Europe,21079,38,60
2001,50,DEN,DNK,Denmark,DNK,DK,Denmark,Danemark,Northern Europe,Europe septentrionale,Europe,Europe,8331,66,66
2001,51,DJB,DJI,Djibouti,DJI,DJ,Djibouti,Djibouti,Eastern Africa,Afrique orientale,Africa,Afrique,120,2,2
2001,54,ECU,ECU,Ecuador,ECU,EC,Ecuador,Equateur,South America,Am,Latin America and the Caribbean,Am,3442,12,12
2001,57,EST,EST,Estonia,EST,EE,Estonia,Estonie,Northern Europe,Europe septentrionale,Europe,Europe,10,2,2
2001,58,ETH,ETH,Ethiopia,ETH,ET,Ethiopia,Ethiopie,Eastern Africa,Afrique orientale,Africa,Afrique,5,1,1
2001,61,FIN,FIN,Finland,FIN,FI,Finland,Finlande,Northern Europe,Europe septentrionale,Europe,Europe,1641,51,51
2001,64,FRA,FRA,France,FRA,FR,France,France,Western Europe,Europe occidentale,Europe,Europe,74800,92,129
2001,67,GAB,GAB,Gabon,GAB,GA,Gabon,Gabon,Middle Africa,Afrique australe,Africa,Afrique,604,9,9
2001,70,GBR,GBR,United Kingdom of Great Britain and Northern Ireland,GBR,GB,United Kingdom of Great Britain and Northern Ireland,Royaume-Uni,Northern Europe,Europe septentrionale,Europe,Europe,147425,40,42
2001,72,GFR,DEU,Germany,DEU,DE,Germany,Allemagne,Western Europe,Europe occidentale,Europe,Europe,118297,102,183
2001,73,GHA,GHA,Ghana,GHA,GH,Ghana,Ghana,Western Africa,Afrique occidentale,Africa,Afrique,2059,9,9
2001,75,GNB,GNB,Guinea-Bissau,GNB,GW,Guinea-Bissau,Guin,Western Africa,Afrique occidentale,Africa,Afrique,8132,5,5
2001,76,GRE,GRC,Greece,GRC,GR,Greece,Gr,Southern Europe,Europe australe,Europe,Europe,5480,33,33
2001,78,GUA,GTM,Guatemala,GTM,GT,Guatemala,Guatemala,Central America,Am,Latin America and the Caribbean,Am,60,5,5
2001,79,GUI,GIN,Guinea,GIN,GN,Guinea,Guin,Western Africa,Afrique occidentale,Africa,Afrique,1126,5,5
2001,82,HKG,HKG,"China, Hong Kong SAR",HKG,HK,"China, Hong Kong SAR","Hong Kong, RAS de la R",Eastern Asia,Asie orientale,Asia,Asie,627,13,13
2001,83,HON,HND,Honduras,HND,HN,Honduras,Honduras,Central America,Am,Latin America and the Caribbean,Am,32,5,5
2001,84,HRV,HRV,Croatia,HRV,HR,Croatia,Croatie,Southern Europe,Europe australe,Europe,Europe,211,15,22
2001,85,HUN,HUN,Hungary,HUN,HU,Hungary,Hongrie,Eastern Europe,Europe orientale,Europe,Europe,9533,46,46
2001,86,ICE,ISL,Iceland,ISL,IS,Iceland,Islande,Northern Europe,Europe septentrionale,Europe,Europe,39,7,7
2001,87,ICO,CIV,Cote d'Ivoire,CIV,CI,Cote d'Ivoire,C,Western Africa,Afrique occidentale,Africa,Afrique,8366,12,12
2001,88,IND,IND,India,IND,IN,India,Inde,Southern Asia,Sud de l'Asie centrale,Asia,Asie,912,13,13
2001,89,INS,IDN,Indonesia,IDN,ID,Indonesia,Indon,South-eastern Asia,Asie du Sud-Est,Asia,Asie,1291,9,9
2001,90,IRE,IRL,Ireland,IRL,IE,Ireland,Irlande,Northern Europe,Europe septentrionale,Europe,Europe,14495,74,74
2001,92,IRQ,IRQ,Iraq,IRQ,IQ,Iraq,Iraq,Western Asia,Asie occidentale,Asia,Asie,581,6,6
2001,93,ISR,ISR,Israel,ISR,IL,Israel,Isra,Western Asia,Asie occidentale,Asia,Asie,437,15,15
2001,94,ITA,ITA,Italy,ITA,IT,Italy,Italie,Southern Europe,Europe australe,Europe,Europe,9604,62,62
2001,96,JOR,JOR,Jordan,JOR,JO,Jordan,Jordanie,Western Asia,Asie occidentale,Asia,Asie,4604,21,21
2001,97,JPN,JPN,Japan,JPN,JP,Japan,Japon,Eastern Asia,Asie orientale,Asia,Asie,539,12,20
2001,98,KAZ,KAZ,Kazakhstan,KAZ,KZ,Kazakhstan,Kazakhstan,Central Asia,Sud de l'Asie centrale,Asia,Asie,86,2,3
2001,99,KEN,KEN,Kenya,KEN,KE,Kenya,Kenya,Eastern Africa,Afrique orientale,Africa,Afrique,12012,13,13
2001,100,KGZ,KGZ,Kyrgyzstan,KGZ,KG,Kyrgyzstan,Kirghizistan,Central Asia,Sud de l'Asie centrale,Asia,Asie,699,3,3
2001,102,KOR,KOR,Rep. of Korea,KOR,KR,Rep. of Korea,R,Eastern Asia,Asie orientale,Asia,Asie,37,7,7
2001,104,KUW,KWT,Kuwait,KWT,KW,Kuwait,Kowe,Western Asia,Asie occidentale,Asia,Asie,281,10,10
2001,107,LBY,LBY,Libya,LBY,LY,Libya,Libye,Northern Africa,Afrique septentrionale,Africa,Afrique,24,3,3
2001,109,LEB,LBN,Lebanon,LBN,LB,Lebanon,Liban,Western Asia,Asie occidentale,Asia,Asie,2315,19,19
2001,111,LIE,LIE,Liechtenstein,LIE,LI,Liechtenstein,Liechtenstein,Western Europe,Europe occidentale,Europe,Europe,190,4,5
2001,112,LKA,LKA,Sri Lanka,LKA,LK,Sri Lanka,Sri Lanka,Southern Asia,Sud de l'Asie centrale,Asia,Asie,27,3,3
2001,113,LTU,LTU,Lithuania,LTU,LT,Lithuania,Lituanie,Northern Europe,Europe septentrionale,Europe,Europe,252,5,5
2001,114,LUX,LUX,Luxembourg,LUX,LU,Luxembourg,Luxembourg,Western Europe,Europe occidentale,Europe,Europe,686,16,16
2001,115,LVA,LVA,Latvia,LVA,LV,Latvia,Lettonie,Northern Europe,Europe septentrionale,Europe,Europe,9,1,1
2001,119,MAU,MRT,Mauritania,MRT,MR,Mauritania,Mauritanie,Western Africa,Afrique occidentale,Africa,Afrique,45,5,5
2001,120,MCD,MKD,North Macedonia,MKD,MK,North Macedonia,Ex-R,Southern Europe,Europe australe,Europe,Europe,195,3,3
2001,122,MDA,MDA,Rep. of Moldova,MDA,MD,Rep. of Moldova,R,Eastern Europe,Europe orientale,Europe,Europe,244,12,12
2001,124,MEX,MEX,Mexico,MEX,MX,Mexico,Mexique,Central America,Am,Latin America and the Caribbean,Am,404,28,28
2001,126,MLI,MLI,Mali,MLI,ML,Mali,Mali,Western Africa,Afrique occidentale,Africa,Afrique,126,7,7
2001,127,MLS,MYS,Malaysia,MYS,MY,Malaysia,Malaisie,South-eastern Asia,Asie du Sud-Est,Asia,Asie,953,12,12
2001,130,MOR,MAR,Morocco,MAR,MA,Morocco,Maroc,Northern Africa,Afrique septentrionale,Africa,Afrique,252,5,5
2001,131,MOZ,MOZ,Mozambique,MOZ,MZ,Mozambique,Mozambique,Eastern Africa,Afrique orientale,Africa,Afrique,3047,11,11
2001,132,MTA,MLT,Malta,MLT,MT,Malta,Malte,Southern Europe,Europe australe,Europe,Europe,114,11,11
2001,136,NAM,NAM,Namibia,NAM,,Namibia,Namibie,Southern Africa,Afrique australe,Africa,Afrique,721,7,7
2001,137,NEP,NPL,Nepal,NPL,NP,Nepal,N,Southern Asia,Sud de l'Asie centrale,Asia,Asie,39,3,3
2001,138,NET,NLD,Netherlands (Kingdom of the),NLD,NL,Netherlands (Kingdom of the),Pays-Bas,Western Europe,Europe occidentale,Europe,Europe,32546,97,97
2001,139,NGR,NER,Niger,NER,NE,Niger,Niger,Western Africa,Afrique occidentale,Africa,Afrique,85,5,5
2001,140,NIC,NIC,Nicaragua,NIC,NI,Nicaragua,Nicaragua,Central America,Am,Latin America and the Caribbean,Am,10,2,2
2001,141,NIG,NGA,Nigeria,NGA,NG,Nigeria,Nig,Western Africa,Afrique occidentale,Africa,Afrique,575,10,10
2001,143,NOR,NOR,Norway,NOR,NO,Norway,Norv,Northern Europe,Europe septentrionale,Europe,Europe,14757,74,74
2001,145,NZL,NZL,New Zealand,NZL,NZ,New Zealand,Nouvelle-Z,Australia-New Zealand,Australie-Nouvelle-Z,Oceania,Oc,1593,47,47
2001,146,OMN,OMN,Oman,OMN,OM,Oman,Oman,Western Asia,Asie occidentale,Asia,Asie,21,2,2
2001,147,PAK,PAK,Pakistan,PAK,PK,Pakistan,Pakistan,Southern Asia,Sud de l'Asie centrale,Asia,Asie,1029,13,13
2001,148,PAN,PAN,Panama,PAN,PA,Panama,Panama,Central America,Am,Latin America and the Caribbean,Am,79,2,2
2001,149,PAR,PRY,Paraguay,PRY,PY,Paraguay,Paraguay,South America,Am,Latin America and the Caribbean,Am,15,1,1
2001,150,PER,PER,Peru,PER,PE,Peru,P,South America,Am,Latin America and the Caribbean,Am,61,4,4
2001,151,PHI,PHL,Philippines,PHL,PH,Philippines,Philippines,South-eastern Asia,Asie du Sud-Est,Asia,Asie,20,4,4
2001,154,POL,POL,Poland,POL,PL,Poland,Pologne,Eastern Europe,Europe orientale,Europe,Europe,6793,43,75
2001,155,POR,PRT,Portugal,PRT,PT,Portugal,Portugal,Southern Europe,Europe australe,Europe,Europe,226,22,22
2001,157,QAT,QAT,Qatar,QAT,QA,Qatar,Qatar,Western Asia,Asie occidentale,Asia,Asie,74,5,5
2001,158,ROM,ROU,Romania,ROU,RO,Romania,Roumanie,Eastern Europe,Europe orientale,Europe,Europe,2422,30,30
2001,159,RSA,ZAF,South Africa,ZAF,ZA,South Africa,Afrique du Sud,Southern Africa,Afrique australe,Africa,Afrique,4287,33,33
2001,160,RUS,RUS,Russian Federation,RUS,RU,Russian Federation,F,Eastern Europe,Europe orientale,Europe,Europe,1683,20,20
2001,161,RWA,RWA,Rwanda,RWA,RW,Rwanda,Rwanda,Eastern Africa,Afrique orientale,Africa,Afrique,4827,4,4
2001,162,SAL,SLV,El Salvador,SLV,SV,El Salvador,El Salvador,Central America,Am,Latin America and the Caribbean,Am,25,2,2
2001,163,SAU,SAU,Saudi Arabia,SAU,SA,Saudi Arabia,Arabie saoudite,Western Asia,Asie occidentale,Asia,Asie,307,7,7
2001,164,SRB,SRB,Serbia and Kosovo: S/RES/1244 (1999),SRB,RS,Serbia and Kosovo: S/RES/1244 (1999),Serbie,Southern Europe,Europe australe,Europe,Europe,140,9,9
2001,165,SEN,SEN,Senegal,SEN,SN,Senegal,S,Western Africa,Afrique occidentale,Africa,Afrique,950,20,20
2001,168,SIN,SGP,Singapore,SGP,SG,Singapore,Singapour,South-eastern Asia,Asie du Sud-Est,Asia,Asie,34,3,3
2001,172,SOM,SOM,Somalia,SOM,SO,Somalia,Somalie,Eastern Africa,Afrique orientale,Africa,Afrique,185,2,2
2001,173,SPA,ESP,Spain,ESP,ES,Spain,Espagne,Southern Europe,Europe australe,Europe,Europe,9477,70,70
2001,177,SUD,SDN,Sudan,SDN,SD,Sudan,Soudan,Northern Africa,Afrique septentrionale,Africa,Afrique,11,2,2
2001,180,SVK,SVK,Slovakia,SVK,SK,Slovakia,Slovaquie,Eastern Europe,Europe orientale,Europe,Europe,8149,40,40
2001,181,SVN,SVN,Slovenia,SVN,SI,Slovenia,Slov,Southern Europe,Europe australe,Europe,Europe,1507,26,26
2001,182,SWA,SWZ,Eswatini,SWZ,SZ,Eswatini,Eswatini,Southern Africa,Afrique australe,Africa,Afrique,138,6,6
2001,183,SWE,SWE,Sweden,SWE,SE,Sweden,Su,Northern Europe,Europe septentrionale,Europe,Europe,23498,92,92
2001,184,SWI,CHE,Switzerland,CHE,CH,Switzerland,Suisse,Western Europe,Europe occidentale,Europe,Europe,31935,97,98
2001,185,SYR,SYR,Syrian Arab Rep.,SYR,SY,Syrian Arab Rep.,R,Western Asia,Asie occidentale,Asia,Asie,1763,15,15
2001,186,TAN,TZA,United Rep. of Tanzania,TZA,TZ,United Rep. of Tanzania,R,Eastern Africa,Afrique orientale,Africa,Afrique,43,5,5
2001,188,THA,THA,Thailand,THA,TH,Thailand,Tha,South-eastern Asia,Asie du Sud-Est,Asia,Asie,1453,10,10
2001,189,TJK,TJK,Tajikistan,TJK,TJ,Tajikistan,Tadjikistan,Central Asia,Sud de l'Asie centrale,Asia,Asie,725,2,2
2001,190,TKM,TKM,Turkmenistan,TKM,TM,Turkmenistan,Turkm,Central Asia,Sud de l'Asie centrale,Asia,Asie,657,5,5
2001,191,TMP,TLS,Timor-Leste,TLS,TL,Timor-Leste,Timor-Leste,South-eastern Asia,Asie du Sud-Est,Asia,Asie,6,1,1
2001,192,TOG,TGO,Togo,TGO,TG,Togo,Togo,Western Africa,Afrique occidentale,Africa,Afrique,53,3,3
2001,195,TUN,TUN,Tunisia,TUN,TN,Tunisia,Tunisie,Northern Africa,Afrique septentrionale,Africa,Afrique,22,2,2
2001,196,TUR,TUR,Türkiye,TUR,TR,Türkiye,Türkiye,Western Asia,Asie occidentale,Asia,Asie,5034,22,22
2001,198,UAE,ARE,United Arab Emirates,ARE,AE,United Arab Emirates,Emirats arabes unis,Western Asia,Asie occidentale,Asia,Asie,69,6,6
2001,199,UGA,UGA,Uganda,UGA,UG,Uganda,Ouganda,Eastern Africa,Afrique orientale,Africa,Afrique,1723,11,11
2001,200,UKR,UKR,Ukraine,UKR,UA,Ukraine,Ukraine,Eastern Europe,Europe orientale,Europe,Europe,905,24,24
2001,201,URU,URY,Uruguay,URY,UY,Uruguay,Uruguay,South America,Am,Latin America and the Caribbean,Am,10,2,2
2001,202,USA,USA,United States of America,USA,US,United States of America,Etats-Unis d'Am,Northern America,Am,Northern America,Am,119955,152,276
2001,203,UZB,UZB,Uzbekistan,UZB,UZ,Uzbekistan,Ouzb,Central Asia,Sud de l'Asie centrale,Asia,Asie,2129,8,8
2001,207,VEN,VEN,Venezuela (Bolivarian Republic of),VEN,VE,Venezuela (Bolivarian Republic of),Venezuela (R,South America,Am,Latin America and the Caribbean,Am,205,1,1
2001,211,YEM,YEM,Yemen,YEM,YE,Yemen,Y,Western Asia,Asie occidentale,Asia,Asie,2319,10,10
2001,213,ZAM,ZMB,Zambia,ZMB,ZM,Zambia,Zambie,Eastern Africa,Afrique orientale,Africa,Afrique,842,6,6
2001,214,ZIM,ZWE,Zimbabwe,ZWE,ZW,Zimbabwe,Zimbabwe,Eastern Africa,Afrique orientale,Africa,Afrique,5292,22,22
2002,2,AFG,AFG,Afghanistan,AFG,AF,Afghanistan,Afghanistan,Southern Asia,Sud de l'Asie centrale,Asia,Asie,54,4,4
2002,3,ALB,ALB,Albania,ALB,AL,Albania,Albanie,Southern Europe,Europe australe,Europe,Europe,99,3,3
2002,4,ALG,DZA,Algeria,DZA,DZ,Algeria,Alg,Northern Africa,Afrique septentrionale,Africa,Afrique,5,1,1
2002,6,ANG,AGO,Angola,AGO,AO,Angola,Angola,Middle Africa,Afrique australe,Africa,Afrique,82,5,5
2002,8,ARE,EGY,Egypt,EGY,EG,Egypt,Egypte,Northern Africa,Afrique septentrionale,Africa,Afrique,8982,22,22
2002,9,ARG,ARG,Argentina,ARG,AR,Argentina,Argentine,South America,Am,Latin America and the Caribbean,Am,281,13,13
2002,10,ARM,ARM,Armenia,ARM,AM,Armenia,Arm,Western Asia,Asie occidentale,Asia,Asie,10,2,2
2002,11,AUL,AUS,Australia,AUS,AU,Australia,Australie,Australia-New Zealand,Australie-Nouvelle-Z,Oceania,Oc,11349,98,167
2002,12,AUS,AUT,Austria,AUT,AT,Austria,Autriche,Western Europe,Europe occidentale,Europe,Europe,39343,81,81
2002,13,AZE,AZE,Azerbaijan,AZE,AZ,Azerbaijan,Azerba,Western Asia,Asie occidentale,Asia,Asie,1829,7,7
2002,16,BDI,BDI,Burundi,BDI,BI,Burundi,Burundi,Eastern Africa,Afrique orientale,Africa,Afrique,794,2,2
2002,17,BEL,BEL,Belgium,BEL,BE,Belgium,Belgique,Western Europe,Europe occidentale,Europe,Europe,22297,79,132
2002,18,BEN,BEN,Benin,BEN,BJ,Benin,B,Western Africa,Afrique occidentale,Africa,Afrique,721,14,14
2002,20,BGD,BGD,Bangladesh,BGD,BD,Bangladesh,Bangladesh,Southern Asia,Sud de l'Asie centrale,Asia,Asie,38,2,2
2002,21,BHS,BHS,Bahamas,BHS,BS,Bahamas,Bahamas,Caribbean,Cara,Latin America and the Caribbean,Am,131,1,1
2002,23,BKF,BFA,Burkina Faso,BFA,BF,Burkina Faso,Burkina Faso,Western Africa,Afrique occidentale,Africa,Afrique,123,12,12
2002,24,BLR,BLR,Belarus,BLR,BY,Belarus,B,Eastern Europe,Europe orientale,Europe,Europe,151,8,8
2002,25,BOL,BOL,Bolivia (Plurinational State of),BOL,BO,Bolivia (Plurinational State of),Bolivie,South America,Am,Latin America and the Caribbean,Am,22,3,3
2002,26,BOT,BWA,Botswana,BWA,BW,Botswana,Botswana,Southern Africa,Afrique australe,Africa,Afrique,488,11,11
2002,27,BRA,BRA,Brazil,BRA,BR,Brazil,Br,South America,Am,Latin America and the Caribbean,Am,867,23,23
2002,29,BSN,BIH,Bosnia and Herzegovina,BIH,BA,Bosnia and Herzegovina,Bosnie-Herz,Southern Europe,Europe australe,Europe,Europe,566,8,8
2002,30,BUL,BGR,Bulgaria,BGR,BG,Bulgaria,Bulgarie,Eastern Europe,Europe orientale,Europe,Europe,2880,25,25
2002,31,BZE,BLZ,Belize,BLZ,BZ,Belize,Belize,Central America,Am,Latin America and the Caribbean,Am,13,1,1
2002,32,CAM,KHM,Cambodia,KHM,KH,Cambodia,Cambodge,South-eastern Asia,Asie du Sud-Est,Asia,Asie,180,5,5
2002,33,CAN,CAN,Canada,CAN,CA,Canada,Canada,Northern America,Am,Northern America,Am,39488,154,154
2002,34,CAR,CAF,Central African Rep.,CAF,CF,Central African Rep.,R,Middle Africa,Afrique australe,Africa,Afrique,1729,5,5
2002,36,CHD,TCD,Chad,TCD,TD,Chad,Tchad,Middle Africa,Afrique australe,Africa,Afrique,88,5,5
2002,37,CHI,CHN,China,CHN,CN,China,Chine,Eastern Asia,Asie orientale,Asia,Asie,31,5,5
2002,38,CHL,CHL,Chile,CHL,CL,Chile,Chili,South America,Am,Latin America and the Caribbean,Am,42,4,4
2002,39,CMR,CMR,Cameroon,CMR,CM,Cameroon,Cameroun,Middle Africa,Afrique australe,Africa,Afrique,2897,8,8
2002,40,COB,COG,Congo,COG,CG,Congo,Congo,Middle Africa,Afrique australe,Africa,Afrique,561,12,12
2002,41,COD,COD,Dem. Rep. of the Congo,COD,CD,Dem. Rep. of the Congo,R,Middle Africa,Afrique australe,Africa,Afrique,702,9,9
2002,44,COL,COL,Colombia,COL,CO,Colombia,Colombie,South America,Am,Latin America and the Caribbean,Am,5,1,1
2002,45,COS,CRI,Costa Rica,CRI,CR,Costa Rica,Costa Rica,Central America,Am,Latin America and the Caribbean,Am,3785,4,4
2002,46,CUB,CUB,Cuba,CUB,CU,Cuba,Cuba,Caribbean,Cara,Latin America and the Caribbean,Am,26,3,3
2002,48,CYP,CYP,Cyprus,CYP,CY,Cyprus,Chypre,Western Asia,Asie occidentale,Asia,Asie,1321,24,35
2002,49,CZE,CZE,Czechia,CZE,CZ,Czechia,R,Eastern Europe,Europe orientale,Europe,Europe,10768,37,67
2002,50,DEN,DNK,Denmark,DNK,DK,Denmark,Danemark,Northern Europe,Europe septentrionale,Europe,Europe,6057,76,76
2002,54,ECU,ECU,Ecuador,ECU,EC,Ecuador,Equateur,South America,Am,Latin America and the Caribbean,Am,6745,3,3
2002,56,ERT,ERI,Eritrea,ERI,ER,Eritrea,Erythr,Eastern Africa,Afrique orientale,Africa,Afrique,12,2,2
2002,57,EST,EST,Estonia,EST,EE,Estonia,Estonie,Northern Europe,Europe septentrionale,Europe,Europe,5,1,1
2002,58,ETH,ETH,Ethiopia,ETH,ET,Ethiopia,Ethiopie,Eastern Africa,Afrique orientale,Africa,Afrique,7210,4,4
2002,61,FIN,FIN,Finland,FIN,FI,Finland,Finlande,Northern Europe,Europe septentrionale,Europe,Europe,3416,50,50
2002,64,FRA,FRA,France,FRA,FR,France,France,Western Europe,Europe occidentale,Europe,Europe,84374,94,170
2002,67,GAB,GAB,Gabon,GAB,GA,Gabon,Gabon,Middle Africa,Afrique australe,Africa,Afrique,3540,13,13
2002,70,GBR,GBR,United Kingdom of Great Britain and Northern Ireland,GBR,GB,United Kingdom of Great Britain and Northern Ireland,Royaume-Uni,Northern Europe,Europe septentrionale,Europe,Europe,138905,43,45
2002,72,GFR,DEU,Germany,DEU,DE,Germany,Allemagne,Western Europe,Europe occidentale,Europe,Europe,91444,100,178
2002,73,GHA,GHA,Ghana,GHA,GH,Ghana,Ghana,Western Africa,Afrique occidentale,Africa,Afrique,6343,8,8
2002,75,GNB,GNB,Guinea-Bissau,GNB,GW,Guinea-Bissau,Guin,Western Africa,Afrique occidentale,Africa,Afrique,31,2,2
2002,76,GRE,GRC,Greece,GRC,GR,Greece,Gr,Southern Europe,Europe australe,Europe,Europe,5656,40,40
2002,78,GUA,GTM,Guatemala,GTM,GT,Guatemala,Guatemala,Central America,Am,Latin America and the Caribbean,Am,43,4,4
2002,79,GUI,GIN,Guinea,GIN,GN,Guinea,Guin,Western Africa,Afrique occidentale,Africa,Afrique,1847,4,4
2002,82,HKG,HKG,"China, Hong Kong SAR",HKG,HK,"China, Hong Kong SAR","Hong Kong, RAS de la R",Eastern Asia,Asie orientale,Asia,Asie,281,12,12
2002,83,HON,HND,Honduras,HND,HN,Honduras,Honduras,Central America,Am,Latin America and the Caribbean,Am,75,3,3
2002,84,HRV,HRV,Croatia,HRV,HR,Croatia,Croatie,Southern Europe,Europe australe,Europe,Europe,170,13,21
2002,85,HUN,HUN,Hungary,HUN,HU,Hungary,Hongrie,Eastern Europe,Europe orientale,Europe,Europe,6405,43,43
2002,86,ICE,ISL,Iceland,ISL,IS,Iceland,Islande,Northern Europe,Europe septentrionale,Europe,Europe,114,12,12
2002,87,ICO,CIV,Cote d'Ivoire,CIV,CI,Cote d'Ivoire,C,Western Africa,Afrique occidentale,Africa,Afrique,338,13,13
2002,88,IND,IND,India,IND,IN,India,Inde,Southern Asia,Sud de l'Asie centrale,Asia,Asie,1480,11,17
2002,89,INS,IDN,Indonesia,IDN,ID,Indonesia,Indon,South-eastern Asia,Asie du Sud-Est,Asia,Asie,672,13,13
2002,90,IRE,IRL,Ireland,IRL,IE,Ireland,Irlande,Northern Europe,Europe septentrionale,Europe,Europe,16905,78,142
2002,91,IRN,IRN,Iran (Islamic Rep. of),IRN,IR,Iran (Islamic Rep. of),R,Southern Asia,Sud de l'Asie centrale,Asia,Asie,37,3,3
2002,92,IRQ,IRQ,Iraq,IRQ,IQ,Iraq,Iraq,Western Asia,Asie occidentale,Asia,Asie,745,3,3
2002,93,ISR,ISR,Israel,ISR,IL,Israel,Isra,Western Asia,Asie occidentale,Asia,Asie,334,13,13
2002,94,ITA,ITA,Italy,ITA,IT,Italy,Italie,Southern Europe,Europe australe,Europe,Europe,16013,34,34
2002,96,JOR,JOR,Jordan,JOR,JO,Jordan,Jordanie,Western Asia,Asie occidentale,Asia,Asie,2467,11,11
2002,97,JPN,JPN,Japan,JPN,JP,Japan,Japon,Eastern Asia,Asie orientale,Asia,Asie,462,14,23
2002,98,KAZ,KAZ,Kazakhstan,KAZ,KZ,Kazakhstan,Kazakhstan,Central Asia,Sud de l'Asie centrale,Asia,Asie,76,3,3
2002,99,KEN,KEN,Kenya,KEN,KE,Kenya,Kenya,Eastern Africa,Afrique orientale,Africa,Afrique,3656,10,10
2002,100,KGZ,KGZ,Kyrgyzstan,KGZ,KG,Kyrgyzstan,Kirghizistan,Central Asia,Sud de l'Asie centrale,Asia,Asie,399,5,5
2002,102,KOR,KOR,Rep. of Korea,KOR,KR,Rep. of Korea,R,Eastern Asia,Asie orientale,Asia,Asie,27,3,3
2002,104,KUW,KWT,Kuwait,KWT,KW,Kuwait,Kowe,Western Asia,Asie occidentale,Asia,Asie,123,6,6
2002,106,LBR,LBR,Liberia,LBR,LR,Liberia,Lib,Western Africa,Afrique occidentale,Africa,Afrique,9,1,1
2002,107,LBY,LBY,Libya,LBY,LY,Libya,Libye,Northern Africa,Afrique septentrionale,Africa,Afrique,168,10,10
2002,109,LEB,LBN,Lebanon,LBN,LB,Lebanon,Liban,Western Asia,Asie occidentale,Asia,Asie,1612,19,19
2002,111,LIE,LIE,Liechtenstein,LIE,LI,Liechtenstein,Liechtenstein,Western Europe,Europe occidentale,Europe,Europe,78,4,4
2002,113,LTU,LTU,Lithuania,LTU,LT,Lithuania,Lituanie,Northern Europe,Europe septentrionale,Europe,Europe,291,7,7
2002,114,LUX,LUX,Luxembourg,LUX,LU,Luxembourg,Luxembourg,Western Europe,Europe occidentale,Europe,Europe,1023,33,33
2002,115,LVA,LVA,Latvia,LVA,LV,Latvia,Lettonie,Northern Europe,Europe septentrionale,Europe,Europe,30,4,4
2002,119,MAU,MRT,Mauritania,MRT,MR,Mauritania,Mauritanie,Western Africa,Afrique occidentale,Africa,Afrique,54,4,4
2002,120,MCD,MKD,North Macedonia,MKD,MK,North Macedonia,Ex-R,Southern Europe,Europe australe,Europe,Europe,116,1,1
2002,122,MDA,MDA,Rep. of Moldova,MDA,MD,Rep. of Moldova,R,Eastern Europe,Europe orientale,Europe,Europe,101,9,9
2002,124,MEX,MEX,Mexico,MEX,MX,Mexico,Mexique,Central America,Am,Latin America and the Caribbean,Am,238,20,22
2002,126,MLI,MLI,Mali,MLI,ML,Mali,Mali,Western Africa,Afrique occidentale,Africa,Afrique,131,11,11
2002,127,MLS,MYS,Malaysia,MYS,MY,Malaysia,Malaisie,South-eastern Asia,Asie du Sud-Est,Asia,Asie,2118,14,14
2002,128,MLW,MWI,Malawi,MWI,MW,Malawi,Malawi,Eastern Africa,Afrique orientale,Africa,Afrique,7083,4,4
2002,130,MOR,MAR,Morocco,MAR,MA,Morocco,Maroc,Northern Africa,Afrique septentrionale,Africa,Afrique,98,9,9
2002,131,MOZ,MOZ,Mozambique,MOZ,MZ,Mozambique,Mozambique,Eastern Africa,Afrique orientale,Africa,Afrique,1664,12,12
2002,132,MTA,MLT,Malta,MLT,MT,Malta,Malte,Southern Europe,Europe australe,Europe,Europe,558,23,23
2002,137,NEP,NPL,Nepal,NPL,NP,Nepal,N,Southern Asia,Sud de l'Asie centrale,Asia,Asie,20,3,3
2002,138,NET,NLD,Netherlands (Kingdom of the),NLD,NL,Netherlands (Kingdom of the),Pays-Bas,Western Europe,Europe occidentale,Europe,Europe,18656,100,100
2002,139,NGR,NER,Niger,NER,NE,Niger,Niger,Western Africa,Afrique occidentale,Africa,Afrique,60,4,4
2002,140,NIC,NIC,Nicaragua,NIC,NI,Nicaragua,Nicaragua,Central America,Am,Latin America and the Caribbean,Am,15,2,2
2002,141,NIG,NGA,Nigeria,NGA,NG,Nigeria,Nig,Western Africa,Afrique occidentale,Africa,Afrique,706,8,8
2002,143,NOR,NOR,Norway,NOR,NO,Norway,Norv,Northern Europe,Europe septentrionale,Europe,Europe,17449,86,86
2002,145,NZL,NZL,New Zealand,NZL,NZ,New Zealand,Nouvelle-Z,Australia-New Zealand,Australie-Nouvelle-Z,Oceania,Oc,2074,45,45
2002,147,PAK,PAK,Pakistan,PAK,PK,Pakistan,Pakistan,Southern Asia,Sud de l'Asie centrale,Asia,Asie,1038,18,18
2002,148,PAN,PAN,Panama,PAN,PA,Panama,Panama,Central America,Am,Latin America and the Caribbean,Am,123,2,2
2002,150,PER,PER,Peru,PER,PE,Peru,P,South America,Am,Latin America and the Caribbean,Am,87,6,6
2002,151,PHI,PHL,Philippines,PHL,PH,Philippines,Philippines,South-eastern Asia,Asie du Sud-Est,Asia,Asie,86,3,3
2002,153,PNG,PNG,Papua New Guinea,PNG,PG,Papua New Guinea,Papouasie-Nouvelle-Guin,Melanesia,M,Oceania,Oc,312,2,2
2002,154,POL,POL,Poland,POL,PL,Poland,Pologne,Eastern Europe,Europe orientale,Europe,Europe,7409,47,77
2002,155,POR,PRT,Portugal,PRT,PT,Portugal,Portugal,Southern Europe,Europe australe,Europe,Europe,231,19,19
2002,157,QAT,QAT,Qatar,QAT,QA,Qatar,Qatar,Western Asia,Asie occidentale,Asia,Asie,26,4,4
2002,158,ROM,ROU,Romania,ROU,RO,Romania,Roumanie,Eastern Europe,Europe orientale,Europe,Europe,1132,26,26
2002,159,RSA,ZAF,South Africa,ZAF,ZA,South Africa,Afrique du Sud,Southern Africa,Afrique australe,Africa,Afrique,55428,42,42
2002,160,RUS,RUS,Russian Federation,RUS,RU,Russian Federation,F,Eastern Europe,Europe orientale,Europe,Europe,870,15,15
2002,161,RWA,RWA,Rwanda,RWA,RW,Rwanda,Rwanda,Eastern Africa,Afrique orientale,Africa,Afrique,784,8,8
2002,162,SAL,SLV,El Salvador,SLV,SV,El Salvador,El Salvador,Central America,Am,Latin America and the Caribbean,Am,5,1,1
2002,163,SAU,SAU,Saudi Arabia,SAU,SA,Saudi Arabia,Arabie saoudite,Western Asia,Asie occidentale,Asia,Asie,203,7,7
2002,164,SRB,SRB,Serbia and Kosovo: S/RES/1244 (1999),SRB,RS,Serbia and Kosovo: S/RES/1244 (1999),Serbie,Southern Europe,Europe australe,Europe,Europe,154,7,7
2002,165,SEN,SEN,Senegal,SEN,SN,Senegal,S,Western Africa,Afrique occidentale,Africa,Afrique,485,16,16
2002,168,SIN,SGP,Singapore,SGP,SG,Singapore,Singapour,South-eastern Asia,Asie du Sud-Est,Asia,Asie,10,2,2
2002,169,SLE,SLE,Sierra Leone,SLE,SL,Sierra Leone,Sierra Leone,Western Africa,Afrique occidentale,Africa,Afrique,17,3,3
2002,172,SOM,SOM,Somalia,SOM,SO,Somalia,Somalie,Eastern Africa,Afrique orientale,Africa,Afrique,240,2,2
2002,173,SPA,ESP,Spain,ESP,ES,Spain,Espagne,Southern Europe,Europe australe,Europe,Europe,6292,69,69
2002,177,SUD,SDN,Sudan,SDN,SD,Sudan,Soudan,Northern Africa,Afrique septentrionale,Africa,Afrique,27023,3,3
2002,180,SVK,SVK,Slovakia,SVK,SK,Slovakia,Slovaquie,Eastern Europe,Europe orientale,Europe,Europe,9692,38,38
2002,181,SVN,SVN,Slovenia,SVN,SI,Slovenia,Slov,Southern Europe,Europe australe,Europe,Europe,690,23,23
2002,182,SWA,SWZ,Eswatini,SWZ,SZ,Eswatini,Eswatini,Southern Africa,Afrique australe,Africa,Afrique,5,1,1
2002,183,SWE,SWE,Sweden,SWE,SE,Sweden,Su,Northern Europe,Europe septentrionale,Europe,Europe,32996,100,100
2002,184,SWI,CHE,Switzerland,CHE,CH,Switzerland,Suisse,Western Europe,Europe occidentale,Europe,Europe,39620,99,100
2002,185,SYR,SYR,Syrian Arab Rep.,SYR,SY,Syrian Arab Rep.,R,Western Asia,Asie occidentale,Asia,Asie,1774,10,10
2002,186,TAN,TZA,United Rep. of Tanzania,TZA,TZ,United Rep. of Tanzania,R,Eastern Africa,Afrique orientale,Africa,Afrique,42,5,5
2002,188,THA,THA,Thailand,THA,TH,Thailand,Tha,South-eastern Asia,Asie du Sud-Est,Asia,Asie,3034,11,11
2002,189,TJK,TJK,Tajikistan,TJK,TJ,Tajikistan,Tadjikistan,Central Asia,Sud de l'Asie centrale,Asia,Asie,158,2,2
2002,190,TKM,TKM,Turkmenistan,TKM,TM,Turkmenistan,Turkm,Central Asia,Sud de l'Asie centrale,Asia,Asie,73,4,4
2002,191,TMP,TLS,Timor-Leste,TLS,TL,Timor-Leste,Timor-Leste,South-eastern Asia,Asie du Sud-Est,Asia,Asie,32,2,2
2002,192,TOG,TGO,Togo,TGO,TG,Togo,Togo,Western Africa,Afrique occidentale,Africa,Afrique,88,7,7
2002,195,TUN,TUN,Tunisia,TUN,TN,Tunisia,Tunisie,Northern Africa,Afrique septentrionale,Africa,Afrique,27,2,2
2002,196,TUR,TUR,Türkiye,TUR,TR,Türkiye,Türkiye,Western Asia,Asie occidentale,Asia,Asie,3783,18,18
2002,198,UAE,ARE,United Arab Emirates,ARE,AE,United Arab Emirates,Emirats arabes unis,Western Asia,Asie occidentale,Asia,Asie,128,8,8
2002,199,UGA,UGA,Uganda,UGA,UG,Uganda,Ouganda,Eastern Africa,Afrique orientale,Africa,Afrique,2218,10,10
2002,200,UKR,UKR,Ukraine,UKR,UA,Ukraine,Ukraine,Eastern Europe,Europe orientale,Europe,Europe,457,1,1
2002,201,URU,URY,Uruguay,URY,UY,Uruguay,Uruguay,South America,Am,Latin America and the Caribbean,Am,7,1,1
2002,202,USA,USA,United States of America,USA,US,United States of America,Etats-Unis d'Am,Northern America,Am,Northern America,Am,132639,154,286
2002,203,UZB,UZB,Uzbekistan,UZB,UZ,Uzbekistan,Ouzb,Central Asia,Sud de l'Asie centrale,Asia,Asie,521,2,2
2002,207,VEN,VEN,Venezuela (Bolivarian Republic of),VEN,VE,Venezuela (Bolivarian Republic of),Venezuela (R,South America,Am,Latin America and the Caribbean,Am,705,1,1
2002,211,YEM,YEM,Yemen,YEM,YE,Yemen,Y,Western Asia,Asie occidentale,Asia,Asie,2312,5,5
2002,213,ZAM,ZMB,Zambia,ZMB,ZM,Zambia,Zambie,Eastern Africa,Afrique orientale,Africa,Afrique,644,6,6
2002,214,ZIM,ZWE,Zimbabwe,ZWE,ZW,Zimbabwe,Zimbabwe,Eastern Africa,Afrique orientale,Africa,Afrique,532,7,7
2003,2,AFG,AFG,Afghanistan,AFG,AF,Afghanistan,Afghanistan,Southern Asia,Sud de l'Asie centrale,Asia,Asie,61,4,4
2003,3,ALB,ALB,Albania,ALB,AL,Albania,Albanie,Southern Europe,Europe australe,Europe,Europe,24,3,3
2003,6,ANG,AGO,Angola,AGO,AO,Angola,Angola,Middle Africa,Afrique australe,Africa,Afrique,166,10,10
2003,8,ARE,EGY,Egypt,EGY,EG,Egypt,Egypte,Northern Africa,Afrique septentrionale,Africa,Afrique,6659,25,25
2003,9,ARG,ARG,Argentina,ARG,AR,Argentina,Argentine,South America,Am,Latin America and the Caribbean,Am,229,15,15
2003,10,ARM,ARM,Armenia,ARM,AM,Armenia,Arm,Western Asia,Asie occidentale,Asia,Asie,70,3,3
2003,11,AUL,AUS,Australia,AUS,AU,Australia,Australie,Australia-New Zealand,Australie-Nouvelle-Z,Oceania,Oc,7935,83,142
2003,12,AUS,AUT,Austria,AUT,AT,Austria,Autriche,Western Europe,Europe occidentale,Europe,Europe,32338,87,87
2003,13,AZE,AZE,Azerbaijan,AZE,AZ,Azerbaijan,Azerba,Western Asia,Asie occidentale,Asia,Asie,873,7,7
2003,16,BDI,BDI,Burundi,BDI,BI,Burundi,Burundi,Eastern Africa,Afrique orientale,Africa,Afrique,1813,2,2
2003,17,BEL,BEL,Belgium,BEL,BE,Belgium,Belgique,Western Europe,Europe occidentale,Europe,Europe,21157,98,150
2003,18,BEN,BEN,Benin,BEN,BJ,Benin,B,Western Africa,Afrique occidentale,Africa,Afrique,1193,18,21
2003,20,BGD,BGD,Bangladesh,BGD,BD,Bangladesh,Bangladesh,Southern Asia,Sud de l'Asie centrale,Asia,Asie,49,1,1
2003,23,BKF,BFA,Burkina Faso,BFA,BF,Burkina Faso,Burkina Faso,Western Africa,Afrique occidentale,Africa,Afrique,155,10,10
2003,24,BLR,BLR,Belarus,BLR,BY,Belarus,B,Eastern Europe,Europe orientale,Europe,Europe,130,8,8
2003,25,BOL,BOL,Bolivia (Plurinational State of),BOL,BO,Bolivia (Plurinational State of),Bolivie,South America,Am,Latin America and the Caribbean,Am,5,1,1
2003,26,BOT,BWA,Botswana,BWA,BW,Botswana,Botswana,Southern Africa,Afrique australe,Africa,Afrique,101,6,6
2003,27,BRA,BRA,Brazil,BRA,BR,Brazil,Br,South America,Am,Latin America and the Caribbean,Am,415,26,26
2003,29,BSN,BIH,Bosnia and Herzegovina,BIH,BA,Bosnia and Herzegovina,Bosnie-Herz,Southern Europe,Europe australe,Europe,Europe,734,12,12
2003,30,BUL,BGR,Bulgaria,BGR,BG,Bulgaria,Bulgarie,Eastern Europe,Europe orientale,Europe,Europe,1529,21,21
2003,31,BZE,BLZ,Belize,BLZ,BZ,Belize,Belize,Central America,Am,Latin America and the Caribbean,Am,5,1,1
2003,32,CAM,KHM,Cambodia,KHM,KH,Cambodia,Cambodge,South-eastern Asia,Asie du Sud-Est,Asia,Asie,81,2,2
2003,33,CAN,CAN,Canada,CAN,CA,Canada,Canada,Northern America,Am,Northern America,Am,31925,149,149
2003,34,CAR,CAF,Central African Rep.,CAF,CF,Central African Rep.,R,Middle Africa,Afrique australe,Africa,Afrique,463,7,7
2003,36,CHD,TCD,Chad,TCD,TD,Chad,Tchad,Middle Africa,Afrique australe,Africa,Afrique,324,11,11
2003,37,CHI,CHN,China,CHN,CN,China,Chine,Eastern Asia,Asie orientale,Asia,Asie,50,6,6
2003,38,CHL,CHL,Chile,CHL,CL,Chile,Chili,South America,Am,Latin America and the Caribbean,Am,83,5,5
2003,39,CMR,CMR,Cameroon,CMR,CM,Cameroon,Cameroun,Middle Africa,Afrique australe,Africa,Afrique,1356,10,10
2003,40,COB,COG,Congo,COG,CG,Congo,Congo,Middle Africa,Afrique australe,Africa,Afrique,534,11,11
2003,41,COD,COD,Dem. Rep. of the Congo,COD,CD,Dem. Rep. of the Congo,R,Middle Africa,Afrique australe,Africa,Afrique,627,12,12
2003,44,COL,COL,Colombia,COL,CO,Colombia,Colombie,South America,Am,Latin America and the Caribbean,Am,19,3,3
2003,45,COS,CRI,Costa Rica,CRI,CR,Costa Rica,Costa Rica,Central America,Am,Latin America and the Caribbean,Am,1745,4,4
2003,46,CUB,CUB,Cuba,CUB,CU,Cuba,Cuba,Caribbean,Cara,Latin America and the Caribbean,Am,23,3,3
2003,48,CYP,CYP,Cyprus,CYP,CY,Cyprus,Chypre,Western Asia,Asie occidentale,Asia,Asie,5048,30,51
2003,49,CZE,CZE,Czechia,CZE,CZ,Czechia,R,Eastern Europe,Europe orientale,Europe,Europe,11402,36,37
2003,50,DEN,DNK,Denmark,DNK,DK,Denmark,Danemark,Northern Europe,Europe septentrionale,Europe,Europe,4567,70,70
2003,51,DJB,DJI,Djibouti,DJI,DJ,Djibouti,Djibouti,Eastern Africa,Afrique orientale,Africa,Afrique,3060,4,4
2003,54,ECU,ECU,Ecuador,ECU,EC,Ecuador,Equateur,South America,Am,Latin America and the Caribbean,Am,11454,8,8
2003,56,ERT,ERI,Eritrea,ERI,ER,Eritrea,Erythr,Eastern Africa,Afrique orientale,Africa,Afrique,201,2,2
2003,57,EST,EST,Estonia,EST,EE,Estonia,Estonie,Northern Europe,Europe septentrionale,Europe,Europe,15,3,3
2003,58,ETH,ETH,Ethiopia,ETH,ET,Ethiopia,Ethiopie,Eastern Africa,Afrique orientale,Africa,Afrique,1611,3,3
2003,61,FIN,FIN,Finland,FIN,FI,Finland,Finlande,Northern Europe,Europe septentrionale,Europe,Europe,3213,61,61
2003,64,FRA,FRA,France,FRA,FR,France,France,Western Europe,Europe occidentale,Europe,Europe,106183,79,156
2003,67,GAB,GAB,Gabon,GAB,GA,Gabon,Gabon,Middle Africa,Afrique australe,Africa,Afrique,1658,9,9
2003,68,GAM,GMB,Gambia,GMB,GM,Gambia,Gambie,Western Africa,Afrique occidentale,Africa,Afrique,71,1,1
2003,70,GBR,GBR,United Kingdom of Great Britain and Northern Ireland,GBR,GB,United Kingdom of Great Britain and Northern Ireland,Royaume-Uni,Northern Europe,Europe septentrionale,Europe,Europe,108336,121,123
2003,72,GFR,DEU,Germany,DEU,DE,Germany,Allemagne,Western Europe,Europe occidentale,Europe,Europe,67815,104,180
2003,73,GHA,GHA,Ghana,GHA,GH,Ghana,Ghana,Western Africa,Afrique occidentale,Africa,Afrique,8614,10,10
2003,75,GNB,GNB,Guinea-Bissau,GNB,GW,Guinea-Bissau,Guin,Western Africa,Afrique occidentale,Africa,Afrique,88,5,5
2003,76,GRE,GRC,Greece,GRC,GR,Greece,Gr,Southern Europe,Europe australe,Europe,Europe,8163,48,48
2003,78,GUA,GTM,Guatemala,GTM,GT,Guatemala,Guatemala,Central America,Am,Latin America and the Caribbean,Am,10,2,2
2003,79,GUI,GIN,Guinea,GIN,GN,Guinea,Guin,Western Africa,Afrique occidentale,Africa,Afrique,4939,9,9
2003,82,HKG,HKG,"China, Hong Kong SAR",HKG,HK,"China, Hong Kong SAR","Hong Kong, RAS de la R",Eastern Asia,Asie orientale,Asia,Asie,374,17,17
2003,83,HON,HND,Honduras,HND,HN,Honduras,Honduras,Central America,Am,Latin America and the Caribbean,Am,73,3,3
2003,84,HRV,HRV,Croatia,HRV,HR,Croatia,Croatie,Southern Europe,Europe australe,Europe,Europe,126,11,17
2003,85,HUN,HUN,Hungary,HUN,HU,Hungary,Hongrie,Eastern Europe,Europe orientale,Europe,Europe,2378,40,40
2003,86,ICE,ISL,Iceland,ISL,IS,Iceland,Islande,Northern Europe,Europe septentrionale,Europe,Europe,72,11,11
2003,87,ICO,CIV,Cote d'Ivoire,CIV,CI,Cote d'Ivoire,C,Western Africa,Afrique occidentale,Africa,Afrique,373,13,13
2003,88,IND,IND,India,IND,IN,India,Inde,Southern Asia,Sud de l'Asie centrale,Asia,Asie,972,12,20
2003,89,INS,IDN,Indonesia,IDN,ID,Indonesia,Indon,South-eastern Asia,Asie du Sud-Est,Asia,Asie,221,13,13
2003,90,IRE,IRL,Ireland,IRL,IE,Ireland,Irlande,Northern Europe,Europe septentrionale,Europe,Europe,13167,83,148
2003,91,IRN,IRN,Iran (Islamic Rep. of),IRN,IR,Iran (Islamic Rep. of),R,Southern Asia,Sud de l'Asie centrale,Asia,Asie,30,2,2
2003,94,ITA,ITA,Italy,ITA,IT,Italy,Italie,Southern Europe,Europe australe,Europe,Europe,13455,34,34
2003,96,JOR,JOR,Jordan,JOR,JO,Jordan,Jordanie,Western Asia,Asie occidentale,Asia,Asie,3727,15,19
2003,97,JPN,JPN,Japan,JPN,JP,Japan,Japon,Eastern Asia,Asie orientale,Asia,Asie,637,22,36
2003,98,KAZ,KAZ,Kazakhstan,KAZ,KZ,Kazakhstan,Kazakhstan,Central Asia,Sud de l'Asie centrale,Asia,Asie,47,2,2
2003,99,KEN,KEN,Kenya,KEN,KE,Kenya,Kenya,Eastern Africa,Afrique orientale,Africa,Afrique,4190,11,11
2003,100,KGZ,KGZ,Kyrgyzstan,KGZ,KG,Kyrgyzstan,Kirghizistan,Central Asia,Sud de l'Asie centrale,Asia,Asie,212,8,8
2003,102,KOR,KOR,Rep. of Korea,KOR,KR,Rep. of Korea,R,Eastern Asia,Asie orientale,Asia,Asie,73,7,7
2003,104,KUW,KWT,Kuwait,KWT,KW,Kuwait,Kowe,Western Asia,Asie occidentale,Asia,Asie,12,2,2
2003,107,LBY,LBY,Libya,LBY,LY,Libya,Libye,Northern Africa,Afrique septentrionale,Africa,Afrique,385,11,11
2003,109,LEB,LBN,Lebanon,LBN,LB,Lebanon,Liban,Western Asia,Asie occidentale,Asia,Asie,671,11,11
2003,111,LIE,LIE,Liechtenstein,LIE,LI,Liechtenstein,Liechtenstein,Western Europe,Europe occidentale,Europe,Europe,94,8,8
2003,112,LKA,LKA,Sri Lanka,LKA,LK,Sri Lanka,Sri Lanka,Southern Asia,Sud de l'Asie centrale,Asia,Asie,15,3,3
2003,113,LTU,LTU,Lithuania,LTU,LT,Lithuania,Lituanie,Northern Europe,Europe septentrionale,Europe,Europe,177,9,9
2003,114,LUX,LUX,Luxembourg,LUX,LU,Luxembourg,Luxembourg,Western Europe,Europe occidentale,Europe,Europe,1515,41,41
2003,115,LVA,LVA,Latvia,LVA,LV,Latvia,Lettonie,Northern Europe,Europe septentrionale,Europe,Europe,5,1,1
2003,119,MAU,MRT,Mauritania,MRT,MR,Mauritania,Mauritanie,Western Africa,Afrique occidentale,Africa,Afrique,127,3,3
2003,120,MCD,MKD,North Macedonia,MKD,MK,North Macedonia,Ex-R,Southern Europe,Europe australe,Europe,Europe,2283,1,1
2003,122,MDA,MDA,Rep. of Moldova,MDA,MD,Rep. of Moldova,R,Eastern Europe,Europe orientale,Europe,Europe,83,10,10
2003,124,MEX,MEX,Mexico,MEX,MX,Mexico,Mexique,Central America,Am,Latin America and the Caribbean,Am,261,22,22
2003,126,MLI,MLI,Mali,MLI,ML,Mali,Mali,Western Africa,Afrique occidentale,Africa,Afrique,500,11,11
2003,127,MLS,MYS,Malaysia,MYS,MY,Malaysia,Malaisie,South-eastern Asia,Asie du Sud-Est,Asia,Asie,18618,21,21
2003,128,MLW,MWI,Malawi,MWI,MW,Malawi,Malawi,Eastern Africa,Afrique orientale,Africa,Afrique,1261,4,4
2003,130,MOR,MAR,Morocco,MAR,MA,Morocco,Maroc,Northern Africa,Afrique septentrionale,Africa,Afrique,56,4,4
2003,131,MOZ,MOZ,Mozambique,MOZ,MZ,Mozambique,Mozambique,Eastern Africa,Afrique orientale,Africa,Afrique,2396,8,8
2003,132,MTA,MLT,Malta,MLT,MT,Malta,Malte,Southern Europe,Europe australe,Europe,Europe,722,20,33
2003,136,NAM,NAM,Namibia,NAM,,Namibia,Namibie,Southern Africa,Afrique australe,Africa,Afrique,1335,10,10
2003,137,NEP,NPL,Nepal,NPL,NP,Nepal,N,Southern Asia,Sud de l'Asie centrale,Asia,Asie,26,3,3
2003,138,NET,NLD,Netherlands (Kingdom of the),NLD,NL,Netherlands (Kingdom of the),Pays-Bas,Western Europe,Europe occidentale,Europe,Europe,13397,98,98
2003,139,NGR,NER,Niger,NER,NE,Niger,Niger,Western Africa,Afrique occidentale,Africa,Afrique,44,6,6
2003,140,NIC,NIC,Nicaragua,NIC,NI,Nicaragua,Nicaragua,Central America,Am,Latin America and the Caribbean,Am,7,1,1
2003,141,NIG,NGA,Nigeria,NGA,NG,Nigeria,Nig,Western Africa,Afrique occidentale,Africa,Afrique,3081,8,8
2003,143,NOR,NOR,Norway,NOR,NO,Norway,Norv,Northern Europe,Europe septentrionale,Europe,Europe,15951,91,91
2003,145,NZL,NZL,New Zealand,NZL,NZ,New Zealand,Nouvelle-Z,Australia-New Zealand,Australie-Nouvelle-Z,Oceania,Oc,1323,42,66
2003,147,PAK,PAK,Pakistan,PAK,PK,Pakistan,Pakistan,Southern Asia,Sud de l'Asie centrale,Asia,Asie,5772,20,20
2003,148,PAN,PAN,Panama,PAN,PA,Panama,Panama,Central America,Am,Latin America and the Caribbean,Am,18,1,1
2003,149,PAR,PRY,Paraguay,PRY,PY,Paraguay,Paraguay,South America,Am,Latin America and the Caribbean,Am,6,1,1
2003,150,PER,PER,Peru,PER,PE,Peru,P,South America,Am,Latin America and the Caribbean,Am,138,4,4
2003,151,PHI,PHL,Philippines,PHL,PH,Philippines,Philippines,South-eastern Asia,Asie du Sud-Est,Asia,Asie,10,2,2
2003,153,PNG,PNG,Papua New Guinea,PNG,PG,Papua New Guinea,Papouasie-Nouvelle-Guin,Melanesia,M,Oceania,Oc,10,2,2
2003,154,POL,POL,Poland,POL,PL,Poland,Pologne,Eastern Europe,Europe orientale,Europe,Europe,8009,43,69
2003,155,POR,PRT,Portugal,PRT,PT,Portugal,Portugal,Southern Europe,Europe australe,Europe,Europe,71,13,13
2003,157,QAT,QAT,Qatar,QAT,QA,Qatar,Qatar,Western Asia,Asie occidentale,Asia,Asie,27,3,3
2003,158,ROM,ROU,Romania,ROU,RO,Romania,Roumanie,Eastern Europe,Europe orientale,Europe,Europe,1056,25,25
2003,159,RSA,ZAF,South Africa,ZAF,ZA,South Africa,Afrique du Sud,Southern Africa,Afrique australe,Africa,Afrique,35919,38,38
2003,160,RUS,RUS,Russian Federation,RUS,RU,Russian Federation,F,Eastern Europe,Europe orientale,Europe,Europe,747,19,19
2003,161,RWA,RWA,Rwanda,RWA,RW,Rwanda,Rwanda,Eastern Africa,Afrique orientale,Africa,Afrique,1698,5,5
2003,162,SAL,SLV,El Salvador,SLV,SV,El Salvador,El Salvador,Central America,Am,Latin America and the Caribbean,Am,16,3,3
2003,163,SAU,SAU,Saudi Arabia,SAU,SA,Saudi Arabia,Arabie saoudite,Western Asia,Asie occidentale,Asia,Asie,123,10,10
2003,164,SRB,SRB,Serbia and Kosovo: S/RES/1244 (1999),SRB,RS,Serbia and Kosovo: S/RES/1244 (1999),Serbie,Southern Europe,Europe australe,Europe,Europe,136,9,9
2003,165,SEN,SEN,Senegal,SEN,SN,Senegal,S,Western Africa,Afrique occidentale,Africa,Afrique,517,15,15
2003,172,SOM,SOM,Somalia,SOM,SO,Somalia,Somalie,Eastern Africa,Afrique orientale,Africa,Afrique,320,4,4
2003,173,SPA,ESP,Spain,ESP,ES,Spain,Espagne,Southern Europe,Europe australe,Europe,Europe,5924,76,76
2003,177,SUD,SDN,Sudan,SDN,SD,Sudan,Soudan,Northern Africa,Afrique septentrionale,Africa,Afrique,2691,6,9
2003,180,SVK,SVK,Slovakia,SVK,SK,Slovakia,Slovaquie,Eastern Europe,Europe orientale,Europe,Europe,10350,46,46
2003,181,SVN,SVN,Slovenia,SVN,SI,Slovenia,Slov,Southern Europe,Europe australe,Europe,Europe,1084,20,20
2003,183,SWE,SWE,Sweden,SWE,SE,Sweden,Su,Northern Europe,Europe septentrionale,Europe,Europe,31343,108,108
2003,184,SWI,CHE,Switzerland,CHE,CH,Switzerland,Suisse,Western Europe,Europe occidentale,Europe,Europe,38948,101,102
2003,185,SYR,SYR,Syrian Arab Rep.,SYR,SY,Syrian Arab Rep.,R,Western Asia,Asie occidentale,Asia,Asie,1659,13,13
2003,186,TAN,TZA,United Rep. of Tanzania,TZA,TZ,United Rep. of Tanzania,R,Eastern Africa,Afrique orientale,Africa,Afrique,176,1,1
2003,188,THA,THA,Thailand,THA,TH,Thailand,Tha,South-eastern Asia,Asie du Sud-Est,Asia,Asie,4005,29,29
2003,189,TJK,TJK,Tajikistan,TJK,TJ,Tajikistan,Tadjikistan,Central Asia,Sud de l'Asie centrale,Asia,Asie,243,1,1
2003,190,TKM,TKM,Turkmenistan,TKM,TM,Turkmenistan,Turkm,Central Asia,Sud de l'Asie centrale,Asia,Asie,41,3,3
2003,191,TMP,TLS,Timor-Leste,TLS,TL,Timor-Leste,Timor-Leste,South-eastern Asia,Asie du Sud-Est,Asia,Asie,14,2,2
2003,192,TOG,TGO,Togo,TGO,TG,Togo,Togo,Western Africa,Afrique occidentale,Africa,Afrique,332,9,9
2003,195,TUN,TUN,Tunisia,TUN,TN,Tunisia,Tunisie,Northern Africa,Afrique septentrionale,Africa,Afrique,65,3,3
2003,196,TUR,TUR,Türkiye,TUR,TR,Türkiye,Türkiye,Western Asia,Asie occidentale,Asia,Asie,3949,23,23
2003,198,UAE,ARE,United Arab Emirates,ARE,AE,United Arab Emirates,Emirats arabes unis,Western Asia,Asie occidentale,Asia,Asie,89,8,9
2003,199,UGA,UGA,Uganda,UGA,UG,Uganda,Ouganda,Eastern Africa,Afrique orientale,Africa,Afrique,2698,9,9
2003,200,UKR,UKR,Ukraine,UKR,UA,Ukraine,Ukraine,Eastern Europe,Europe orientale,Europe,Europe,2276,33,57
2003,201,URU,URY,Uruguay,URY,UY,Uruguay,Uruguay,South America,Am,Latin America and the Caribbean,Am,10,2,2
2003,202,USA,USA,United States of America,USA,US,United States of America,Etats-Unis d'Am,Northern America,Am,Northern America,Am,109009,156,287
2003,203,UZB,UZB,Uzbekistan,UZB,UZ,Uzbekistan,Ouzb,Central Asia,Sud de l'Asie centrale,Asia,Asie,420,6,6
2003,207,VEN,VEN,Venezuela (Bolivarian Republic of),VEN,VE,Venezuela (Bolivarian Republic of),Venezuela (R,South America,Am,Latin America and the Caribbean,Am,1352,2,2
2003,211,YEM,YEM,Yemen,YEM,YE,Yemen,Y,Western Asia,Asie occidentale,Asia,Asie,1232,7,7
2003,213,ZAM,ZMB,Zambia,ZMB,ZM,Zambia,Zambie,Eastern Africa,Afrique orientale,Africa,Afrique,322,5,5
2003,214,ZIM,ZWE,Zimbabwe,ZWE,ZW,Zimbabwe,Zimbabwe,Eastern Africa,Afrique orientale,Africa,Afrique,3335,15,15
2004,2,AFG,AFG,Afghanistan,AFG,AF,Afghanistan,Afghanistan,Southern Asia,Sud de l'Asie centrale,Asia,Asie,85,4,4
2004,3,ALB,ALB,Albania,ALB,AL,Albania,Albanie,Southern Europe,Europe australe,Europe,Europe,5,1,1
2004,4,ALG,DZA,Algeria,DZA,DZ,Algeria,Alg,Northern Africa,Afrique septentrionale,Africa,Afrique,30,2,2
2004,6,ANG,AGO,Angola,AGO,AO,Angola,Angola,Middle Africa,Afrique australe,Africa,Afrique,128,6,6
2004,8,ARE,EGY,Egypt,EGY,EG,Egypt,Egypte,Northern Africa,Afrique septentrionale,Africa,Afrique,10690,20,20
2004,9,ARG,ARG,Argentina,ARG,AR,Argentina,Argentine,South America,Am,Latin America and the Caribbean,Am,301,20,20
2004,10,ARM,ARM,Armenia,ARM,AM,Armenia,Arm,Western Asia,Asie occidentale,Asia,Asie,185,3,3
2004,11,AUL,AUS,Australia,AUS,AU,Australia,Australie,Australia-New Zealand,Australie-Nouvelle-Z,Oceania,Oc,6093,75,112
2004,12,AUS,AUT,Austria,AUT,AT,Austria,Autriche,Western Europe,Europe occidentale,Europe,Europe,24620,84,84
2004,13,AZE,AZE,Azerbaijan,AZE,AZ,Azerbaijan,Azerba,Western Asia,Asie occidentale,Asia,Asie,1270,7,13
2004,14,BAH,BHR,Bahrain,BHR,BH,Bahrain,Bahre,Western Asia,Asie occidentale,Asia,Asie,5,1,1
2004,16,BDI,BDI,Burundi,BDI,BI,Burundi,Burundi,Eastern Africa,Afrique orientale,Africa,Afrique,2187,2,3
2004,17,BEL,BEL,Belgium,BEL,BE,Belgium,Belgique,Western Europe,Europe occidentale,Europe,Europe,20356,97,160
2004,18,BEN,BEN,Benin,BEN,BJ,Benin,B,Western Africa,Afrique occidentale,Africa,Afrique,724,15,22
2004,20,BGD,BGD,Bangladesh,BGD,BD,Bangladesh,Bangladesh,Southern Asia,Sud de l'Asie centrale,Asia,Asie,16,1,1
2004,23,BKF,BFA,Burkina Faso,BFA,BF,Burkina Faso,Burkina Faso,Western Africa,Afrique occidentale,Africa,Afrique,93,5,5
2004,24,BLR,BLR,Belarus,BLR,BY,Belarus,B,Eastern Europe,Europe orientale,Europe,Europe,155,10,10
2004,25,BOL,BOL,Bolivia (Plurinational State of),BOL,BO,Bolivia (Plurinational State of),Bolivie,South America,Am,Latin America and the Caribbean,Am,24,2,2
2004,26,BOT,BWA,Botswana,BWA,BW,Botswana,Botswana,Southern Africa,Afrique australe,Africa,Afrique,24,2,2
2004,27,BRA,BRA,Brazil,BRA,BR,Brazil,Br,South America,Am,Latin America and the Caribbean,Am,365,24,24
2004,29,BSN,BIH,Bosnia and Herzegovina,BIH,BA,Bosnia and Herzegovina,Bosnie-Herz,Southern Europe,Europe australe,Europe,Europe,195,7,7
2004,30,BUL,BGR,Bulgaria,BGR,BG,Bulgaria,Bulgarie,Eastern Europe,Europe orientale,Europe,Europe,1117,28,28
2004,31,BZE,BLZ,Belize,BLZ,BZ,Belize,Belize,Central America,Am,Latin America and the Caribbean,Am,31,2,2
2004,32,CAM,KHM,Cambodia,KHM,KH,Cambodia,Cambodge,South-eastern Asia,Asie du Sud-Est,Asia,Asie,894,2,2
2004,33,CAN,CAN,Canada,CAN,CA,Canada,Canada,Northern America,Am,Northern America,Am,25737,148,148
2004,34,CAR,CAF,Central African Rep.,CAF,CF,Central African Rep.,R,Middle Africa,Afrique australe,Africa,Afrique,385,7,7
2004,37,CHI,CHN,China,CHN,CN,China,Chine,Eastern Asia,Asie orientale,Asia,Asie,153,7,7
2004,38,CHL,CHL,Chile,CHL,CL,Chile,Chili,South America,Am,Latin America and the Caribbean,Am,189,2,2
2004,39,CMR,CMR,Cameroon,CMR,CM,Cameroon,Cameroun,Middle Africa,Afrique australe,Africa,Afrique,2053,10,10
2004,40,COB,COG,Congo,COG,CG,Congo,Congo,Middle Africa,Afrique australe,Africa,Afrique,321,7,7
2004,41,COD,COD,Dem. Rep. of the Congo,COD,CD,Dem. Rep. of the Congo,R,Middle Africa,Afrique australe,Africa,Afrique,249,12,12
2004,44,COL,COL,Colombia,COL,CO,Colombia,Colombie,South America,Am,Latin America and the Caribbean,Am,37,3,4
2004,45,COS,CRI,Costa Rica,CRI,CR,Costa Rica,Costa Rica,Central America,Am,Latin America and the Caribbean,Am,1442,5,5
2004,46,CUB,CUB,Cuba,CUB,CU,Cuba,Cuba,Caribbean,Cara,Latin America and the Caribbean,Am,13,2,2
2004,48,CYP,CYP,Cyprus,CYP,CY,Cyprus,Chypre,Western Asia,Asie occidentale,Asia,Asie,10806,36,53
2004,49,CZE,CZE,Czechia,CZE,CZ,Czechia,R,Eastern Europe,Europe orientale,Europe,Europe,5469,35,36
2004,50,DEN,DNK,Denmark,DNK,DK,Denmark,Danemark,Northern Europe,Europe septentrionale,Europe,Europe,3231,73,73
2004,54,ECU,ECU,Ecuador,ECU,EC,Ecuador,Equateur,South America,Am,Latin America and the Caribbean,Am,7847,8,8
2004,56,ERT,ERI,Eritrea,ERI,ER,Eritrea,Erythr,Eastern Africa,Afrique orientale,Africa,Afrique,254,2,2
2004,57,EST,EST,Estonia,EST,EE,Estonia,Estonie,Northern Europe,Europe septentrionale,Europe,Europe,12,2,2
2004,58,ETH,ETH,Ethiopia,ETH,ET,Ethiopia,Ethiopie,Eastern Africa,Afrique orientale,Africa,Afrique,2282,6,6
2004,61,FIN,FIN,Finland,FIN,FI,Finland,Finlande,Northern Europe,Europe septentrionale,Europe,Europe,3847,53,53
2004,64,FRA,FRA,France,FRA,FR,France,France,Western Europe,Europe occidentale,Europe,Europe,117301,91,180
2004,67,GAB,GAB,Gabon,GAB,GA,Gabon,Gabon,Middle Africa,Afrique australe,Africa,Afrique,117,6,6
2004,68,GAM,GMB,Gambia,GMB,GM,Gambia,Gambie,Western Africa,Afrique occidentale,Africa,Afrique,600,1,1
2004,70,GBR,GBR,United Kingdom of Great Britain and Northern Ireland,GBR,GB,United Kingdom of Great Britain and Northern Ireland,Royaume-Uni,Northern Europe,Europe septentrionale,Europe,Europe,77098,118,120
2004,71,GEO,GEO,Georgia,GEO,GE,Georgia,G,Western Asia,Asie occidentale,Asia,Asie,9,1,1
2004,72,GFR,DEU,Germany,DEU,DE,Germany,Allemagne,Western Europe,Europe occidentale,Europe,Europe,50111,97,168
2004,73,GHA,GHA,Ghana,GHA,GH,Ghana,Ghana,Western Africa,Afrique occidentale,Africa,Afrique,2104,13,13
2004,75,GNB,GNB,Guinea-Bissau,GNB,GW,Guinea-Bissau,Guin,Western Africa,Afrique occidentale,Africa,Afrique,73,3,3
2004,76,GRE,GRC,Greece,GRC,GR,Greece,Gr,Southern Europe,Europe australe,Europe,Europe,4452,51,51
2004,78,GUA,GTM,Guatemala,GTM,GT,Guatemala,Guatemala,Central America,Am,Latin America and the Caribbean,Am,11,2,2
2004,79,GUI,GIN,Guinea,GIN,GN,Guinea,Guin,Western Africa,Afrique occidentale,Africa,Afrique,4247,7,7
2004,82,HKG,HKG,"China, Hong Kong SAR",HKG,HK,"China, Hong Kong SAR","Hong Kong, RAS de la R",Eastern Asia,Asie orientale,Asia,Asie,786,18,18
2004,83,HON,HND,Honduras,HND,HN,Honduras,Honduras,Central America,Am,Latin America and the Caribbean,Am,95,5,5
2004,84,HRV,HRV,Croatia,HRV,HR,Croatia,Croatie,Southern Europe,Europe australe,Europe,Europe,210,16,24
2004,85,HUN,HUN,Hungary,HUN,HU,Hungary,Hongrie,Eastern Europe,Europe orientale,Europe,Europe,1964,44,70
2004,86,ICE,ISL,Iceland,ISL,IS,Iceland,Islande,Northern Europe,Europe septentrionale,Europe,Europe,57,10,10
2004,87,ICO,CIV,Cote d'Ivoire,CIV,CI,Cote d'Ivoire,C,Western Africa,Afrique occidentale,Africa,Afrique,1156,11,11
2004,88,IND,IND,India,IND,IN,India,Inde,Southern Asia,Sud de l'Asie centrale,Asia,Asie,928,10,17
2004,89,INS,IDN,Indonesia,IDN,ID,Indonesia,Indon,South-eastern Asia,Asie du Sud-Est,Asia,Asie,129,8,8
2004,90,IRE,IRL,Ireland,IRL,IE,Ireland,Irlande,Northern Europe,Europe septentrionale,Europe,Europe,9780,78,138
2004,91,IRN,IRN,Iran (Islamic Rep. of),IRN,IR,Iran (Islamic Rep. of),R,Southern Asia,Sud de l'Asie centrale,Asia,Asie,63,3,3
2004,92,IRQ,IRQ,Iraq,IRQ,IQ,Iraq,Iraq,Western Asia,Asie occidentale,Asia,Asie,299,2,2
2004,93,ISR,ISR,Israel,ISR,IL,Israel,Isra,Western Asia,Asie occidentale,Asia,Asie,886,26,26
2004,94,ITA,ITA,Italy,ITA,IT,Italy,Italie,Southern Europe,Europe australe,Europe,Europe,9710,68,68
2004,96,JOR,JOR,Jordan,JOR,JO,Jordan,Jordanie,Western Asia,Asie occidentale,Asia,Asie,6353,17,17
2004,97,JPN,JPN,Japan,JPN,JP,Japan,Japon,Eastern Asia,Asie orientale,Asia,Asie,644,15,21
2004,98,KAZ,KAZ,Kazakhstan,KAZ,KZ,Kazakhstan,Kazakhstan,Central Asia,Sud de l'Asie centrale,Asia,Asie,123,4,4
2004,99,KEN,KEN,Kenya,KEN,KE,Kenya,Kenya,Eastern Africa,Afrique orientale,Africa,Afrique,9314,9,9
2004,100,KGZ,KGZ,Kyrgyzstan,KGZ,KG,Kyrgyzstan,Kirghizistan,Central Asia,Sud de l'Asie centrale,Asia,Asie,128,4,4
2004,102,KOR,KOR,Rep. of Korea,KOR,KR,Rep. of Korea,R,Eastern Asia,Asie orientale,Asia,Asie,132,5,5
2004,104,KUW,KWT,Kuwait,KWT,KW,Kuwait,Kowe,Western Asia,Asie occidentale,Asia,Asie,11,2,2
2004,107,LBY,LBY,Libya,LBY,LY,Libya,Libye,Northern Africa,Afrique septentrionale,Africa,Afrique,777,12,12
2004,109,LEB,LBN,Lebanon,LBN,LB,Lebanon,Liban,Western Asia,Asie occidentale,Asia,Asie,556,16,16
2004,111,LIE,LIE,Liechtenstein,LIE,LI,Liechtenstein,Liechtenstein,Western Europe,Europe occidentale,Europe,Europe,67,8,8
2004,112,LKA,LKA,Sri Lanka,LKA,LK,Sri Lanka,Sri Lanka,Southern Asia,Sud de l'Asie centrale,Asia,Asie,130,2,2
2004,113,LTU,LTU,Lithuania,LTU,LT,Lithuania,Lituanie,Northern Europe,Europe septentrionale,Europe,Europe,155,7,7
2004,114,LUX,LUX,Luxembourg,LUX,LU,Luxembourg,Luxembourg,Western Europe,Europe occidentale,Europe,Europe,1565,46,46
2004,115,LVA,LVA,Latvia,LVA,LV,Latvia,Lettonie,Northern Europe,Europe septentrionale,Europe,Europe,5,1,1
2004,119,MAU,MRT,Mauritania,MRT,MR,Mauritania,Mauritanie,Western Africa,Afrique occidentale,Africa,Afrique,126,7,7
2004,120,MCD,MKD,North Macedonia,MKD,MK,North Macedonia,Ex-R,Southern Europe,Europe australe,Europe,Europe,102,1,1
2004,122,MDA,MDA,Rep. of Moldova,MDA,MD,Rep. of Moldova,R,Eastern Europe,Europe orientale,Europe,Europe,107,11,11
2004,124,MEX,MEX,Mexico,MEX,MX,Mexico,Mexique,Central America,Am,Latin America and the Caribbean,Am,397,22,22
2004,126,MLI,MLI,Mali,MLI,ML,Mali,Mali,Western Africa,Afrique occidentale,Africa,Afrique,1243,5,5
2004,127,MLS,MYS,Malaysia,MYS,MY,Malaysia,Malaisie,South-eastern Asia,Asie du Sud-Est,Asia,Asie,20657,28,28
2004,128,MLW,MWI,Malawi,MWI,MW,Malawi,Malawi,Eastern Africa,Afrique orientale,Africa,Afrique,2413,4,4
2004,132,MTA,MLT,Malta,MLT,MT,Malta,Malte,Southern Europe,Europe australe,Europe,Europe,993,26,26
2004,136,NAM,NAM,Namibia,NAM,,Namibia,Namibie,Southern Africa,Afrique australe,Africa,Afrique,343,4,4
2004,137,NEP,NPL,Nepal,NPL,NP,Nepal,N,Southern Asia,Sud de l'Asie centrale,Asia,Asie,629,3,3
2004,138,NET,NLD,Netherlands (Kingdom of the),NLD,NL,Netherlands (Kingdom of the),Pays-Bas,Western Europe,Europe occidentale,Europe,Europe,9751,88,88
2004,139,NGR,NER,Niger,NER,NE,Niger,Niger,Western Africa,Afrique occidentale,Africa,Afrique,55,3,3
2004,140,NIC,NIC,Nicaragua,NIC,NI,Nicaragua,Nicaragua,Central America,Am,Latin America and the Caribbean,Am,22,4,4
2004,141,NIG,NGA,Nigeria,NGA,NG,Nigeria,Nig,Western Africa,Afrique occidentale,Africa,Afrique,212,6,6
2004,143,NOR,NOR,Norway,NOR,NO,Norway,Norv,Northern Europe,Europe septentrionale,Europe,Europe,7916,81,81
2004,145,NZL,NZL,New Zealand,NZL,NZ,New Zealand,Nouvelle-Z,Australia-New Zealand,Australie-Nouvelle-Z,Oceania,Oc,996,36,59
2004,146,OMN,OMN,Oman,OMN,OM,Oman,Oman,Western Asia,Asie occidentale,Asia,Asie,7,1,1
2004,147,PAK,PAK,Pakistan,PAK,PK,Pakistan,Pakistan,Southern Asia,Sud de l'Asie centrale,Asia,Asie,3168,24,24
2004,148,PAN,PAN,Panama,PAN,PA,Panama,Panama,Central America,Am,Latin America and the Caribbean,Am,354,4,4
2004,149,PAR,PRY,Paraguay,PRY,PY,Paraguay,Paraguay,South America,Am,Latin America and the Caribbean,Am,9,1,1
2004,150,PER,PER,Peru,PER,PE,Peru,P,South America,Am,Latin America and the Caribbean,Am,141,3,3
2004,151,PHI,PHL,Philippines,PHL,PH,Philippines,Philippines,South-eastern Asia,Asie du Sud-Est,Asia,Asie,15,3,3
2004,153,PNG,PNG,Papua New Guinea,PNG,PG,Papua New Guinea,Papouasie-Nouvelle-Guin,Melanesia,M,Oceania,Oc,5,1,1
2004,154,POL,POL,Poland,POL,PL,Poland,Pologne,Eastern Europe,Europe orientale,Europe,Europe,8742,40,62
2004,155,POR,PRT,Portugal,PRT,PT,Portugal,Portugal,Southern Europe,Europe australe,Europe,Europe,100,16,16
2004,158,ROM,ROU,Romania,ROU,RO,Romania,Roumanie,Eastern Europe,Europe orientale,Europe,Europe,644,28,28
2004,159,RSA,ZAF,South Africa,ZAF,ZA,South Africa,Afrique du Sud,Southern Africa,Afrique australe,Africa,Afrique,32565,35,35
2004,160,RUS,RUS,Russian Federation,RUS,RU,Russian Federation,F,Eastern Europe,Europe orientale,Europe,Europe,907,14,14
2004,161,RWA,RWA,Rwanda,RWA,RW,Rwanda,Rwanda,Eastern Africa,Afrique orientale,Africa,Afrique,1000,2,2
2004,163,SAU,SAU,Saudi Arabia,SAU,SA,Saudi Arabia,Arabie saoudite,Western Asia,Asie occidentale,Asia,Asie,235,9,9
2004,164,SRB,SRB,Serbia and Kosovo: S/RES/1244 (1999),SRB,RS,Serbia and Kosovo: S/RES/1244 (1999),Serbie,Southern Europe,Europe australe,Europe,Europe,49,6,6
2004,165,SEN,SEN,Senegal,SEN,SN,Senegal,S,Western Africa,Afrique occidentale,Africa,Afrique,450,16,16
2004,168,SIN,SGP,Singapore,SGP,SG,Singapore,Singapour,South-eastern Asia,Asie du Sud-Est,Asia,Asie,10,2,2
2004,172,SOM,SOM,Somalia,SOM,SO,Somalia,Somalie,Eastern Africa,Afrique orientale,Africa,Afrique,175,1,1
2004,173,SPA,ESP,Spain,ESP,ES,Spain,Espagne,Southern Europe,Europe australe,Europe,Europe,5531,81,81
2004,177,SUD,SDN,Sudan,SDN,SD,Sudan,Soudan,Northern Africa,Afrique septentrionale,Africa,Afrique,11960,3,4
2004,180,SVK,SVK,Slovakia,SVK,SK,Slovakia,Slovaquie,Eastern Europe,Europe orientale,Europe,Europe,11385,43,43
2004,181,SVN,SVN,Slovenia,SVN,SI,Slovenia,Slov,Southern Europe,Europe australe,Europe,Europe,1265,24,24
2004,183,SWE,SWE,Sweden,SWE,SE,Sweden,Su,Northern Europe,Europe septentrionale,Europe,Europe,23157,105,105
2004,184,SWI,CHE,Switzerland,CHE,CH,Switzerland,Suisse,Western Europe,Europe occidentale,Europe,Europe,27614,99,100
2004,185,SYR,SYR,Syrian Arab Rep.,SYR,SY,Syrian Arab Rep.,R,Western Asia,Asie occidentale,Asia,Asie,5275,19,19
2004,186,TAN,TZA,United Rep. of Tanzania,TZA,TZ,United Rep. of Tanzania,R,Eastern Africa,Afrique orientale,Africa,Afrique,7,1,1
2004,188,THA,THA,Thailand,THA,TH,Thailand,Tha,South-eastern Asia,Asie du Sud-Est,Asia,Asie,2463,27,27
2004,190,TKM,TKM,Turkmenistan,TKM,TM,Turkmenistan,Turkm,Central Asia,Sud de l'Asie centrale,Asia,Asie,31,3,3
2004,192,TOG,TGO,Togo,TGO,TG,Togo,Togo,Western Africa,Afrique occidentale,Africa,Afrique,222,7,9
2004,195,TUN,TUN,Tunisia,TUN,TN,Tunisia,Tunisie,Northern Africa,Afrique septentrionale,Africa,Afrique,73,6,6
2004,196,TUR,TUR,Türkiye,TUR,TR,Türkiye,Türkiye,Western Asia,Asie occidentale,Asia,Asie,3904,24,24
2004,198,UAE,ARE,United Arab Emirates,ARE,AE,United Arab Emirates,Emirats arabes unis,Western Asia,Asie occidentale,Asia,Asie,54,4,4
2004,199,UGA,UGA,Uganda,UGA,UG,Uganda,Ouganda,Eastern Africa,Afrique orientale,Africa,Afrique,3818,10,10
2004,200,UKR,UKR,Ukraine,UKR,UA,Ukraine,Ukraine,Eastern Europe,Europe orientale,Europe,Europe,2582,34,85
2004,201,URU,URY,Uruguay,URY,UY,Uruguay,Uruguay,South America,Am,Latin America and the Caribbean,Am,5,1,1
2004,202,USA,USA,United States of America,USA,US,United States of America,Etats-Unis d'Am,Northern America,Am,Northern America,Am,44970,149,269
2004,203,UZB,UZB,Uzbekistan,UZB,UZ,Uzbekistan,Ouzb,Central Asia,Sud de l'Asie centrale,Asia,Asie,197,8,8
2004,207,VEN,VEN,Venezuela (Bolivarian Republic of),VEN,VE,Venezuela (Bolivarian Republic of),Venezuela (R,South America,Am,Latin America and the Caribbean,Am,2258,4,4
2004,211,YEM,YEM,Yemen,YEM,YE,Yemen,Y,Western Asia,Asie occidentale,Asia,Asie,1558,9,9
2004,213,ZAM,ZMB,Zambia,ZMB,ZM,Zambia,Zambie,Eastern Africa,Afrique orientale,Africa,Afrique,363,5,5
2004,214,ZIM,ZWE,Zimbabwe,ZWE,ZW,Zimbabwe,Zimbabwe,Eastern Africa,Afrique orientale,Africa,Afrique,960,3,3
2005,2,AFG,AFG,Afghanistan,AFG,AF,Afghanistan,Afghanistan,Southern Asia,Sud de l'Asie centrale,Asia,Asie,24,3,3
2005,3,ALB,ALB,Albania,ALB,AL,Albania,Albanie,Southern Europe,Europe australe,Europe,Europe,20,2,2
2005,4,ALG,DZA,Algeria,DZA,DZ,Algeria,Alg,Northern Africa,Afrique septentrionale,Africa,Afrique,349,7,7
2005,6,ANG,AGO,Angola,AGO,AO,Angola,Angola,Middle Africa,Afrique australe,Africa,Afrique,70,6,6
2005,8,ARE,EGY,Egypt,EGY,EG,Egypt,Egypte,Northern Africa,Afrique septentrionale,Africa,Afrique,3469,14,14
2005,9,ARG,ARG,Argentina,ARG,AR,Argentina,Argentine,South America,Am,Latin America and the Caribbean,Am,395,20,20
2005,10,ARM,ARM,Armenia,ARM,AM,Armenia,Arm,Western Asia,Asie occidentale,Asia,Asie,154,3,3
2005,11,AUL,AUS,Australia,AUS,AU,Australia,Australie,Australia-New Zealand,Australie-Nouvelle-Z,Oceania,Oc,6315,77,131
2005,12,AUS,AUT,Austria,AUT,AT,Austria,Autriche,Western Europe,Europe occidentale,Europe,Europe,22438,77,77
2005,13,AZE,AZE,Azerbaijan,AZE,AZ,Azerbaijan,Azerba,Western Asia,Asie occidentale,Asia,Asie,1354,10,25
2005,14,BAH,BHR,Bahrain,BHR,BH,Bahrain,Bahre,Western Asia,Asie occidentale,Asia,Asie,9,1,1
2005,16,BDI,BDI,Burundi,BDI,BI,Burundi,Burundi,Eastern Africa,Afrique orientale,Africa,Afrique,10036,3,5
2005,17,BEL,BEL,Belgium,BEL,BE,Belgium,Belgique,Western Europe,Europe occidentale,Europe,Europe,22823,95,163
2005,18,BEN,BEN,Benin,BEN,BJ,Benin,B,Western Africa,Afrique occidentale,Africa,Afrique,779,13,14
2005,20,BGD,BGD,Bangladesh,BGD,BD,Bangladesh,Bangladesh,Southern Asia,Sud de l'Asie centrale,Asia,Asie,50,2,2
2005,23,BKF,BFA,Burkina Faso,BFA,BF,Burkina Faso,Burkina Faso,Western Africa,Afrique occidentale,Africa,Afrique,206,8,8
2005,24,BLR,BLR,Belarus,BLR,BY,Belarus,B,Eastern Europe,Europe orientale,Europe,Europe,209,11,11
2005,25,BOL,BOL,Bolivia (Plurinational State of),BOL,BO,Bolivia (Plurinational State of),Bolivie,South America,Am,Latin America and the Caribbean,Am,19,2,2
2005,27,BRA,BRA,Brazil,BRA,BR,Brazil,Br,South America,Am,Latin America and the Caribbean,Am,554,25,25
2005,29,BSN,BIH,Bosnia and Herzegovina,BIH,BA,Bosnia and Herzegovina,Bosnie-Herz,Southern Europe,Europe australe,Europe,Europe,155,12,12
2005,30,BUL,BGR,Bulgaria,BGR,BG,Bulgaria,Bulgarie,Eastern Europe,Europe orientale,Europe,Europe,812,26,26
2005,31,BZE,BLZ,Belize,BLZ,BZ,Belize,Belize,Central America,Am,Latin America and the Caribbean,Am,5,1,1
2005,32,CAM,KHM,Cambodia,KHM,KH,Cambodia,Cambodge,South-eastern Asia,Asie du Sud-Est,Asia,Asie,622,1,2
2005,33,CAN,CAN,Canada,CAN,CA,Canada,Canada,Northern America,Am,Northern America,Am,20765,141,141
2005,34,CAR,CAF,Central African Rep.,CAF,CF,Central African Rep.,R,Middle Africa,Afrique australe,Africa,Afrique,298,9,9
2005,36,CHD,TCD,Chad,TCD,TD,Chad,Tchad,Middle Africa,Afrique australe,Africa,Afrique,151,8,8
2005,37,CHI,CHN,China,CHN,CN,China,Chine,Eastern Asia,Asie orientale,Asia,Asie,151,10,10
2005,38,CHL,CHL,Chile,CHL,CL,Chile,Chili,South America,Am,Latin America and the Caribbean,Am,372,5,5
2005,39,CMR,CMR,Cameroon,CMR,CM,Cameroon,Cameroun,Middle Africa,Afrique australe,Africa,Afrique,3142,11,11
2005,40,COB,COG,Congo,COG,CG,Congo,Congo,Middle Africa,Afrique australe,Africa,Afrique,618,12,12
2005,41,COD,COD,Dem. Rep. of the Congo,COD,CD,Dem. Rep. of the Congo,R,Middle Africa,Afrique australe,Africa,Afrique,194,9,9
2005,44,COL,COL,Colombia,COL,CO,Colombia,Colombie,South America,Am,Latin America and the Caribbean,Am,92,4,8
2005,46,CUB,CUB,Cuba,CUB,CU,Cuba,Cuba,Caribbean,Cara,Latin America and the Caribbean,Am,35,2,2
2005,48,CYP,CYP,Cyprus,CYP,CY,Cyprus,Chypre,Western Asia,Asie occidentale,Asia,Asie,10201,47,72
2005,49,CZE,CZE,Czechia,CZE,CZ,Czechia,R,Eastern Europe,Europe orientale,Europe,Europe,4160,35,35
2005,50,DEN,DNK,Denmark,DNK,DK,Denmark,Danemark,Northern Europe,Europe septentrionale,Europe,Europe,2237,61,61
2005,51,DJB,DJI,Djibouti,DJI,DJ,Djibouti,Djibouti,Eastern Africa,Afrique orientale,Africa,Afrique,17,1,1
2005,54,ECU,ECU,Ecuador,ECU,EC,Ecuador,Equateur,South America,Am,Latin America and the Caribbean,Am,7076,9,9
2005,56,ERT,ERI,Eritrea,ERI,ER,Eritrea,Erythr,Eastern Africa,Afrique orientale,Africa,Afrique,1303,3,3
2005,57,EST,EST,Estonia,EST,EE,Estonia,Estonie,Northern Europe,Europe septentrionale,Europe,Europe,10,2,2
2005,58,ETH,ETH,Ethiopia,ETH,ET,Ethiopia,Ethiopie,Eastern Africa,Afrique orientale,Africa,Afrique,3200,6,6
2005,61,FIN,FIN,Finland,FIN,FI,Finland,Finlande,Northern Europe,Europe septentrionale,Europe,Europe,3547,54,54
2005,64,FRA,FRA,France,FRA,FR,France,France,Western Europe,Europe occidentale,Europe,Europe,97790,94,192
2005,67,GAB,GAB,Gabon,GAB,GA,Gabon,Gabon,Middle Africa,Afrique australe,Africa,Afrique,226,8,8
2005,70,GBR,GBR,United Kingdom of Great Britain and Northern Ireland,GBR,GB,United Kingdom of Great Britain and Northern Ireland,Royaume-Uni,Northern Europe,Europe septentrionale,Europe,Europe,57984,111,113
2005,71,GEO,GEO,Georgia,GEO,GE,Georgia,G,Western Asia,Asie occidentale,Asia,Asie,21,2,2
2005,72,GFR,DEU,Germany,DEU,DE,Germany,Allemagne,Western Europe,Europe occidentale,Europe,Europe,42891,96,170
2005,73,GHA,GHA,Ghana,GHA,GH,Ghana,Ghana,Western Africa,Afrique occidentale,Africa,Afrique,14046,6,6
2005,75,GNB,GNB,Guinea-Bissau,GNB,GW,Guinea-Bissau,Guin,Western Africa,Afrique occidentale,Africa,Afrique,184,6,6
2005,76,GRE,GRC,Greece,GRC,GR,Greece,Gr,Southern Europe,Europe australe,Europe,Europe,9043,50,50
2005,78,GUA,GTM,Guatemala,GTM,GT,Guatemala,Guatemala,Central America,Am,Latin America and the Caribbean,Am,21,2,2
2005,79,GUI,GIN,Guinea,GIN,GN,Guinea,Guin,Western Africa,Afrique occidentale,Africa,Afrique,2471,9,9
2005,82,HKG,HKG,"China, Hong Kong SAR",HKG,HK,"China, Hong Kong SAR","Hong Kong, RAS de la R",Eastern Asia,Asie orientale,Asia,Asie,1024,24,28
2005,83,HON,HND,Honduras,HND,HN,Honduras,Honduras,Central America,Am,Latin America and the Caribbean,Am,103,4,4
2005,84,HRV,HRV,Croatia,HRV,HR,Croatia,Croatie,Southern Europe,Europe australe,Europe,Europe,194,18,20
2005,85,HUN,HUN,Hungary,HUN,HU,Hungary,Hongrie,Eastern Europe,Europe orientale,Europe,Europe,2176,41,67
2005,86,ICE,ISL,Iceland,ISL,IS,Iceland,Islande,Northern Europe,Europe septentrionale,Europe,Europe,93,10,14
2005,87,ICO,CIV,Cote d'Ivoire,CIV,CI,Cote d'Ivoire,C,Western Africa,Afrique occidentale,Africa,Afrique,631,11,11
2005,88,IND,IND,India,IND,IN,India,Inde,Southern Asia,Sud de l'Asie centrale,Asia,Asie,1098,13,21
2005,89,INS,IDN,Indonesia,IDN,ID,Indonesia,Indon,South-eastern Asia,Asie du Sud-Est,Asia,Asie,59,7,7
2005,90,IRE,IRL,Ireland,IRL,IE,Ireland,Irlande,Northern Europe,Europe septentrionale,Europe,Europe,8531,65,65
2005,91,IRN,IRN,Iran (Islamic Rep. of),IRN,IR,Iran (Islamic Rep. of),R,Southern Asia,Sud de l'Asie centrale,Asia,Asie,247,7,7
2005,92,IRQ,IRQ,Iraq,IRQ,IQ,Iraq,Iraq,Western Asia,Asie occidentale,Asia,Asie,595,2,2
2005,93,ISR,ISR,Israel,ISR,IL,Israel,Isra,Western Asia,Asie occidentale,Asia,Asie,899,26,26
2005,94,ITA,ITA,Italy,ITA,IT,Italy,Italie,Southern Europe,Europe australe,Europe,Europe,9544,57,57
2005,96,JOR,JOR,Jordan,JOR,JO,Jordan,Jordanie,Western Asia,Asie occidentale,Asia,Asie,5757,12,12
2005,97,JPN,JPN,Japan,JPN,JP,Japan,Japon,Eastern Asia,Asie orientale,Asia,Asie,651,13,24
2005,98,KAZ,KAZ,Kazakhstan,KAZ,KZ,Kazakhstan,Kazakhstan,Central Asia,Sud de l'Asie centrale,Asia,Asie,215,3,3
2005,99,KEN,KEN,Kenya,KEN,KE,Kenya,Kenya,Eastern Africa,Afrique orientale,Africa,Afrique,39002,9,9
2005,100,KGZ,KGZ,Kyrgyzstan,KGZ,KG,Kyrgyzstan,Kirghizistan,Central Asia,Sud de l'Asie centrale,Asia,Asie,1228,5,9
2005,102,KOR,KOR,Rep. of Korea,KOR,KR,Rep. of Korea,R,Eastern Asia,Asie orientale,Asia,Asie,393,15,15
2005,104,KUW,KWT,Kuwait,KWT,KW,Kuwait,Kowe,Western Asia,Asie occidentale,Asia,Asie,57,7,7
2005,106,LBR,LBR,Liberia,LBR,LR,Liberia,Lib,Western Africa,Afrique occidentale,Africa,Afrique,22,3,3
2005,109,LEB,LBN,Lebanon,LBN,LB,Lebanon,Liban,Western Asia,Asie occidentale,Asia,Asie,1013,7,7
2005,111,LIE,LIE,Liechtenstein,LIE,LI,Liechtenstein,Liechtenstein,Western Europe,Europe occidentale,Europe,Europe,49,8,8
2005,112,LKA,LKA,Sri Lanka,LKA,LK,Sri Lanka,Sri Lanka,Southern Asia,Sud de l'Asie centrale,Asia,Asie,149,2,2
2005,113,LTU,LTU,Lithuania,LTU,LT,Lithuania,Lituanie,Northern Europe,Europe septentrionale,Europe,Europe,111,5,5
2005,114,LUX,LUX,Luxembourg,LUX,LU,Luxembourg,Luxembourg,Western Europe,Europe occidentale,Europe,Europe,774,34,34
2005,115,LVA,LVA,Latvia,LVA,LV,Latvia,Lettonie,Northern Europe,Europe septentrionale,Europe,Europe,18,3,3
2005,119,MAU,MRT,Mauritania,MRT,MR,Mauritania,Mauritanie,Western Africa,Afrique occidentale,Africa,Afrique,279,8,8
2005,120,MCD,MKD,North Macedonia,MKD,MK,North Macedonia,Ex-R,Southern Europe,Europe australe,Europe,Europe,71,2,2
2005,122,MDA,MDA,Rep. of Moldova,MDA,MD,Rep. of Moldova,R,Eastern Europe,Europe orientale,Europe,Europe,103,14,14
2005,124,MEX,MEX,Mexico,MEX,MX,Mexico,Mexique,Central America,Am,Latin America and the Caribbean,Am,664,24,24
2005,126,MLI,MLI,Mali,MLI,ML,Mali,Mali,Western Africa,Afrique occidentale,Africa,Afrique,972,11,11
2005,127,MLS,MYS,Malaysia,MYS,MY,Malaysia,Malaisie,South-eastern Asia,Asie du Sud-Est,Asia,Asie,15144,25,25
2005,128,MLW,MWI,Malawi,MWI,MW,Malawi,Malawi,Eastern Africa,Afrique orientale,Africa,Afrique,3710,7,7
2005,130,MOR,MAR,Morocco,MAR,MA,Morocco,Maroc,Northern Africa,Afrique septentrionale,Africa,Afrique,1895,25,25
2005,131,MOZ,MOZ,Mozambique,MOZ,MZ,Mozambique,Mozambique,Eastern Africa,Afrique orientale,Africa,Afrique,856,4,4
2005,132,MTA,MLT,Malta,MLT,MT,Malta,Malte,Southern Europe,Europe australe,Europe,Europe,1159,27,27
2005,136,NAM,NAM,Namibia,NAM,,Namibia,Namibie,Southern Africa,Afrique australe,Africa,Afrique,231,4,4
2005,137,NEP,NPL,Nepal,NPL,NP,Nepal,N,Southern Asia,Sud de l'Asie centrale,Asia,Asie,927,6,7
2005,138,NET,NLD,Netherlands (Kingdom of the),NLD,NL,Netherlands (Kingdom of the),Pays-Bas,Western Europe,Europe occidentale,Europe,Europe,12325,87,87
2005,139,NGR,NER,Niger,NER,NE,Niger,Niger,Western Africa,Afrique occidentale,Africa,Afrique,19,2,3
2005,140,NIC,NIC,Nicaragua,NIC,NI,Nicaragua,Nicaragua,Central America,Am,Latin America and the Caribbean,Am,11,2,2
2005,141,NIG,NGA,Nigeria,NGA,NG,Nigeria,Nig,Western Africa,Afrique occidentale,Africa,Afrique,1218,10,10
2005,143,NOR,NOR,Norway,NOR,NO,Norway,Norv,Northern Europe,Europe septentrionale,Europe,Europe,5378,76,76
2005,145,NZL,NZL,New Zealand,NZL,NZ,New Zealand,Nouvelle-Z,Australia-New Zealand,Australie-Nouvelle-Z,Oceania,Oc,633,35,55
2005,147,PAK,PAK,Pakistan,PAK,PK,Pakistan,Pakistan,Southern Asia,Sud de l'Asie centrale,Asia,Asie,1752,14,14
2005,148,PAN,PAN,Panama,PAN,PA,Panama,Panama,Central America,Am,Latin America and the Caribbean,Am,433,2,2
2005,149,PAR,PRY,Paraguay,PRY,PY,Paraguay,Paraguay,South America,Am,Latin America and the Caribbean,Am,13,1,1
2005,150,PER,PER,Peru,PER,PE,Peru,P,South America,Am,Latin America and the Caribbean,Am,213,2,2
2005,151,PHI,PHL,Philippines,PHL,PH,Philippines,Philippines,South-eastern Asia,Asie du Sud-Est,Asia,Asie,10,2,2
2005,154,POL,POL,Poland,POL,PL,Poland,Pologne,Eastern Europe,Europe orientale,Europe,Europe,8236,35,56
2005,155,POR,PRT,Portugal,PRT,PT,Portugal,Portugal,Southern Europe,Europe australe,Europe,Europe,87,11,11
2005,157,QAT,QAT,Qatar,QAT,QA,Qatar,Qatar,Western Asia,Asie occidentale,Asia,Asie,5,1,1
2005,158,ROM,ROU,Romania,ROU,RO,Romania,Roumanie,Eastern Europe,Europe orientale,Europe,Europe,577,31,31
2005,159,RSA,ZAF,South Africa,ZAF,ZA,South Africa,Afrique du Sud,Southern Africa,Afrique australe,Africa,Afrique,28517,31,31
2005,160,RUS,RUS,Russian Federation,RUS,RU,Russian Federation,F,Eastern Europe,Europe orientale,Europe,Europe,952,23,23
2005,161,RWA,RWA,Rwanda,RWA,RW,Rwanda,Rwanda,Eastern Africa,Afrique orientale,Africa,Afrique,3638,2,2
2005,163,SAU,SAU,Saudi Arabia,SAU,SA,Saudi Arabia,Arabie saoudite,Western Asia,Asie occidentale,Asia,Asie,332,8,8
2005,164,SRB,SRB,Serbia and Kosovo: S/RES/1244 (1999),SRB,RS,Serbia and Kosovo: S/RES/1244 (1999),Serbie,Southern Europe,Europe australe,Europe,Europe,83,11,11
2005,165,SEN,SEN,Senegal,SEN,SN,Senegal,S,Western Africa,Afrique occidentale,Africa,Afrique,488,12,12
2005,168,SIN,SGP,Singapore,SGP,SG,Singapore,Singapour,South-eastern Asia,Asie du Sud-Est,Asia,Asie,8,1,1
2005,169,SLE,SLE,Sierra Leone,SLE,SL,Sierra Leone,Sierra Leone,Western Africa,Afrique occidentale,Africa,Afrique,45,3,3
2005,172,SOM,SOM,Somalia,SOM,SO,Somalia,Somalie,Eastern Africa,Afrique orientale,Africa,Afrique,254,4,4
2005,173,SPA,ESP,Spain,ESP,ES,Spain,Espagne,Southern Europe,Europe australe,Europe,Europe,5241,77,77
2005,177,SUD,SDN,Sudan,SDN,SD,Sudan,Soudan,Northern Africa,Afrique septentrionale,Africa,Afrique,6445,3,6
2005,180,SVK,SVK,Slovakia,SVK,SK,Slovakia,Slovaquie,Eastern Europe,Europe orientale,Europe,Europe,3525,30,30
2005,181,SVN,SVN,Slovenia,SVN,SI,Slovenia,Slov,Southern Europe,Europe australe,Europe,Europe,1821,26,26
2005,183,SWE,SWE,Sweden,SWE,SE,Sweden,Su,Northern Europe,Europe septentrionale,Europe,Europe,17533,101,101
2005,184,SWI,CHE,Switzerland,CHE,CH,Switzerland,Suisse,Western Europe,Europe occidentale,Europe,Europe,18825,91,92
2005,185,SYR,SYR,Syrian Arab Rep.,SYR,SY,Syrian Arab Rep.,R,Western Asia,Asie occidentale,Asia,Asie,922,15,15
2005,186,TAN,TZA,United Rep. of Tanzania,TZA,TZ,United Rep. of Tanzania,R,Eastern Africa,Afrique orientale,Africa,Afrique,144,3,3
2005,188,THA,THA,Thailand,THA,TH,Thailand,Tha,South-eastern Asia,Asie du Sud-Est,Asia,Asie,47686,21,44
2005,189,TJK,TJK,Tajikistan,TJK,TJ,Tajikistan,Tadjikistan,Central Asia,Sud de l'Asie centrale,Asia,Asie,244,2,2
2005,190,TKM,TKM,Turkmenistan,TKM,TM,Turkmenistan,Turkm,Central Asia,Sud de l'Asie centrale,Asia,Asie,33,3,3
2005,192,TOG,TGO,Togo,TGO,TG,Togo,Togo,Western Africa,Afrique occidentale,Africa,Afrique,105,4,4
2005,195,TUN,TUN,Tunisia,TUN,TN,Tunisia,Tunisie,Northern Africa,Afrique septentrionale,Africa,Afrique,110,8,8
2005,196,TUR,TUR,Türkiye,TUR,TR,Türkiye,Türkiye,Western Asia,Asie occidentale,Asia,Asie,3916,24,25
2005,198,UAE,ARE,United Arab Emirates,ARE,AE,United Arab Emirates,Emirats arabes unis,Western Asia,Asie occidentale,Asia,Asie,51,5,5
2005,200,UKR,UKR,Ukraine,UKR,UA,Ukraine,Ukraine,Eastern Europe,Europe orientale,Europe,Europe,2399,40,61
2005,201,URU,URY,Uruguay,URY,UY,Uruguay,Uruguay,South America,Am,Latin America and the Caribbean,Am,22,2,2
2005,202,USA,USA,United States of America,USA,US,United States of America,Etats-Unis d'Am,Northern America,Am,Northern America,Am,39208,130,231
2005,203,UZB,UZB,Uzbekistan,UZB,UZ,Uzbekistan,Ouzb,Central Asia,Sud de l'Asie centrale,Asia,Asie,212,5,5
2005,207,VEN,VEN,Venezuela (Bolivarian Republic of),VEN,VE,Venezuela (Bolivarian Republic of),Venezuela (R,South America,Am,Latin America and the Caribbean,Am,1653,5,5
2005,211,YEM,YEM,Yemen,YEM,YE,Yemen,Y,Western Asia,Asie occidentale,Asia,Asie,1937,7,7
2005,213,ZAM,ZMB,Zambia,ZMB,ZM,Zambia,Zambie,Eastern Africa,Afrique orientale,Africa,Afrique,163,5,5
2005,214,ZIM,ZWE,Zimbabwe,ZWE,ZW,Zimbabwe,Zimbabwe,Eastern Africa,Afrique orientale,Africa,Afrique,1671,1,1
2006,2,AFG,AFG,Afghanistan,AFG,AF,Afghanistan,Afghanistan,Southern Asia,Sud de l'Asie centrale,Asia,Asie,9,1,1
2006,3,ALB,ALB,Albania,ALB,AL,Albania,Albanie,Southern Europe,Europe australe,Europe,Europe,13,2,2
2006,4,ALG,DZA,Algeria,DZA,DZ,Algeria,Alg,Northern Africa,Afrique septentrionale,Africa,Afrique,730,13,13
2006,6,ANG,AGO,Angola,AGO,AO,Angola,Angola,Middle Africa,Afrique australe,Africa,Afrique,1016,13,13
2006,8,ARE,EGY,Egypt,EGY,EG,Egypt,Egypte,Northern Africa,Afrique septentrionale,Africa,Afrique,7122,17,21
2006,9,ARG,ARG,Argentina,ARG,AR,Argentina,Argentine,South America,Am,Latin America and the Caribbean,Am,341,13,13
2006,10,ARM,ARM,Armenia,ARM,AM,Armenia,Arm,Western Asia,Asie occidentale,Asia,Asie,617,6,6
2006,11,AUL,AUS,Australia,AUS,AU,Australia,Australie,Australia-New Zealand,Australie-Nouvelle-Z,Oceania,Oc,6546,78,133
2006,12,AUS,AUT,Austria,AUT,AT,Austria,Autriche,Western Europe,Europe occidentale,Europe,Europe,13331,73,73
2006,13,AZE,AZE,Azerbaijan,AZE,AZ,Azerbaijan,Azerba,Western Asia,Asie occidentale,Asia,Asie,727,10,17
2006,16,BDI,BDI,Burundi,BDI,BI,Burundi,Burundi,Eastern Africa,Afrique orientale,Africa,Afrique,11498,4,5
2006,17,BEL,BEL,Belgium,BEL,BE,Belgium,Belgique,Western Europe,Europe occidentale,Europe,Europe,16969,98,168
2006,18,BEN,BEN,Benin,BEN,BJ,Benin,B,Western Africa,Afrique occidentale,Africa,Afrique,1137,9,15
2006,20,BGD,BGD,Bangladesh,BGD,BD,Bangladesh,Bangladesh,Southern Asia,Sud de l'Asie centrale,Asia,Asie,36,2,2
2006,23,BKF,BFA,Burkina Faso,BFA,BF,Burkina Faso,Burkina Faso,Western Africa,Afrique occidentale,Africa,Afrique,410,14,21
2006,24,BLR,BLR,Belarus,BLR,BY,Belarus,B,Eastern Europe,Europe orientale,Europe,Europe,85,9,9
2006,25,BOL,BOL,Bolivia (Plurinational State of),BOL,BO,Bolivia (Plurinational State of),Bolivie,South America,Am,Latin America and the Caribbean,Am,55,3,3
2006,26,BOT,BWA,Botswana,BWA,BW,Botswana,Botswana,Southern Africa,Afrique australe,Africa,Afrique,59,6,6
2006,27,BRA,BRA,Brazil,BRA,BR,Brazil,Br,South America,Am,Latin America and the Caribbean,Am,833,21,21
2006,29,BSN,BIH,Bosnia and Herzegovina,BIH,BA,Bosnia and Herzegovina,Bosnie-Herz,Southern Europe,Europe australe,Europe,Europe,56,2,2
2006,30,BUL,BGR,Bulgaria,BGR,BG,Bulgaria,Bulgarie,Eastern Europe,Europe orientale,Europe,Europe,626,22,22
2006,32,CAM,KHM,Cambodia,KHM,KH,Cambodia,Cambodge,South-eastern Asia,Asie du Sud-Est,Asia,Asie,460,6,7
2006,33,CAN,CAN,Canada,CAN,CA,Canada,Canada,Northern America,Am,Northern America,Am,22858,148,148
2006,34,CAR,CAF,Central African Rep.,CAF,CF,Central African Rep.,R,Middle Africa,Afrique australe,Africa,Afrique,462,4,4
2006,36,CHD,TCD,Chad,TCD,TD,Chad,Tchad,Middle Africa,Afrique australe,Africa,Afrique,95,6,6
2006,37,CHI,CHN,China,CHN,CN,China,Chine,Eastern Asia,Asie orientale,Asia,Asie,88,6,6
2006,38,CHL,CHL,Chile,CHL,CL,Chile,Chili,South America,Am,Latin America and the Caribbean,Am,575,6,6
2006,39,CMR,CMR,Cameroon,CMR,CM,Cameroon,Cameroun,Middle Africa,Afrique australe,Africa,Afrique,3815,15,15
2006,40,COB,COG,Congo,COG,CG,Congo,Congo,Middle Africa,Afrique australe,Africa,Afrique,1109,13,13
2006,41,COD,COD,Dem. Rep. of the Congo,COD,CD,Dem. Rep. of the Congo,R,Middle Africa,Afrique australe,Africa,Afrique,79,6,6
2006,44,COL,COL,Colombia,COL,CO,Colombia,Colombie,South America,Am,Latin America and the Caribbean,Am,82,4,5
2006,45,COS,CRI,Costa Rica,CRI,CR,Costa Rica,Costa Rica,Central America,Am,Latin America and the Caribbean,Am,775,4,4
2006,46,CUB,CUB,Cuba,CUB,CU,Cuba,Cuba,Caribbean,Cara,Latin America and the Caribbean,Am,23,3,3
2006,48,CYP,CYP,Cyprus,CYP,CY,Cyprus,Chypre,Western Asia,Asie occidentale,Asia,Asie,7164,43,69
2006,49,CZE,CZE,Czechia,CZE,CZ,Czechia,R,Eastern Europe,Europe orientale,Europe,Europe,5129,43,73
2006,50,DEN,DNK,Denmark,DNK,DK,Denmark,Danemark,Northern Europe,Europe septentrionale,Europe,Europe,1899,58,58
2006,51,DJB,DJI,Djibouti,DJI,DJ,Djibouti,Djibouti,Eastern Africa,Afrique orientale,Africa,Afrique,9,1,1
2006,54,ECU,ECU,Ecuador,ECU,EC,Ecuador,Equateur,South America,Am,Latin America and the Caribbean,Am,7777,14,14
2006,56,ERT,ERI,Eritrea,ERI,ER,Eritrea,Erythr,Eastern Africa,Afrique orientale,Africa,Afrique,469,3,3
2006,57,EST,EST,Estonia,EST,EE,Estonia,Estonie,Northern Europe,Europe septentrionale,Europe,Europe,5,1,1
2006,58,ETH,ETH,Ethiopia,ETH,ET,Ethiopia,Ethiopie,Eastern Africa,Afrique orientale,Africa,Afrique,2810,11,11
2006,61,FIN,FIN,Finland,FIN,FI,Finland,Finlande,Northern Europe,Europe septentrionale,Europe,Europe,2327,57,57
2006,64,FRA,FRA,France,FRA,FR,France,France,Western Europe,Europe occidentale,Europe,Europe,69815,85,171
2006,67,GAB,GAB,Gabon,GAB,GA,Gabon,Gabon,Middle Africa,Afrique australe,Africa,Afrique,449,11,11
2006,68,GAM,GMB,Gambia,GMB,GM,Gambia,Gambie,Western Africa,Afrique occidentale,Africa,Afrique,41,1,1
2006,70,GBR,GBR,United Kingdom of Great Britain and Northern Ireland,GBR,GB,United Kingdom of Great Britain and Northern Ireland,Royaume-Uni,Northern Europe,Europe septentrionale,Europe,Europe,46022,106,108
2006,71,GEO,GEO,Georgia,GEO,GE,Georgia,G,Western Asia,Asie occidentale,Asia,Asie,23,3,3
2006,72,GFR,DEU,Germany,DEU,DE,Germany,Allemagne,Western Europe,Europe occidentale,Europe,Europe,30059,91,158
2006,73,GHA,GHA,Ghana,GHA,GH,Ghana,Ghana,Western Africa,Afrique occidentale,Africa,Afrique,97,7,7
2006,75,GNB,GNB,Guinea-Bissau,GNB,GW,Guinea-Bissau,Guin,Western Africa,Afrique occidentale,Africa,Afrique,384,6,6
2006,76,GRE,GRC,Greece,GRC,GR,Greece,Gr,Southern Europe,Europe australe,Europe,Europe,12252,57,57
2006,78,GUA,GTM,Guatemala,GTM,GT,Guatemala,Guatemala,Central America,Am,Latin America and the Caribbean,Am,26,2,2
2006,79,GUI,GIN,Guinea,GIN,GN,Guinea,Guin,Western Africa,Afrique occidentale,Africa,Afrique,1226,5,5
2006,82,HKG,HKG,"China, Hong Kong SAR",HKG,HK,"China, Hong Kong SAR","Hong Kong, RAS de la R",Eastern Asia,Asie orientale,Asia,Asie,3014,21,39
2006,83,HON,HND,Honduras,HND,HN,Honduras,Honduras,Central America,Am,Latin America and the Caribbean,Am,14,2,2
2006,84,HRV,HRV,Croatia,HRV,HR,Croatia,Croatie,Southern Europe,Europe australe,Europe,Europe,98,9,11
2006,85,HUN,HUN,Hungary,HUN,HU,Hungary,Hongrie,Eastern Europe,Europe orientale,Europe,Europe,2095,43,43
2006,86,ICE,ISL,Iceland,ISL,IS,Iceland,Islande,Northern Europe,Europe septentrionale,Europe,Europe,20,3,3
2006,87,ICO,CIV,Cote d'Ivoire,CIV,CI,Cote d'Ivoire,C,Western Africa,Afrique occidentale,Africa,Afrique,295,12,12
2006,88,IND,IND,India,IND,IN,India,Inde,Southern Asia,Sud de l'Asie centrale,Asia,Asie,1413,11,19
2006,89,INS,IDN,Indonesia,IDN,ID,Indonesia,Indon,South-eastern Asia,Asie du Sud-Est,Asia,Asie,405,9,9
2006,90,IRE,IRL,Ireland,IRL,IE,Ireland,Irlande,Northern Europe,Europe septentrionale,Europe,Europe,7456,70,132
2006,91,IRN,IRN,Iran (Islamic Rep. of),IRN,IR,Iran (Islamic Rep. of),R,Southern Asia,Sud de l'Asie centrale,Asia,Asie,1098,5,5
2006,92,IRQ,IRQ,Iraq,IRQ,IQ,Iraq,Iraq,Western Asia,Asie occidentale,Asia,Asie,480,3,3
2006,93,ISR,ISR,Israel,ISR,IL,Israel,Isra,Western Asia,Asie occidentale,Asia,Asie,1321,31,31
2006,94,ITA,ITA,Italy,ITA,IT,Italy,Italie,Southern Europe,Europe australe,Europe,Europe,10333,70,70
2006,96,JOR,JOR,Jordan,JOR,JO,Jordan,Jordanie,Western Asia,Asie occidentale,Asia,Asie,4844,10,10
2006,97,JPN,JPN,Japan,JPN,JP,Japan,Japon,Eastern Asia,Asie orientale,Asia,Asie,1345,15,19
2006,98,KAZ,KAZ,Kazakhstan,KAZ,KZ,Kazakhstan,Kazakhstan,Central Asia,Sud de l'Asie centrale,Asia,Asie,302,5,5
2006,99,KEN,KEN,Kenya,KEN,KE,Kenya,Kenya,Eastern Africa,Afrique orientale,Africa,Afrique,37489,11,16
2006,100,KGZ,KGZ,Kyrgyzstan,KGZ,KG,Kyrgyzstan,Kirghizistan,Central Asia,Sud de l'Asie centrale,Asia,Asie,514,8,10
2006,102,KOR,KOR,Rep. of Korea,KOR,KR,Rep. of Korea,R,Eastern Asia,Asie orientale,Asia,Asie,273,17,17
2006,104,KUW,KWT,Kuwait,KWT,KW,Kuwait,Kowe,Western Asia,Asie occidentale,Asia,Asie,409,5,5
2006,106,LBR,LBR,Liberia,LBR,LR,Liberia,Lib,Western Africa,Afrique occidentale,Africa,Afrique,52,5,5
2006,107,LBY,LBY,Libya,LBY,LY,Libya,Libye,Northern Africa,Afrique septentrionale,Africa,Afrique,1045,12,12
2006,109,LEB,LBN,Lebanon,LBN,LB,Lebanon,Liban,Western Asia,Asie occidentale,Asia,Asie,1935,11,17
2006,111,LIE,LIE,Liechtenstein,LIE,LI,Liechtenstein,Liechtenstein,Western Europe,Europe occidentale,Europe,Europe,40,6,6
2006,112,LKA,LKA,Sri Lanka,LKA,LK,Sri Lanka,Sri Lanka,Southern Asia,Sud de l'Asie centrale,Asia,Asie,167,4,4
2006,113,LTU,LTU,Lithuania,LTU,LT,Lithuania,Lituanie,Northern Europe,Europe septentrionale,Europe,Europe,125,8,8
2006,114,LUX,LUX,Luxembourg,LUX,LU,Luxembourg,Luxembourg,Western Europe,Europe occidentale,Europe,Europe,1041,32,33
2006,115,LVA,LVA,Latvia,LVA,LV,Latvia,Lettonie,Northern Europe,Europe septentrionale,Europe,Europe,5,1,1
2006,119,MAU,MRT,Mauritania,MRT,MR,Mauritania,Mauritanie,Western Africa,Afrique occidentale,Africa,Afrique,309,11,11
2006,120,MCD,MKD,North Macedonia,MKD,MK,North Macedonia,Ex-R,Southern Europe,Europe australe,Europe,Europe,56,1,1
2006,122,MDA,MDA,Rep. of Moldova,MDA,MD,Rep. of Moldova,R,Eastern Europe,Europe orientale,Europe,Europe,50,6,6
2006,124,MEX,MEX,Mexico,MEX,MX,Mexico,Mexique,Central America,Am,Latin America and the Caribbean,Am,453,21,21
2006,126,MLI,MLI,Mali,MLI,ML,Mali,Mali,Western Africa,Afrique occidentale,Africa,Afrique,150,5,5
2006,127,MLS,MYS,Malaysia,MYS,MY,Malaysia,Malaisie,South-eastern Asia,Asie du Sud-Est,Asia,Asie,9080,26,26
2006,128,MLW,MWI,Malawi,MWI,MW,Malawi,Malawi,Eastern Africa,Afrique orientale,Africa,Afrique,4367,8,8
2006,129,MNG,MNG,Mongolia,MNG,MN,Mongolia,Mongolie,Eastern Asia,Asie orientale,Asia,Asie,10,1,1
2006,130,MOR,MAR,Morocco,MAR,MA,Morocco,Maroc,Northern Africa,Afrique septentrionale,Africa,Afrique,944,23,23
2006,131,MOZ,MOZ,Mozambique,MOZ,MZ,Mozambique,Mozambique,Eastern Africa,Afrique orientale,Africa,Afrique,958,6,6
2006,132,MTA,MLT,Malta,MLT,MT,Malta,Malte,Southern Europe,Europe australe,Europe,Europe,1259,22,22
2006,133,MNE,MNE,Montenegro,MNE,ME,Montenegro,Mont,Southern Europe,Europe australe,Europe,Europe,15,2,2
2006,136,NAM,NAM,Namibia,NAM,,Namibia,Namibie,Southern Africa,Afrique australe,Africa,Afrique,236,5,5
2006,137,NEP,NPL,Nepal,NPL,NP,Nepal,N,Southern Asia,Sud de l'Asie centrale,Asia,Asie,560,7,8
2006,138,NET,NLD,Netherlands (Kingdom of the),NLD,NL,Netherlands (Kingdom of the),Pays-Bas,Western Europe,Europe occidentale,Europe,Europe,14449,90,90
2006,139,NGR,NER,Niger,NER,NE,Niger,Niger,Western Africa,Afrique occidentale,Africa,Afrique,18,3,3
2006,140,NIC,NIC,Nicaragua,NIC,NI,Nicaragua,Nicaragua,Central America,Am,Latin America and the Caribbean,Am,36,3,3
2006,141,NIG,NGA,Nigeria,NGA,NG,Nigeria,Nig,Western Africa,Afrique occidentale,Africa,Afrique,490,9,9
2006,143,NOR,NOR,Norway,NOR,NO,Norway,Norv,Northern Europe,Europe septentrionale,Europe,Europe,10367,80,143
2006,145,NZL,NZL,New Zealand,NZL,NZ,New Zealand,Nouvelle-Z,Australia-New Zealand,Australie-Nouvelle-Z,Oceania,Oc,470,29,42
2006,147,PAK,PAK,Pakistan,PAK,PK,Pakistan,Pakistan,Southern Asia,Sud de l'Asie centrale,Asia,Asie,2014,5,5
2006,148,PAN,PAN,Panama,PAN,PA,Panama,Panama,Central America,Am,Latin America and the Caribbean,Am,353,4,4
2006,149,PAR,PRY,Paraguay,PRY,PY,Paraguay,Paraguay,South America,Am,Latin America and the Caribbean,Am,12,1,1
2006,150,PER,PER,Peru,PER,PE,Peru,P,South America,Am,Latin America and the Caribbean,Am,290,6,6
2006,151,PHI,PHL,Philippines,PHL,PH,Philippines,Philippines,South-eastern Asia,Asie du Sud-Est,Asia,Asie,10,2,2
2006,154,POL,POL,Poland,POL,PL,Poland,Pologne,Eastern Europe,Europe orientale,Europe,Europe,11306,47,77
2006,155,POR,PRT,Portugal,PRT,PT,Portugal,Portugal,Southern Europe,Europe australe,Europe,Europe,112,18,18
2006,157,QAT,QAT,Qatar,QAT,QA,Qatar,Qatar,Western Asia,Asie occidentale,Asia,Asie,5,1,1
2006,158,ROM,ROU,Romania,ROU,RO,Romania,Roumanie,Eastern Europe,Europe orientale,Europe,Europe,436,29,29
2006,159,RSA,ZAF,South Africa,ZAF,ZA,South Africa,Afrique du Sud,Southern Africa,Afrique australe,Africa,Afrique,53345,47,47
2006,160,RUS,RUS,Russian Federation,RUS,RU,Russian Federation,F,Eastern Europe,Europe orientale,Europe,Europe,1163,19,19
2006,161,RWA,RWA,Rwanda,RWA,RW,Rwanda,Rwanda,Eastern Africa,Afrique orientale,Africa,Afrique,19,2,2
2006,162,SAL,SLV,El Salvador,SLV,SV,El Salvador,El Salvador,Central America,Am,Latin America and the Caribbean,Am,12,2,2
2006,163,SAU,SAU,Saudi Arabia,SAU,SA,Saudi Arabia,Arabie saoudite,Western Asia,Asie occidentale,Asia,Asie,108,11,11
2006,164,SRB,SRB,Serbia and Kosovo: S/RES/1244 (1999),SRB,RS,Serbia and Kosovo: S/RES/1244 (1999),Serbie,Southern Europe,Europe australe,Europe,Europe,15,3,3
2006,165,SEN,SEN,Senegal,SEN,SN,Senegal,S,Western Africa,Afrique occidentale,Africa,Afrique,257,14,14
2006,168,SIN,SGP,Singapore,SGP,SG,Singapore,Singapour,South-eastern Asia,Asie du Sud-Est,Asia,Asie,16,3,3
2006,169,SLE,SLE,Sierra Leone,SLE,SL,Sierra Leone,Sierra Leone,Western Africa,Afrique occidentale,Africa,Afrique,243,2,2
2006,172,SOM,SOM,Somalia,SOM,SO,Somalia,Somalie,Eastern Africa,Afrique orientale,Africa,Afrique,1319,2,3
2006,173,SPA,ESP,Spain,ESP,ES,Spain,Espagne,Southern Europe,Europe australe,Europe,Europe,5279,79,79
2006,177,SUD,SDN,Sudan,SDN,SD,Sudan,Soudan,Northern Africa,Afrique septentrionale,Africa,Afrique,10213,4,6
2006,180,SVK,SVK,Slovakia,SVK,SK,Slovakia,Slovaquie,Eastern Europe,Europe orientale,Europe,Europe,2853,27,27
2006,181,SVN,SVN,Slovenia,SVN,SI,Slovenia,Slov,Southern Europe,Europe australe,Europe,Europe,503,16,16
2006,183,SWE,SWE,Sweden,SWE,SE,Sweden,Su,Northern Europe,Europe septentrionale,Europe,Europe,24294,97,97
2006,184,SWI,CHE,Switzerland,CHE,CH,Switzerland,Suisse,Western Europe,Europe occidentale,Europe,Europe,17323,86,87
2006,185,SYR,SYR,Syrian Arab Rep.,SYR,SY,Syrian Arab Rep.,R,Western Asia,Asie occidentale,Asia,Asie,2829,19,29
2006,186,TAN,TZA,United Rep. of Tanzania,TZA,TZ,United Rep. of Tanzania,R,Eastern Africa,Afrique orientale,Africa,Afrique,1030,5,5
2006,188,THA,THA,Thailand,THA,TH,Thailand,Tha,South-eastern Asia,Asie du Sud-Est,Asia,Asie,4689,22,35
2006,189,TJK,TJK,Tajikistan,TJK,TJ,Tajikistan,Tadjikistan,Central Asia,Sud de l'Asie centrale,Asia,Asie,449,1,1
2006,190,TKM,TKM,Turkmenistan,TKM,TM,Turkmenistan,Turkm,Central Asia,Sud de l'Asie centrale,Asia,Asie,14,2,2
2006,192,TOG,TGO,Togo,TGO,TG,Togo,Togo,Western Africa,Afrique occidentale,Africa,Afrique,108,5,7
2006,195,TUN,TUN,Tunisia,TUN,TN,Tunisia,Tunisie,Northern Africa,Afrique septentrionale,Africa,Afrique,70,4,4
2006,196,TUR,TUR,Türkiye,TUR,TR,Türkiye,Türkiye,Western Asia,Asie occidentale,Asia,Asie,5082,27,39
2006,198,UAE,ARE,United Arab Emirates,ARE,AE,United Arab Emirates,Emirats arabes unis,Western Asia,Asie occidentale,Asia,Asie,105,7,7
2006,199,UGA,UGA,Uganda,UGA,UG,Uganda,Ouganda,Eastern Africa,Afrique orientale,Africa,Afrique,9300,9,9
2006,200,UKR,UKR,Ukraine,UKR,UA,Ukraine,Ukraine,Eastern Europe,Europe orientale,Europe,Europe,2987,43,71
2006,201,URU,URY,Uruguay,URY,UY,Uruguay,Uruguay,South America,Am,Latin America and the Caribbean,Am,23,2,2
2006,202,USA,USA,United States of America,USA,US,United States of America,Etats-Unis d'Am,Northern America,Am,Northern America,Am,41072,140,255
2006,207,VEN,VEN,Venezuela (Bolivarian Republic of),VEN,VE,Venezuela (Bolivarian Republic of),Venezuela (R,South America,Am,Latin America and the Caribbean,Am,2223,8,8
2006,211,YEM,YEM,Yemen,YEM,YE,Yemen,Y,Western Asia,Asie occidentale,Asia,Asie,1608,6,6
2006,213,ZAM,ZMB,Zambia,ZMB,ZM,Zambia,Zambie,Eastern Africa,Afrique orientale,Africa,Afrique,103,5,5
2006,214,ZIM,ZWE,Zimbabwe,ZWE,ZW,Zimbabwe,Zimbabwe,Eastern Africa,Afrique orientale,Africa,Afrique,3260,4,4
2007,2,AFG,AFG,Afghanistan,AFG,AF,Afghanistan,Afghanistan,Southern Asia,Sud de l'Asie centrale,Asia,Asie,19,3,3
2007,3,ALB,ALB,Albania,ALB,AL,Albania,Albanie,Southern Europe,Europe australe,Europe,Europe,29,4,4
2007,4,ALG,DZA,Algeria,DZA,DZ,Algeria,Alg,Northern Africa,Afrique septentrionale,Africa,Afrique,764,14,14
2007,6,ANG,AGO,Angola,AGO,AO,Angola,Angola,Middle Africa,Afrique australe,Africa,Afrique,1471,12,12
2007,8,ARE,EGY,Egypt,EGY,EG,Egypt,Egypte,Northern Africa,Afrique septentrionale,Africa,Afrique,4234,18,26
2007,9,ARG,ARG,Argentina,ARG,AR,Argentina,Argentine,South America,Am,Latin America and the Caribbean,Am,535,25,25
2007,10,ARM,ARM,Armenia,ARM,AM,Armenia,Arm,Western Asia,Asie occidentale,Asia,Asie,299,3,3
2007,11,AUL,AUS,Australia,AUS,AU,Australia,Australie,Australia-New Zealand,Australie-Nouvelle-Z,Oceania,Oc,6231,69,120
2007,12,AUS,AUT,Austria,AUT,AT,Austria,Autriche,Western Europe,Europe occidentale,Europe,Europe,11898,70,70
2007,13,AZE,AZE,Azerbaijan,AZE,AZ,Azerbaijan,Azerba,Western Asia,Asie occidentale,Asia,Asie,564,5,13
2007,14,BAH,BHR,Bahrain,BHR,BH,Bahrain,Bahre,Western Asia,Asie occidentale,Asia,Asie,18,1,1
2007,16,BDI,BDI,Burundi,BDI,BI,Burundi,Burundi,Eastern Africa,Afrique orientale,Africa,Afrique,1634,3,4
2007,17,BEL,BEL,Belgium,BEL,BE,Belgium,Belgique,Western Europe,Europe occidentale,Europe,Europe,15489,86,95
2007,18,BEN,BEN,Benin,BEN,BJ,Benin,B,Western Africa,Afrique occidentale,Africa,Afrique,466,13,16
2007,20,BGD,BGD,Bangladesh,BGD,BD,Bangladesh,Bangladesh,Southern Asia,Sud de l'Asie centrale,Asia,Asie,55,3,3
2007,23,BKF,BFA,Burkina Faso,BFA,BF,Burkina Faso,Burkina Faso,Western Africa,Afrique occidentale,Africa,Afrique,77,8,10
2007,24,BLR,BLR,Belarus,BLR,BY,Belarus,B,Eastern Europe,Europe orientale,Europe,Europe,38,2,2
2007,25,BOL,BOL,Bolivia (Plurinational State of),BOL,BO,Bolivia (Plurinational State of),Bolivie,South America,Am,Latin America and the Caribbean,Am,182,7,7
2007,26,BOT,BWA,Botswana,BWA,BW,Botswana,Botswana,Southern Africa,Afrique australe,Africa,Afrique,60,7,7
2007,27,BRA,BRA,Brazil,BRA,BR,Brazil,Br,South America,Am,Latin America and the Caribbean,Am,572,25,25
2007,29,BSN,BIH,Bosnia and Herzegovina,BIH,BA,Bosnia and Herzegovina,Bosnie-Herz,Southern Europe,Europe australe,Europe,Europe,565,3,3
2007,30,BUL,BGR,Bulgaria,BGR,BG,Bulgaria,Bulgarie,Eastern Europe,Europe orientale,Europe,Europe,963,27,27
2007,32,CAM,KHM,Cambodia,KHM,KH,Cambodia,Cambodge,South-eastern Asia,Asie du Sud-Est,Asia,Asie,573,5,6
2007,33,CAN,CAN,Canada,CAN,CA,Canada,Canada,Northern America,Am,Northern America,Am,27873,152,152
2007,34,CAR,CAF,Central African Rep.,CAF,CF,Central African Rep.,R,Middle Africa,Afrique australe,Africa,Afrique,440,8,8
2007,36,CHD,TCD,Chad,TCD,TD,Chad,Tchad,Middle Africa,Afrique australe,Africa,Afrique,67,5,5
2007,37,CHI,CHN,China,CHN,CN,China,Chine,Eastern Asia,Asie orientale,Asia,Asie,130,8,8
2007,38,CHL,CHL,Chile,CHL,CL,Chile,Chili,South America,Am,Latin America and the Caribbean,Am,748,7,7
2007,39,CMR,CMR,Cameroon,CMR,CM,Cameroon,Cameroun,Middle Africa,Afrique australe,Africa,Afrique,2833,17,18
2007,40,COB,COG,Congo,COG,CG,Congo,Congo,Middle Africa,Afrique australe,Africa,Afrique,784,8,8
2007,41,COD,COD,Dem. Rep. of the Congo,COD,CD,Dem. Rep. of the Congo,R,Middle Africa,Afrique australe,Africa,Afrique,34,3,3
2007,44,COL,COL,Colombia,COL,CO,Colombia,Colombie,South America,Am,Latin America and the Caribbean,Am,119,6,6
2007,45,COS,CRI,Costa Rica,CRI,CR,Costa Rica,Costa Rica,Central America,Am,Latin America and the Caribbean,Am,874,7,7
2007,46,CUB,CUB,Cuba,CUB,CU,Cuba,Cuba,Caribbean,Cara,Latin America and the Caribbean,Am,20,4,4
2007,48,CYP,CYP,Cyprus,CYP,CY,Cyprus,Chypre,Western Asia,Asie occidentale,Asia,Asie,8916,42,73
2007,49,CZE,CZE,Czechia,CZE,CZ,Czechia,R,Eastern Europe,Europe orientale,Europe,Europe,3337,43,77
2007,50,DEN,DNK,Denmark,DNK,DK,Denmark,Danemark,Northern Europe,Europe septentrionale,Europe,Europe,1849,58,58
2007,51,DJB,DJI,Djibouti,DJI,DJ,Djibouti,Djibouti,Eastern Africa,Afrique orientale,Africa,Afrique,468,3,3
2007,54,ECU,ECU,Ecuador,ECU,EC,Ecuador,Equateur,South America,Am,Latin America and the Caribbean,Am,15019,25,25
2007,56,ERT,ERI,Eritrea,ERI,ER,Eritrea,Erythr,Eastern Africa,Afrique orientale,Africa,Afrique,102,3,3
2007,57,EST,EST,Estonia,EST,EE,Estonia,Estonie,Northern Europe,Europe septentrionale,Europe,Europe,17,3,3
2007,58,ETH,ETH,Ethiopia,ETH,ET,Ethiopia,Ethiopie,Eastern Africa,Afrique orientale,Africa,Afrique,19834,9,9
2007,61,FIN,FIN,Finland,FIN,FI,Finland,Finlande,Northern Europe,Europe septentrionale,Europe,Europe,1417,49,49
2007,64,FRA,FRA,France,FRA,FR,France,France,Western Europe,Europe occidentale,Europe,Europe,58191,90,175
2007,67,GAB,GAB,Gabon,GAB,GA,Gabon,Gabon,Middle Africa,Afrique australe,Africa,Afrique,298,7,7
2007,70,GBR,GBR,United Kingdom of Great Britain and Northern Ireland,GBR,GB,United Kingdom of Great Britain and Northern Ireland,Royaume-Uni,Northern Europe,Europe septentrionale,Europe,Europe,45311,109,111
2007,71,GEO,GEO,Georgia,GEO,GE,Georgia,G,Western Asia,Asie occidentale,Asia,Asie,19,2,2
2007,72,GFR,DEU,Germany,DEU,DE,Germany,Allemagne,Western Europe,Europe occidentale,Europe,Europe,30279,93,160
2007,73,GHA,GHA,Ghana,GHA,GH,Ghana,Ghana,Western Africa,Afrique occidentale,Africa,Afrique,107,9,9
2007,75,GNB,GNB,Guinea-Bissau,GNB,GW,Guinea-Bissau,Guin,Western Africa,Afrique occidentale,Africa,Afrique,132,4,4
2007,76,GRE,GRC,Greece,GRC,GR,Greece,Gr,Southern Europe,Europe australe,Europe,Europe,42174,55,56
2007,78,GUA,GTM,Guatemala,GTM,GT,Guatemala,Guatemala,Central America,Am,Latin America and the Caribbean,Am,48,2,2
2007,79,GUI,GIN,Guinea,GIN,GN,Guinea,Guin,Western Africa,Afrique occidentale,Africa,Afrique,727,7,7
2007,82,HKG,HKG,"China, Hong Kong SAR",HKG,HK,"China, Hong Kong SAR","Hong Kong, RAS de la R",Eastern Asia,Asie orientale,Asia,Asie,2247,16,27
2007,83,HON,HND,Honduras,HND,HN,Honduras,Honduras,Central America,Am,Latin America and the Caribbean,Am,29,3,3
2007,84,HRV,HRV,Croatia,HRV,HR,Croatia,Croatie,Southern Europe,Europe australe,Europe,Europe,215,13,17
2007,85,HUN,HUN,Hungary,HUN,HU,Hungary,Hongrie,Eastern Europe,Europe orientale,Europe,Europe,3405,47,47
2007,86,ICE,ISL,Iceland,ISL,IS,Iceland,Islande,Northern Europe,Europe septentrionale,Europe,Europe,20,4,4
2007,87,ICO,CIV,Cote d'Ivoire,CIV,CI,Cote d'Ivoire,C,Western Africa,Afrique occidentale,Africa,Afrique,173,6,6
2007,88,IND,IND,India,IND,IN,India,Inde,Southern Asia,Sud de l'Asie centrale,Asia,Asie,2914,11,17
2007,89,INS,IDN,Indonesia,IDN,ID,Indonesia,Indon,South-eastern Asia,Asie du Sud-Est,Asia,Asie,274,11,11
2007,90,IRE,IRL,Ireland,IRL,IE,Ireland,Irlande,Northern Europe,Europe septentrionale,Europe,Europe,6576,72,128
2007,91,IRN,IRN,Iran (Islamic Rep. of),IRN,IR,Iran (Islamic Rep. of),R,Southern Asia,Sud de l'Asie centrale,Asia,Asie,519,4,4
2007,92,IRQ,IRQ,Iraq,IRQ,IQ,Iraq,Iraq,Western Asia,Asie occidentale,Asia,Asie,233,3,3
2007,93,ISR,ISR,Israel,ISR,IL,Israel,Isra,Western Asia,Asie occidentale,Asia,Asie,5374,38,38
2007,94,ITA,ITA,Italy,ITA,IT,Italy,Italie,Southern Europe,Europe australe,Europe,Europe,14033,67,67
2007,96,JOR,JOR,Jordan,JOR,JO,Jordan,Jordanie,Western Asia,Asie occidentale,Asia,Asie,215,7,7
2007,97,JPN,JPN,Japan,JPN,JP,Japan,Japon,Eastern Asia,Asie orientale,Asia,Asie,1260,21,26
2007,98,KAZ,KAZ,Kazakhstan,KAZ,KZ,Kazakhstan,Kazakhstan,Central Asia,Sud de l'Asie centrale,Asia,Asie,240,5,5
2007,99,KEN,KEN,Kenya,KEN,KE,Kenya,Kenya,Eastern Africa,Afrique orientale,Africa,Afrique,19464,9,15
2007,100,KGZ,KGZ,Kyrgyzstan,KGZ,KG,Kyrgyzstan,Kirghizistan,Central Asia,Sud de l'Asie centrale,Asia,Asie,771,8,12
2007,102,KOR,KOR,Rep. of Korea,KOR,KR,Rep. of Korea,R,Eastern Asia,Asie orientale,Asia,Asie,712,19,19
2007,104,KUW,KWT,Kuwait,KWT,KW,Kuwait,Kowe,Western Asia,Asie occidentale,Asia,Asie,420,9,9
2007,106,LBR,LBR,Liberia,LBR,LR,Liberia,Lib,Western Africa,Afrique occidentale,Africa,Afrique,52,2,2
2007,107,LBY,LBY,Libya,LBY,LY,Libya,Libye,Northern Africa,Afrique septentrionale,Africa,Afrique,2613,14,14
2007,109,LEB,LBN,Lebanon,LBN,LB,Lebanon,Liban,Western Asia,Asie occidentale,Asia,Asie,833,13,20
2007,111,LIE,LIE,Liechtenstein,LIE,LI,Liechtenstein,Liechtenstein,Western Europe,Europe occidentale,Europe,Europe,16,3,3
2007,112,LKA,LKA,Sri Lanka,LKA,LK,Sri Lanka,Sri Lanka,Southern Asia,Sud de l'Asie centrale,Asia,Asie,212,2,2
2007,113,LTU,LTU,Lithuania,LTU,LT,Lithuania,Lituanie,Northern Europe,Europe septentrionale,Europe,Europe,131,14,14
2007,114,LUX,LUX,Luxembourg,LUX,LU,Luxembourg,Luxembourg,Western Europe,Europe occidentale,Europe,Europe,748,22,23
2007,115,LVA,LVA,Latvia,LVA,LV,Latvia,Lettonie,Northern Europe,Europe septentrionale,Europe,Europe,21,4,4
2007,119,MAU,MRT,Mauritania,MRT,MR,Mauritania,Mauritanie,Western Africa,Afrique occidentale,Africa,Afrique,574,10,10
2007,120,MCD,MKD,North Macedonia,MKD,MK,North Macedonia,Ex-R,Southern Europe,Europe australe,Europe,Europe,32,3,3
2007,122,MDA,MDA,Rep. of Moldova,MDA,MD,Rep. of Moldova,R,Eastern Europe,Europe orientale,Europe,Europe,61,8,8
2007,124,MEX,MEX,Mexico,MEX,MX,Mexico,Mexique,Central America,Am,Latin America and the Caribbean,Am,360,20,20
2007,126,MLI,MLI,Mali,MLI,ML,Mali,Mali,Western Africa,Afrique occidentale,Africa,Afrique,110,5,5
2007,127,MLS,MYS,Malaysia,MYS,MY,Malaysia,Malaisie,South-eastern Asia,Asie du Sud-Est,Asia,Asie,13808,32,32
2007,128,MLW,MWI,Malawi,MWI,MW,Malawi,Malawi,Eastern Africa,Afrique orientale,Africa,Afrique,7005,8,8
2007,129,MNG,MNG,Mongolia,MNG,MN,Mongolia,Mongolie,Eastern Asia,Asie orientale,Asia,Asie,5,1,1
2007,130,MOR,MAR,Morocco,MAR,MA,Morocco,Maroc,Northern Africa,Afrique septentrionale,Africa,Afrique,1600,24,39
2007,131,MOZ,MOZ,Mozambique,MOZ,MZ,Mozambique,Mozambique,Eastern Africa,Afrique orientale,Africa,Afrique,879,4,4
2007,132,MTA,MLT,Malta,MLT,MT,Malta,Malte,Southern Europe,Europe australe,Europe,Europe,1663,28,44
2007,136,NAM,NAM,Namibia,NAM,,Namibia,Namibie,Southern Africa,Afrique australe,Africa,Afrique,417,11,11
2007,137,NEP,NPL,Nepal,NPL,NP,Nepal,N,Southern Asia,Sud de l'Asie centrale,Asia,Asie,1628,3,5
2007,138,NET,NLD,Netherlands (Kingdom of the),NLD,NL,Netherlands (Kingdom of the),Pays-Bas,Western Europe,Europe occidentale,Europe,Europe,7085,75,75
2007,139,NGR,NER,Niger,NER,NE,Niger,Niger,Western Africa,Afrique occidentale,Africa,Afrique,9,1,1
2007,140,NIC,NIC,Nicaragua,NIC,NI,Nicaragua,Nicaragua,Central America,Am,Latin America and the Caribbean,Am,53,6,6
2007,141,NIG,NGA,Nigeria,NGA,NG,Nigeria,Nig,Western Africa,Afrique occidentale,Africa,Afrique,302,9,9
2007,143,NOR,NOR,Norway,NOR,NO,Norway,Norv,Northern Europe,Europe septentrionale,Europe,Europe,11209,79,143
2007,145,NZL,NZL,New Zealand,NZL,NZ,New Zealand,Nouvelle-Z,Australia-New Zealand,Australie-Nouvelle-Z,Oceania,Oc,375,23,37
2007,146,OMN,OMN,Oman,OMN,OM,Oman,Oman,Western Asia,Asie occidentale,Asia,Asie,34,1,1
2007,147,PAK,PAK,Pakistan,PAK,PK,Pakistan,Pakistan,Southern Asia,Sud de l'Asie centrale,Asia,Asie,2179,6,6
2007,148,PAN,PAN,Panama,PAN,PA,Panama,Panama,Central America,Am,Latin America and the Caribbean,Am,360,5,5
2007,149,PAR,PRY,Paraguay,PRY,PY,Paraguay,Paraguay,South America,Am,Latin America and the Caribbean,Am,33,2,2
2007,150,PER,PER,Peru,PER,PE,Peru,P,South America,Am,Latin America and the Caribbean,Am,263,8,8
2007,151,PHI,PHL,Philippines,PHL,PH,Philippines,Philippines,South-eastern Asia,Asie du Sud-Est,Asia,Asie,12,2,2
2007,153,PNG,PNG,Papua New Guinea,PNG,PG,Papua New Guinea,Papouasie-Nouvelle-Guin,Melanesia,M,Oceania,Oc,10,2,2
2007,154,POL,POL,Poland,POL,PL,Poland,Pologne,Eastern Europe,Europe orientale,Europe,Europe,13239,48,82
2007,155,POR,PRT,Portugal,PRT,PT,Portugal,Portugal,Southern Europe,Europe australe,Europe,Europe,212,18,18
2007,157,QAT,QAT,Qatar,QAT,QA,Qatar,Qatar,Western Asia,Asie occidentale,Asia,Asie,8,1,1
2007,158,ROM,ROU,Romania,ROU,RO,Romania,Roumanie,Eastern Europe,Europe orientale,Europe,Europe,642,22,22
2007,159,RSA,ZAF,South Africa,ZAF,ZA,South Africa,Afrique du Sud,Southern Africa,Afrique australe,Africa,Afrique,45638,49,49
2007,160,RUS,RUS,Russian Federation,RUS,RU,Russian Federation,F,Eastern Europe,Europe orientale,Europe,Europe,3367,26,26
2007,161,RWA,RWA,Rwanda,RWA,RW,Rwanda,Rwanda,Eastern Africa,Afrique orientale,Africa,Afrique,67,3,3
2007,162,SAL,SLV,El Salvador,SLV,SV,El Salvador,El Salvador,Central America,Am,Latin America and the Caribbean,Am,7,1,1
2007,163,SAU,SAU,Saudi Arabia,SAU,SA,Saudi Arabia,Arabie saoudite,Western Asia,Asie occidentale,Asia,Asie,61,3,3
2007,164,SRB,SRB,Serbia and Kosovo: S/RES/1244 (1999),SRB,RS,Serbia and Kosovo: S/RES/1244 (1999),Serbie,Southern Europe,Europe australe,Europe,Europe,35,6,6
2007,165,SEN,SEN,Senegal,SEN,SN,Senegal,S,Western Africa,Afrique occidentale,Africa,Afrique,200,12,12
2007,168,SIN,SGP,Singapore,SGP,SG,Singapore,Singapour,South-eastern Asia,Asie du Sud-Est,Asia,Asie,41,6,6
2007,172,SOM,SOM,Somalia,SOM,SO,Somalia,Somalie,Eastern Africa,Afrique orientale,Africa,Afrique,6520,4,5
2007,173,SPA,ESP,Spain,ESP,ES,Spain,Espagne,Southern Europe,Europe australe,Europe,Europe,7634,75,75
2007,177,SUD,SDN,Sudan,SDN,SD,Sudan,Soudan,Northern Africa,Afrique septentrionale,Africa,Afrique,16575,3,6
2007,180,SVK,SVK,Slovakia,SVK,SK,Slovakia,Slovaquie,Eastern Europe,Europe orientale,Europe,Europe,2621,29,29
2007,181,SVN,SVN,Slovenia,SVN,SI,Slovenia,Slov,Southern Europe,Europe australe,Europe,Europe,425,19,19
2007,182,SWA,SWZ,Eswatini,SWZ,SZ,Eswatini,Eswatini,Southern Africa,Afrique australe,Africa,Afrique,39,2,2
2007,183,SWE,SWE,Sweden,SWE,SE,Sweden,Su,Northern Europe,Europe septentrionale,Europe,Europe,36351,100,100
2007,184,SWI,CHE,Switzerland,CHE,CH,Switzerland,Suisse,Western Europe,Europe occidentale,Europe,Europe,14349,89,90
2007,185,SYR,SYR,Syrian Arab Rep.,SYR,SY,Syrian Arab Rep.,R,Western Asia,Asie occidentale,Asia,Asie,2221,14,25
2007,186,TAN,TZA,United Rep. of Tanzania,TZA,TZ,United Rep. of Tanzania,R,Eastern Africa,Afrique orientale,Africa,Afrique,949,6,6
2007,188,THA,THA,Thailand,THA,TH,Thailand,Tha,South-eastern Asia,Asie du Sud-Est,Asia,Asie,1440,21,39
2007,189,TJK,TJK,Tajikistan,TJK,TJ,Tajikistan,Tadjikistan,Central Asia,Sud de l'Asie centrale,Asia,Asie,745,1,1
2007,190,TKM,TKM,Turkmenistan,TKM,TM,Turkmenistan,Turkm,Central Asia,Sud de l'Asie centrale,Asia,Asie,16,1,1
2007,192,TOG,TGO,Togo,TGO,TG,Togo,Togo,Western Africa,Afrique occidentale,Africa,Afrique,94,7,8
2007,194,TRT,TTO,Trinidad and Tobago,TTO,TT,Trinidad and Tobago,Trinit,Caribbean,Cara,Latin America and the Caribbean,Am,5,1,1
2007,195,TUN,TUN,Tunisia,TUN,TN,Tunisia,Tunisie,Northern Africa,Afrique septentrionale,Africa,Afrique,97,4,4
2007,196,TUR,TUR,Türkiye,TUR,TR,Türkiye,Türkiye,Western Asia,Asie occidentale,Asia,Asie,8342,27,46
2007,198,UAE,ARE,United Arab Emirates,ARE,AE,United Arab Emirates,Emirats arabes unis,Western Asia,Asie occidentale,Asia,Asie,136,6,6
2007,199,UGA,UGA,Uganda,UGA,UG,Uganda,Ouganda,Eastern Africa,Afrique orientale,Africa,Afrique,4531,8,8
2007,200,UKR,UKR,Ukraine,UKR,UA,Ukraine,Ukraine,Eastern Europe,Europe orientale,Europe,Europe,2734,41,49
2007,201,URU,URY,Uruguay,URY,UY,Uruguay,Uruguay,South America,Am,Latin America and the Caribbean,Am,26,3,3
2007,202,USA,USA,United States of America,USA,US,United States of America,Etats-Unis d'Am,Northern America,Am,Northern America,Am,40417,133,236
2007,207,VEN,VEN,Venezuela (Bolivarian Republic of),VEN,VE,Venezuela (Bolivarian Republic of),Venezuela (R,South America,Am,Latin America and the Caribbean,Am,2357,5,5
2007,211,YEM,YEM,Yemen,YEM,YE,Yemen,Y,Western Asia,Asie occidentale,Asia,Asie,2969,6,6
2007,213,ZAM,ZMB,Zambia,ZMB,ZM,Zambia,Zambie,Eastern Africa,Afrique orientale,Africa,Afrique,162,5,5
2007,214,ZIM,ZWE,Zimbabwe,ZWE,ZW,Zimbabwe,Zimbabwe,Eastern Africa,Afrique orientale,Africa,Afrique,4312,6,6
2008,2,AFG,AFG,Afghanistan,AFG,AF,Afghanistan,Afghanistan,Southern Asia,Sud de l'Asie centrale,Asia,Asie,10,2,2
2008,3,ALB,ALB,Albania,ALB,AL,Albania,Albanie,Southern Europe,Europe australe,Europe,Europe,10,1,1
2008,4,ALG,DZA,Algeria,DZA,DZ,Algeria,Alg,Northern Africa,Afrique septentrionale,Africa,Afrique,70,6,6
2008,6,ANG,AGO,Angola,AGO,AO,Angola,Angola,Middle Africa,Afrique australe,Africa,Afrique,435,9,9
2008,8,ARE,EGY,Egypt,EGY,EG,Egypt,Egypte,Northern Africa,Afrique septentrionale,Africa,Afrique,2528,13,18
2008,9,ARG,ARG,Argentina,ARG,AR,Argentina,Argentine,South America,Am,Latin America and the Caribbean,Am,844,21,21
2008,10,ARM,ARM,Armenia,ARM,AM,Armenia,Arm,Western Asia,Asie occidentale,Asia,Asie,207,4,4
2008,11,AUL,AUS,Australia,AUS,AU,Australia,Australie,Australia-New Zealand,Australie-Nouvelle-Z,Oceania,Oc,7265,73,121
2008,12,AUS,AUT,Austria,AUT,AT,Austria,Autriche,Western Europe,Europe occidentale,Europe,Europe,12826,72,72
2008,13,AZE,AZE,Azerbaijan,AZE,AZ,Azerbaijan,Azerba,Western Asia,Asie occidentale,Asia,Asie,399,5,9
2008,14,BAH,BHR,Bahrain,BHR,BH,Bahrain,Bahre,Western Asia,Asie occidentale,Asia,Asie,64,1,1
2008,16,BDI,BDI,Burundi,BDI,BI,Burundi,Burundi,Eastern Africa,Afrique orientale,Africa,Afrique,3613,3,3
2008,17,BEL,BEL,Belgium,BEL,BE,Belgium,Belgique,Western Europe,Europe occidentale,Europe,Europe,17077,83,86
2008,18,BEN,BEN,Benin,BEN,BJ,Benin,B,Western Africa,Afrique occidentale,Africa,Afrique,736,14,21
2008,20,BGD,BGD,Bangladesh,BGD,BD,Bangladesh,Bangladesh,Southern Asia,Sud de l'Asie centrale,Asia,Asie,104,3,3
2008,23,BKF,BFA,Burkina Faso,BFA,BF,Burkina Faso,Burkina Faso,Western Africa,Afrique occidentale,Africa,Afrique,76,9,9
2008,24,BLR,BLR,Belarus,BLR,BY,Belarus,B,Eastern Europe,Europe orientale,Europe,Europe,99,7,8
2008,25,BOL,BOL,Bolivia (Plurinational State of),BOL,BO,Bolivia (Plurinational State of),Bolivie,South America,Am,Latin America and the Caribbean,Am,41,3,3
2008,26,BOT,BWA,Botswana,BWA,BW,Botswana,Botswana,Southern Africa,Afrique australe,Africa,Afrique,848,5,5
2008,27,BRA,BRA,Brazil,BRA,BR,Brazil,Br,South America,Am,Latin America and the Caribbean,Am,572,27,27
2008,29,BSN,BIH,Bosnia and Herzegovina,BIH,BA,Bosnia and Herzegovina,Bosnie-Herz,Southern Europe,Europe australe,Europe,Europe,86,3,3
2008,30,BUL,BGR,Bulgaria,BGR,BG,Bulgaria,Bulgarie,Eastern Europe,Europe orientale,Europe,Europe,738,26,26
2008,31,BZE,BLZ,Belize,BLZ,BZ,Belize,Belize,Central America,Am,Latin America and the Caribbean,Am,10,2,2
2008,32,CAM,KHM,Cambodia,KHM,KH,Cambodia,Cambodge,South-eastern Asia,Asie du Sud-Est,Asia,Asie,510,4,5
2008,33,CAN,CAN,Canada,CAN,CA,Canada,Canada,Northern America,Am,Northern America,Am,34792,154,154
2008,34,CAR,CAF,Central African Rep.,CAF,CF,Central African Rep.,R,Middle Africa,Afrique australe,Africa,Afrique,868,7,7
2008,36,CHD,TCD,Chad,TCD,TD,Chad,Tchad,Middle Africa,Afrique australe,Africa,Afrique,109,6,6
2008,37,CHI,CHN,China,CHN,CN,China,Chine,Eastern Asia,Asie orientale,Asia,Asie,28,4,4
2008,38,CHL,CHL,Chile,CHL,CL,Chile,Chili,South America,Am,Latin America and the Caribbean,Am,870,6,6
2008,39,CMR,CMR,Cameroon,CMR,CM,Cameroon,Cameroun,Middle Africa,Afrique australe,Africa,Afrique,4044,17,17
2008,40,COB,COG,Congo,COG,CG,Congo,Congo,Middle Africa,Afrique australe,Africa,Afrique,1986,6,6
2008,41,COD,COD,Dem. Rep. of the Congo,COD,CD,Dem. Rep. of the Congo,R,Middle Africa,Afrique australe,Africa,Afrique,20,4,4
2008,44,COL,COL,Colombia,COL,CO,Colombia,Colombie,South America,Am,Latin America and the Caribbean,Am,93,6,7
2008,45,COS,CRI,Costa Rica,CRI,CR,Costa Rica,Costa Rica,Central America,Am,Latin America and the Caribbean,Am,944,13,13
2008,48,CYP,CYP,Cyprus,CYP,CY,Cyprus,Chypre,Western Asia,Asie occidentale,Asia,Asie,6903,37,68
2008,49,CZE,CZE,Czechia,CZE,CZ,Czechia,R,Eastern Europe,Europe orientale,Europe,Europe,2717,43,76
2008,50,DEN,DNK,Denmark,DNK,DK,Denmark,Danemark,Northern Europe,Europe septentrionale,Europe,Europe,2339,57,57
2008,51,DJB,DJI,Djibouti,DJI,DJ,Djibouti,Djibouti,Eastern Africa,Afrique orientale,Africa,Afrique,191,1,1
2008,54,ECU,ECU,Ecuador,ECU,EC,Ecuador,Equateur,South America,Am,Latin America and the Caribbean,Am,17594,24,24
2008,56,ERT,ERI,Eritrea,ERI,ER,Eritrea,Erythr,Eastern Africa,Afrique orientale,Africa,Afrique,77,2,2
2008,57,EST,EST,Estonia,EST,EE,Estonia,Estonie,Northern Europe,Europe septentrionale,Europe,Europe,10,2,2
2008,58,ETH,ETH,Ethiopia,ETH,ET,Ethiopia,Ethiopie,Eastern Africa,Afrique orientale,Africa,Afrique,23712,7,7
2008,60,FIJ,FJI,Fiji,FJI,FJ,Fiji,Fidji,Melanesia,M,Oceania,Oc,5,1,1
2008,61,FIN,FIN,Finland,FIN,FI,Finland,Finlande,Northern Europe,Europe septentrionale,Europe,Europe,4005,55,55
2008,64,FRA,FRA,France,FRA,FR,France,France,Western Europe,Europe occidentale,Europe,Europe,64227,86,150
2008,67,GAB,GAB,Gabon,GAB,GA,Gabon,Gabon,Middle Africa,Afrique australe,Africa,Afrique,292,4,4
2008,70,GBR,GBR,United Kingdom of Great Britain and Northern Ireland,GBR,GB,United Kingdom of Great Britain and Northern Ireland,Royaume-Uni,Northern Europe,Europe septentrionale,Europe,Europe,44401,103,105
2008,71,GEO,GEO,Georgia,GEO,GE,Georgia,G,Western Asia,Asie occidentale,Asia,Asie,44,5,5
2008,72,GFR,DEU,Germany,DEU,DE,Germany,Allemagne,Western Europe,Europe occidentale,Europe,Europe,27988,92,152
2008,73,GHA,GHA,Ghana,GHA,GH,Ghana,Ghana,Western Africa,Afrique occidentale,Africa,Afrique,148,10,10
2008,75,GNB,GNB,Guinea-Bissau,GNB,GW,Guinea-Bissau,Guin,Western Africa,Afrique occidentale,Africa,Afrique,95,3,3
2008,76,GRE,GRC,Greece,GRC,GR,Greece,Gr,Southern Europe,Europe australe,Europe,Europe,33236,58,59
2008,78,GUA,GTM,Guatemala,GTM,GT,Guatemala,Guatemala,Central America,Am,Latin America and the Caribbean,Am,15,3,3
2008,79,GUI,GIN,Guinea,GIN,GN,Guinea,Guin,Western Africa,Afrique occidentale,Africa,Afrique,334,6,6
2008,82,HKG,HKG,"China, Hong Kong SAR",HKG,HK,"China, Hong Kong SAR","Hong Kong, RAS de la R",Eastern Asia,Asie orientale,Asia,Asie,1251,24,36
2008,83,HON,HND,Honduras,HND,HN,Honduras,Honduras,Central America,Am,Latin America and the Caribbean,Am,42,4,4
2008,84,HRV,HRV,Croatia,HRV,HR,Croatia,Croatie,Southern Europe,Europe australe,Europe,Europe,171,12,15
2008,85,HUN,HUN,Hungary,HUN,HU,Hungary,Hongrie,Eastern Europe,Europe orientale,Europe,Europe,3107,42,42
2008,86,ICE,ISL,Iceland,ISL,IS,Iceland,Islande,Northern Europe,Europe septentrionale,Europe,Europe,71,11,12
2008,87,ICO,CIV,Cote d'Ivoire,CIV,CI,Cote d'Ivoire,C,Western Africa,Afrique occidentale,Africa,Afrique,98,10,10
2008,88,IND,IND,India,IND,IN,India,Inde,Southern Asia,Sud de l'Asie centrale,Asia,Asie,3497,10,17
2008,89,INS,IDN,Indonesia,IDN,ID,Indonesia,Indon,South-eastern Asia,Asie du Sud-Est,Asia,Asie,377,12,12
2008,90,IRE,IRL,Ireland,IRL,IE,Ireland,Irlande,Northern Europe,Europe septentrionale,Europe,Europe,6735,71,132
2008,91,IRN,IRN,Iran (Islamic Rep. of),IRN,IR,Iran (Islamic Rep. of),R,Southern Asia,Sud de l'Asie centrale,Asia,Asie,896,5,5
2008,92,IRQ,IRQ,Iraq,IRQ,IQ,Iraq,Iraq,Western Asia,Asie occidentale,Asia,Asie,287,4,4
2008,93,ISR,ISR,Israel,ISR,IL,Israel,Isra,Western Asia,Asie occidentale,Asia,Asie,8353,41,53
2008,94,ITA,ITA,Italy,ITA,IT,Italy,Italie,Southern Europe,Europe australe,Europe,Europe,30303,74,74
2008,96,JOR,JOR,Jordan,JOR,JO,Jordan,Jordanie,Western Asia,Asie occidentale,Asia,Asie,489,13,17
2008,97,JPN,JPN,Japan,JPN,JP,Japan,Japon,Eastern Asia,Asie orientale,Asia,Asie,2099,21,26
2008,98,KAZ,KAZ,Kazakhstan,KAZ,KZ,Kazakhstan,Kazakhstan,Central Asia,Sud de l'Asie centrale,Asia,Asie,251,4,4
2008,99,KEN,KEN,Kenya,KEN,KE,Kenya,Kenya,Eastern Africa,Afrique orientale,Africa,Afrique,8814,12,19
2008,100,KGZ,KGZ,Kyrgyzstan,KGZ,KG,Kyrgyzstan,Kirghizistan,Central Asia,Sud de l'Asie centrale,Asia,Asie,869,8,11
2008,102,KOR,KOR,Rep. of Korea,KOR,KR,Rep. of Korea,R,Eastern Asia,Asie orientale,Asia,Asie,360,17,17
2008,104,KUW,KWT,Kuwait,KWT,KW,Kuwait,Kowe,Western Asia,Asie occidentale,Asia,Asie,2075,8,8
2008,107,LBY,LBY,Libya,LBY,LY,Libya,Libye,Northern Africa,Afrique septentrionale,Africa,Afrique,5081,21,28
2008,109,LEB,LBN,Lebanon,LBN,LB,Lebanon,Liban,Western Asia,Asie occidentale,Asia,Asie,391,8,12
2008,111,LIE,LIE,Liechtenstein,LIE,LI,Liechtenstein,Liechtenstein,Western Europe,Europe occidentale,Europe,Europe,20,4,4
2008,112,LKA,LKA,Sri Lanka,LKA,LK,Sri Lanka,Sri Lanka,Southern Asia,Sud de l'Asie centrale,Asia,Asie,422,4,4
2008,113,LTU,LTU,Lithuania,LTU,LT,Lithuania,Lituanie,Northern Europe,Europe septentrionale,Europe,Europe,207,12,12
2008,114,LUX,LUX,Luxembourg,LUX,LU,Luxembourg,Luxembourg,Western Europe,Europe occidentale,Europe,Europe,783,24,25
2008,115,LVA,LVA,Latvia,LVA,LV,Latvia,Lettonie,Northern Europe,Europe septentrionale,Europe,Europe,37,4,4
2008,119,MAU,MRT,Mauritania,MRT,MR,Mauritania,Mauritanie,Western Africa,Afrique occidentale,Africa,Afrique,312,12,12
2008,120,MCD,MKD,North Macedonia,MKD,MK,North Macedonia,Ex-R,Southern Europe,Europe australe,Europe,Europe,50,4,4
2008,122,MDA,MDA,Rep. of Moldova,MDA,MD,Rep. of Moldova,R,Eastern Europe,Europe orientale,Europe,Europe,49,7,7
2008,124,MEX,MEX,Mexico,MEX,MX,Mexico,Mexique,Central America,Am,Latin America and the Caribbean,Am,298,15,15
2008,126,MLI,MLI,Mali,MLI,ML,Mali,Mali,Western Africa,Afrique occidentale,Africa,Afrique,57,8,8
2008,127,MLS,MYS,Malaysia,MYS,MY,Malaysia,Malaisie,South-eastern Asia,Asie du Sud-Est,Asia,Asie,17028,26,26
2008,128,MLW,MWI,Malawi,MWI,MW,Malawi,Malawi,Eastern Africa,Afrique orientale,Africa,Afrique,1426,6,6
2008,129,MNG,MNG,Mongolia,MNG,MN,Mongolia,Mongolie,Eastern Asia,Asie orientale,Asia,Asie,5,1,1
2008,130,MOR,MAR,Morocco,MAR,MA,Morocco,Maroc,Northern Africa,Afrique septentrionale,Africa,Afrique,1106,27,38
2008,131,MOZ,MOZ,Mozambique,MOZ,MZ,Mozambique,Mozambique,Eastern Africa,Afrique orientale,Africa,Afrique,1751,6,9
2008,132,MTA,MLT,Malta,MLT,MT,Malta,Malte,Southern Europe,Europe australe,Europe,Europe,3503,30,50
2008,133,MNE,MNE,Montenegro,MNE,ME,Montenegro,Mont,Southern Europe,Europe australe,Europe,Europe,5,1,1
2008,136,NAM,NAM,Namibia,NAM,,Namibia,Namibie,Southern Africa,Afrique australe,Africa,Afrique,288,5,5
2008,137,NEP,NPL,Nepal,NPL,NP,Nepal,N,Southern Asia,Sud de l'Asie centrale,Asia,Asie,114,5,5
2008,138,NET,NLD,Netherlands (Kingdom of the),NLD,NL,Netherlands (Kingdom of the),Pays-Bas,Western Europe,Europe occidentale,Europe,Europe,13396,85,85
2008,139,NGR,NER,Niger,NER,NE,Niger,Niger,Western Africa,Afrique occidentale,Africa,Afrique,19,1,1
2008,140,NIC,NIC,Nicaragua,NIC,NI,Nicaragua,Nicaragua,Central America,Am,Latin America and the Caribbean,Am,70,5,5
2008,141,NIG,NGA,Nigeria,NGA,NG,Nigeria,Nig,Western Africa,Afrique occidentale,Africa,Afrique,694,14,14
2008,143,NOR,NOR,Norway,NOR,NO,Norway,Norv,Northern Europe,Europe septentrionale,Europe,Europe,20460,84,150
2008,145,NZL,NZL,New Zealand,NZL,NZ,New Zealand,Nouvelle-Z,Australia-New Zealand,Australie-Nouvelle-Z,Oceania,Oc,338,27,36
2008,146,OMN,OMN,Oman,OMN,OM,Oman,Oman,Western Asia,Asie occidentale,Asia,Asie,12,2,2
2008,147,PAK,PAK,Pakistan,PAK,PK,Pakistan,Pakistan,Southern Asia,Sud de l'Asie centrale,Asia,Asie,1445,7,7
2008,148,PAN,PAN,Panama,PAN,PA,Panama,Panama,Central America,Am,Latin America and the Caribbean,Am,203,6,6
2008,149,PAR,PRY,Paraguay,PRY,PY,Paraguay,Paraguay,South America,Am,Latin America and the Caribbean,Am,13,2,2
2008,150,PER,PER,Peru,PER,PE,Peru,P,South America,Am,Latin America and the Caribbean,Am,198,5,5
2008,151,PHI,PHL,Philippines,PHL,PH,Philippines,Philippines,South-eastern Asia,Asie du Sud-Est,Asia,Asie,52,10,10
2008,154,POL,POL,Poland,POL,PL,Poland,Pologne,Eastern Europe,Europe orientale,Europe,Europe,7712,33,57
2008,155,POR,PRT,Portugal,PRT,PT,Portugal,Portugal,Southern Europe,Europe australe,Europe,Europe,140,14,14
2008,157,QAT,QAT,Qatar,QAT,QA,Qatar,Qatar,Western Asia,Asie occidentale,Asia,Asie,19,3,3
2008,158,ROM,ROU,Romania,ROU,RO,Romania,Roumanie,Eastern Europe,Europe orientale,Europe,Europe,1162,30,30
2008,159,RSA,ZAF,South Africa,ZAF,ZA,South Africa,Afrique du Sud,Southern Africa,Afrique australe,Africa,Afrique,207202,48,48
2008,160,RUS,RUS,Russian Federation,RUS,RU,Russian Federation,F,Eastern Europe,Europe orientale,Europe,Europe,5419,38,38
2008,161,RWA,RWA,Rwanda,RWA,RW,Rwanda,Rwanda,Eastern Africa,Afrique orientale,Africa,Afrique,10,2,2
2008,163,SAU,SAU,Saudi Arabia,SAU,SA,Saudi Arabia,Arabie saoudite,Western Asia,Asie occidentale,Asia,Asie,89,6,6
2008,164,SRB,SRB,Serbia and Kosovo: S/RES/1244 (1999),SRB,RS,Serbia and Kosovo: S/RES/1244 (1999),Serbie,Southern Europe,Europe australe,Europe,Europe,73,8,8
2008,165,SEN,SEN,Senegal,SEN,SN,Senegal,S,Western Africa,Afrique occidentale,Africa,Afrique,251,16,16
2008,168,SIN,SGP,Singapore,SGP,SG,Singapore,Singapour,South-eastern Asia,Asie du Sud-Est,Asia,Asie,20,3,3
2008,169,SLE,SLE,Sierra Leone,SLE,SL,Sierra Leone,Sierra Leone,Western Africa,Afrique occidentale,Africa,Afrique,432,4,4
2008,172,SOM,SOM,Somalia,SOM,SO,Somalia,Somalie,Eastern Africa,Afrique orientale,Africa,Afrique,2156,3,3
2008,173,SPA,ESP,Spain,ESP,ES,Spain,Espagne,Southern Europe,Europe australe,Europe,Europe,4505,76,76
2008,177,SUD,SDN,Sudan,SDN,SD,Sudan,Soudan,Northern Africa,Afrique septentrionale,Africa,Afrique,35102,7,10
2008,180,SVK,SVK,Slovakia,SVK,SK,Slovakia,Slovaquie,Eastern Europe,Europe orientale,Europe,Europe,891,22,22
2008,181,SVN,SVN,Slovenia,SVN,SI,Slovenia,Slov,Southern Europe,Europe australe,Europe,Europe,238,16,16
2008,182,SWA,SWZ,Eswatini,SWZ,SZ,Eswatini,Eswatini,Southern Africa,Afrique australe,Africa,Afrique,190,7,7
2008,183,SWE,SWE,Sweden,SWE,SE,Sweden,Su,Northern Europe,Europe septentrionale,Europe,Europe,40461,104,186
2008,184,SWI,CHE,Switzerland,CHE,CH,Switzerland,Suisse,Western Europe,Europe occidentale,Europe,Europe,16578,88,88
2008,185,SYR,SYR,Syrian Arab Rep.,SYR,SY,Syrian Arab Rep.,R,Western Asia,Asie occidentale,Asia,Asie,969,24,30
2008,188,THA,THA,Thailand,THA,TH,Thailand,Tha,South-eastern Asia,Asie du Sud-Est,Asia,Asie,1202,22,37
2008,189,TJK,TJK,Tajikistan,TJK,TJ,Tajikistan,Tadjikistan,Central Asia,Sud de l'Asie centrale,Asia,Asie,1371,2,3
2008,191,TMP,TLS,Timor-Leste,TLS,TL,Timor-Leste,Timor-Leste,South-eastern Asia,Asie du Sud-Est,Asia,Asie,12,1,1
2008,192,TOG,TGO,Togo,TGO,TG,Togo,Togo,Western Africa,Afrique occidentale,Africa,Afrique,192,5,5
2008,194,TRT,TTO,Trinidad and Tobago,TTO,TT,Trinidad and Tobago,Trinit,Caribbean,Cara,Latin America and the Caribbean,Am,61,8,8
2008,195,TUN,TUN,Tunisia,TUN,TN,Tunisia,Tunisie,Northern Africa,Afrique septentrionale,Africa,Afrique,59,3,3
2008,196,TUR,TUR,Türkiye,TUR,TR,Türkiye,Türkiye,Western Asia,Asie occidentale,Asia,Asie,13789,32,50
2008,198,UAE,ARE,United Arab Emirates,ARE,AE,United Arab Emirates,Emirats arabes unis,Western Asia,Asie occidentale,Asia,Asie,122,4,4
2008,199,UGA,UGA,Uganda,UGA,UG,Uganda,Ouganda,Eastern Africa,Afrique orientale,Africa,Afrique,13552,12,12
2008,200,UKR,UKR,Ukraine,UKR,UA,Ukraine,Ukraine,Eastern Europe,Europe orientale,Europe,Europe,2945,41,73
2008,201,URU,URY,Uruguay,URY,UY,Uruguay,Uruguay,South America,Am,Latin America and the Caribbean,Am,7,1,1
2008,202,USA,USA,United States of America,USA,US,United States of America,Etats-Unis d'Am,Northern America,Am,Northern America,Am,39328,137,247
2008,204,VAN,VUT,Vanuatu,VUT,VU,Vanuatu,Vanuatu,Melanesia,M,Oceania,Oc,5,1,1
2008,207,VEN,VEN,Venezuela (Bolivarian Republic of),VEN,VE,Venezuela (Bolivarian Republic of),Venezuela (R,South America,Am,Latin America and the Caribbean,Am,2955,7,7
2008,211,YEM,YEM,Yemen,YEM,YE,Yemen,Y,Western Asia,Asie occidentale,Asia,Asie,2235,10,10
2008,213,ZAM,ZMB,Zambia,ZMB,ZM,Zambia,Zambie,Eastern Africa,Afrique orientale,Africa,Afrique,220,6,6
2008,214,ZIM,ZWE,Zimbabwe,ZWE,ZW,Zimbabwe,Zimbabwe,Eastern Africa,Afrique orientale,Africa,Afrique,898,3,3
2009,2,AFG,AFG,Afghanistan,AFG,AF,Afghanistan,Afghanistan,Southern Asia,Sud de l'Asie centrale,Asia,Asie,17,2,2
2009,4,ALG,DZA,Algeria,DZA,DZ,Algeria,Alg,Northern Africa,Afrique septentrionale,Africa,Afrique,926,11,18
2009,6,ANG,AGO,Angola,AGO,AO,Angola,Angola,Middle Africa,Afrique australe,Africa,Afrique,2069,15,15
2009,8,ARE,EGY,Egypt,EGY,EG,Egypt,Egypte,Northern Africa,Afrique septentrionale,Africa,Afrique,2784,17,21
2009,9,ARG,ARG,Argentina,ARG,AR,Argentina,Argentine,South America,Am,Latin America and the Caribbean,Am,765,27,27
2009,10,ARM,ARM,Armenia,ARM,AM,Armenia,Arm,Western Asia,Asie occidentale,Asia,Asie,68,3,4
2009,11,AUL,AUS,Australia,AUS,AU,Australia,Australie,Australia-New Zealand,Australie-Nouvelle-Z,Oceania,Oc,8399,80,130
2009,12,AUS,AUT,Austria,AUT,AT,Austria,Autriche,Western Europe,Europe occidentale,Europe,Europe,15810,78,78
2009,13,AZE,AZE,Azerbaijan,AZE,AZ,Azerbaijan,Azerba,Western Asia,Asie occidentale,Asia,Asie,372,7,14
2009,14,BAH,BHR,Bahrain,BHR,BH,Bahrain,Bahre,Western Asia,Asie occidentale,Asia,Asie,77,1,1
2009,16,BDI,BDI,Burundi,BDI,BI,Burundi,Burundi,Eastern Africa,Afrique orientale,Africa,Afrique,3949,5,5
2009,17,BEL,BEL,Belgium,BEL,BE,Belgium,Belgique,Western Europe,Europe occidentale,Europe,Europe,22271,96,97
2009,18,BEN,BEN,Benin,BEN,BJ,Benin,B,Western Africa,Afrique occidentale,Africa,Afrique,422,13,18
2009,20,BGD,BGD,Bangladesh,BGD,BD,Bangladesh,Bangladesh,Southern Asia,Sud de l'Asie centrale,Asia,Asie,49,4,4
2009,23,BKF,BFA,Burkina Faso,BFA,BF,Burkina Faso,Burkina Faso,Western Africa,Afrique occidentale,Africa,Afrique,36,3,3
2009,24,BLR,BLR,Belarus,BLR,BY,Belarus,B,Eastern Europe,Europe orientale,Europe,Europe,179,8,11
2009,25,BOL,BOL,Bolivia (Plurinational State of),BOL,BO,Bolivia (Plurinational State of),Bolivie,South America,Am,Latin America and the Caribbean,Am,41,1,1
2009,26,BOT,BWA,Botswana,BWA,BW,Botswana,Botswana,Southern Africa,Afrique australe,Africa,Afrique,135,4,4
2009,27,BRA,BRA,Brazil,BRA,BR,Brazil,Br,South America,Am,Latin America and the Caribbean,Am,358,17,17
2009,29,BSN,BIH,Bosnia and Herzegovina,BIH,BA,Bosnia and Herzegovina,Bosnie-Herz,Southern Europe,Europe australe,Europe,Europe,45,2,2
2009,30,BUL,BGR,Bulgaria,BGR,BG,Bulgaria,Bulgarie,Eastern Europe,Europe orientale,Europe,Europe,844,31,31
2009,31,BZE,BLZ,Belize,BLZ,BZ,Belize,Belize,Central America,Am,Latin America and the Caribbean,Am,25,4,4
2009,32,CAM,KHM,Cambodia,KHM,KH,Cambodia,Cambodge,South-eastern Asia,Asie du Sud-Est,Asia,Asie,99,3,5
2009,33,CAN,CAN,Canada,CAN,CA,Canada,Canada,Northern America,Am,Northern America,Am,33952,151,151
2009,34,CAR,CAF,Central African Rep.,CAF,CF,Central African Rep.,R,Middle Africa,Afrique australe,Africa,Afrique,168,4,4
2009,36,CHD,TCD,Chad,TCD,TD,Chad,Tchad,Middle Africa,Afrique australe,Africa,Afrique,139,3,3
2009,37,CHI,CHN,China,CHN,CN,China,Chine,Eastern Asia,Asie orientale,Asia,Asie,67,5,5
2009,39,CMR,CMR,Cameroon,CMR,CM,Cameroon,Cameroun,Middle Africa,Afrique australe,Africa,Afrique,2903,14,14
2009,40,COB,COG,Congo,COG,CG,Congo,Congo,Middle Africa,Afrique australe,Africa,Afrique,1861,8,8
2009,41,COD,COD,Dem. Rep. of the Congo,COD,CD,Dem. Rep. of the Congo,R,Middle Africa,Afrique australe,Africa,Afrique,633,5,5
2009,44,COL,COL,Colombia,COL,CO,Colombia,Colombie,South America,Am,Latin America and the Caribbean,Am,371,10,13
2009,45,COS,CRI,Costa Rica,CRI,CR,Costa Rica,Costa Rica,Central America,Am,Latin America and the Caribbean,Am,1176,16,16
2009,46,CUB,CUB,Cuba,CUB,CU,Cuba,Cuba,Caribbean,Cara,Latin America and the Caribbean,Am,5,1,1
2009,48,CYP,CYP,Cyprus,CYP,CY,Cyprus,Chypre,Western Asia,Asie occidentale,Asia,Asie,6914,46,81
2009,49,CZE,CZE,Czechia,CZE,CZ,Czechia,R,Eastern Europe,Europe orientale,Europe,Europe,1786,36,57
2009,50,DEN,DNK,Denmark,DNK,DK,Denmark,Danemark,Northern Europe,Europe septentrionale,Europe,Europe,4534,62,62
2009,51,DJB,DJI,Djibouti,DJI,DJ,Djibouti,Djibouti,Eastern Africa,Afrique orientale,Africa,Afrique,765,3,3
2009,54,ECU,ECU,Ecuador,ECU,EC,Ecuador,Equateur,South America,Am,Latin America and the Caribbean,Am,35493,36,36
2009,57,EST,EST,Estonia,EST,EE,Estonia,Estonie,Northern Europe,Europe septentrionale,Europe,Europe,25,4,4
2009,58,ETH,ETH,Ethiopia,ETH,ET,Ethiopia,Ethiopie,Eastern Africa,Afrique orientale,Africa,Afrique,22203,8,8
2009,60,FIJ,FJI,Fiji,FJI,FJ,Fiji,Fidji,Melanesia,M,Oceania,Oc,10,2,2
2009,61,FIN,FIN,Finland,FIN,FI,Finland,Finlande,Northern Europe,Europe septentrionale,Europe,Europe,5906,64,64
2009,64,FRA,FRA,France,FRA,FR,France,France,Western Europe,Europe occidentale,Europe,Europe,72724,92,156
2009,67,GAB,GAB,Gabon,GAB,GA,Gabon,Gabon,Middle Africa,Afrique australe,Africa,Afrique,84,2,2
2009,68,GAM,GMB,Gambia,GMB,GM,Gambia,Gambie,Western Africa,Afrique occidentale,Africa,Afrique,68,4,4
2009,70,GBR,GBR,United Kingdom of Great Britain and Northern Ireland,GBR,GB,United Kingdom of Great Britain and Northern Ireland,Royaume-Uni,Northern Europe,Europe septentrionale,Europe,Europe,46015,117,119
2009,71,GEO,GEO,Georgia,GEO,GE,Georgia,G,Western Asia,Asie occidentale,Asia,Asie,39,5,5
2009,72,GFR,DEU,Germany,DEU,DE,Germany,Allemagne,Western Europe,Europe occidentale,Europe,Europe,32994,94,154
2009,73,GHA,GHA,Ghana,GHA,GH,Ghana,Ghana,Western Africa,Afrique occidentale,Africa,Afrique,250,9,9
2009,75,GNB,GNB,Guinea-Bissau,GNB,GW,Guinea-Bissau,Guin,Western Africa,Afrique occidentale,Africa,Afrique,9,1,1
2009,76,GRE,GRC,Greece,GRC,GR,Greece,Gr,Southern Europe,Europe australe,Europe,Europe,28013,61,62
2009,78,GUA,GTM,Guatemala,GTM,GT,Guatemala,Guatemala,Central America,Am,Latin America and the Caribbean,Am,36,6,6
2009,79,GUI,GIN,Guinea,GIN,GN,Guinea,Guin,Western Africa,Afrique occidentale,Africa,Afrique,295,4,4
2009,81,HAI,HTI,Haiti,HTI,HT,Haiti,Ha,Caribbean,Cara,Latin America and the Caribbean,Am,20,2,2
2009,82,HKG,HKG,"China, Hong Kong SAR",HKG,HK,"China, Hong Kong SAR","Hong Kong, RAS de la R",Eastern Asia,Asie orientale,Asia,Asie,1249,21,35
2009,83,HON,HND,Honduras,HND,HN,Honduras,Honduras,Central America,Am,Latin America and the Caribbean,Am,39,5,5
2009,84,HRV,HRV,Croatia,HRV,HR,Croatia,Croatie,Southern Europe,Europe australe,Europe,Europe,187,14,22
2009,85,HUN,HUN,Hungary,HUN,HU,Hungary,Hongrie,Eastern Europe,Europe orientale,Europe,Europe,4662,45,45
2009,86,ICE,ISL,Iceland,ISL,IS,Iceland,Islande,Northern Europe,Europe septentrionale,Europe,Europe,32,5,6
2009,87,ICO,CIV,Cote d'Ivoire,CIV,CI,Cote d'Ivoire,C,Western Africa,Afrique occidentale,Africa,Afrique,195,13,13
2009,88,IND,IND,India,IND,IN,India,Inde,Southern Asia,Sud de l'Asie centrale,Asia,Asie,6742,12,21
2009,89,INS,IDN,Indonesia,IDN,ID,Indonesia,Indon,South-eastern Asia,Asie du Sud-Est,Asia,Asie,3296,14,20
2009,90,IRE,IRL,Ireland,IRL,IE,Ireland,Irlande,Northern Europe,Europe septentrionale,Europe,Europe,5252,69,127
2009,91,IRN,IRN,Iran (Islamic Rep. of),IRN,IR,Iran (Islamic Rep. of),R,Southern Asia,Sud de l'Asie centrale,Asia,Asie,374,4,4
2009,92,IRQ,IRQ,Iraq,IRQ,IQ,Iraq,Iraq,Western Asia,Asie occidentale,Asia,Asie,2729,5,5
2009,93,ISR,ISR,Israel,ISR,IL,Israel,Isra,Western Asia,Asie occidentale,Asia,Asie,798,18,18
2009,94,ITA,ITA,Italy,ITA,IT,Italy,Italie,Southern Europe,Europe australe,Europe,Europe,17591,76,76
2009,96,JOR,JOR,Jordan,JOR,JO,Jordan,Jordanie,Western Asia,Asie occidentale,Asia,Asie,800,16,27
2009,97,JPN,JPN,Japan,JPN,JP,Japan,Japon,Eastern Asia,Asie orientale,Asia,Asie,2594,22,29
2009,98,KAZ,KAZ,Kazakhstan,KAZ,KZ,Kazakhstan,Kazakhstan,Central Asia,Sud de l'Asie centrale,Asia,Asie,360,7,7
2009,99,KEN,KEN,Kenya,KEN,KE,Kenya,Kenya,Eastern Africa,Afrique orientale,Africa,Afrique,16255,11,19
2009,100,KGZ,KGZ,Kyrgyzstan,KGZ,KG,Kyrgyzstan,Kirghizistan,Central Asia,Sud de l'Asie centrale,Asia,Asie,350,6,8
2009,102,KOR,KOR,Rep. of Korea,KOR,KR,Rep. of Korea,R,Eastern Asia,Asie orientale,Asia,Asie,310,17,17
2009,104,KUW,KWT,Kuwait,KWT,KW,Kuwait,Kowe,Western Asia,Asie occidentale,Asia,Asie,366,9,9
2009,106,LBR,LBR,Liberia,LBR,LR,Liberia,Lib,Western Africa,Afrique occidentale,Africa,Afrique,554,2,2
2009,107,LBY,LBY,Libya,LBY,LY,Libya,Libye,Northern Africa,Afrique septentrionale,Africa,Afrique,3038,10,15
2009,108,LCA,LCA,Saint Lucia,LCA,LC,Saint Lucia,Sainte-Lucie,Caribbean,Cara,Latin America and the Caribbean,Am,5,1,1
2009,109,LEB,LBN,Lebanon,LBN,LB,Lebanon,Liban,Western Asia,Asie occidentale,Asia,Asie,651,9,13
2009,111,LIE,LIE,Liechtenstein,LIE,LI,Liechtenstein,Liechtenstein,Western Europe,Europe occidentale,Europe,Europe,285,10,10
2009,112,LKA,LKA,Sri Lanka,LKA,LK,Sri Lanka,Sri Lanka,Southern Asia,Sud de l'Asie centrale,Asia,Asie,141,1,1
2009,113,LTU,LTU,Lithuania,LTU,LT,Lithuania,Lituanie,Northern Europe,Europe septentrionale,Europe,Europe,205,12,12
2009,114,LUX,LUX,Luxembourg,LUX,LU,Luxembourg,Luxembourg,Western Europe,Europe occidentale,Europe,Europe,621,32,38
2009,115,LVA,LVA,Latvia,LVA,LV,Latvia,Lettonie,Northern Europe,Europe septentrionale,Europe,Europe,44,5,5
2009,119,MAU,MRT,Mauritania,MRT,MR,Mauritania,Mauritanie,Western Africa,Afrique occidentale,Africa,Afrique,398,14,14
2009,120,MCD,MKD,North Macedonia,MKD,MK,North Macedonia,Ex-R,Southern Europe,Europe australe,Europe,Europe,80,2,2
2009,122,MDA,MDA,Rep. of Moldova,MDA,MD,Rep. of Moldova,R,Eastern Europe,Europe orientale,Europe,Europe,85,10,10
2009,124,MEX,MEX,Mexico,MEX,MX,Mexico,Mexique,Central America,Am,Latin America and the Caribbean,Am,661,19,19
2009,126,MLI,MLI,Mali,MLI,ML,Mali,Mali,Western Africa,Afrique occidentale,Africa,Afrique,19,2,2
2009,127,MLS,MYS,Malaysia,MYS,MY,Malaysia,Malaisie,South-eastern Asia,Asie du Sud-Est,Asia,Asie,40056,23,23
2009,128,MLW,MWI,Malawi,MWI,MW,Malawi,Malawi,Eastern Africa,Afrique orientale,Africa,Afrique,1419,7,7
2009,129,MNG,MNG,Mongolia,MNG,MN,Mongolia,Mongolie,Eastern Asia,Asie orientale,Asia,Asie,5,1,1
2009,130,MOR,MAR,Morocco,MAR,MA,Morocco,Maroc,Northern Africa,Afrique septentrionale,Africa,Afrique,789,25,34
2009,131,MOZ,MOZ,Mozambique,MOZ,MZ,Mozambique,Mozambique,Eastern Africa,Afrique orientale,Africa,Afrique,1490,8,11
2009,132,MTA,MLT,Malta,MLT,MT,Malta,Malte,Southern Europe,Europe australe,Europe,Europe,3208,24,42
2009,133,MNE,MNE,Montenegro,MNE,ME,Montenegro,Mont,Southern Europe,Europe australe,Europe,Europe,15,2,2
2009,136,NAM,NAM,Namibia,NAM,,Namibia,Namibie,Southern Africa,Afrique australe,Africa,Afrique,331,8,8
2009,137,NEP,NPL,Nepal,NPL,NP,Nepal,N,Southern Asia,Sud de l'Asie centrale,Asia,Asie,59,6,6
2009,138,NET,NLD,Netherlands (Kingdom of the),NLD,NL,Netherlands (Kingdom of the),Pays-Bas,Western Europe,Europe occidentale,Europe,Europe,14895,82,82
2009,139,NGR,NER,Niger,NER,NE,Niger,Niger,Western Africa,Afrique occidentale,Africa,Afrique,15,2,3
2009,140,NIC,NIC,Nicaragua,NIC,NI,Nicaragua,Nicaragua,Central America,Am,Latin America and the Caribbean,Am,269,6,6
2009,141,NIG,NGA,Nigeria,NGA,NG,Nigeria,Nig,Western Africa,Afrique occidentale,Africa,Afrique,289,3,3
2009,143,NOR,NOR,Norway,NOR,NO,Norway,Norv,Northern Europe,Europe septentrionale,Europe,Europe,27950,90,165
2009,145,NZL,NZL,New Zealand,NZL,NZ,New Zealand,Nouvelle-Z,Australia-New Zealand,Australie-Nouvelle-Z,Oceania,Oc,481,27,44
2009,146,OMN,OMN,Oman,OMN,OM,Oman,Oman,Western Asia,Asie occidentale,Asia,Asie,28,1,1
2009,147,PAK,PAK,Pakistan,PAK,PK,Pakistan,Pakistan,Southern Asia,Sud de l'Asie centrale,Asia,Asie,1304,7,7
2009,148,PAN,PAN,Panama,PAN,PA,Panama,Panama,Central America,Am,Latin America and the Caribbean,Am,417,10,10
2009,149,PAR,PRY,Paraguay,PRY,PY,Paraguay,Paraguay,South America,Am,Latin America and the Caribbean,Am,16,3,3
2009,150,PER,PER,Peru,PER,PE,Peru,P,South America,Am,Latin America and the Caribbean,Am,169,5,5
2009,151,PHI,PHL,Philippines,PHL,PH,Philippines,Philippines,South-eastern Asia,Asie du Sud-Est,Asia,Asie,5,1,1
2009,152,PLW,PLW,Palau,PLW,PW,Palau,Palaos (les),Micronesia,Micron,Oceania,Oc,12,1,1
2009,153,PNG,PNG,Papua New Guinea,PNG,PG,Papua New Guinea,Papouasie-Nouvelle-Guin,Melanesia,M,Oceania,Oc,6,1,1
2009,154,POL,POL,Poland,POL,PL,Poland,Pologne,Eastern Europe,Europe orientale,Europe,Europe,10577,40,40
2009,155,POR,PRT,Portugal,PRT,PT,Portugal,Portugal,Southern Europe,Europe australe,Europe,Europe,127,14,14
2009,157,QAT,QAT,Qatar,QAT,QA,Qatar,Qatar,Western Asia,Asie occidentale,Asia,Asie,11,1,1
2009,158,ROM,ROU,Romania,ROU,RO,Romania,Roumanie,Eastern Europe,Europe orientale,Europe,Europe,826,29,29
2009,159,RSA,ZAF,South Africa,ZAF,ZA,South Africa,Afrique du Sud,Southern Africa,Afrique australe,Africa,Afrique,222326,45,45
2009,160,RUS,RUS,Russian Federation,RUS,RU,Russian Federation,F,Eastern Europe,Europe orientale,Europe,Europe,5702,33,33
2009,161,RWA,RWA,Rwanda,RWA,RW,Rwanda,Rwanda,Eastern Africa,Afrique orientale,Africa,Afrique,82,3,3
2009,162,SAL,SLV,El Salvador,SLV,SV,El Salvador,El Salvador,Central America,Am,Latin America and the Caribbean,Am,95,6,6
2009,163,SAU,SAU,Saudi Arabia,SAU,SA,Saudi Arabia,Arabie saoudite,Western Asia,Asie occidentale,Asia,Asie,69,5,5
2009,164,SRB,SRB,Serbia and Kosovo: S/RES/1244 (1999),SRB,RS,Serbia and Kosovo: S/RES/1244 (1999),Serbie,Southern Europe,Europe australe,Europe,Europe,290,7,7
2009,165,SEN,SEN,Senegal,SEN,SN,Senegal,S,Western Africa,Afrique occidentale,Africa,Afrique,205,12,12
2009,169,SLE,SLE,Sierra Leone,SLE,SL,Sierra Leone,Sierra Leone,Western Africa,Afrique occidentale,Africa,Afrique,60,4,4
2009,172,SOM,SOM,Somalia,SOM,SO,Somalia,Somalie,Eastern Africa,Afrique orientale,Africa,Afrique,15572,4,4
2009,173,SPA,ESP,Spain,ESP,ES,Spain,Espagne,Southern Europe,Europe australe,Europe,Europe,2999,77,77
2009,177,SUD,SDN,Sudan,SDN,SD,Sudan,Soudan,Northern Africa,Afrique septentrionale,Africa,Afrique,10699,5,7
2009,180,SVK,SVK,Slovakia,SVK,SK,Slovakia,Slovaquie,Eastern Europe,Europe orientale,Europe,Europe,806,26,26
2009,181,SVN,SVN,Slovenia,SVN,SI,Slovenia,Slov,Southern Europe,Europe australe,Europe,Europe,175,15,15
2009,182,SWA,SWZ,Eswatini,SWZ,SZ,Eswatini,Eswatini,Southern Africa,Afrique australe,Africa,Afrique,164,8,8
2009,183,SWE,SWE,Sweden,SWE,SE,Sweden,Su,Northern Europe,Europe septentrionale,Europe,Europe,37857,104,188
2009,184,SWI,CHE,Switzerland,CHE,CH,Switzerland,Suisse,Western Europe,Europe occidentale,Europe,Europe,15980,90,90
2009,185,SYR,SYR,Syrian Arab Rep.,SYR,SY,Syrian Arab Rep.,R,Western Asia,Asie occidentale,Asia,Asie,2384,22,30
2009,186,TAN,TZA,United Rep. of Tanzania,TZA,TZ,United Rep. of Tanzania,R,Eastern Africa,Afrique orientale,Africa,Afrique,881,3,3
2009,188,THA,THA,Thailand,THA,TH,Thailand,Tha,South-eastern Asia,Asie du Sud-Est,Asia,Asie,6841,25,41
2009,189,TJK,TJK,Tajikistan,TJK,TJ,Tajikistan,Tadjikistan,Central Asia,Sud de l'Asie centrale,Asia,Asie,2579,1,2
2009,192,TOG,TGO,Togo,TGO,TG,Togo,Togo,Western Africa,Afrique occidentale,Africa,Afrique,130,6,6
2009,194,TRT,TTO,Trinidad and Tobago,TTO,TT,Trinidad and Tobago,Trinit,Caribbean,Cara,Latin America and the Caribbean,Am,150,13,13
2009,195,TUN,TUN,Tunisia,TUN,TN,Tunisia,Tunisie,Northern Africa,Afrique septentrionale,Africa,Afrique,47,3,3
2009,196,TUR,TUR,Türkiye,TUR,TR,Türkiye,Türkiye,Western Asia,Asie occidentale,Asia,Asie,8908,33,52
2009,198,UAE,ARE,United Arab Emirates,ARE,AE,United Arab Emirates,Emirats arabes unis,Western Asia,Asie occidentale,Asia,Asie,204,5,5
2009,199,UGA,UGA,Uganda,UGA,UG,Uganda,Ouganda,Eastern Africa,Afrique orientale,Africa,Afrique,20436,12,12
2009,200,UKR,UKR,Ukraine,UKR,UA,Ukraine,Ukraine,Eastern Europe,Europe orientale,Europe,Europe,2235,41,88
2009,201,URU,URY,Uruguay,URY,UY,Uruguay,Uruguay,South America,Am,Latin America and the Caribbean,Am,34,1,1
2009,202,USA,USA,United States of America,USA,US,United States of America,Etats-Unis d'Am,Northern America,Am,Northern America,Am,38059,145,260
2009,207,VEN,VEN,Venezuela (Bolivarian Republic of),VEN,VE,Venezuela (Bolivarian Republic of),Venezuela (R,South America,Am,Latin America and the Caribbean,Am,2865,2,2
2009,211,YEM,YEM,Yemen,YEM,YE,Yemen,Y,Western Asia,Asie occidentale,Asia,Asie,2485,10,10
2009,213,ZAM,ZMB,Zambia,ZMB,ZM,Zambia,Zambie,Eastern Africa,Afrique orientale,Africa,Afrique,311,8,8
2009,214,ZIM,ZWE,Zimbabwe,ZWE,ZW,Zimbabwe,Zimbabwe,Eastern Africa,Afrique orientale,Africa,Afrique,771,8,8
2010,2,AFG,AFG,Afghanistan,AFG,AF,Afghanistan,Afghanistan,Southern Asia,Sud de l'Asie centrale,Asia,Asie,37,2,2
2010,3,ALB,ALB,Albania,ALB,AL,Albania,Albanie,Southern Europe,Europe australe,Europe,Europe,5,1,1
2010,4,ALG,DZA,Algeria,DZA,DZ,Algeria,Alg,Northern Africa,Afrique septentrionale,Africa,Afrique,548,14,23
2010,6,ANG,AGO,Angola,AGO,AO,Angola,Angola,Middle Africa,Afrique australe,Africa,Afrique,144,1,1
2010,8,ARE,EGY,Egypt,EGY,EG,Egypt,Egypte,Northern Africa,Afrique septentrionale,Africa,Afrique,2997,16,21
2010,9,ARG,ARG,Argentina,ARG,AR,Argentina,Argentine,South America,Am,Latin America and the Caribbean,Am,776,29,29
2010,10,ARM,ARM,Armenia,ARM,AM,Armenia,Arm,Western Asia,Asie occidentale,Asia,Asie,61,5,8
2010,11,AUL,AUS,Australia,AUS,AU,Australia,Australie,Australia-New Zealand,Australie-Nouvelle-Z,Oceania,Oc,10889,79,128
2010,12,AUS,AUT,Austria,AUT,AT,Austria,Autriche,Western Europe,Europe occidentale,Europe,Europe,11003,72,72
2010,13,AZE,AZE,Azerbaijan,AZE,AZ,Azerbaijan,Azerba,Western Asia,Asie occidentale,Asia,Asie,317,8,13
2010,14,BAH,BHR,Bahrain,BHR,BH,Bahrain,Bahre,Western Asia,Asie occidentale,Asia,Asie,135,2,2
2010,16,BDI,BDI,Burundi,BDI,BI,Burundi,Burundi,Eastern Africa,Afrique orientale,Africa,Afrique,10773,4,4
2010,17,BEL,BEL,Belgium,BEL,BE,Belgium,Belgique,Western Europe,Europe occidentale,Europe,Europe,33119,97,165
2010,18,BEN,BEN,Benin,BEN,BJ,Benin,B,Western Africa,Afrique occidentale,Africa,Afrique,114,6,9
2010,20,BGD,BGD,Bangladesh,BGD,BD,Bangladesh,Bangladesh,Southern Asia,Sud de l'Asie centrale,Asia,Asie,16,1,1
2010,23,BKF,BFA,Burkina Faso,BFA,BF,Burkina Faso,Burkina Faso,Western Africa,Afrique occidentale,Africa,Afrique,38,5,5
2010,24,BLR,BLR,Belarus,BLR,BY,Belarus,B,Eastern Europe,Europe orientale,Europe,Europe,258,8,12
2010,25,BOL,BOL,Bolivia (Plurinational State of),BOL,BO,Bolivia (Plurinational State of),Bolivie,South America,Am,Latin America and the Caribbean,Am,49,3,3
2010,26,BOT,BWA,Botswana,BWA,BW,Botswana,Botswana,Southern Africa,Afrique australe,Africa,Afrique,74,3,3
2010,27,BRA,BRA,Brazil,BRA,BR,Brazil,Br,South America,Am,Latin America and the Caribbean,Am,1076,30,30
2010,29,BSN,BIH,Bosnia and Herzegovina,BIH,BA,Bosnia and Herzegovina,Bosnie-Herz,Southern Europe,Europe australe,Europe,Europe,39,4,4
2010,30,BUL,BGR,Bulgaria,BGR,BG,Bulgaria,Bulgarie,Eastern Europe,Europe orientale,Europe,Europe,994,27,27
2010,31,BZE,BLZ,Belize,BLZ,BZ,Belize,Belize,Central America,Am,Latin America and the Caribbean,Am,21,1,1
2010,32,CAM,KHM,Cambodia,KHM,KH,Cambodia,Cambodge,South-eastern Asia,Asie du Sud-Est,Asia,Asie,67,3,5
2010,33,CAN,CAN,Canada,CAN,CA,Canada,Canada,Northern America,Am,Northern America,Am,22523,151,151
2010,36,CHD,TCD,Chad,TCD,TD,Chad,Tchad,Middle Africa,Afrique australe,Africa,Afrique,88,5,5
2010,37,CHI,CHN,China,CHN,CN,China,Chine,Eastern Asia,Asie orientale,Asia,Asie,159,5,5
2010,38,CHL,CHL,Chile,CHL,CL,Chile,Chili,South America,Am,Latin America and the Caribbean,Am,254,6,6
2010,39,CMR,CMR,Cameroon,CMR,CM,Cameroon,Cameroun,Middle Africa,Afrique australe,Africa,Afrique,3593,20,29
2010,40,COB,COG,Congo,COG,CG,Congo,Congo,Middle Africa,Afrique australe,Africa,Afrique,1084,11,11
2010,41,COD,COD,Dem. Rep. of the Congo,COD,CD,Dem. Rep. of the Congo,R,Middle Africa,Afrique australe,Africa,Afrique,279,6,6
2010,44,COL,COL,Colombia,COL,CO,Colombia,Colombie,South America,Am,Latin America and the Caribbean,Am,158,9,9
2010,45,COS,CRI,Costa Rica,CRI,CR,Costa Rica,Costa Rica,Central America,Am,Latin America and the Caribbean,Am,981,18,18
2010,46,CUB,CUB,Cuba,CUB,CU,Cuba,Cuba,Caribbean,Cara,Latin America and the Caribbean,Am,20,2,2
2010,48,CYP,CYP,Cyprus,CYP,CY,Cyprus,Chypre,Western Asia,Asie occidentale,Asia,Asie,6432,43,82
2010,49,CZE,CZE,Czechia,CZE,CZ,Czechia,R,Eastern Europe,Europe orientale,Europe,Europe,1373,43,61
2010,50,DEN,DNK,Denmark,DNK,DK,Denmark,Danemark,Northern Europe,Europe septentrionale,Europe,Europe,4962,73,73
2010,51,DJB,DJI,Djibouti,DJI,DJ,Djibouti,Djibouti,Eastern Africa,Afrique orientale,Africa,Afrique,105,2,2
2010,53,DOM,DOM,Dominican Rep.,DOM,DO,Dominican Rep.,R,Caribbean,Cara,Latin America and the Caribbean,Am,5,1,1
2010,54,ECU,ECU,Ecuador,ECU,EC,Ecuador,Equateur,South America,Am,Latin America and the Caribbean,Am,31339,38,38
2010,56,ERT,ERI,Eritrea,ERI,ER,Eritrea,Erythr,Eastern Africa,Afrique orientale,Africa,Afrique,5,1,1
2010,57,EST,EST,Estonia,EST,EE,Estonia,Estonie,Northern Europe,Europe septentrionale,Europe,Europe,24,4,4
2010,58,ETH,ETH,Ethiopia,ETH,ET,Ethiopia,Ethiopie,Eastern Africa,Afrique orientale,Africa,Afrique,4441,7,7
2010,61,FIN,FIN,Finland,FIN,FI,Finland,Finlande,Northern Europe,Europe septentrionale,Europe,Europe,3990,61,61
2010,64,FRA,FRA,France,FRA,FR,France,France,Western Europe,Europe occidentale,Europe,Europe,80204,87,167
2010,67,GAB,GAB,Gabon,GAB,GA,Gabon,Gabon,Middle Africa,Afrique australe,Africa,Afrique,24,3,3
2010,68,GAM,GMB,Gambia,GMB,GM,Gambia,Gambie,Western Africa,Afrique occidentale,Africa,Afrique,5,1,1
2010,70,GBR,GBR,United Kingdom of Great Britain and Northern Ireland,GBR,GB,United Kingdom of Great Britain and Northern Ireland,Royaume-Uni,Northern Europe,Europe septentrionale,Europe,Europe,40498,113,161
2010,71,GEO,GEO,Georgia,GEO,GE,Georgia,G,Western Asia,Asie occidentale,Asia,Asie,68,7,7
2010,72,GFR,DEU,Germany,DEU,DE,Germany,Allemagne,Western Europe,Europe occidentale,Europe,Europe,48544,92,147
2010,73,GHA,GHA,Ghana,GHA,GH,Ghana,Ghana,Western Africa,Afrique occidentale,Africa,Afrique,189,11,11
2010,75,GNB,GNB,Guinea-Bissau,GNB,GW,Guinea-Bissau,Guin,Western Africa,Afrique occidentale,Africa,Afrique,40,4,4
2010,76,GRE,GRC,Greece,GRC,GR,Greece,Gr,Southern Europe,Europe australe,Europe,Europe,11879,58,93
2010,77,GRN,GRD,Grenada,GRD,GD,Grenada,Grenade,Caribbean,Cara,Latin America and the Caribbean,Am,5,1,1
2010,78,GUA,GTM,Guatemala,GTM,GT,Guatemala,Guatemala,Central America,Am,Latin America and the Caribbean,Am,15,3,3
2010,79,GUI,GIN,Guinea,GIN,GN,Guinea,Guin,Western Africa,Afrique occidentale,Africa,Afrique,632,6,6
2010,82,HKG,HKG,"China, Hong Kong SAR",HKG,HK,"China, Hong Kong SAR","Hong Kong, RAS de la R",Eastern Asia,Asie orientale,Asia,Asie,714,23,43
2010,83,HON,HND,Honduras,HND,HN,Honduras,Honduras,Central America,Am,Latin America and the Caribbean,Am,64,4,4
2010,84,HRV,HRV,Croatia,HRV,HR,Croatia,Croatie,Southern Europe,Europe australe,Europe,Europe,335,17,23
2010,85,HUN,HUN,Hungary,HUN,HU,Hungary,Hongrie,Eastern Europe,Europe orientale,Europe,Europe,2086,40,40
2010,86,ICE,ISL,Iceland,ISL,IS,Iceland,Islande,Northern Europe,Europe septentrionale,Europe,Europe,43,7,8
2010,87,ICO,CIV,Cote d'Ivoire,CIV,CI,Cote d'Ivoire,C,Western Africa,Afrique occidentale,Africa,Afrique,234,13,13
2010,88,IND,IND,India,IND,IN,India,Inde,Southern Asia,Sud de l'Asie centrale,Asia,Asie,4866,14,19
2010,89,INS,IDN,Indonesia,IDN,ID,Indonesia,Indon,South-eastern Asia,Asie du Sud-Est,Asia,Asie,3890,17,17
2010,90,IRE,IRL,Ireland,IRL,IE,Ireland,Irlande,Northern Europe,Europe septentrionale,Europe,Europe,4797,65,163
2010,91,IRN,IRN,Iran (Islamic Rep. of),IRN,IR,Iran (Islamic Rep. of),R,Southern Asia,Sud de l'Asie centrale,Asia,Asie,64,2,2
2010,92,IRQ,IRQ,Iraq,IRQ,IQ,Iraq,Iraq,Western Asia,Asie occidentale,Asia,Asie,841,1,1
2010,93,ISR,ISR,Israel,ISR,IL,Israel,Isra,Western Asia,Asie occidentale,Asia,Asie,1438,17,17
2010,94,ITA,ITA,Italy,ITA,IT,Italy,Italie,Southern Europe,Europe australe,Europe,Europe,10050,73,73
2010,96,JOR,JOR,Jordan,JOR,JO,Jordan,Jordanie,Western Asia,Asie occidentale,Asia,Asie,3474,18,37
2010,97,JPN,JPN,Japan,JPN,JP,Japan,Japon,Eastern Asia,Asie orientale,Asia,Asie,2090,25,30
2010,98,KAZ,KAZ,Kazakhstan,KAZ,KZ,Kazakhstan,Kazakhstan,Central Asia,Sud de l'Asie centrale,Asia,Asie,538,5,5
2010,99,KEN,KEN,Kenya,KEN,KE,Kenya,Kenya,Eastern Africa,Afrique orientale,Africa,Afrique,20107,13,22
2010,100,KGZ,KGZ,Kyrgyzstan,KGZ,KG,Kyrgyzstan,Kirghizistan,Central Asia,Sud de l'Asie centrale,Asia,Asie,569,5,8
2010,102,KOR,KOR,Rep. of Korea,KOR,KR,Rep. of Korea,R,Eastern Asia,Asie orientale,Asia,Asie,442,24,24
2010,104,KUW,KWT,Kuwait,KWT,KW,Kuwait,Kowe,Western Asia,Asie occidentale,Asia,Asie,353,8,8
2010,106,LBR,LBR,Liberia,LBR,LR,Liberia,Lib,Western Africa,Afrique occidentale,Africa,Afrique,5,1,1
2010,107,LBY,LBY,Libya,LBY,LY,Libya,Libye,Northern Africa,Afrique septentrionale,Africa,Afrique,1698,5,5
2010,108,LCA,LCA,Saint Lucia,LCA,LC,Saint Lucia,Sainte-Lucie,Caribbean,Cara,Latin America and the Caribbean,Am,5,1,1
2010,109,LEB,LBN,Lebanon,LBN,LB,Lebanon,Liban,Western Asia,Asie occidentale,Asia,Asie,2068,17,27
2010,111,LIE,LIE,Liechtenstein,LIE,LI,Liechtenstein,Liechtenstein,Western Europe,Europe occidentale,Europe,Europe,102,7,7
2010,112,LKA,LKA,Sri Lanka,LKA,LK,Sri Lanka,Sri Lanka,Southern Asia,Sud de l'Asie centrale,Asia,Asie,98,1,1
2010,113,LTU,LTU,Lithuania,LTU,LT,Lithuania,Lituanie,Northern Europe,Europe septentrionale,Europe,Europe,364,10,10
2010,114,LUX,LUX,Luxembourg,LUX,LU,Luxembourg,Luxembourg,Western Europe,Europe occidentale,Europe,Europe,797,32,32
2010,115,LVA,LVA,Latvia,LVA,LV,Latvia,Lettonie,Northern Europe,Europe septentrionale,Europe,Europe,47,5,5
2010,116,MAC,MAC,"China, Macao SAR",MAC,MO,"China, Macao SAR","Macao, RAS de la R",Eastern Asia,Asie orientale,Asia,Asie,15,2,3
2010,119,MAU,MRT,Mauritania,MRT,MR,Mauritania,Mauritanie,Western Africa,Afrique occidentale,Africa,Afrique,274,10,10
2010,120,MCD,MKD,North Macedonia,MKD,MK,North Macedonia,Ex-R,Southern Europe,Europe australe,Europe,Europe,166,8,8
2010,122,MDA,MDA,Rep. of Moldova,MDA,MD,Rep. of Moldova,R,Eastern Europe,Europe orientale,Europe,Europe,117,12,12
2010,124,MEX,MEX,Mexico,MEX,MX,Mexico,Mexique,Central America,Am,Latin America and the Caribbean,Am,1018,29,29
2010,126,MLI,MLI,Mali,MLI,ML,Mali,Mali,Western Africa,Afrique occidentale,Africa,Afrique,41,6,6
2010,127,MLS,MYS,Malaysia,MYS,MY,Malaysia,Malaisie,South-eastern Asia,Asie du Sud-Est,Asia,Asie,25973,22,27
2010,128,MLW,MWI,Malawi,MWI,MW,Malawi,Malawi,Eastern Africa,Afrique orientale,Africa,Afrique,5680,6,11
2010,130,MOR,MAR,Morocco,MAR,MA,Morocco,Maroc,Northern Africa,Afrique septentrionale,Africa,Afrique,1235,30,50
2010,131,MOZ,MOZ,Mozambique,MOZ,MZ,Mozambique,Mozambique,Eastern Africa,Afrique orientale,Africa,Afrique,2879,11,14
2010,132,MTA,MLT,Malta,MLT,MT,Malta,Malte,Southern Europe,Europe australe,Europe,Europe,292,18,28
2010,133,MNE,MNE,Montenegro,MNE,ME,Montenegro,Mont,Southern Europe,Europe australe,Europe,Europe,10,2,2
2010,136,NAM,NAM,Namibia,NAM,,Namibia,Namibie,Southern Africa,Afrique australe,Africa,Afrique,323,6,6
2010,137,NEP,NPL,Nepal,NPL,NP,Nepal,N,Southern Asia,Sud de l'Asie centrale,Asia,Asie,48,2,3
2010,138,NET,NLD,Netherlands (Kingdom of the),NLD,NL,Netherlands (Kingdom of the),Pays-Bas,Western Europe,Europe occidentale,Europe,Europe,15108,85,134
2010,139,NGR,NER,Niger,NER,NE,Niger,Niger,Western Africa,Afrique occidentale,Africa,Afrique,11,2,2
2010,140,NIC,NIC,Nicaragua,NIC,NI,Nicaragua,Nicaragua,Central America,Am,Latin America and the Caribbean,Am,114,7,7
2010,141,NIG,NGA,Nigeria,NGA,NG,Nigeria,Nig,Western Africa,Afrique occidentale,Africa,Afrique,896,11,11
2010,143,NOR,NOR,Norway,NOR,NO,Norway,Norv,Northern Europe,Europe septentrionale,Europe,Europe,22809,93,168
2010,145,NZL,NZL,New Zealand,NZL,NZ,New Zealand,Nouvelle-Z,Australia-New Zealand,Australie-Nouvelle-Z,Oceania,Oc,445,23,36
2010,146,OMN,OMN,Oman,OMN,OM,Oman,Oman,Western Asia,Asie occidentale,Asia,Asie,53,1,1
2010,147,PAK,PAK,Pakistan,PAK,PK,Pakistan,Pakistan,Southern Asia,Sud de l'Asie centrale,Asia,Asie,943,4,4
2010,148,PAN,PAN,Panama,PAN,PA,Panama,Panama,Central America,Am,Latin America and the Caribbean,Am,589,7,7
2010,149,PAR,PRY,Paraguay,PRY,PY,Paraguay,Paraguay,South America,Am,Latin America and the Caribbean,Am,7,1,1
2010,150,PER,PER,Peru,PER,PE,Peru,P,South America,Am,Latin America and the Caribbean,Am,285,11,11
2010,151,PHI,PHL,Philippines,PHL,PH,Philippines,Philippines,South-eastern Asia,Asie du Sud-Est,Asia,Asie,28,3,3
2010,154,POL,POL,Poland,POL,PL,Poland,Pologne,Eastern Europe,Europe orientale,Europe,Europe,6506,35,35
2010,155,POR,PRT,Portugal,PRT,PT,Portugal,Portugal,Southern Europe,Europe australe,Europe,Europe,130,12,12
2010,157,QAT,QAT,Qatar,QAT,QA,Qatar,Qatar,Western Asia,Asie occidentale,Asia,Asie,36,2,2
2010,158,ROM,ROU,Romania,ROU,RO,Romania,Roumanie,Eastern Europe,Europe orientale,Europe,Europe,866,31,31
2010,159,RSA,ZAF,South Africa,ZAF,ZA,South Africa,Afrique du Sud,Southern Africa,Afrique australe,Africa,Afrique,180617,60,60
2010,160,RUS,RUS,Russian Federation,RUS,RU,Russian Federation,F,Eastern Europe,Europe orientale,Europe,Europe,3860,34,55
2010,161,RWA,RWA,Rwanda,RWA,RW,Rwanda,Rwanda,Eastern Africa,Afrique orientale,Africa,Afrique,5,1,1
2010,162,SAL,SLV,El Salvador,SLV,SV,El Salvador,El Salvador,Central America,Am,Latin America and the Caribbean,Am,47,4,4
2010,163,SAU,SAU,Saudi Arabia,SAU,SA,Saudi Arabia,Arabie saoudite,Western Asia,Asie occidentale,Asia,Asie,25,4,4
2010,164,SRB,SRB,Serbia and Kosovo: S/RES/1244 (1999),SRB,RS,Serbia and Kosovo: S/RES/1244 (1999),Serbie,Southern Europe,Europe australe,Europe,Europe,784,18,26
2010,165,SEN,SEN,Senegal,SEN,SN,Senegal,S,Western Africa,Afrique occidentale,Africa,Afrique,186,13,13
2010,172,SOM,SOM,Somalia,SOM,SO,Somalia,Somalie,Eastern Africa,Afrique orientale,Africa,Afrique,245,3,3
2010,173,SPA,ESP,Spain,ESP,ES,Spain,Espagne,Southern Europe,Europe australe,Europe,Europe,2737,76,76
2010,177,SUD,SDN,Sudan,SDN,SD,Sudan,Soudan,Northern Africa,Afrique septentrionale,Africa,Afrique,12421,13,16
2010,180,SVK,SVK,Slovakia,SVK,SK,Slovakia,Slovaquie,Eastern Europe,Europe orientale,Europe,Europe,532,23,23
2010,181,SVN,SVN,Slovenia,SVN,SI,Slovenia,Slov,Southern Europe,Europe australe,Europe,Europe,239,20,20
2010,183,SWE,SWE,Sweden,SWE,SE,Sweden,Su,Northern Europe,Europe septentrionale,Europe,Europe,45091,108,196
2010,184,SWI,CHE,Switzerland,CHE,CH,Switzerland,Suisse,Western Europe,Europe occidentale,Europe,Europe,15533,94,147
2010,185,SYR,SYR,Syrian Arab Rep.,SYR,SY,Syrian Arab Rep.,R,Western Asia,Asie occidentale,Asia,Asie,3289,28,36
2010,186,TAN,TZA,United Rep. of Tanzania,TZA,TZ,United Rep. of Tanzania,R,Eastern Africa,Afrique orientale,Africa,Afrique,437,1,1
2010,188,THA,THA,Thailand,THA,TH,Thailand,Tha,South-eastern Asia,Asie du Sud-Est,Asia,Asie,1663,25,44
2010,189,TJK,TJK,Tajikistan,TJK,TJ,Tajikistan,Tadjikistan,Central Asia,Sud de l'Asie centrale,Asia,Asie,837,2,3
2010,192,TOG,TGO,Togo,TGO,TG,Togo,Togo,Western Africa,Afrique occidentale,Africa,Afrique,38,4,4
2010,194,TRT,TTO,Trinidad and Tobago,TTO,TT,Trinidad and Tobago,Trinit,Caribbean,Cara,Latin America and the Caribbean,Am,10,2,2
2010,195,TUN,TUN,Tunisia,TUN,TN,Tunisia,Tunisie,Northern Africa,Afrique septentrionale,Africa,Afrique,48,4,4
2010,196,TUR,TUR,Türkiye,TUR,TR,Türkiye,Türkiye,Western Asia,Asie occidentale,Asia,Asie,11544,43,69
2010,198,UAE,ARE,United Arab Emirates,ARE,AE,United Arab Emirates,Emirats arabes unis,Western Asia,Asie occidentale,Asia,Asie,437,10,10
2010,199,UGA,UGA,Uganda,UGA,UG,Uganda,Ouganda,Eastern Africa,Afrique orientale,Africa,Afrique,15486,11,11
2010,200,UKR,UKR,Ukraine,UKR,UA,Ukraine,Ukraine,Eastern Europe,Europe orientale,Europe,Europe,2666,40,78
2010,201,URU,URY,Uruguay,URY,UY,Uruguay,Uruguay,South America,Am,Latin America and the Caribbean,Am,16,3,3
2010,202,USA,USA,United States of America,USA,US,United States of America,Etats-Unis d'Am,Northern America,Am,Northern America,Am,42956,153,274
2010,207,VEN,VEN,Venezuela (Bolivarian Republic of),VEN,VE,Venezuela (Bolivarian Republic of),Venezuela (R,South America,Am,Latin America and the Caribbean,Am,3443,4,4
2010,211,YEM,YEM,Yemen,YEM,YE,Yemen,Y,Western Asia,Asie occidentale,Asia,Asie,3738,10,10
2010,213,ZAM,ZMB,Zambia,ZMB,ZM,Zambia,Zambie,Eastern Africa,Afrique orientale,Africa,Afrique,789,6,6
2010,214,ZIM,ZWE,Zimbabwe,ZWE,ZW,Zimbabwe,Zimbabwe,Eastern Africa,Afrique orientale,Africa,Afrique,982,6,6
2010,254,CUW,CUW,Curacao,CUW,CW,Curacao,Cura,Caribbean,Cara,Latin America and the Caribbean,Am,7,1,1
2010,255,SXM,SXM,Sint Maarten (Dutch part),SXM,SX,Sint Maarten (Dutch part),Saint-Martin,Caribbean,Cara,Latin America and the Caribbean,Am,5,1,1
2011,2,AFG,AFG,Afghanistan,AFG,AF,Afghanistan,Afghanistan,Southern Asia,Sud de l'Asie centrale,Asia,Asie,57,2,2
2011,3,ALB,ALB,Albania,ALB,AL,Albania,Albanie,Southern Europe,Europe australe,Europe,Europe,13,2,2
2011,4,ALG,DZA,Algeria,DZA,DZ,Algeria,Alg,Northern Africa,Afrique septentrionale,Africa,Afrique,1032,19,27
2011,6,ANG,AGO,Angola,AGO,AO,Angola,Angola,Middle Africa,Afrique australe,Africa,Afrique,542,9,9
2011,8,ARE,EGY,Egypt,EGY,EG,Egypt,Egypte,Northern Africa,Afrique septentrionale,Africa,Afrique,5486,22,30
2011,9,ARG,ARG,Argentina,ARG,AR,Argentina,Argentine,South America,Am,Latin America and the Caribbean,Am,848,25,25
2011,10,ARM,ARM,Armenia,ARM,AM,Armenia,Arm,Western Asia,Asie occidentale,Asia,Asie,77,5,6
2011,11,AUL,AUS,Australia,AUS,AU,Australia,Australie,Australia-New Zealand,Australie-Nouvelle-Z,Oceania,Oc,15387,80,138
2011,12,AUS,AUT,Austria,AUT,AT,Austria,Autriche,Western Europe,Europe occidentale,Europe,Europe,14392,75,75
2011,13,AZE,AZE,Azerbaijan,AZE,AZ,Azerbaijan,Azerba,Western Asia,Asie occidentale,Asia,Asie,148,6,10
2011,14,BAH,BHR,Bahrain,BHR,BH,Bahrain,Bahre,Western Asia,Asie occidentale,Asia,Asie,137,2,2
2011,16,BDI,BDI,Burundi,BDI,BI,Burundi,Burundi,Eastern Africa,Afrique orientale,Africa,Afrique,3633,2,2
2011,17,BEL,BEL,Belgium,BEL,BE,Belgium,Belgique,Western Europe,Europe occidentale,Europe,Europe,41129,98,170
2011,18,BEN,BEN,Benin,BEN,BJ,Benin,B,Western Africa,Afrique occidentale,Africa,Afrique,453,7,8
2011,20,BGD,BGD,Bangladesh,BGD,BD,Bangladesh,Bangladesh,Southern Asia,Sud de l'Asie centrale,Asia,Asie,5,1,1
2011,21,BHS,BHS,Bahamas,BHS,BS,Bahamas,Bahamas,Caribbean,Cara,Latin America and the Caribbean,Am,10,2,2
2011,23,BKF,BFA,Burkina Faso,BFA,BF,Burkina Faso,Burkina Faso,Western Africa,Afrique occidentale,Africa,Afrique,173,5,5
2011,24,BLR,BLR,Belarus,BLR,BY,Belarus,B,Eastern Europe,Europe orientale,Europe,Europe,133,6,11
2011,25,BOL,BOL,Bolivia (Plurinational State of),BOL,BO,Bolivia (Plurinational State of),Bolivie,South America,Am,Latin America and the Caribbean,Am,29,1,1
2011,26,BOT,BWA,Botswana,BWA,BW,Botswana,Botswana,Southern Africa,Afrique australe,Africa,Afrique,217,8,8
2011,27,BRA,BRA,Brazil,BRA,BR,Brazil,Br,South America,Am,Latin America and the Caribbean,Am,4954,36,36
2011,29,BSN,BIH,Bosnia and Herzegovina,BIH,BA,Bosnia and Herzegovina,Bosnie-Herz,Southern Europe,Europe australe,Europe,Europe,38,6,6
2011,30,BUL,BGR,Bulgaria,BGR,BG,Bulgaria,Bulgarie,Eastern Europe,Europe orientale,Europe,Europe,883,26,26
2011,31,BZE,BLZ,Belize,BLZ,BZ,Belize,Belize,Central America,Am,Latin America and the Caribbean,Am,28,2,2
2011,32,CAM,KHM,Cambodia,KHM,KH,Cambodia,Cambodge,South-eastern Asia,Asie du Sud-Est,Asia,Asie,14,2,2
2011,33,CAN,CAN,Canada,CAN,CA,Canada,Canada,Northern America,Am,Northern America,Am,24968,151,151
2011,34,CAR,CAF,Central African Rep.,CAF,CF,Central African Rep.,R,Middle Africa,Afrique australe,Africa,Afrique,1292,4,4
2011,36,CHD,TCD,Chad,TCD,TD,Chad,Tchad,Middle Africa,Afrique australe,Africa,Afrique,5903,7,7
2011,37,CHI,CHN,China,CHN,CN,China,Chine,Eastern Asia,Asie orientale,Asia,Asie,43,3,3
2011,38,CHL,CHL,Chile,CHL,CL,Chile,Chili,South America,Am,Latin America and the Caribbean,Am,296,6,6
2011,39,CMR,CMR,Cameroon,CMR,CM,Cameroon,Cameroun,Middle Africa,Afrique australe,Africa,Afrique,3208,22,29
2011,40,COB,COG,Congo,COG,CG,Congo,Congo,Middle Africa,Afrique australe,Africa,Afrique,640,9,9
2011,41,COD,COD,Dem. Rep. of the Congo,COD,CD,Dem. Rep. of the Congo,R,Middle Africa,Afrique australe,Africa,Afrique,220,6,6
2011,44,COL,COL,Colombia,COL,CO,Colombia,Colombie,South America,Am,Latin America and the Caribbean,Am,94,6,8
2011,45,COS,CRI,Costa Rica,CRI,CR,Costa Rica,Costa Rica,Central America,Am,Latin America and the Caribbean,Am,947,14,14
2011,48,CYP,CYP,Cyprus,CYP,CY,Cyprus,Chypre,Western Asia,Asie occidentale,Asia,Asie,4162,45,77
2011,49,CZE,CZE,Czechia,CZE,CZ,Czechia,R,Eastern Europe,Europe orientale,Europe,Europe,741,33,33
2011,50,DEN,DNK,Denmark,DNK,DK,Denmark,Danemark,Northern Europe,Europe septentrionale,Europe,Europe,3807,65,65
2011,51,DJB,DJI,Djibouti,DJI,DJ,Djibouti,Djibouti,Eastern Africa,Afrique orientale,Africa,Afrique,1381,5,5
2011,53,DOM,DOM,Dominican Rep.,DOM,DO,Dominican Rep.,R,Caribbean,Cara,Latin America and the Caribbean,Am,30,2,2
2011,54,ECU,ECU,Ecuador,ECU,EC,Ecuador,Equateur,South America,Am,Latin America and the Caribbean,Am,14141,22,22
2011,56,ERT,ERI,Eritrea,ERI,ER,Eritrea,Erythr,Eastern Africa,Afrique orientale,Africa,Afrique,5,1,1
2011,57,EST,EST,Estonia,EST,EE,Estonia,Estonie,Northern Europe,Europe septentrionale,Europe,Europe,67,11,11
2011,58,ETH,ETH,Ethiopia,ETH,ET,Ethiopia,Ethiopie,Eastern Africa,Afrique orientale,Africa,Afrique,833,4,4
2011,60,FIJ,FJI,Fiji,FJI,FJ,Fiji,Fidji,Melanesia,M,Oceania,Oc,5,1,1
2011,61,FIN,FIN,Finland,FIN,FI,Finland,Finlande,Northern Europe,Europe septentrionale,Europe,Europe,3070,64,64
2011,64,FRA,FRA,France,FRA,FR,France,France,Western Europe,Europe occidentale,Europe,Europe,89309,91,153
2011,67,GAB,GAB,Gabon,GAB,GA,Gabon,Gabon,Middle Africa,Afrique australe,Africa,Afrique,104,4,4
2011,68,GAM,GMB,Gambia,GMB,GM,Gambia,Gambie,Western Africa,Afrique occidentale,Africa,Afrique,105,1,1
2011,70,GBR,GBR,United Kingdom of Great Britain and Northern Ireland,GBR,GB,United Kingdom of Great Britain and Northern Ireland,Royaume-Uni,Northern Europe,Europe septentrionale,Europe,Europe,36796,112,240
2011,71,GEO,GEO,Georgia,GEO,GE,Georgia,G,Western Asia,Asie occidentale,Asia,Asie,75,4,4
2011,72,GFR,DEU,Germany,DEU,DE,Germany,Allemagne,Western Europe,Europe occidentale,Europe,Europe,53296,93,152
2011,73,GHA,GHA,Ghana,GHA,GH,Ghana,Ghana,Western Africa,Afrique occidentale,Africa,Afrique,20119,13,13
2011,75,GNB,GNB,Guinea-Bissau,GNB,GW,Guinea-Bissau,Guin,Western Africa,Afrique occidentale,Africa,Afrique,55,2,2
2011,76,GRE,GRC,Greece,GRC,GR,Greece,Gr,Southern Europe,Europe australe,Europe,Europe,15275,62,63
2011,78,GUA,GTM,Guatemala,GTM,GT,Guatemala,Guatemala,Central America,Am,Latin America and the Caribbean,Am,17,3,3
2011,79,GUI,GIN,Guinea,GIN,GN,Guinea,Guin,Western Africa,Afrique occidentale,Africa,Afrique,361,6,6
2011,82,HKG,HKG,"China, Hong Kong SAR",HKG,HK,"China, Hong Kong SAR","Hong Kong, RAS de la R",Eastern Asia,Asie orientale,Asia,Asie,1042,26,45
2011,83,HON,HND,Honduras,HND,HN,Honduras,Honduras,Central America,Am,Latin America and the Caribbean,Am,10,2,2
2011,84,HRV,HRV,Croatia,HRV,HR,Croatia,Croatie,Southern Europe,Europe australe,Europe,Europe,830,22,26
2011,85,HUN,HUN,Hungary,HUN,HU,Hungary,Hongrie,Eastern Europe,Europe orientale,Europe,Europe,1678,36,36
2011,86,ICE,ISL,Iceland,ISL,IS,Iceland,Islande,Northern Europe,Europe septentrionale,Europe,Europe,70,11,13
2011,87,ICO,CIV,Cote d'Ivoire,CIV,CI,Cote d'Ivoire,C,Western Africa,Afrique occidentale,Africa,Afrique,641,7,7
2011,88,IND,IND,India,IND,IN,India,Inde,Southern Asia,Sud de l'Asie centrale,Asia,Asie,4763,13,20
2011,89,INS,IDN,Indonesia,IDN,ID,Indonesia,Indon,South-eastern Asia,Asie du Sud-Est,Asia,Asie,4054,26,26
2011,90,IRE,IRL,Ireland,IRL,IE,Ireland,Irlande,Northern Europe,Europe septentrionale,Europe,Europe,3289,57,140
2011,91,IRN,IRN,Iran (Islamic Rep. of),IRN,IR,Iran (Islamic Rep. of),R,Southern Asia,Sud de l'Asie centrale,Asia,Asie,126,2,2
2011,92,IRQ,IRQ,Iraq,IRQ,IQ,Iraq,Iraq,Western Asia,Asie occidentale,Asia,Asie,1155,6,6
2011,93,ISR,ISR,Israel,ISR,IL,Israel,Isra,Western Asia,Asie occidentale,Asia,Asie,5726,15,21
2011,94,ITA,ITA,Italy,ITA,IT,Italy,Italie,Southern Europe,Europe australe,Europe,Europe,40337,82,82
2011,96,JOR,JOR,Jordan,JOR,JO,Jordan,Jordanie,Western Asia,Asie occidentale,Asia,Asie,4575,23,23
2011,97,JPN,JPN,Japan,JPN,JP,Japan,Japon,Eastern Asia,Asie orientale,Asia,Asie,3617,36,42
2011,98,KAZ,KAZ,Kazakhstan,KAZ,KZ,Kazakhstan,Kazakhstan,Central Asia,Sud de l'Asie centrale,Asia,Asie,73,4,6
2011,99,KEN,KEN,Kenya,KEN,KE,Kenya,Kenya,Eastern Africa,Afrique orientale,Africa,Afrique,15200,15,23
2011,100,KGZ,KGZ,Kyrgyzstan,KGZ,KG,Kyrgyzstan,Kirghizistan,Central Asia,Sud de l'Asie centrale,Asia,Asie,239,5,7
2011,102,KOR,KOR,Rep. of Korea,KOR,KR,Rep. of Korea,R,Eastern Asia,Asie orientale,Asia,Asie,1128,25,25
2011,104,KUW,KWT,Kuwait,KWT,KW,Kuwait,Kowe,Western Asia,Asie occidentale,Asia,Asie,253,9,9
2011,106,LBR,LBR,Liberia,LBR,LR,Liberia,Lib,Western Africa,Afrique occidentale,Africa,Afrique,570,2,2
2011,107,LBY,LBY,Libya,LBY,LY,Libya,Libye,Northern Africa,Afrique septentrionale,Africa,Afrique,90,2,2
2011,109,LEB,LBN,Lebanon,LBN,LB,Lebanon,Liban,Western Asia,Asie occidentale,Asia,Asie,1675,16,24
2011,110,LES,LSO,Lesotho,LSO,LS,Lesotho,Lesotho,Southern Africa,Afrique australe,Africa,Afrique,8,1,1
2011,111,LIE,LIE,Liechtenstein,LIE,LI,Liechtenstein,Liechtenstein,Western Europe,Europe occidentale,Europe,Europe,65,6,6
2011,112,LKA,LKA,Sri Lanka,LKA,LK,Sri Lanka,Sri Lanka,Southern Asia,Sud de l'Asie centrale,Asia,Asie,161,2,2
2011,113,LTU,LTU,Lithuania,LTU,LT,Lithuania,Lituanie,Northern Europe,Europe septentrionale,Europe,Europe,392,9,9
2011,114,LUX,LUX,Luxembourg,LUX,LU,Luxembourg,Luxembourg,Western Europe,Europe occidentale,Europe,Europe,2323,31,42
2011,115,LVA,LVA,Latvia,LVA,LV,Latvia,Lettonie,Northern Europe,Europe septentrionale,Europe,Europe,330,16,16
2011,116,MAC,MAC,"China, Macao SAR",MAC,MO,"China, Macao SAR","Macao, RAS de la R",Eastern Asia,Asie orientale,Asia,Asie,10,2,2
2011,119,MAU,MRT,Mauritania,MRT,MR,Mauritania,Mauritanie,Western Africa,Afrique occidentale,Africa,Afrique,368,7,7
2011,120,MCD,MKD,North Macedonia,MKD,MK,North Macedonia,Ex-R,Southern Europe,Europe australe,Europe,Europe,734,12,12
2011,122,MDA,MDA,Rep. of Moldova,MDA,MD,Rep. of Moldova,R,Eastern Europe,Europe orientale,Europe,Europe,64,10,10
2011,124,MEX,MEX,Mexico,MEX,MX,Mexico,Mexique,Central America,Am,Latin America and the Caribbean,Am,734,24,24
2011,126,MLI,MLI,Mali,MLI,ML,Mali,Mali,Western Africa,Afrique occidentale,Africa,Afrique,875,3,3
2011,127,MLS,MYS,Malaysia,MYS,MY,Malaysia,Malaisie,South-eastern Asia,Asie du Sud-Est,Asia,Asie,16946,23,30
2011,128,MLW,MWI,Malawi,MWI,MW,Malawi,Malawi,Eastern Africa,Afrique orientale,Africa,Afrique,4495,6,9
2011,129,MNG,MNG,Mongolia,MNG,MN,Mongolia,Mongolie,Eastern Asia,Asie orientale,Asia,Asie,5,1,1
2011,130,MOR,MAR,Morocco,MAR,MA,Morocco,Maroc,Northern Africa,Afrique septentrionale,Africa,Afrique,1088,27,42
2011,131,MOZ,MOZ,Mozambique,MOZ,MZ,Mozambique,Mozambique,Eastern Africa,Afrique orientale,Africa,Afrique,3901,6,6
2011,132,MTA,MLT,Malta,MLT,MT,Malta,Malte,Southern Europe,Europe australe,Europe,Europe,2525,28,45
2011,133,MNE,MNE,Montenegro,MNE,ME,Montenegro,Mont,Southern Europe,Europe australe,Europe,Europe,226,8,8
2011,136,NAM,NAM,Namibia,NAM,,Namibia,Namibie,Southern Africa,Afrique australe,Africa,Afrique,257,5,5
2011,137,NEP,NPL,Nepal,NPL,NP,Nepal,N,Southern Asia,Sud de l'Asie centrale,Asia,Asie,37,3,3
2011,138,NET,NLD,Netherlands (Kingdom of the),NLD,NL,Netherlands (Kingdom of the),Pays-Bas,Western Europe,Europe occidentale,Europe,Europe,14597,90,144
2011,139,NGR,NER,Niger,NER,NE,Niger,Niger,Western Africa,Afrique occidentale,Africa,Afrique,177,4,5
2011,140,NIC,NIC,Nicaragua,NIC,NI,Nicaragua,Nicaragua,Central America,Am,Latin America and the Caribbean,Am,36,6,6
2011,141,NIG,NGA,Nigeria,NGA,NG,Nigeria,Nig,Western Africa,Afrique occidentale,Africa,Afrique,197,6,6
2011,143,NOR,NOR,Norway,NOR,NO,Norway,Norv,Northern Europe,Europe septentrionale,Europe,Europe,18189,90,169
2011,145,NZL,NZL,New Zealand,NZL,NZ,New Zealand,Nouvelle-Z,Australia-New Zealand,Australie-Nouvelle-Z,Oceania,Oc,437,28,42
2011,146,OMN,OMN,Oman,OMN,OM,Oman,Oman,Western Asia,Asie occidentale,Asia,Asie,37,3,3
2011,147,PAK,PAK,Pakistan,PAK,PK,Pakistan,Pakistan,Southern Asia,Sud de l'Asie centrale,Asia,Asie,977,4,4
2011,148,PAN,PAN,Panama,PAN,PA,Panama,Panama,Central America,Am,Latin America and the Caribbean,Am,1396,17,17
2011,149,PAR,PRY,Paraguay,PRY,PY,Paraguay,Paraguay,South America,Am,Latin America and the Caribbean,Am,12,2,2
2011,150,PER,PER,Peru,PER,PE,Peru,P,South America,Am,Latin America and the Caribbean,Am,463,11,11
2011,151,PHI,PHL,Philippines,PHL,PH,Philippines,Philippines,South-eastern Asia,Asie du Sud-Est,Asia,Asie,15,3,3
2011,154,POL,POL,Poland,POL,PL,Poland,Pologne,Eastern Europe,Europe orientale,Europe,Europe,6858,38,55
2011,155,POR,PRT,Portugal,PRT,PT,Portugal,Portugal,Southern Europe,Europe australe,Europe,Europe,264,26,26
2011,157,QAT,QAT,Qatar,QAT,QA,Qatar,Qatar,Western Asia,Asie occidentale,Asia,Asie,64,4,4
2011,158,ROM,ROU,Romania,ROU,RO,Romania,Roumanie,Eastern Europe,Europe orientale,Europe,Europe,2058,41,41
2011,159,RSA,ZAF,South Africa,ZAF,ZA,South Africa,Afrique du Sud,Southern Africa,Afrique australe,Africa,Afrique,106881,50,50
2011,160,RUS,RUS,Russian Federation,RUS,RU,Russian Federation,F,Eastern Europe,Europe orientale,Europe,Europe,2270,31,50
2011,161,RWA,RWA,Rwanda,RWA,RW,Rwanda,Rwanda,Eastern Africa,Afrique orientale,Africa,Afrique,7,1,1
2011,162,SAL,SLV,El Salvador,SLV,SV,El Salvador,El Salvador,Central America,Am,Latin America and the Caribbean,Am,12,2,2
2011,163,SAU,SAU,Saudi Arabia,SAU,SA,Saudi Arabia,Arabie saoudite,Western Asia,Asie occidentale,Asia,Asie,18,3,3
2011,164,SRB,SRB,Serbia and Kosovo: S/RES/1244 (1999),SRB,RS,Serbia and Kosovo: S/RES/1244 (1999),Serbie,Southern Europe,Europe australe,Europe,Europe,3309,21,21
2011,165,SEN,SEN,Senegal,SEN,SN,Senegal,S,Western Africa,Afrique occidentale,Africa,Afrique,202,13,13
2011,169,SLE,SLE,Sierra Leone,SLE,SL,Sierra Leone,Sierra Leone,Western Africa,Afrique occidentale,Africa,Afrique,22,1,1
2011,172,SOM,SOM,Somalia,SOM,SO,Somalia,Somalie,Eastern Africa,Afrique orientale,Africa,Afrique,25,3,3
2011,173,SPA,ESP,Spain,ESP,ES,Spain,Espagne,Southern Europe,Europe australe,Europe,Europe,3399,72,72
2011,177,SUD,SDN,Sudan,SDN,SD,Sudan,Soudan,Northern Africa,Afrique septentrionale,Africa,Afrique,10572,13,17
2011,179,SSD,SSD,South Sudan,SSD,SS,South Sudan,,Eastern Africa,Afrique septentrionale,Africa,Afrique,232,5,5
2011,180,SVK,SVK,Slovakia,SVK,SK,Slovakia,Slovaquie,Eastern Europe,Europe orientale,Europe,Europe,476,22,22
2011,181,SVN,SVN,Slovenia,SVN,SI,Slovenia,Slov,Southern Europe,Europe australe,Europe,Europe,366,25,25
2011,183,SWE,SWE,Sweden,SWE,SE,Sweden,Su,Northern Europe,Europe septentrionale,Europe,Europe,43737,103,188
2011,184,SWI,CHE,Switzerland,CHE,CH,Switzerland,Suisse,Western Europe,Europe occidentale,Europe,Europe,19423,95,95
2011,185,SYR,SYR,Syrian Arab Rep.,SYR,SY,Syrian Arab Rep.,R,Western Asia,Asie occidentale,Asia,Asie,3079,23,34
2011,186,TAN,TZA,United Rep. of Tanzania,TZA,TZ,United Rep. of Tanzania,R,Eastern Africa,Afrique orientale,Africa,Afrique,428,6,6
2011,188,THA,THA,Thailand,THA,TH,Thailand,Tha,South-eastern Asia,Asie du Sud-Est,Asia,Asie,12927,24,36
2011,189,TJK,TJK,Tajikistan,TJK,TJ,Tajikistan,Tadjikistan,Central Asia,Sud de l'Asie centrale,Asia,Asie,790,3,5
2011,190,TKM,TKM,Turkmenistan,TKM,TM,Turkmenistan,Turkm,Central Asia,Sud de l'Asie centrale,Asia,Asie,6,1,1
2011,192,TOG,TGO,Togo,TGO,TG,Togo,Togo,Western Africa,Afrique occidentale,Africa,Afrique,5287,9,9
2011,194,TRT,TTO,Trinidad and Tobago,TTO,TT,Trinidad and Tobago,Trinit,Caribbean,Cara,Latin America and the Caribbean,Am,12,2,2
2011,195,TUN,TUN,Tunisia,TUN,TN,Tunisia,Tunisie,Northern Africa,Afrique septentrionale,Africa,Afrique,4501,24,24
2011,196,TUR,TUR,Türkiye,TUR,TR,Türkiye,Türkiye,Western Asia,Asie occidentale,Asia,Asie,17820,47,72
2011,198,UAE,ARE,United Arab Emirates,ARE,AE,United Arab Emirates,Emirats arabes unis,Western Asia,Asie occidentale,Asia,Asie,214,5,5
2011,199,UGA,UGA,Uganda,UGA,UG,Uganda,Ouganda,Eastern Africa,Afrique orientale,Africa,Afrique,12702,10,10
2011,200,UKR,UKR,Ukraine,UKR,UA,Ukraine,Ukraine,Eastern Europe,Europe orientale,Europe,Europe,2197,39,77
2011,201,URU,URY,Uruguay,URY,UY,Uruguay,Uruguay,South America,Am,Latin America and the Caribbean,Am,14,1,1
2011,202,USA,USA,United States of America,USA,US,United States of America,Etats-Unis d'Am,Northern America,Am,Northern America,Am,60563,150,273
2011,207,VEN,VEN,Venezuela (Bolivarian Republic of),VEN,VE,Venezuela (Bolivarian Republic of),Venezuela (R,South America,Am,Latin America and the Caribbean,Am,3165,3,3
2011,211,YEM,YEM,Yemen,YEM,YE,Yemen,Y,Western Asia,Asie occidentale,Asia,Asie,5356,13,13
2011,213,ZAM,ZMB,Zambia,ZMB,ZM,Zambia,Zambie,Eastern Africa,Afrique orientale,Africa,Afrique,943,9,9
2011,214,ZIM,ZWE,Zimbabwe,ZWE,ZW,Zimbabwe,Zimbabwe,Eastern Africa,Afrique orientale,Africa,Afrique,1045,7,7
2011,254,CUW,CUW,Curacao,CUW,CW,Curacao,Cura,Caribbean,Cara,Latin America and the Caribbean,Am,7,1,1
2012,2,AFG,AFG,Afghanistan,AFG,AF,Afghanistan,Afghanistan,Southern Asia,Sud de l'Asie centrale,Asia,Asie,17,1,1
2012,3,ALB,ALB,Albania,ALB,AL,Albania,Albanie,Southern Europe,Europe australe,Europe,Europe,10,2,2
2012,4,ALG,DZA,Algeria,DZA,DZ,Algeria,Alg,Northern Africa,Afrique septentrionale,Africa,Afrique,1535,20,29
2012,8,ARE,EGY,Egypt,EGY,EG,Egypt,Egypte,Northern Africa,Afrique septentrionale,Africa,Afrique,6639,26,26
2012,9,ARG,ARG,Argentina,ARG,AR,Argentina,Argentine,South America,Am,Latin America and the Caribbean,Am,1440,26,26
2012,10,ARM,ARM,Armenia,ARM,AM,Armenia,Arm,Western Asia,Asie occidentale,Asia,Asie,596,10,12
2012,11,AUL,AUS,Australia,AUS,AU,Australia,Australie,Australia-New Zealand,Australie-Nouvelle-Z,Oceania,Oc,20046,82,138
2012,12,AUS,AUT,Austria,AUT,AT,Austria,Autriche,Western Europe,Europe occidentale,Europe,Europe,17393,75,75
2012,13,AZE,AZE,Azerbaijan,AZE,AZ,Azerbaijan,Azerba,Western Asia,Asie occidentale,Asia,Asie,280,7,13
2012,14,BAH,BHR,Bahrain,BHR,BH,Bahrain,Bahre,Western Asia,Asie occidentale,Asia,Asie,37,1,1
2012,16,BDI,BDI,Burundi,BDI,BI,Burundi,Burundi,Eastern Africa,Afrique orientale,Africa,Afrique,8298,3,3
2012,17,BEL,BEL,Belgium,BEL,BE,Belgium,Belgique,Western Europe,Europe occidentale,Europe,Europe,38533,97,173
2012,18,BEN,BEN,Benin,BEN,BJ,Benin,B,Western Africa,Afrique occidentale,Africa,Afrique,192,8,8
2012,20,BGD,BGD,Bangladesh,BGD,BD,Bangladesh,Bangladesh,Southern Asia,Sud de l'Asie centrale,Asia,Asie,6,1,1
2012,21,BHS,BHS,Bahamas,BHS,BS,Bahamas,Bahamas,Caribbean,Cara,Latin America and the Caribbean,Am,48,1,1
2012,23,BKF,BFA,Burkina Faso,BFA,BF,Burkina Faso,Burkina Faso,Western Africa,Afrique occidentale,Africa,Afrique,13,2,2
2012,24,BLR,BLR,Belarus,BLR,BY,Belarus,B,Eastern Europe,Europe orientale,Europe,Europe,119,6,7
2012,25,BOL,BOL,Bolivia (Plurinational State of),BOL,BO,Bolivia (Plurinational State of),Bolivie,South America,Am,Latin America and the Caribbean,Am,36,2,2
2012,26,BOT,BWA,Botswana,BWA,BW,Botswana,Botswana,Southern Africa,Afrique australe,Africa,Afrique,97,3,3
2012,27,BRA,BRA,Brazil,BRA,BR,Brazil,Br,South America,Am,Latin America and the Caribbean,Am,1100,33,33
2012,29,BSN,BIH,Bosnia and Herzegovina,BIH,BA,Bosnia and Herzegovina,Bosnie-Herz,Southern Europe,Europe australe,Europe,Europe,45,3,3
2012,30,BUL,BGR,Bulgaria,BGR,BG,Bulgaria,Bulgarie,Eastern Europe,Europe orientale,Europe,Europe,1353,26,33
2012,31,BZE,BLZ,Belize,BLZ,BZ,Belize,Belize,Central America,Am,Latin America and the Caribbean,Am,53,2,2
2012,33,CAN,CAN,Canada,CAN,CA,Canada,Canada,Northern America,Am,Northern America,Am,20229,154,154
2012,34,CAR,CAF,Central African Rep.,CAF,CF,Central African Rep.,R,Middle Africa,Afrique australe,Africa,Afrique,156,3,3
2012,36,CHD,TCD,Chad,TCD,TD,Chad,Tchad,Middle Africa,Afrique australe,Africa,Afrique,3977,7,7
2012,37,CHI,CHN,China,CHN,CN,China,Chine,Eastern Asia,Asie orientale,Asia,Asie,306,9,9
2012,38,CHL,CHL,Chile,CHL,CL,Chile,Chili,South America,Am,Latin America and the Caribbean,Am,169,7,7
2012,39,CMR,CMR,Cameroon,CMR,CM,Cameroon,Cameroun,Middle Africa,Afrique australe,Africa,Afrique,3513,19,19
2012,40,COB,COG,Congo,COG,CG,Congo,Congo,Middle Africa,Afrique australe,Africa,Afrique,451,6,6
2012,41,COD,COD,Dem. Rep. of the Congo,COD,CD,Dem. Rep. of the Congo,R,Middle Africa,Afrique australe,Africa,Afrique,888,6,6
2012,44,COL,COL,Colombia,COL,CO,Colombia,Colombie,South America,Am,Latin America and the Caribbean,Am,103,5,7
2012,45,COS,CRI,Costa Rica,CRI,CR,Costa Rica,Costa Rica,Central America,Am,Latin America and the Caribbean,Am,1157,15,15
2012,46,CUB,CUB,Cuba,CUB,CU,Cuba,Cuba,Caribbean,Cara,Latin America and the Caribbean,Am,63,1,1
2012,48,CYP,CYP,Cyprus,CYP,CY,Cyprus,Chypre,Western Asia,Asie occidentale,Asia,Asie,2873,31,61
2012,49,CZE,CZE,Czechia,CZE,CZ,Czechia,R,Eastern Europe,Europe orientale,Europe,Europe,743,37,37
2012,50,DEN,DNK,Denmark,DNK,DK,Denmark,Danemark,Northern Europe,Europe septentrionale,Europe,Europe,7499,69,109
2012,51,DJB,DJI,Djibouti,DJI,DJ,Djibouti,Djibouti,Eastern Africa,Afrique orientale,Africa,Afrique,1291,4,4
2012,53,DOM,DOM,Dominican Rep.,DOM,DO,Dominican Rep.,R,Caribbean,Cara,Latin America and the Caribbean,Am,11,2,2
2012,54,ECU,ECU,Ecuador,ECU,EC,Ecuador,Equateur,South America,Am,Latin America and the Caribbean,Am,12061,18,18
2012,56,ERT,ERI,Eritrea,ERI,ER,Eritrea,Erythr,Eastern Africa,Afrique orientale,Africa,Afrique,10,2,2
2012,57,EST,EST,Estonia,EST,EE,Estonia,Estonie,Northern Europe,Europe septentrionale,Europe,Europe,78,9,9
2012,58,ETH,ETH,Ethiopia,ETH,ET,Ethiopia,Ethiopie,Eastern Africa,Afrique orientale,Africa,Afrique,1214,6,6
2012,60,FIJ,FJI,Fiji,FJI,FJ,Fiji,Fidji,Melanesia,M,Oceania,Oc,7,1,1
2012,61,FIN,FIN,Finland,FIN,FI,Finland,Finlande,Northern Europe,Europe septentrionale,Europe,Europe,2898,62,62
2012,64,FRA,FRA,France,FRA,FR,France,France,Western Europe,Europe occidentale,Europe,Europe,97633,110,266
2012,67,GAB,GAB,Gabon,GAB,GA,Gabon,Gabon,Middle Africa,Afrique australe,Africa,Afrique,28,3,3
2012,70,GBR,GBR,United Kingdom of Great Britain and Northern Ireland,GBR,GB,United Kingdom of Great Britain and Northern Ireland,Royaume-Uni,Northern Europe,Europe septentrionale,Europe,Europe,37005,119,242
2012,71,GEO,GEO,Georgia,GEO,GE,Georgia,G,Western Asia,Asie occidentale,Asia,Asie,590,10,10
2012,72,GFR,DEU,Germany,DEU,DE,Germany,Allemagne,Western Europe,Europe occidentale,Europe,Europe,77623,100,160
2012,73,GHA,GHA,Ghana,GHA,GH,Ghana,Ghana,Western Africa,Afrique occidentale,Africa,Afrique,105,9,9
2012,75,GNB,GNB,Guinea-Bissau,GNB,GW,Guinea-Bissau,Guin,Western Africa,Afrique occidentale,Africa,Afrique,5,1,1
2012,76,GRE,GRC,Greece,GRC,GR,Greece,Gr,Southern Europe,Europe australe,Europe,Europe,17331,69,69
2012,78,GUA,GTM,Guatemala,GTM,GT,Guatemala,Guatemala,Central America,Am,Latin America and the Caribbean,Am,15,2,2
2012,79,GUI,GIN,Guinea,GIN,GN,Guinea,Guin,Western Africa,Afrique occidentale,Africa,Afrique,139,5,5
2012,81,HAI,HTI,Haiti,HTI,HT,Haiti,Ha,Caribbean,Cara,Latin America and the Caribbean,Am,7,1,1
2012,82,HKG,HKG,"China, Hong Kong SAR",HKG,HK,"China, Hong Kong SAR","Hong Kong, RAS de la R",Eastern Asia,Asie orientale,Asia,Asie,1200,23,36
2012,83,HON,HND,Honduras,HND,HN,Honduras,Honduras,Central America,Am,Latin America and the Caribbean,Am,10,2,2
2012,84,HRV,HRV,Croatia,HRV,HR,Croatia,Croatie,Southern Europe,Europe australe,Europe,Europe,1208,22,28
2012,85,HUN,HUN,Hungary,HUN,HU,Hungary,Hongrie,Eastern Europe,Europe orientale,Europe,Europe,2148,39,39
2012,86,ICE,ISL,Iceland,ISL,IS,Iceland,Islande,Northern Europe,Europe septentrionale,Europe,Europe,123,12,16
2012,87,ICO,CIV,Cote d'Ivoire,CIV,CI,Cote d'Ivoire,C,Western Africa,Afrique occidentale,Africa,Afrique,66,7,7
2012,88,IND,IND,India,IND,IN,India,Inde,Southern Asia,Sud de l'Asie centrale,Asia,Asie,3374,14,18
2012,89,INS,IDN,Indonesia,IDN,ID,Indonesia,Indon,South-eastern Asia,Asie du Sud-Est,Asia,Asie,7214,21,21
2012,90,IRE,IRL,Ireland,IRL,IE,Ireland,Irlande,Northern Europe,Europe septentrionale,Europe,Europe,2198,58,128
2012,92,IRQ,IRQ,Iraq,IRQ,IQ,Iraq,Iraq,Western Asia,Asie occidentale,Asia,Asie,999,5,5
2012,93,ISR,ISR,Israel,ISR,IL,Israel,Isra,Western Asia,Asie occidentale,Asia,Asie,1985,14,21
2012,94,ITA,ITA,Italy,ITA,IT,Italy,Italie,Southern Europe,Europe australe,Europe,Europe,17325,78,78
2012,96,JOR,JOR,Jordan,JOR,JO,Jordan,Jordanie,Western Asia,Asie occidentale,Asia,Asie,2472,12,12
2012,97,JPN,JPN,Japan,JPN,JP,Japan,Japon,Eastern Asia,Asie orientale,Asia,Asie,4316,35,46
2012,98,KAZ,KAZ,Kazakhstan,KAZ,KZ,Kazakhstan,Kazakhstan,Central Asia,Sud de l'Asie centrale,Asia,Asie,61,4,6
2012,99,KEN,KEN,Kenya,KEN,KE,Kenya,Kenya,Eastern Africa,Afrique orientale,Africa,Afrique,21238,14,25
2012,100,KGZ,KGZ,Kyrgyzstan,KGZ,KG,Kyrgyzstan,Kirghizistan,Central Asia,Sud de l'Asie centrale,Asia,Asie,179,5,7
2012,102,KOR,KOR,Rep. of Korea,KOR,KR,Rep. of Korea,R,Eastern Asia,Asie orientale,Asia,Asie,1350,26,26
2012,104,KUW,KWT,Kuwait,KWT,KW,Kuwait,Kowe,Western Asia,Asie occidentale,Asia,Asie,266,8,8
2012,106,LBR,LBR,Liberia,LBR,LR,Liberia,Lib,Western Africa,Afrique occidentale,Africa,Afrique,37,4,4
2012,107,LBY,LBY,Libya,LBY,LY,Libya,Libye,Northern Africa,Afrique septentrionale,Africa,Afrique,4458,9,9
2012,109,LEB,LBN,Lebanon,LBN,LB,Lebanon,Liban,Western Asia,Asie occidentale,Asia,Asie,2093,20,30
2012,111,LIE,LIE,Liechtenstein,LIE,LI,Liechtenstein,Liechtenstein,Western Europe,Europe occidentale,Europe,Europe,59,6,6
2012,112,LKA,LKA,Sri Lanka,LKA,LK,Sri Lanka,Sri Lanka,Southern Asia,Sud de l'Asie centrale,Asia,Asie,199,5,5
2012,113,LTU,LTU,Lithuania,LTU,LT,Lithuania,Lituanie,Northern Europe,Europe septentrionale,Europe,Europe,519,14,14
2012,114,LUX,LUX,Luxembourg,LUX,LU,Luxembourg,Luxembourg,Western Europe,Europe occidentale,Europe,Europe,2114,37,41
2012,115,LVA,LVA,Latvia,LVA,LV,Latvia,Lettonie,Northern Europe,Europe septentrionale,Europe,Europe,182,9,9
2012,119,MAU,MRT,Mauritania,MRT,MR,Mauritania,Mauritanie,Western Africa,Afrique occidentale,Africa,Afrique,598,13,13
2012,120,MCD,MKD,North Macedonia,MKD,MK,North Macedonia,Ex-R,Southern Europe,Europe australe,Europe,Europe,642,19,19
2012,122,MDA,MDA,Rep. of Moldova,MDA,MD,Rep. of Moldova,R,Eastern Europe,Europe orientale,Europe,Europe,177,14,16
2012,124,MEX,MEX,Mexico,MEX,MX,Mexico,Mexique,Central America,Am,Latin America and the Caribbean,Am,803,23,23
2012,126,MLI,MLI,Mali,MLI,ML,Mali,Mali,Western Africa,Afrique occidentale,Africa,Afrique,39,2,2
2012,127,MLS,MYS,Malaysia,MYS,MY,Malaysia,Malaisie,South-eastern Asia,Asie du Sud-Est,Asia,Asie,20169,22,29
2012,128,MLW,MWI,Malawi,MWI,MW,Malawi,Malawi,Eastern Africa,Afrique orientale,Africa,Afrique,3369,4,7
2012,129,MNG,MNG,Mongolia,MNG,MN,Mongolia,Mongolie,Eastern Asia,Asie orientale,Asia,Asie,7,1,1
2012,130,MOR,MAR,Morocco,MAR,MA,Morocco,Maroc,Northern Africa,Afrique septentrionale,Africa,Afrique,2442,33,41
2012,131,MOZ,MOZ,Mozambique,MOZ,MZ,Mozambique,Mozambique,Eastern Africa,Afrique orientale,Africa,Afrique,2926,6,6
2012,132,MTA,MLT,Malta,MLT,MT,Malta,Malte,Southern Europe,Europe australe,Europe,Europe,2204,18,26
2012,133,MNE,MNE,Montenegro,MNE,ME,Montenegro,Mont,Southern Europe,Europe australe,Europe,Europe,1516,13,13
2012,136,NAM,NAM,Namibia,NAM,,Namibia,Namibie,Southern Africa,Afrique australe,Africa,Afrique,205,6,6
2012,137,NEP,NPL,Nepal,NPL,NP,Nepal,N,Southern Asia,Sud de l'Asie centrale,Asia,Asie,865,7,8
2012,138,NET,NLD,Netherlands (Kingdom of the),NLD,NL,Netherlands (Kingdom of the),Pays-Bas,Western Europe,Europe occidentale,Europe,Europe,13078,82,140
2012,139,NGR,NER,Niger,NER,NE,Niger,Niger,Western Africa,Afrique occidentale,Africa,Afrique,6,1,1
2012,140,NIC,NIC,Nicaragua,NIC,NI,Nicaragua,Nicaragua,Central America,Am,Latin America and the Caribbean,Am,62,5,5
2012,141,NIG,NGA,Nigeria,NGA,NG,Nigeria,Nig,Western Africa,Afrique occidentale,Africa,Afrique,209,5,5
2012,143,NOR,NOR,Norway,NOR,NO,Norway,Norv,Northern Europe,Europe septentrionale,Europe,Europe,18281,96,169
2012,144,NRU,NRU,Nauru,NRU,NR,Nauru,Nauru,Micronesia,Micron,Oceania,Oc,414,5,5
2012,145,NZL,NZL,New Zealand,NZL,NZ,New Zealand,Nouvelle-Z,Australia-New Zealand,Australie-Nouvelle-Z,Oceania,Oc,464,29,43
2012,146,OMN,OMN,Oman,OMN,OM,Oman,Oman,Western Asia,Asie occidentale,Asia,Asie,31,1,1
2012,147,PAK,PAK,Pakistan,PAK,PK,Pakistan,Pakistan,Southern Asia,Sud de l'Asie centrale,Asia,Asie,3933,4,4
2012,148,PAN,PAN,Panama,PAN,PA,Panama,Panama,Central America,Am,Latin America and the Caribbean,Am,747,13,13
2012,149,PAR,PRY,Paraguay,PRY,PY,Paraguay,Paraguay,South America,Am,Latin America and the Caribbean,Am,10,2,2
2012,150,PER,PER,Peru,PER,PE,Peru,P,South America,Am,Latin America and the Caribbean,Am,361,10,10
2012,151,PHI,PHL,Philippines,PHL,PH,Philippines,Philippines,South-eastern Asia,Asie du Sud-Est,Asia,Asie,35,5,5
2012,153,PNG,PNG,Papua New Guinea,PNG,PG,Papua New Guinea,Papouasie-Nouvelle-Guin,Melanesia,M,Oceania,Oc,161,6,6
2012,154,POL,POL,Poland,POL,PL,Poland,Pologne,Eastern Europe,Europe orientale,Europe,Europe,12222,39,72
2012,155,POR,PRT,Portugal,PRT,PT,Portugal,Portugal,Southern Europe,Europe australe,Europe,Europe,284,24,24
2012,157,QAT,QAT,Qatar,QAT,QA,Qatar,Qatar,Western Asia,Asie occidentale,Asia,Asie,20,1,1
2012,158,ROM,ROU,Romania,ROU,RO,Romania,Roumanie,Eastern Europe,Europe orientale,Europe,Europe,2484,37,37
2012,159,RSA,ZAF,South Africa,ZAF,ZA,South Africa,Afrique du Sud,Southern Africa,Afrique australe,Africa,Afrique,117157,59,90
2012,160,RUS,RUS,Russian Federation,RUS,RU,Russian Federation,F,Eastern Europe,Europe orientale,Europe,Europe,2299,28,43
2012,161,RWA,RWA,Rwanda,RWA,RW,Rwanda,Rwanda,Eastern Africa,Afrique orientale,Africa,Afrique,17085,1,1
2012,163,SAU,SAU,Saudi Arabia,SAU,SA,Saudi Arabia,Arabie saoudite,Western Asia,Asie occidentale,Asia,Asie,16,2,2
2012,164,SRB,SRB,Serbia and Kosovo: S/RES/1244 (1999),SRB,RS,Serbia and Kosovo: S/RES/1244 (1999),Serbie,Southern Europe,Europe australe,Europe,Europe,2765,27,27
2012,165,SEN,SEN,Senegal,SEN,SN,Senegal,S,Western Africa,Afrique occidentale,Africa,Afrique,168,11,11
2012,168,SIN,SGP,Singapore,SGP,SG,Singapore,Singapour,South-eastern Asia,Asie du Sud-Est,Asia,Asie,5,1,1
2012,169,SLE,SLE,Sierra Leone,SLE,SL,Sierra Leone,Sierra Leone,Western Africa,Afrique occidentale,Africa,Afrique,10,2,2
2012,171,SOL,SLB,Solomon Islands,SLB,SB,Solomon Islands,Iles Salomon,Melanesia,M,Oceania,Oc,5,1,1
2012,172,SOM,SOM,Somalia,SOM,SO,Somalia,Somalie,Eastern Africa,Afrique orientale,Africa,Afrique,3436,2,2
2012,173,SPA,ESP,Spain,ESP,ES,Spain,Espagne,Southern Europe,Europe australe,Europe,Europe,2565,74,74
2012,177,SUD,SDN,Sudan,SDN,SD,Sudan,Soudan,Northern Africa,Afrique septentrionale,Africa,Afrique,15110,13,17
2012,179,SSD,SSD,South Sudan,SSD,SS,South Sudan,,Eastern Africa,Afrique septentrionale,Africa,Afrique,33,4,4
2012,180,SVK,SVK,Slovakia,SVK,SK,Slovakia,Slovaquie,Eastern Europe,Europe orientale,Europe,Europe,717,29,29
2012,181,SVN,SVN,Slovenia,SVN,SI,Slovenia,Slov,Southern Europe,Europe australe,Europe,Europe,294,20,20
2012,182,SWA,SWZ,Eswatini,SWZ,SZ,Eswatini,Eswatini,Southern Africa,Afrique australe,Africa,Afrique,98,5,5
2012,183,SWE,SWE,Sweden,SWE,SE,Sweden,Su,Northern Europe,Europe septentrionale,Europe,Europe,43863,105,105
2012,184,SWI,CHE,Switzerland,CHE,CH,Switzerland,Suisse,Western Europe,Europe occidentale,Europe,Europe,32330,102,174
2012,185,SYR,SYR,Syrian Arab Rep.,SYR,SY,Syrian Arab Rep.,R,Western Asia,Asie occidentale,Asia,Asie,2021,29,42
2012,186,TAN,TZA,United Rep. of Tanzania,TZA,TZ,United Rep. of Tanzania,R,Eastern Africa,Afrique orientale,Africa,Afrique,201,6,6
2012,187,TCI,TCA,Turks and Caicos Islands,TCA,TC,Turks and Caicos Islands,Iles Turques et Caiques,Caribbean,Cara,Latin America and the Caribbean,Am,21,1,1
2012,188,THA,THA,Thailand,THA,TH,Thailand,Tha,South-eastern Asia,Asie du Sud-Est,Asia,Asie,3068,28,48
2012,189,TJK,TJK,Tajikistan,TJK,TJ,Tajikistan,Tadjikistan,Central Asia,Sud de l'Asie centrale,Asia,Asie,832,3,4
2012,192,TOG,TGO,Togo,TGO,TG,Togo,Togo,Western Africa,Afrique occidentale,Africa,Afrique,6064,9,9
2012,194,TRT,TTO,Trinidad and Tobago,TTO,TT,Trinidad and Tobago,Trinit,Caribbean,Cara,Latin America and the Caribbean,Am,5,1,1
2012,195,TUN,TUN,Tunisia,TUN,TN,Tunisia,Tunisie,Northern Africa,Afrique septentrionale,Africa,Afrique,495,12,15
2012,196,TUR,TUR,Türkiye,TUR,TR,Türkiye,Türkiye,Western Asia,Asie occidentale,Asia,Asie,27262,41,66
2012,198,UAE,ARE,United Arab Emirates,ARE,AE,United Arab Emirates,Emirats arabes unis,Western Asia,Asie occidentale,Asia,Asie,246,5,5
2012,199,UGA,UGA,Uganda,UGA,UG,Uganda,Ouganda,Eastern Africa,Afrique orientale,Africa,Afrique,14429,10,10
2012,200,UKR,UKR,Ukraine,UKR,UA,Ukraine,Ukraine,Eastern Europe,Europe orientale,Europe,Europe,3255,43,77
2012,201,URU,URY,Uruguay,URY,UY,Uruguay,Uruguay,South America,Am,Latin America and the Caribbean,Am,37,5,5
2012,202,USA,USA,United States of America,USA,US,United States of America,Etats-Unis d'Am,Northern America,Am,Northern America,Am,66074,153,270
2012,207,VEN,VEN,Venezuela (Bolivarian Republic of),VEN,VE,Venezuela (Bolivarian Republic of),Venezuela (R,South America,Am,Latin America and the Caribbean,Am,2002,1,1
2012,211,YEM,YEM,Yemen,YEM,YE,Yemen,Y,Western Asia,Asie occidentale,Asia,Asie,3390,10,10
2012,213,ZAM,ZMB,Zambia,ZMB,ZM,Zambia,Zambie,Eastern Africa,Afrique orientale,Africa,Afrique,688,5,5
2012,214,ZIM,ZWE,Zimbabwe,ZWE,ZW,Zimbabwe,Zimbabwe,Eastern Africa,Afrique orientale,Africa,Afrique,1091,7,7
2012,224,ABW,ABW,Aruba,ABW,AW,Aruba,Aruba,Caribbean,Cara,Latin America and the Caribbean,Am,5,1,1
2012,254,CUW,CUW,Curacao,CUW,CW,Curacao,Cura,Caribbean,Cara,Latin America and the Caribbean,Am,30,2,2
2012,255,SXM,SXM,Sint Maarten (Dutch part),SXM,SX,Sint Maarten (Dutch part),Saint-Martin,Caribbean,Cara,Latin America and the Caribbean,Am,10,1,1
2013,2,AFG,AFG,Afghanistan,AFG,AF,Afghanistan,Afghanistan,Southern Asia,Sud de l'Asie centrale,Asia,Asie,32,2,3
2013,3,ALB,ALB,Albania,ALB,AL,Albania,Albanie,Southern Europe,Europe australe,Europe,Europe,223,2,2
2013,4,ALG,DZA,Algeria,DZA,DZ,Algeria,Alg,Northern Africa,Afrique septentrionale,Africa,Afrique,2542,16,30
2013,6,ANG,AGO,Angola,AGO,AO,Angola,Angola,Middle Africa,Afrique australe,Africa,Afrique,1201,9,9
2013,8,ARE,EGY,Egypt,EGY,EG,Egypt,Egypte,Northern Africa,Afrique septentrionale,Africa,Afrique,10750,36,36
2013,9,ARG,ARG,Argentina,ARG,AR,Argentina,Argentine,South America,Am,Latin America and the Caribbean,Am,604,22,22
2013,10,ARM,ARM,Armenia,ARM,AM,Armenia,Arm,Western Asia,Asie occidentale,Asia,Asie,320,4,4
2013,11,AUL,AUS,Australia,AUS,AU,Australia,Australie,Australia-New Zealand,Australie-Nouvelle-Z,Oceania,Oc,15936,90,142
2013,12,AUS,AUT,Austria,AUT,AT,Austria,Autriche,Western Europe,Europe occidentale,Europe,Europe,17484,80,80
2013,13,AZE,AZE,Azerbaijan,AZE,AZ,Azerbaijan,Azerba,Western Asia,Asie occidentale,Asia,Asie,442,6,9
2013,14,BAH,BHR,Bahrain,BHR,BH,Bahrain,Bahre,Western Asia,Asie occidentale,Asia,Asie,43,2,2
2013,16,BDI,BDI,Burundi,BDI,BI,Burundi,Burundi,Eastern Africa,Afrique orientale,Africa,Afrique,10203,5,5
2013,17,BEL,BEL,Belgium,BEL,BE,Belgium,Belgique,Western Europe,Europe occidentale,Europe,Europe,29293,104,177
2013,18,BEN,BEN,Benin,BEN,BJ,Benin,B,Western Africa,Afrique occidentale,Africa,Afrique,138,7,7
2013,20,BGD,BGD,Bangladesh,BGD,BD,Bangladesh,Bangladesh,Southern Asia,Sud de l'Asie centrale,Asia,Asie,22,1,1
2013,21,BHS,BHS,Bahamas,BHS,BS,Bahamas,Bahamas,Caribbean,Cara,Latin America and the Caribbean,Am,95,2,2
2013,23,BKF,BFA,Burkina Faso,BFA,BF,Burkina Faso,Burkina Faso,Western Africa,Afrique occidentale,Africa,Afrique,122,3,3
2013,24,BLR,BLR,Belarus,BLR,BY,Belarus,B,Eastern Europe,Europe orientale,Europe,Europe,251,11,15
2013,25,BOL,BOL,Bolivia (Plurinational State of),BOL,BO,Bolivia (Plurinational State of),Bolivie,South America,Am,Latin America and the Caribbean,Am,16,2,2
2013,26,BOT,BWA,Botswana,BWA,BW,Botswana,Botswana,Southern Africa,Afrique australe,Africa,Afrique,97,5,5
2013,27,BRA,BRA,Brazil,BRA,BR,Brazil,Br,South America,Am,Latin America and the Caribbean,Am,4705,44,44
2013,29,BSN,BIH,Bosnia and Herzegovina,BIH,BA,Bosnia and Herzegovina,Bosnie-Herz,Southern Europe,Europe australe,Europe,Europe,87,5,5
2013,30,BUL,BGR,Bulgaria,BGR,BG,Bulgaria,Bulgarie,Eastern Europe,Europe orientale,Europe,Europe,7124,40,46
2013,31,BZE,BLZ,Belize,BLZ,BZ,Belize,Belize,Central America,Am,Latin America and the Caribbean,Am,53,4,4
2013,32,CAM,KHM,Cambodia,KHM,KH,Cambodia,Cambodge,South-eastern Asia,Asie du Sud-Est,Asia,Asie,5,1,1
2013,33,CAN,CAN,Canada,CAN,CA,Canada,Canada,Northern America,Am,Northern America,Am,10329,130,130
2013,34,CAR,CAF,Central African Rep.,CAF,CF,Central African Rep.,R,Middle Africa,Afrique australe,Africa,Afrique,31,3,3
2013,35,CAY,CYM,Cayman Islands,CYM,KY,Cayman Islands,Iles Ca,Caribbean,Cara,Latin America and the Caribbean,Am,35,2,2
2013,36,CHD,TCD,Chad,TCD,TD,Chad,Tchad,Middle Africa,Afrique australe,Africa,Afrique,299,7,7
2013,37,CHI,CHN,China,CHN,CN,China,Chine,Eastern Asia,Asie orientale,Asia,Asie,254,15,15
2013,38,CHL,CHL,Chile,CHL,CL,Chile,Chili,South America,Am,Latin America and the Caribbean,Am,244,5,5
2013,39,CMR,CMR,Cameroon,CMR,CM,Cameroon,Cameroun,Middle Africa,Afrique australe,Africa,Afrique,6186,19,32
2013,40,COB,COG,Congo,COG,CG,Congo,Congo,Middle Africa,Afrique australe,Africa,Afrique,326,8,8
2013,41,COD,COD,Dem. Rep. of the Congo,COD,CD,Dem. Rep. of the Congo,R,Middle Africa,Afrique australe,Africa,Afrique,1293,10,10
2013,44,COL,COL,Colombia,COL,CO,Colombia,Colombie,South America,Am,Latin America and the Caribbean,Am,254,11,14
2013,45,COS,CRI,Costa Rica,CRI,CR,Costa Rica,Costa Rica,Central America,Am,Latin America and the Caribbean,Am,1122,13,19
2013,46,CUB,CUB,Cuba,CUB,CU,Cuba,Cuba,Caribbean,Cara,Latin America and the Caribbean,Am,22,1,1
2013,48,CYP,CYP,Cyprus,CYP,CY,Cyprus,Chypre,Western Asia,Asie occidentale,Asia,Asie,2697,37,64
2013,49,CZE,CZE,Czechia,CZE,CZ,Czechia,R,Eastern Europe,Europe orientale,Europe,Europe,684,31,48
2013,50,DEN,DNK,Denmark,DNK,DK,Denmark,Danemark,Northern Europe,Europe septentrionale,Europe,Europe,9506,79,126
2013,51,DJB,DJI,Djibouti,DJI,DJ,Djibouti,Djibouti,Eastern Africa,Afrique orientale,Africa,Afrique,780,4,4
2013,53,DOM,DOM,Dominican Rep.,DOM,DO,Dominican Rep.,R,Caribbean,Cara,Latin America and the Caribbean,Am,71,2,2
2013,54,ECU,ECU,Ecuador,ECU,EC,Ecuador,Equateur,South America,Am,Latin America and the Caribbean,Am,8262,16,16
2013,57,EST,EST,Estonia,EST,EE,Estonia,Estonie,Northern Europe,Europe septentrionale,Europe,Europe,94,9,9
2013,58,ETH,ETH,Ethiopia,ETH,ET,Ethiopia,Ethiopie,Eastern Africa,Afrique orientale,Africa,Afrique,431,5,5
2013,61,FIN,FIN,Finland,FIN,FI,Finland,Finlande,Northern Europe,Europe septentrionale,Europe,Europe,3201,63,76
2013,64,FRA,FRA,France,FRA,FR,France,France,Western Europe,Europe occidentale,Europe,Europe,100767,102,256
2013,67,GAB,GAB,Gabon,GAB,GA,Gabon,Gabon,Middle Africa,Afrique australe,Africa,Afrique,74,4,4
2013,68,GAM,GMB,Gambia,GMB,GM,Gambia,Gambie,Western Africa,Afrique occidentale,Africa,Afrique,15,2,2
2013,70,GBR,GBR,United Kingdom of Great Britain and Northern Ireland,GBR,GB,United Kingdom of Great Britain and Northern Ireland,Royaume-Uni,Northern Europe,Europe septentrionale,Europe,Europe,39291,123,240
2013,71,GEO,GEO,Georgia,GEO,GE,Georgia,G,Western Asia,Asie occidentale,Asia,Asie,718,13,13
2013,72,GFR,DEU,Germany,DEU,DE,Germany,Allemagne,Western Europe,Europe occidentale,Europe,Europe,126992,106,173
2013,73,GHA,GHA,Ghana,GHA,GH,Ghana,Ghana,Western Africa,Afrique occidentale,Africa,Afrique,1292,11,11
2013,75,GNB,GNB,Guinea-Bissau,GNB,GW,Guinea-Bissau,Guin,Western Africa,Afrique occidentale,Africa,Afrique,17,3,3
2013,76,GRE,GRC,Greece,GRC,GR,Greece,Gr,Southern Europe,Europe australe,Europe,Europe,14364,61,112
2013,78,GUA,GTM,Guatemala,GTM,GT,Guatemala,Guatemala,Central America,Am,Latin America and the Caribbean,Am,44,5,5
2013,79,GUI,GIN,Guinea,GIN,GN,Guinea,Guin,Western Africa,Afrique occidentale,Africa,Afrique,69,6,6
2013,81,HAI,HTI,Haiti,HTI,HT,Haiti,Ha,Caribbean,Cara,Latin America and the Caribbean,Am,8,1,1
2013,82,HKG,HKG,"China, Hong Kong SAR",HKG,HK,"China, Hong Kong SAR","Hong Kong, RAS de la R",Eastern Asia,Asie orientale,Asia,Asie,1781,31,44
2013,83,HON,HND,Honduras,HND,HN,Honduras,Honduras,Central America,Am,Latin America and the Caribbean,Am,57,1,1
2013,84,HRV,HRV,Croatia,HRV,HR,Croatia,Croatie,Southern Europe,Europe australe,Europe,Europe,1143,26,32
2013,85,HUN,HUN,Hungary,HUN,HU,Hungary,Hongrie,Eastern Europe,Europe orientale,Europe,Europe,18875,60,75
2013,86,ICE,ISL,Iceland,ISL,IS,Iceland,Islande,Northern Europe,Europe septentrionale,Europe,Europe,232,17,20
2013,87,ICO,CIV,Cote d'Ivoire,CIV,CI,Cote d'Ivoire,C,Western Africa,Afrique occidentale,Africa,Afrique,132,8,8
2013,88,IND,IND,India,IND,IN,India,Inde,Southern Asia,Sud de l'Asie centrale,Asia,Asie,5983,19,25
2013,89,INS,IDN,Indonesia,IDN,ID,Indonesia,Indon,South-eastern Asia,Asie du Sud-Est,Asia,Asie,8560,23,30
2013,90,IRE,IRL,Ireland,IRL,IE,Ireland,Irlande,Northern Europe,Europe septentrionale,Europe,Europe,2174,55,132
2013,91,IRN,IRN,Iran (Islamic Rep. of),IRN,IR,Iran (Islamic Rep. of),R,Southern Asia,Sud de l'Asie centrale,Asia,Asie,56,2,2
2013,92,IRQ,IRQ,Iraq,IRQ,IQ,Iraq,Iraq,Western Asia,Asie occidentale,Asia,Asie,1199,11,11
2013,93,ISR,ISR,Israel,ISR,IL,Israel,Isra,Western Asia,Asie occidentale,Asia,Asie,2602,20,20
2013,94,ITA,ITA,Italy,ITA,IT,Italy,Italie,Southern Europe,Europe australe,Europe,Europe,26575,73,99
2013,96,JOR,JOR,Jordan,JOR,JO,Jordan,Jordanie,Western Asia,Asie occidentale,Asia,Asie,6658,20,20
2013,97,JPN,JPN,Japan,JPN,JP,Japan,Japon,Eastern Asia,Asie orientale,Asia,Asie,5703,11,22
2013,98,KAZ,KAZ,Kazakhstan,KAZ,KZ,Kazakhstan,Kazakhstan,Central Asia,Sud de l'Asie centrale,Asia,Asie,120,2,3
2013,99,KEN,KEN,Kenya,KEN,KE,Kenya,Kenya,Eastern Africa,Afrique orientale,Africa,Afrique,21561,17,27
2013,100,KGZ,KGZ,Kyrgyzstan,KGZ,KG,Kyrgyzstan,Kirghizistan,Central Asia,Sud de l'Asie centrale,Asia,Asie,332,6,9
2013,102,KOR,KOR,Rep. of Korea,KOR,KR,Rep. of Korea,R,Eastern Asia,Asie orientale,Asia,Asie,1724,30,30
2013,104,KUW,KWT,Kuwait,KWT,KW,Kuwait,Kowe,Western Asia,Asie occidentale,Asia,Asie,593,9,9
2013,106,LBR,LBR,Liberia,LBR,LR,Liberia,Lib,Western Africa,Afrique occidentale,Africa,Afrique,24,4,4
2013,107,LBY,LBY,Libya,LBY,LY,Libya,Libye,Northern Africa,Afrique septentrionale,Africa,Afrique,5598,10,10
2013,109,LEB,LBN,Lebanon,LBN,LB,Lebanon,Liban,Western Asia,Asie occidentale,Asia,Asie,3233,21,31
2013,111,LIE,LIE,Liechtenstein,LIE,LI,Liechtenstein,Liechtenstein,Western Europe,Europe occidentale,Europe,Europe,85,10,10
2013,112,LKA,LKA,Sri Lanka,LKA,LK,Sri Lanka,Sri Lanka,Southern Asia,Sud de l'Asie centrale,Asia,Asie,1598,6,8
2013,113,LTU,LTU,Lithuania,LTU,LT,Lithuania,Lituanie,Northern Europe,Europe septentrionale,Europe,Europe,266,11,11
2013,114,LUX,LUX,Luxembourg,LUX,LU,Luxembourg,Luxembourg,Western Europe,Europe occidentale,Europe,Europe,1597,41,56
2013,115,LVA,LVA,Latvia,LVA,LV,Latvia,Lettonie,Northern Europe,Europe septentrionale,Europe,Europe,174,5,5
2013,117,MAD,MDG,Madagascar,MDG,MG,Madagascar,Madagascar,Eastern Africa,Afrique orientale,Africa,Afrique,6,1,1
2013,119,MAU,MRT,Mauritania,MRT,MR,Mauritania,Mauritanie,Western Africa,Afrique occidentale,Africa,Afrique,660,11,11
2013,120,MCD,MKD,North Macedonia,MKD,MK,North Macedonia,Ex-R,Southern Europe,Europe australe,Europe,Europe,1343,28,28
2013,122,MDA,MDA,Rep. of Moldova,MDA,MD,Rep. of Moldova,R,Eastern Europe,Europe orientale,Europe,Europe,163,12,13
2013,124,MEX,MEX,Mexico,MEX,MX,Mexico,Mexique,Central America,Am,Latin America and the Caribbean,Am,1275,23,23
2013,126,MLI,MLI,Mali,MLI,ML,Mali,Mali,Western Africa,Afrique occidentale,Africa,Afrique,111,3,3
2013,127,MLS,MYS,Malaysia,MYS,MY,Malaysia,Malaisie,South-eastern Asia,Asie du Sud-Est,Asia,Asie,54307,27,38
2013,128,MLW,MWI,Malawi,MWI,MW,Malawi,Malawi,Eastern Africa,Afrique orientale,Africa,Afrique,3845,6,9
2013,129,MNG,MNG,Mongolia,MNG,MN,Mongolia,Mongolie,Eastern Asia,Asie orientale,Asia,Asie,10,2,2
2013,130,MOR,MAR,Morocco,MAR,MA,Morocco,Maroc,Northern Africa,Afrique septentrionale,Africa,Afrique,3213,34,48
2013,131,MOZ,MOZ,Mozambique,MOZ,MZ,Mozambique,Mozambique,Eastern Africa,Afrique orientale,Africa,Afrique,2540,7,7
2013,132,MTA,MLT,Malta,MLT,MT,Malta,Malte,Southern Europe,Europe australe,Europe,Europe,2193,21,21
2013,133,MNE,MNE,Montenegro,MNE,ME,Montenegro,Mont,Southern Europe,Europe australe,Europe,Europe,3560,31,31
2013,136,NAM,NAM,Namibia,NAM,,Namibia,Namibie,Southern Africa,Afrique australe,Africa,Afrique,308,6,6
2013,137,NEP,NPL,Nepal,NPL,NP,Nepal,N,Southern Asia,Sud de l'Asie centrale,Asia,Asie,341,4,5
2013,138,NET,NLD,Netherlands (Kingdom of the),NLD,NL,Netherlands (Kingdom of the),Pays-Bas,Western Europe,Europe occidentale,Europe,Europe,17135,84,136
2013,139,NGR,NER,Niger,NER,NE,Niger,Niger,Western Africa,Afrique occidentale,Africa,Afrique,20,3,3
2013,140,NIC,NIC,Nicaragua,NIC,NI,Nicaragua,Nicaragua,Central America,Am,Latin America and the Caribbean,Am,103,7,7
2013,141,NIG,NGA,Nigeria,NGA,NG,Nigeria,Nig,Western Africa,Afrique occidentale,Africa,Afrique,646,14,14
2013,143,NOR,NOR,Norway,NOR,NO,Norway,Norv,Northern Europe,Europe septentrionale,Europe,Europe,20577,93,198
2013,144,NRU,NRU,Nauru,NRU,NR,Nauru,Nauru,Micronesia,Micron,Oceania,Oc,187,9,9
2013,145,NZL,NZL,New Zealand,NZL,NZ,New Zealand,Nouvelle-Z,Australia-New Zealand,Australie-Nouvelle-Z,Oceania,Oc,459,26,26
2013,146,OMN,OMN,Oman,OMN,OM,Oman,Oman,Western Asia,Asie occidentale,Asia,Asie,64,1,1
2013,147,PAK,PAK,Pakistan,PAK,PK,Pakistan,Pakistan,Southern Asia,Sud de l'Asie centrale,Asia,Asie,5178,6,6
2013,148,PAN,PAN,Panama,PAN,PA,Panama,Panama,Central America,Am,Latin America and the Caribbean,Am,816,10,10
2013,150,PER,PER,Peru,PER,PE,Peru,P,South America,Am,Latin America and the Caribbean,Am,428,16,16
2013,151,PHI,PHL,Philippines,PHL,PH,Philippines,Philippines,South-eastern Asia,Asie du Sud-Est,Asia,Asie,69,6,6
2013,153,PNG,PNG,Papua New Guinea,PNG,PG,Papua New Guinea,Papouasie-Nouvelle-Guin,Melanesia,M,Oceania,Oc,250,5,5
2013,154,POL,POL,Poland,POL,PL,Poland,Pologne,Eastern Europe,Europe orientale,Europe,Europe,14957,35,49
2013,155,POR,PRT,Portugal,PRT,PT,Portugal,Portugal,Southern Europe,Europe australe,Europe,Europe,484,23,23
2013,157,QAT,QAT,Qatar,QAT,QA,Qatar,Qatar,Western Asia,Asie occidentale,Asia,Asie,17,1,1
2013,158,ROM,ROU,Romania,ROU,RO,Romania,Roumanie,Eastern Europe,Europe orientale,Europe,Europe,1736,42,61
2013,159,RSA,ZAF,South Africa,ZAF,ZA,South Africa,Afrique du Sud,Southern Africa,Afrique australe,Africa,Afrique,79288,52,86
2013,160,RUS,RUS,Russian Federation,RUS,RU,Russian Federation,F,Eastern Europe,Europe orientale,Europe,Europe,4687,27,41
2013,161,RWA,RWA,Rwanda,RWA,RW,Rwanda,Rwanda,Eastern Africa,Afrique orientale,Africa,Afrique,13006,2,2
2013,162,SAL,SLV,El Salvador,SLV,SV,El Salvador,El Salvador,Central America,Am,Latin America and the Caribbean,Am,5,1,1
2013,163,SAU,SAU,Saudi Arabia,SAU,SA,Saudi Arabia,Arabie saoudite,Western Asia,Asie occidentale,Asia,Asie,23,3,3
2013,164,SRB,SRB,Serbia and Kosovo: S/RES/1244 (1999),SRB,RS,Serbia and Kosovo: S/RES/1244 (1999),Serbie,Southern Europe,Europe australe,Europe,Europe,5121,40,40
2013,165,SEN,SEN,Senegal,SEN,SN,Senegal,S,Western Africa,Afrique occidentale,Africa,Afrique,233,9,9
2013,169,SLE,SLE,Sierra Leone,SLE,SL,Sierra Leone,Sierra Leone,Western Africa,Afrique occidentale,Africa,Afrique,8,1,1
2013,172,SOM,SOM,Somalia,SOM,SO,Somalia,Somalie,Eastern Africa,Afrique orientale,Africa,Afrique,2889,6,6
2013,173,SPA,ESP,Spain,ESP,ES,Spain,Espagne,Southern Europe,Europe australe,Europe,Europe,4512,77,77
2013,177,SUD,SDN,Sudan,SDN,SD,Sudan,Soudan,Northern Africa,Afrique septentrionale,Africa,Afrique,11222,14,17
2013,179,SSD,SSD,South Sudan,SSD,SS,South Sudan,,Eastern Africa,Afrique septentrionale,Africa,Afrique,34,6,6
2013,180,SVK,SVK,Slovakia,SVK,SK,Slovakia,Slovaquie,Eastern Europe,Europe orientale,Europe,Europe,415,25,35
2013,181,SVN,SVN,Slovenia,SVN,SI,Slovenia,Slov,Southern Europe,Europe australe,Europe,Europe,252,19,22
2013,182,SWA,SWZ,Eswatini,SWZ,SZ,Eswatini,Eswatini,Southern Africa,Afrique australe,Africa,Afrique,114,5,5
2013,183,SWE,SWE,Sweden,SWE,SE,Sweden,Su,Northern Europe,Europe septentrionale,Europe,Europe,68814,112,204
2013,184,SWI,CHE,Switzerland,CHE,CH,Switzerland,Suisse,Western Europe,Europe occidentale,Europe,Europe,28010,99,216
2013,185,SYR,SYR,Syrian Arab Rep.,SYR,SY,Syrian Arab Rep.,R,Western Asia,Asie occidentale,Asia,Asie,1907,31,59
2013,186,TAN,TZA,United Rep. of Tanzania,TZA,TZ,United Rep. of Tanzania,R,Eastern Africa,Afrique orientale,Africa,Afrique,448,8,8
2013,187,TCI,TCA,Turks and Caicos Islands,TCA,TC,Turks and Caicos Islands,Iles Turques et Caiques,Caribbean,Cara,Latin America and the Caribbean,Am,7,1,1
2013,188,THA,THA,Thailand,THA,TH,Thailand,Tha,South-eastern Asia,Asie du Sud-Est,Asia,Asie,3861,21,29
2013,189,TJK,TJK,Tajikistan,TJK,TJ,Tajikistan,Tadjikistan,Central Asia,Sud de l'Asie centrale,Asia,Asie,584,2,3
2013,192,TOG,TGO,Togo,TGO,TG,Togo,Togo,Western Africa,Afrique occidentale,Africa,Afrique,256,4,4
2013,194,TRT,TTO,Trinidad and Tobago,TTO,TT,Trinidad and Tobago,Trinit,Caribbean,Cara,Latin America and the Caribbean,Am,38,3,3
2013,195,TUN,TUN,Tunisia,TUN,TN,Tunisia,Tunisie,Northern Africa,Afrique septentrionale,Africa,Afrique,350,9,11
2013,196,TUR,TUR,Türkiye,TUR,TR,Türkiye,Türkiye,Western Asia,Asie occidentale,Asia,Asie,46594,52,83
2013,198,UAE,ARE,United Arab Emirates,ARE,AE,United Arab Emirates,Emirats arabes unis,Western Asia,Asie occidentale,Asia,Asie,260,3,3
2013,199,UGA,UGA,Uganda,UGA,UG,Uganda,Ouganda,Eastern Africa,Afrique orientale,Africa,Afrique,18802,10,10
2013,200,UKR,UKR,Ukraine,UKR,UA,Ukraine,Ukraine,Eastern Europe,Europe orientale,Europe,Europe,1709,34,62
2013,201,URU,URY,Uruguay,URY,UY,Uruguay,Uruguay,South America,Am,Latin America and the Caribbean,Am,23,2,2
2013,202,USA,USA,United States of America,USA,US,United States of America,Etats-Unis d'Am,Northern America,Am,Northern America,Am,68245,148,262
2013,207,VEN,VEN,Venezuela (Bolivarian Republic of),VEN,VE,Venezuela (Bolivarian Republic of),Venezuela (R,South America,Am,Latin America and the Caribbean,Am,3497,1,1
2013,211,YEM,YEM,Yemen,YEM,YE,Yemen,Y,Western Asia,Asie occidentale,Asia,Asie,6256,8,10
2013,213,ZAM,ZMB,Zambia,ZMB,ZM,Zambia,Zambie,Eastern Africa,Afrique orientale,Africa,Afrique,2611,7,7
2013,214,ZIM,ZWE,Zimbabwe,ZWE,ZW,Zimbabwe,Zimbabwe,Eastern Africa,Afrique orientale,Africa,Afrique,523,7,7
2013,254,CUW,CUW,Curacao,CUW,CW,Curacao,Cura,Caribbean,Cara,Latin America and the Caribbean,Am,22,2,2
2014,2,AFG,AFG,Afghanistan,AFG,AF,Afghanistan,Afghanistan,Southern Asia,Sud de l'Asie centrale,Asia,Asie,32,3,3
2014,3,ALB,ALB,Albania,ALB,AL,Albania,Albanie,Southern Europe,Europe australe,Europe,Europe,421,7,7
2014,4,ALG,DZA,Algeria,DZA,DZ,Algeria,Alg,Northern Africa,Afrique septentrionale,Africa,Afrique,4525,21,35
2014,6,ANG,AGO,Angola,AGO,AO,Angola,Angola,Middle Africa,Afrique australe,Africa,Afrique,12266,14,14
2014,8,ARE,EGY,Egypt,EGY,EG,Egypt,Egypte,Northern Africa,Afrique septentrionale,Africa,Afrique,11437,24,39
2014,9,ARG,ARG,Argentina,ARG,AR,Argentina,Argentine,South America,Am,Latin America and the Caribbean,Am,817,24,24
2014,10,ARM,ARM,Armenia,ARM,AM,Armenia,Arm,Western Asia,Asie occidentale,Asia,Asie,236,5,8
2014,11,AUL,AUS,Australia,AUS,AU,Australia,Australie,Australia-New Zealand,Australie-Nouvelle-Z,Oceania,Oc,15142,95,155
2014,12,AUS,AUT,Austria,AUT,AT,Austria,Autriche,Western Europe,Europe occidentale,Europe,Europe,28050,76,76
2014,13,AZE,AZE,Azerbaijan,AZE,AZ,Azerbaijan,Azerba,Western Asia,Asie occidentale,Asia,Asie,783,10,16
2014,14,BAH,BHR,Bahrain,BHR,BH,Bahrain,Bahre,Western Asia,Asie occidentale,Asia,Asie,56,3,3
2014,16,BDI,BDI,Burundi,BDI,BI,Burundi,Burundi,Eastern Africa,Afrique orientale,Africa,Afrique,7634,4,6
2014,17,BEL,BEL,Belgium,BEL,BE,Belgium,Belgique,Western Europe,Europe occidentale,Europe,Europe,28800,98,241
2014,18,BEN,BEN,Benin,BEN,BJ,Benin,B,Western Africa,Afrique occidentale,Africa,Afrique,227,2,2
2014,20,BGD,BGD,Bangladesh,BGD,BD,Bangladesh,Bangladesh,Southern Asia,Sud de l'Asie centrale,Asia,Asie,5,1,1
2014,21,BHS,BHS,Bahamas,BHS,BS,Bahamas,Bahamas,Caribbean,Cara,Latin America and the Caribbean,Am,5,1,1
2014,23,BKF,BFA,Burkina Faso,BFA,BF,Burkina Faso,Burkina Faso,Western Africa,Afrique occidentale,Africa,Afrique,187,1,1
2014,24,BLR,BLR,Belarus,BLR,BY,Belarus,B,Eastern Europe,Europe orientale,Europe,Europe,909,13,15
2014,25,BOL,BOL,Bolivia (Plurinational State of),BOL,BO,Bolivia (Plurinational State of),Bolivie,South America,Am,Latin America and the Caribbean,Am,32,4,4
2014,26,BOT,BWA,Botswana,BWA,BW,Botswana,Botswana,Southern Africa,Afrique australe,Africa,Afrique,73,3,3
2014,27,BRA,BRA,Brazil,BRA,BR,Brazil,Br,South America,Am,Latin America and the Caribbean,Am,8910,58,58
2014,29,BSN,BIH,Bosnia and Herzegovina,BIH,BA,Bosnia and Herzegovina,Bosnie-Herz,Southern Europe,Europe australe,Europe,Europe,35,6,6
2014,30,BUL,BGR,Bulgaria,BGR,BG,Bulgaria,Bulgarie,Eastern Europe,Europe orientale,Europe,Europe,11331,42,57
2014,31,BZE,BLZ,Belize,BLZ,BZ,Belize,Belize,Central America,Am,Latin America and the Caribbean,Am,73,2,2
2014,32,CAM,KHM,Cambodia,KHM,KH,Cambodia,Cambodge,South-eastern Asia,Asie du Sud-Est,Asia,Asie,43,5,6
2014,33,CAN,CAN,Canada,CAN,CA,Canada,Canada,Northern America,Am,Northern America,Am,13654,136,136
2014,34,CAR,CAF,Central African Rep.,CAF,CF,Central African Rep.,R,Middle Africa,Afrique australe,Africa,Afrique,13,2,2
2014,36,CHD,TCD,Chad,TCD,TD,Chad,Tchad,Middle Africa,Afrique australe,Africa,Afrique,2377,5,5
2014,37,CHI,CHN,China,CHN,CN,China,Chine,Eastern Asia,Asie orientale,Asia,Asie,457,22,27
2014,38,CHL,CHL,Chile,CHL,CL,Chile,Chili,South America,Am,Latin America and the Caribbean,Am,279,9,9
2014,39,CMR,CMR,Cameroon,CMR,CM,Cameroon,Cameroun,Middle Africa,Afrique australe,Africa,Afrique,9909,21,36
2014,40,COB,COG,Congo,COG,CG,Congo,Congo,Middle Africa,Afrique australe,Africa,Afrique,730,6,6
2014,41,COD,COD,Dem. Rep. of the Congo,COD,CD,Dem. Rep. of the Congo,R,Middle Africa,Afrique australe,Africa,Afrique,132,11,11
2014,44,COL,COL,Colombia,COL,CO,Colombia,Colombie,South America,Am,Latin America and the Caribbean,Am,731,13,15
2014,45,COS,CRI,Costa Rica,CRI,CR,Costa Rica,Costa Rica,Central America,Am,Latin America and the Caribbean,Am,1825,21,29
2014,46,CUB,CUB,Cuba,CUB,CU,Cuba,Cuba,Caribbean,Cara,Latin America and the Caribbean,Am,23,3,3
2014,48,CYP,CYP,Cyprus,CYP,CY,Cyprus,Chypre,Western Asia,Asie occidentale,Asia,Asie,2390,33,54
2014,49,CZE,CZE,Czechia,CZE,CZ,Czechia,R,Eastern Europe,Europe orientale,Europe,Europe,1119,35,46
2014,50,DEN,DNK,Denmark,DNK,DK,Denmark,Danemark,Northern Europe,Europe septentrionale,Europe,Europe,16528,72,126
2014,51,DJB,DJI,Djibouti,DJI,DJ,Djibouti,Djibouti,Eastern Africa,Afrique orientale,Africa,Afrique,170,5,5
2014,53,DOM,DOM,Dominican Rep.,DOM,DO,Dominican Rep.,R,Caribbean,Cara,Latin America and the Caribbean,Am,23,4,4
2014,57,EST,EST,Estonia,EST,EE,Estonia,Estonie,Northern Europe,Europe septentrionale,Europe,Europe,129,9,9
2014,58,ETH,ETH,Ethiopia,ETH,ET,Ethiopia,Ethiopie,Eastern Africa,Afrique orientale,Africa,Afrique,3037,11,11
2014,60,FIJ,FJI,Fiji,FJI,FJ,Fiji,Fidji,Melanesia,M,Oceania,Oc,11,2,2
2014,61,FIN,FIN,Finland,FIN,FI,Finland,Finlande,Northern Europe,Europe septentrionale,Europe,Europe,3633,64,80
2014,64,FRA,FRA,France,FRA,FR,France,France,Western Europe,Europe occidentale,Europe,Europe,101848,111,312
2014,67,GAB,GAB,Gabon,GAB,GA,Gabon,Gabon,Middle Africa,Afrique australe,Africa,Afrique,172,1,1
2014,70,GBR,GBR,United Kingdom of Great Britain and Northern Ireland,GBR,GB,United Kingdom of Great Britain and Northern Ireland,Royaume-Uni,Northern Europe,Europe septentrionale,Europe,Europe,40250,120,233
2014,71,GEO,GEO,Georgia,GEO,GE,Georgia,G,Western Asia,Asie occidentale,Asia,Asie,1871,18,22
2014,72,GFR,DEU,Germany,DEU,DE,Germany,Allemagne,Western Europe,Europe occidentale,Europe,Europe,202822,119,189
2014,73,GHA,GHA,Ghana,GHA,GH,Ghana,Ghana,Western Africa,Afrique occidentale,Africa,Afrique,1032,11,11
2014,75,GNB,GNB,Guinea-Bissau,GNB,GW,Guinea-Bissau,Guin,Western Africa,Afrique occidentale,Africa,Afrique,15,3,3
2014,76,GRE,GRC,Greece,GRC,GR,Greece,Gr,Southern Europe,Europe australe,Europe,Europe,17522,68,123
2014,78,GUA,GTM,Guatemala,GTM,GT,Guatemala,Guatemala,Central America,Am,Latin America and the Caribbean,Am,108,4,4
2014,79,GUI,GIN,Guinea,GIN,GN,Guinea,Guin,Western Africa,Afrique occidentale,Africa,Afrique,254,6,6
2014,82,HKG,HKG,"China, Hong Kong SAR",HKG,HK,"China, Hong Kong SAR","Hong Kong, RAS de la R",Eastern Asia,Asie orientale,Asia,Asie,700,26,32
2014,83,HON,HND,Honduras,HND,HN,Honduras,Honduras,Central America,Am,Latin America and the Caribbean,Am,11,2,2
2014,84,HRV,HRV,Croatia,HRV,HR,Croatia,Croatie,Southern Europe,Europe australe,Europe,Europe,546,29,41
2014,85,HUN,HUN,Hungary,HUN,HU,Hungary,Hongrie,Eastern Europe,Europe orientale,Europe,Europe,42755,62,100
2014,86,ICE,ISL,Iceland,ISL,IS,Iceland,Islande,Northern Europe,Europe septentrionale,Europe,Europe,170,20,20
2014,87,ICO,CIV,Cote d'Ivoire,CIV,CI,Cote d'Ivoire,C,Western Africa,Afrique occidentale,Africa,Afrique,283,5,5
2014,88,IND,IND,India,IND,IN,India,Inde,Southern Asia,Sud de l'Asie centrale,Asia,Asie,7403,17,24
2014,89,INS,IDN,Indonesia,IDN,ID,Indonesia,Indon,South-eastern Asia,Asie du Sud-Est,Asia,Asie,6119,28,34
2014,90,IRE,IRL,Ireland,IRL,IE,Ireland,Irlande,Northern Europe,Europe septentrionale,Europe,Europe,2658,55,135
2014,92,IRQ,IRQ,Iraq,IRQ,IQ,Iraq,Iraq,Western Asia,Asie occidentale,Asia,Asie,2527,15,15
2014,93,ISR,ISR,Israel,ISR,IL,Israel,Isra,Western Asia,Asie occidentale,Asia,Asie,226,5,5
2014,94,ITA,ITA,Italy,ITA,IT,Italy,Italie,Southern Europe,Europe australe,Europe,Europe,64598,87,121
2014,96,JOR,JOR,Jordan,JOR,JO,Jordan,Jordanie,Western Asia,Asie occidentale,Asia,Asie,29068,21,23
2014,97,JPN,JPN,Japan,JPN,JP,Japan,Japon,Eastern Asia,Asie orientale,Asia,Asie,7527,34,43
2014,98,KAZ,KAZ,Kazakhstan,KAZ,KZ,Kazakhstan,Kazakhstan,Central Asia,Sud de l'Asie centrale,Asia,Asie,354,6,12
2014,99,KEN,KEN,Kenya,KEN,KE,Kenya,Kenya,Eastern Africa,Afrique orientale,Africa,Afrique,22783,18,37
2014,100,KGZ,KGZ,Kyrgyzstan,KGZ,KG,Kyrgyzstan,Kirghizistan,Central Asia,Sud de l'Asie centrale,Asia,Asie,283,9,12
2014,102,KOR,KOR,Rep. of Korea,KOR,KR,Rep. of Korea,R,Eastern Asia,Asie orientale,Asia,Asie,3280,45,45
2014,104,KUW,KWT,Kuwait,KWT,KW,Kuwait,Kowe,Western Asia,Asie occidentale,Asia,Asie,102,4,4
2014,106,LBR,LBR,Liberia,LBR,LR,Liberia,Lib,Western Africa,Afrique occidentale,Africa,Afrique,19,2,2
2014,107,LBY,LBY,Libya,LBY,LY,Libya,Libye,Northern Africa,Afrique septentrionale,Africa,Afrique,2919,7,7
2014,109,LEB,LBN,Lebanon,LBN,LB,Lebanon,Liban,Western Asia,Asie occidentale,Asia,Asie,15008,26,37
2014,110,LES,LSO,Lesotho,LSO,LS,Lesotho,Lesotho,Southern Africa,Afrique australe,Africa,Afrique,5,1,1
2014,111,LIE,LIE,Liechtenstein,LIE,LI,Liechtenstein,Liechtenstein,Western Europe,Europe occidentale,Europe,Europe,70,10,10
2014,112,LKA,LKA,Sri Lanka,LKA,LK,Sri Lanka,Sri Lanka,Southern Asia,Sud de l'Asie centrale,Asia,Asie,607,6,7
2014,113,LTU,LTU,Lithuania,LTU,LT,Lithuania,Lituanie,Northern Europe,Europe septentrionale,Europe,Europe,395,14,14
2014,114,LUX,LUX,Luxembourg,LUX,LU,Luxembourg,Luxembourg,Western Europe,Europe occidentale,Europe,Europe,1971,36,76
2014,115,LVA,LVA,Latvia,LVA,LV,Latvia,Lettonie,Northern Europe,Europe septentrionale,Europe,Europe,357,11,11
2014,117,MAD,MDG,Madagascar,MDG,MG,Madagascar,Madagascar,Eastern Africa,Afrique orientale,Africa,Afrique,5,1,1
2014,119,MAU,MRT,Mauritania,MRT,MR,Mauritania,Mauritanie,Western Africa,Afrique occidentale,Africa,Afrique,604,13,13
2014,120,MCD,MKD,North Macedonia,MKD,MK,North Macedonia,Ex-R,Southern Europe,Europe australe,Europe,Europe,1274,11,11
2014,122,MDA,MDA,Rep. of Moldova,MDA,MD,Rep. of Moldova,R,Eastern Europe,Europe orientale,Europe,Europe,230,8,8
2014,124,MEX,MEX,Mexico,MEX,MX,Mexico,Mexique,Central America,Am,Latin America and the Caribbean,Am,1511,20,20
2014,126,MLI,MLI,Mali,MLI,ML,Mali,Mali,Western Africa,Afrique occidentale,Africa,Afrique,1251,6,6
2014,127,MLS,MYS,Malaysia,MYS,MY,Malaysia,Malaisie,South-eastern Asia,Asie du Sud-Est,Asia,Asie,26605,27,42
2014,128,MLW,MWI,Malawi,MWI,MW,Malawi,Malawi,Eastern Africa,Afrique orientale,Africa,Afrique,3965,4,7
2014,129,MNG,MNG,Mongolia,MNG,MN,Mongolia,Mongolie,Eastern Asia,Asie orientale,Asia,Asie,6,1,1
2014,130,MOR,MAR,Morocco,MAR,MA,Morocco,Maroc,Northern Africa,Afrique septentrionale,Africa,Afrique,1364,25,34
2014,131,MOZ,MOZ,Mozambique,MOZ,MZ,Mozambique,Mozambique,Eastern Africa,Afrique orientale,Africa,Afrique,3286,9,9
2014,132,MTA,MLT,Malta,MLT,MT,Malta,Malte,Southern Europe,Europe australe,Europe,Europe,1741,25,41
2014,133,MNE,MNE,Montenegro,MNE,ME,Montenegro,Mont,Southern Europe,Europe australe,Europe,Europe,2307,26,26
2014,136,NAM,NAM,Namibia,NAM,,Namibia,Namibie,Southern Africa,Afrique australe,Africa,Afrique,197,5,5
2014,137,NEP,NPL,Nepal,NPL,NP,Nepal,N,Southern Asia,Sud de l'Asie centrale,Asia,Asie,235,6,7
2014,138,NET,NLD,Netherlands (Kingdom of the),NLD,NL,Netherlands (Kingdom of the),Pays-Bas,Western Europe,Europe occidentale,Europe,Europe,24494,90,137
2014,139,NGR,NER,Niger,NER,NE,Niger,Niger,Western Africa,Afrique occidentale,Africa,Afrique,90,1,2
2014,140,NIC,NIC,Nicaragua,NIC,NI,Nicaragua,Nicaragua,Central America,Am,Latin America and the Caribbean,Am,129,4,4
2014,141,NIG,NGA,Nigeria,NGA,NG,Nigeria,Nig,Western Africa,Afrique occidentale,Africa,Afrique,505,9,9
2014,143,NOR,NOR,Norway,NOR,NO,Norway,Norv,Northern Europe,Europe septentrionale,Europe,Europe,19619,94,191
2014,144,NRU,NRU,Nauru,NRU,NR,Nauru,Nauru,Micronesia,Micron,Oceania,Oc,955,16,18
2014,145,NZL,NZL,New Zealand,NZL,NZ,New Zealand,Nouvelle-Z,Australia-New Zealand,Australie-Nouvelle-Z,Oceania,Oc,440,30,30
2014,146,OMN,OMN,Oman,OMN,OM,Oman,Oman,Western Asia,Asie occidentale,Asia,Asie,161,1,1
2014,147,PAK,PAK,Pakistan,PAK,PK,Pakistan,Pakistan,Southern Asia,Sud de l'Asie centrale,Asia,Asie,7928,8,11
2014,148,PAN,PAN,Panama,PAN,PA,Panama,Panama,Central America,Am,Latin America and the Caribbean,Am,1183,10,10
2014,149,PAR,PRY,Paraguay,PRY,PY,Paraguay,Paraguay,South America,Am,Latin America and the Caribbean,Am,31,3,3
2014,150,PER,PER,Peru,PER,PE,Peru,P,South America,Am,Latin America and the Caribbean,Am,373,11,11
2014,151,PHI,PHL,Philippines,PHL,PH,Philippines,Philippines,South-eastern Asia,Asie du Sud-Est,Asia,Asie,76,7,7
2014,153,PNG,PNG,Papua New Guinea,PNG,PG,Papua New Guinea,Papouasie-Nouvelle-Guin,Melanesia,M,Oceania,Oc,827,14,14
2014,154,POL,POL,Poland,POL,PL,Poland,Pologne,Eastern Europe,Europe orientale,Europe,Europe,7342,38,70
2014,155,POR,PRT,Portugal,PRT,PT,Portugal,Portugal,Southern Europe,Europe australe,Europe,Europe,428,27,27
2014,157,QAT,QAT,Qatar,QAT,QA,Qatar,Qatar,Western Asia,Asie occidentale,Asia,Asie,87,3,3
2014,158,ROM,ROU,Romania,ROU,RO,Romania,Roumanie,Eastern Europe,Europe orientale,Europe,Europe,1629,41,53
2014,159,RSA,ZAF,South Africa,ZAF,ZA,South Africa,Afrique du Sud,Southern Africa,Afrique australe,Africa,Afrique,86195,51,88
2014,160,RUS,RUS,Russian Federation,RUS,RU,Russian Federation,F,Eastern Europe,Europe orientale,Europe,Europe,274716,33,58
2014,161,RWA,RWA,Rwanda,RWA,RW,Rwanda,Rwanda,Eastern Africa,Afrique orientale,Africa,Afrique,41,2,2
2014,162,SAL,SLV,El Salvador,SLV,SV,El Salvador,El Salvador,Central America,Am,Latin America and the Caribbean,Am,15,3,3
2014,163,SAU,SAU,Saudi Arabia,SAU,SA,Saudi Arabia,Arabie saoudite,Western Asia,Asie occidentale,Asia,Asie,10,2,2
2014,164,SRB,SRB,Serbia and Kosovo: S/RES/1244 (1999),SRB,RS,Serbia and Kosovo: S/RES/1244 (1999),Serbie,Southern Europe,Europe australe,Europe,Europe,16577,42,42
2014,165,SEN,SEN,Senegal,SEN,SN,Senegal,S,Western Africa,Afrique occidentale,Africa,Afrique,523,11,11
2014,172,SOM,SOM,Somalia,SOM,SO,Somalia,Somalie,Eastern Africa,Afrique orientale,Africa,Afrique,593,3,3
2014,173,SPA,ESP,Spain,ESP,ES,Spain,Espagne,Southern Europe,Europe australe,Europe,Europe,5934,72,72
2014,177,SUD,SDN,Sudan,SDN,SD,Sudan,Soudan,Northern Africa,Afrique septentrionale,Africa,Afrique,9974,14,19
2014,179,SSD,SSD,South Sudan,SSD,SS,South Sudan,,Eastern Africa,Afrique septentrionale,Africa,Afrique,119,4,4
2014,180,SVK,SVK,Slovakia,SVK,SK,Slovakia,Slovaquie,Eastern Europe,Europe orientale,Europe,Europe,322,21,29
2014,181,SVN,SVN,Slovenia,SVN,SI,Slovenia,Slov,Southern Europe,Europe australe,Europe,Europe,373,20,24
2014,182,SWA,SWZ,Eswatini,SWZ,SZ,Eswatini,Eswatini,Southern Africa,Afrique australe,Africa,Afrique,123,5,5
2014,183,SWE,SWE,Sweden,SWE,SE,Sweden,Su,Northern Europe,Europe septentrionale,Europe,Europe,95535,120,279
2014,184,SWI,CHE,Switzerland,CHE,CH,Switzerland,Suisse,Western Europe,Europe occidentale,Europe,Europe,23734,93,143
2014,185,SYR,SYR,Syrian Arab Rep.,SYR,SY,Syrian Arab Rep.,R,Western Asia,Asie occidentale,Asia,Asie,2392,29,60
2014,186,TAN,TZA,United Rep. of Tanzania,TZA,TZ,United Rep. of Tanzania,R,Eastern Africa,Afrique orientale,Africa,Afrique,1025,3,3
2014,188,THA,THA,Thailand,THA,TH,Thailand,Tha,South-eastern Asia,Asie du Sud-Est,Asia,Asie,6050,34,46
2014,189,TJK,TJK,Tajikistan,TJK,TJ,Tajikistan,Tadjikistan,Central Asia,Sud de l'Asie centrale,Asia,Asie,608,1,3
2014,192,TOG,TGO,Togo,TGO,TG,Togo,Togo,Western Africa,Afrique occidentale,Africa,Afrique,603,6,6
2014,194,TRT,TTO,Trinidad and Tobago,TTO,TT,Trinidad and Tobago,Trinit,Caribbean,Cara,Latin America and the Caribbean,Am,174,6,9
2014,195,TUN,TUN,Tunisia,TUN,TN,Tunisia,Tunisie,Northern Africa,Afrique septentrionale,Africa,Afrique,430,11,15
2014,196,TUR,TUR,Türkiye,TUR,TR,Türkiye,Türkiye,Western Asia,Asie occidentale,Asia,Asie,88885,53,74
2014,198,UAE,ARE,United Arab Emirates,ARE,AE,United Arab Emirates,Emirats arabes unis,Western Asia,Asie occidentale,Asia,Asie,257,5,5
2014,199,UGA,UGA,Uganda,UGA,UG,Uganda,Ouganda,Eastern Africa,Afrique orientale,Africa,Afrique,32404,15,15
2014,200,UKR,UKR,Ukraine,UKR,UA,Ukraine,Ukraine,Eastern Europe,Europe orientale,Europe,Europe,1651,46,76
2014,201,URU,URY,Uruguay,URY,UY,Uruguay,Uruguay,South America,Am,Latin America and the Caribbean,Am,52,6,6
2014,202,USA,USA,United States of America,USA,US,United States of America,Etats-Unis d'Am,Northern America,Am,Northern America,Am,96150,147,259
2014,207,VEN,VEN,Venezuela (Bolivarian Republic of),VEN,VE,Venezuela (Bolivarian Republic of),Venezuela (R,South America,Am,Latin America and the Caribbean,Am,2479,3,3
2014,211,YEM,YEM,Yemen,YEM,YE,Yemen,Y,Western Asia,Asie occidentale,Asia,Asie,3939,7,8
2014,213,ZAM,ZMB,Zambia,ZMB,ZM,Zambia,Zambie,Eastern Africa,Afrique orientale,Africa,Afrique,1256,8,8
2014,214,ZIM,ZWE,Zimbabwe,ZWE,ZW,Zimbabwe,Zimbabwe,Eastern Africa,Afrique orientale,Africa,Afrique,1388,7,7
2014,254,CUW,CUW,Curacao,CUW,CW,Curacao,Cura,Caribbean,Cara,Latin America and the Caribbean,Am,36,2,2
2015,2,AFG,AFG,Afghanistan,AFG,AF,Afghanistan,Afghanistan,Southern Asia,Sud de l'Asie centrale,Asia,Asie,134,3,4
2015,3,ALB,ALB,Albania,ALB,AL,Albania,Albanie,Southern Europe,Europe australe,Europe,Europe,590,9,9
2015,4,ALG,DZA,Algeria,DZA,DZ,Algeria,Alg,Northern Africa,Afrique septentrionale,Africa,Afrique,2802,16,30
2015,6,ANG,AGO,Angola,AGO,AO,Angola,Angola,Middle Africa,Afrique australe,Africa,Afrique,93,6,6
2015,7,ANT,ATG,Antigua and Barbuda,ATG,AG,Antigua and Barbuda,Antigua-et-Barbuda,Caribbean,Cara,Latin America and the Caribbean,Am,15,1,1
2015,8,ARE,EGY,Egypt,EGY,EG,Egypt,Egypte,Northern Africa,Afrique septentrionale,Africa,Afrique,23112,36,55
2015,9,ARG,ARG,Argentina,ARG,AR,Argentina,Argentine,South America,Am,Latin America and the Caribbean,Am,1245,24,24
2015,10,ARM,ARM,Armenia,ARM,AM,Armenia,Arm,Western Asia,Asie occidentale,Asia,Asie,317,8,9
2015,11,AUL,AUS,Australia,AUS,AU,Australia,Australie,Australia-New Zealand,Australie-Nouvelle-Z,Oceania,Oc,16157,122,179
2015,12,AUS,AUT,Austria,AUT,AT,Austria,Autriche,Western Europe,Europe occidentale,Europe,Europe,89875,84,128
2015,13,AZE,AZE,Azerbaijan,AZE,AZ,Azerbaijan,Azerba,Western Asia,Asie occidentale,Asia,Asie,555,9,15
2015,14,BAH,BHR,Bahrain,BHR,BH,Bahrain,Bahre,Western Asia,Asie occidentale,Asia,Asie,69,3,3
2015,16,BDI,BDI,Burundi,BDI,BI,Burundi,Burundi,Eastern Africa,Afrique orientale,Africa,Afrique,3972,4,6
2015,17,BEL,BEL,Belgium,BEL,BE,Belgium,Belgique,Western Europe,Europe occidentale,Europe,Europe,49194,98,231
2015,18,BEN,BEN,Benin,BEN,BJ,Benin,B,Western Africa,Afrique occidentale,Africa,Afrique,231,3,3
2015,23,BKF,BFA,Burkina Faso,BFA,BF,Burkina Faso,Burkina Faso,Western Africa,Afrique occidentale,Africa,Afrique,62,2,2
2015,24,BLR,BLR,Belarus,BLR,BY,Belarus,B,Eastern Europe,Europe orientale,Europe,Europe,1269,12,17
2015,25,BOL,BOL,Bolivia (Plurinational State of),BOL,BO,Bolivia (Plurinational State of),Bolivie,South America,Am,Latin America and the Caribbean,Am,28,3,3
2015,26,BOT,BWA,Botswana,BWA,BW,Botswana,Botswana,Southern Africa,Afrique australe,Africa,Afrique,471,5,5
2015,27,BRA,BRA,Brazil,BRA,BR,Brazil,Br,South America,Am,Latin America and the Caribbean,Am,14751,76,76
2015,29,BSN,BIH,Bosnia and Herzegovina,BIH,BA,Bosnia and Herzegovina,Bosnie-Herz,Southern Europe,Europe australe,Europe,Europe,36,7,7
2015,30,BUL,BGR,Bulgaria,BGR,BG,Bulgaria,Bulgarie,Eastern Europe,Europe orientale,Europe,Europe,20361,29,40
2015,31,BZE,BLZ,Belize,BLZ,BZ,Belize,Belize,Central America,Am,Latin America and the Caribbean,Am,633,3,3
2015,32,CAM,KHM,Cambodia,KHM,KH,Cambodia,Cambodge,South-eastern Asia,Asie du Sud-Est,Asia,Asie,6,1,1
2015,33,CAN,CAN,Canada,CAN,CA,Canada,Canada,Northern America,Am,Northern America,Am,19494,136,233
2015,34,CAR,CAF,Central African Rep.,CAF,CF,Central African Rep.,R,Middle Africa,Afrique australe,Africa,Afrique,19,2,2
2015,35,CAY,CYM,Cayman Islands,CYM,KY,Cayman Islands,Iles Ca,Caribbean,Cara,Latin America and the Caribbean,Am,72,1,1
2015,36,CHD,TCD,Chad,TCD,TD,Chad,Tchad,Middle Africa,Afrique australe,Africa,Afrique,2611,6,6
2015,37,CHI,CHN,China,CHN,CN,China,Chine,Eastern Asia,Asie orientale,Asia,Asie,523,24,33
2015,38,CHL,CHL,Chile,CHL,CL,Chile,Chili,South America,Am,Latin America and the Caribbean,Am,617,9,9
2015,39,CMR,CMR,Cameroon,CMR,CM,Cameroon,Cameroun,Middle Africa,Afrique australe,Africa,Afrique,6012,20,41
2015,40,COB,COG,Congo,COG,CG,Congo,Congo,Middle Africa,Afrique australe,Africa,Afrique,3148,14,14
2015,41,COD,COD,Dem. Rep. of the Congo,COD,CD,Dem. Rep. of the Congo,R,Middle Africa,Afrique australe,Africa,Afrique,208,10,10
2015,44,COL,COL,Colombia,COL,CO,Colombia,Colombie,South America,Am,Latin America and the Caribbean,Am,430,12,14
2015,45,COS,CRI,Costa Rica,CRI,CR,Costa Rica,Costa Rica,Central America,Am,Latin America and the Caribbean,Am,2710,24,31
2015,46,CUB,CUB,Cuba,CUB,CU,Cuba,Cuba,Caribbean,Cara,Latin America and the Caribbean,Am,123,6,6
2015,48,CYP,CYP,Cyprus,CYP,CY,Cyprus,Chypre,Western Asia,Asie occidentale,Asia,Asie,2782,34,65
2015,49,CZE,CZE,Czechia,CZE,CZ,Czechia,R,Eastern Europe,Europe orientale,Europe,Europe,1509,31,51
2015,50,DEN,DNK,Denmark,DNK,DK,Denmark,Danemark,Northern Europe,Europe septentrionale,Europe,Europe,22677,73,111
2015,51,DJB,DJI,Djibouti,DJI,DJ,Djibouti,Djibouti,Eastern Africa,Afrique orientale,Africa,Afrique,6560,6,6
2015,53,DOM,DOM,Dominican Rep.,DOM,DO,Dominican Rep.,R,Caribbean,Cara,Latin America and the Caribbean,Am,32,6,6
2015,57,EST,EST,Estonia,EST,EE,Estonia,Estonie,Northern Europe,Europe septentrionale,Europe,Europe,199,15,15
2015,58,ETH,ETH,Ethiopia,ETH,ET,Ethiopia,Ethiopie,Eastern Africa,Afrique orientale,Africa,Afrique,939,8,8
2015,61,FIN,FIN,Finland,FIN,FI,Finland,Finlande,Northern Europe,Europe septentrionale,Europe,Europe,29405,69,83
2015,64,FRA,FRA,France,FRA,FR,France,France,Western Europe,Europe occidentale,Europe,Europe,118425,117,315
2015,66,FSM,FSM,Micronesia (Federated States of),FSM,FM,Micronesia (Federated States of),Micron,Micronesia,Micron,Oceania,Oc,55,2,4
2015,67,GAB,GAB,Gabon,GAB,GA,Gabon,Gabon,Middle Africa,Afrique australe,Africa,Afrique,69,3,3
2015,70,GBR,GBR,United Kingdom of Great Britain and Northern Ireland,GBR,GB,United Kingdom of Great Britain and Northern Ireland,Royaume-Uni,Northern Europe,Europe septentrionale,Europe,Europe,53289,122,244
2015,71,GEO,GEO,Georgia,GEO,GE,Georgia,G,Western Asia,Asie occidentale,Asia,Asie,1529,25,34
2015,72,GFR,DEU,Germany,DEU,DE,Germany,Allemagne,Western Europe,Europe occidentale,Europe,Europe,476630,116,183
2015,73,GHA,GHA,Ghana,GHA,GH,Ghana,Ghana,Western Africa,Afrique occidentale,Africa,Afrique,1145,17,17
2015,75,GNB,GNB,Guinea-Bissau,GNB,GW,Guinea-Bissau,Guin,Western Africa,Afrique occidentale,Africa,Afrique,15,3,3
2015,76,GRE,GRC,Greece,GRC,GR,Greece,Gr,Southern Europe,Europe australe,Europe,Europe,17158,64,156
2015,78,GUA,GTM,Guatemala,GTM,GT,Guatemala,Guatemala,Central America,Am,Latin America and the Caribbean,Am,153,7,7
2015,79,GUI,GIN,Guinea,GIN,GN,Guinea,Guin,Western Africa,Afrique occidentale,Africa,Afrique,46,3,3
2015,81,HAI,HTI,Haiti,HTI,HT,Haiti,Ha,Caribbean,Cara,Latin America and the Caribbean,Am,10,2,2
2015,82,HKG,HKG,"China, Hong Kong SAR",HKG,HK,"China, Hong Kong SAR","Hong Kong, RAS de la R",Eastern Asia,Asie orientale,Asia,Asie,72,11,11
2015,83,HON,HND,Honduras,HND,HN,Honduras,Honduras,Central America,Am,Latin America and the Caribbean,Am,16,3,3
2015,84,HRV,HRV,Croatia,HRV,HR,Croatia,Croatie,Southern Europe,Europe australe,Europe,Europe,280,23,32
2015,85,HUN,HUN,Hungary,HUN,HU,Hungary,Hongrie,Eastern Europe,Europe orientale,Europe,Europe,177304,78,113
2015,86,ICE,ISL,Iceland,ISL,IS,Iceland,Islande,Northern Europe,Europe septentrionale,Europe,Europe,338,20,20
2015,87,ICO,CIV,Cote d'Ivoire,CIV,CI,Cote d'Ivoire,C,Western Africa,Afrique occidentale,Africa,Afrique,116,4,4
2015,88,IND,IND,India,IND,IN,India,Inde,Southern Asia,Sud de l'Asie centrale,Asia,Asie,7203,21,29
2015,89,INS,IDN,Indonesia,IDN,ID,Indonesia,Indon,South-eastern Asia,Asie du Sud-Est,Asia,Asie,4678,26,36
2015,90,IRE,IRL,Ireland,IRL,IE,Ireland,Irlande,Northern Europe,Europe septentrionale,Europe,Europe,4786,58,147
2015,91,IRN,IRN,Iran (Islamic Rep. of),IRN,IR,Iran (Islamic Rep. of),R,Southern Asia,Sud de l'Asie centrale,Asia,Asie,5,1,1
2015,92,IRQ,IRQ,Iraq,IRQ,IQ,Iraq,Iraq,Western Asia,Asie occidentale,Asia,Asie,308,4,4
2015,93,ISR,ISR,Israel,ISR,IL,Israel,Isra,Western Asia,Asie occidentale,Asia,Asie,7534,12,12
2015,94,ITA,ITA,Italy,ITA,IT,Italy,Italie,Southern Europe,Europe australe,Europe,Europe,83225,88,88
2015,96,JOR,JOR,Jordan,JOR,JO,Jordan,Jordanie,Western Asia,Asie occidentale,Asia,Asie,19608,18,22
2015,97,JPN,JPN,Japan,JPN,JP,Japan,Japon,Eastern Asia,Asie orientale,Asia,Asie,10697,45,61
2015,98,KAZ,KAZ,Kazakhstan,KAZ,KZ,Kazakhstan,Kazakhstan,Central Asia,Sud de l'Asie centrale,Asia,Asie,422,5,8
2015,99,KEN,KEN,Kenya,KEN,KE,Kenya,Kenya,Eastern Africa,Afrique orientale,Africa,Afrique,15975,16,23
2015,100,KGZ,KGZ,Kyrgyzstan,KGZ,KG,Kyrgyzstan,Kirghizistan,Central Asia,Sud de l'Asie centrale,Asia,Asie,226,7,10
2015,102,KOR,KOR,Rep. of Korea,KOR,KR,Rep. of Korea,R,Eastern Asia,Asie orientale,Asia,Asie,5692,51,51
2015,104,KUW,KWT,Kuwait,KWT,KW,Kuwait,Kowe,Western Asia,Asie occidentale,Asia,Asie,222,5,5
2015,107,LBY,LBY,Libya,LBY,LY,Libya,Libye,Northern Africa,Afrique septentrionale,Africa,Afrique,98,4,4
2015,109,LEB,LBN,Lebanon,LBN,LB,Lebanon,Liban,Western Asia,Asie occidentale,Asia,Asie,18181,25,32
2015,111,LIE,LIE,Liechtenstein,LIE,LI,Liechtenstein,Liechtenstein,Western Europe,Europe occidentale,Europe,Europe,142,14,14
2015,112,LKA,LKA,Sri Lanka,LKA,LK,Sri Lanka,Sri Lanka,Southern Asia,Sud de l'Asie centrale,Asia,Asie,710,8,10
2015,113,LTU,LTU,Lithuania,LTU,LT,Lithuania,Lituanie,Northern Europe,Europe septentrionale,Europe,Europe,286,14,14
2015,114,LUX,LUX,Luxembourg,LUX,LU,Luxembourg,Luxembourg,Western Europe,Europe occidentale,Europe,Europe,3056,37,76
2015,115,LVA,LVA,Latvia,LVA,LV,Latvia,Lettonie,Northern Europe,Europe septentrionale,Europe,Europe,319,11,11
2015,117,MAD,MDG,Madagascar,MDG,MG,Madagascar,Madagascar,Eastern Africa,Afrique orientale,Africa,Afrique,5,1,1
2015,119,MAU,MRT,Mauritania,MRT,MR,Mauritania,Mauritanie,Western Africa,Afrique occidentale,Africa,Afrique,945,18,27
2015,120,MCD,MKD,North Macedonia,MKD,MK,North Macedonia,Ex-R,Southern Europe,Europe australe,Europe,Europe,1898,22,22
2015,122,MDA,MDA,Rep. of Moldova,MDA,MD,Rep. of Moldova,R,Eastern Europe,Europe orientale,Europe,Europe,297,11,14
2015,124,MEX,MEX,Mexico,MEX,MX,Mexico,Mexique,Central America,Am,Latin America and the Caribbean,Am,3408,23,23
2015,126,MLI,MLI,Mali,MLI,ML,Mali,Mali,Western Africa,Afrique occidentale,Africa,Afrique,394,6,6
2015,127,MLS,MYS,Malaysia,MYS,MY,Malaysia,Malaisie,South-eastern Asia,Asie du Sud-Est,Asia,Asie,22644,31,41
2015,128,MLW,MWI,Malawi,MWI,MW,Malawi,Malawi,Eastern Africa,Afrique orientale,Africa,Afrique,3880,5,8
2015,129,MNG,MNG,Mongolia,MNG,MN,Mongolia,Mongolie,Eastern Asia,Asie orientale,Asia,Asie,5,1,1
2015,130,MOR,MAR,Morocco,MAR,MA,Morocco,Maroc,Northern Africa,Afrique septentrionale,Africa,Afrique,1645,28,38
2015,131,MOZ,MOZ,Mozambique,MOZ,MZ,Mozambique,Mozambique,Eastern Africa,Afrique orientale,Africa,Afrique,4318,6,6
2015,132,MTA,MLT,Malta,MLT,MT,Malta,Malte,Southern Europe,Europe australe,Europe,Europe,1971,30,50
2015,133,MNE,MNE,Montenegro,MNE,ME,Montenegro,Mont,Southern Europe,Europe australe,Europe,Europe,1591,22,22
2015,136,NAM,NAM,Namibia,NAM,,Namibia,Namibie,Southern Africa,Afrique australe,Africa,Afrique,477,6,6
2015,137,NEP,NPL,Nepal,NPL,NP,Nepal,N,Southern Asia,Sud de l'Asie centrale,Asia,Asie,173,5,8
2015,138,NET,NLD,Netherlands (Kingdom of the),NLD,NL,Netherlands (Kingdom of the),Pays-Bas,Western Europe,Europe occidentale,Europe,Europe,45069,85,140
2015,139,NGR,NER,Niger,NER,NE,Niger,Niger,Western Africa,Afrique occidentale,Africa,Afrique,31,4,4
2015,140,NIC,NIC,Nicaragua,NIC,NI,Nicaragua,Nicaragua,Central America,Am,Latin America and the Caribbean,Am,130,2,2
2015,141,NIG,NGA,Nigeria,NGA,NG,Nigeria,Nig,Western Africa,Afrique occidentale,Africa,Afrique,505,13,13
2015,143,NOR,NOR,Norway,NOR,NO,Norway,Norv,Northern Europe,Europe septentrionale,Europe,Europe,36606,83,183
2015,144,NRU,NRU,Nauru,NRU,NR,Nauru,Nauru,Micronesia,Micron,Oceania,Oc,7,1,1
2015,145,NZL,NZL,New Zealand,NZL,NZ,New Zealand,Nouvelle-Z,Australia-New Zealand,Australie-Nouvelle-Z,Oceania,Oc,463,32,32
2015,146,OMN,OMN,Oman,OMN,OM,Oman,Oman,Western Asia,Asie occidentale,Asia,Asie,67,1,1
2015,147,PAK,PAK,Pakistan,PAK,PK,Pakistan,Pakistan,Southern Asia,Sud de l'Asie centrale,Asia,Asie,8858,9,11
2015,148,PAN,PAN,Panama,PAN,PA,Panama,Panama,Central America,Am,Latin America and the Caribbean,Am,1825,14,14
2015,149,PAR,PRY,Paraguay,PRY,PY,Paraguay,Paraguay,South America,Am,Latin America and the Caribbean,Am,60,2,2
2015,150,PER,PER,Peru,PER,PE,Peru,P,South America,Am,Latin America and the Caribbean,Am,406,12,12
2015,151,PHI,PHL,Philippines,PHL,PH,Philippines,Philippines,South-eastern Asia,Asie du Sud-Est,Asia,Asie,160,15,15
2015,153,PNG,PNG,Papua New Guinea,PNG,PG,Papua New Guinea,Papouasie-Nouvelle-Guin,Melanesia,M,Oceania,Oc,21,1,1
2015,154,POL,POL,Poland,POL,PL,Poland,Pologne,Eastern Europe,Europe orientale,Europe,Europe,12210,31,46
2015,155,POR,PRT,Portugal,PRT,PT,Portugal,Portugal,Southern Europe,Europe australe,Europe,Europe,877,31,31
2015,157,QAT,QAT,Qatar,QAT,QA,Qatar,Qatar,Western Asia,Asie occidentale,Asia,Asie,29,2,2
2015,158,ROM,ROU,Romania,ROU,RO,Romania,Roumanie,Eastern Europe,Europe orientale,Europe,Europe,1336,36,48
2015,159,RSA,ZAF,South Africa,ZAF,ZA,South Africa,Afrique du Sud,Southern Africa,Afrique australe,Africa,Afrique,120479,57,106
2015,160,RUS,RUS,Russian Federation,RUS,RU,Russian Federation,F,Eastern Europe,Europe orientale,Europe,Europe,152464,42,68
2015,161,RWA,RWA,Rwanda,RWA,RW,Rwanda,Rwanda,Eastern Africa,Afrique orientale,Africa,Afrique,238,2,2
2015,162,SAL,SLV,El Salvador,SLV,SV,El Salvador,El Salvador,Central America,Am,Latin America and the Caribbean,Am,24,4,4
2015,163,SAU,SAU,Saudi Arabia,SAU,SA,Saudi Arabia,Arabie saoudite,Western Asia,Asie occidentale,Asia,Asie,10,2,2
2015,164,SRB,SRB,Serbia and Kosovo: S/RES/1244 (1999),SRB,RS,Serbia and Kosovo: S/RES/1244 (1999),Serbie,Southern Europe,Europe australe,Europe,Europe,636,20,20
2015,165,SEN,SEN,Senegal,SEN,SN,Senegal,S,Western Africa,Afrique occidentale,Africa,Afrique,340,10,10
2015,172,SOM,SOM,Somalia,SOM,SO,Somalia,Somalie,Eastern Africa,Afrique orientale,Africa,Afrique,1261,5,5
2015,173,SPA,ESP,Spain,ESP,ES,Spain,Espagne,Southern Europe,Europe australe,Europe,Europe,14868,80,80
2015,177,SUD,SDN,Sudan,SDN,SD,Sudan,Soudan,Northern Africa,Afrique septentrionale,Africa,Afrique,7111,14,21
2015,179,SSD,SSD,South Sudan,SSD,SS,South Sudan,,Eastern Africa,Afrique septentrionale,Africa,Afrique,791,5,5
2015,180,SVK,SVK,Slovakia,SVK,SK,Slovakia,Slovaquie,Eastern Europe,Europe orientale,Europe,Europe,312,15,19
2015,181,SVN,SVN,Slovenia,SVN,SI,Slovenia,Slov,Southern Europe,Europe australe,Europe,Europe,270,16,18
2015,182,SWA,SWZ,Eswatini,SWZ,SZ,Eswatini,Eswatini,Southern Africa,Afrique australe,Africa,Afrique,121,5,5
2015,183,SWE,SWE,Sweden,SWE,SE,Sweden,Su,Northern Europe,Europe septentrionale,Europe,Europe,173786,115,272
2015,184,SWI,CHE,Switzerland,CHE,CH,Switzerland,Suisse,Western Europe,Europe occidentale,Europe,Europe,39476,86,130
2015,185,SYR,SYR,Syrian Arab Rep.,SYR,SY,Syrian Arab Rep.,R,Western Asia,Asie occidentale,Asia,Asie,5148,26,48
2015,186,TAN,TZA,United Rep. of Tanzania,TZA,TZ,United Rep. of Tanzania,R,Eastern Africa,Afrique orientale,Africa,Afrique,1706,3,3
2015,188,THA,THA,Thailand,THA,TH,Thailand,Tha,South-eastern Asia,Asie du Sud-Est,Asia,Asie,2601,27,36
2015,189,TJK,TJK,Tajikistan,TJK,TJ,Tajikistan,Tadjikistan,Central Asia,Sud de l'Asie centrale,Asia,Asie,600,1,2
2015,192,TOG,TGO,Togo,TGO,TG,Togo,Togo,Western Africa,Afrique occidentale,Africa,Afrique,241,7,7
2015,194,TRT,TTO,Trinidad and Tobago,TTO,TT,Trinidad and Tobago,Trinit,Caribbean,Cara,Latin America and the Caribbean,Am,123,7,9
2015,195,TUN,TUN,Tunisia,TUN,TN,Tunisia,Tunisie,Northern Africa,Afrique septentrionale,Africa,Afrique,152,8,12
2015,196,TUR,TUR,Türkiye,TUR,TR,Türkiye,Türkiye,Western Asia,Asie occidentale,Asia,Asie,134789,43,65
2015,198,UAE,ARE,United Arab Emirates,ARE,AE,United Arab Emirates,Emirats arabes unis,Western Asia,Asie occidentale,Asia,Asie,585,5,5
2015,199,UGA,UGA,Uganda,UGA,UG,Uganda,Ouganda,Eastern Africa,Afrique orientale,Africa,Afrique,35916,12,12
2015,200,UKR,UKR,Ukraine,UKR,UA,Ukraine,Ukraine,Eastern Europe,Europe orientale,Europe,Europe,2359,38,75
2015,201,URU,URY,Uruguay,URY,UY,Uruguay,Uruguay,South America,Am,Latin America and the Caribbean,Am,74,8,8
2015,202,USA,USA,United States of America,USA,US,United States of America,Etats-Unis d'Am,Northern America,Am,Northern America,Am,135976,152,266
2015,207,VEN,VEN,Venezuela (Bolivarian Republic of),VEN,VE,Venezuela (Bolivarian Republic of),Venezuela (R,South America,Am,Latin America and the Caribbean,Am,1486,1,1
2015,208,WES,WSM,Samoa,WSM,WS,Samoa,Samoa,Polynesia,Polyn,Oceania,Oc,5,1,1
2015,211,YEM,YEM,Yemen,YEM,YE,Yemen,Y,Western Asia,Asie occidentale,Asia,Asie,2696,8,8
2015,213,ZAM,ZMB,Zambia,ZMB,ZM,Zambia,Zambie,Eastern Africa,Afrique orientale,Africa,Afrique,2960,7,7
2015,214,ZIM,ZWE,Zimbabwe,ZWE,ZW,Zimbabwe,Zimbabwe,Eastern Africa,Afrique orientale,Africa,Afrique,1012,9,9
2015,254,CUW,CUW,Curacao,CUW,CW,Curacao,Cura,Caribbean,Cara,Latin America and the Caribbean,Am,19,3,3
2015,255,SXM,SXM,Sint Maarten (Dutch part),SXM,SX,Sint Maarten (Dutch part),Saint-Martin,Caribbean,Cara,Latin America and the Caribbean,Am,5,1,1
2016,2,AFG,AFG,Afghanistan,AFG,AF,Afghanistan,Afghanistan,Southern Asia,Sud de l'Asie centrale,Asia,Asie,55,2,2
2016,3,ALB,ALB,Albania,ALB,AL,Albania,Albanie,Southern Europe,Europe australe,Europe,Europe,2176,7,7
2016,4,ALG,DZA,Algeria,DZA,DZ,Algeria,Alg,Northern Africa,Afrique septentrionale,Africa,Afrique,2003,16,26
2016,8,ARE,EGY,Egypt,EGY,EG,Egypt,Egypte,Northern Africa,Afrique septentrionale,Africa,Afrique,30732,40,62
2016,9,ARG,ARG,Argentina,ARG,AR,Argentina,Argentine,South America,Am,Latin America and the Caribbean,Am,1881,26,26
2016,10,ARM,ARM,Armenia,ARM,AM,Armenia,Arm,Western Asia,Asie occidentale,Asia,Asie,137,6,9
2016,11,AUL,AUS,Australia,AUS,AU,Australia,Australie,Australia-New Zealand,Australie-Nouvelle-Z,Oceania,Oc,33470,130,188
2016,12,AUS,AUT,Austria,AUT,AT,Austria,Autriche,Western Europe,Europe occidentale,Europe,Europe,39884,80,80
2016,13,AZE,AZE,Azerbaijan,AZE,AZ,Azerbaijan,Azerba,Western Asia,Asie occidentale,Asia,Asie,413,9,15
2016,14,BAH,BHR,Bahrain,BHR,BH,Bahrain,Bahre,Western Asia,Asie occidentale,Asia,Asie,43,2,2
2016,16,BDI,BDI,Burundi,BDI,BI,Burundi,Burundi,Eastern Africa,Afrique orientale,Africa,Afrique,7190,3,5
2016,17,BEL,BEL,Belgium,BEL,BE,Belgium,Belgique,Western Europe,Europe occidentale,Europe,Europe,23495,92,222
2016,18,BEN,BEN,Benin,BEN,BJ,Benin,B,Western Africa,Afrique occidentale,Africa,Afrique,332,6,6
2016,20,BGD,BGD,Bangladesh,BGD,BD,Bangladesh,Bangladesh,Southern Asia,Sud de l'Asie centrale,Asia,Asie,5,1,1
2016,21,BHS,BHS,Bahamas,BHS,BS,Bahamas,Bahamas,Caribbean,Cara,Latin America and the Caribbean,Am,5,1,1
2016,23,BKF,BFA,Burkina Faso,BFA,BF,Burkina Faso,Burkina Faso,Western Africa,Afrique occidentale,Africa,Afrique,82,4,4
2016,24,BLR,BLR,Belarus,BLR,BY,Belarus,B,Eastern Europe,Europe orientale,Europe,Europe,792,12,17
2016,25,BOL,BOL,Bolivia (Plurinational State of),BOL,BO,Bolivia (Plurinational State of),Bolivie,South America,Am,Latin America and the Caribbean,Am,12,2,2
2016,26,BOT,BWA,Botswana,BWA,BW,Botswana,Botswana,Southern Africa,Afrique australe,Africa,Afrique,178,4,4
2016,27,BRA,BRA,Brazil,BRA,BR,Brazil,Br,South America,Am,Latin America and the Caribbean,Am,10265,64,64
2016,29,BSN,BIH,Bosnia and Herzegovina,BIH,BA,Bosnia and Herzegovina,Bosnie-Herz,Southern Europe,Europe australe,Europe,Europe,75,7,8
2016,30,BUL,BGR,Bulgaria,BGR,BG,Bulgaria,Bulgarie,Eastern Europe,Europe orientale,Europe,Europe,19315,30,39
2016,31,BZE,BLZ,Belize,BLZ,BZ,Belize,Belize,Central America,Am,Latin America and the Caribbean,Am,2016,4,4
2016,32,CAM,KHM,Cambodia,KHM,KH,Cambodia,Cambodge,South-eastern Asia,Asie du Sud-Est,Asia,Asie,208,1,2
2016,33,CAN,CAN,Canada,CAN,CA,Canada,Canada,Northern America,Am,Northern America,Am,23619,139,139
2016,34,CAR,CAF,Central African Rep.,CAF,CF,Central African Rep.,R,Middle Africa,Afrique australe,Africa,Afrique,95,9,9
2016,35,CAY,CYM,Cayman Islands,CYM,KY,Cayman Islands,Iles Ca,Caribbean,Cara,Latin America and the Caribbean,Am,177,1,1
2016,36,CHD,TCD,Chad,TCD,TD,Chad,Tchad,Middle Africa,Afrique australe,Africa,Afrique,169,6,6
2016,37,CHI,CHN,China,CHN,CN,China,Chine,Eastern Asia,Asie orientale,Asia,Asie,538,24,37
2016,38,CHL,CHL,Chile,CHL,CL,Chile,Chili,South America,Am,Latin America and the Caribbean,Am,2282,14,14
2016,39,CMR,CMR,Cameroon,CMR,CM,Cameroon,Cameroun,Middle Africa,Afrique australe,Africa,Afrique,3843,17,31
2016,40,COB,COG,Congo,COG,CG,Congo,Congo,Middle Africa,Afrique australe,Africa,Afrique,2365,5,5
2016,41,COD,COD,Dem. Rep. of the Congo,COD,CD,Dem. Rep. of the Congo,R,Middle Africa,Afrique australe,Africa,Afrique,443,12,12
2016,44,COL,COL,Colombia,COL,CO,Colombia,Colombie,South America,Am,Latin America and the Caribbean,Am,404,6,6
2016,45,COS,CRI,Costa Rica,CRI,CR,Costa Rica,Costa Rica,Central America,Am,Latin America and the Caribbean,Am,5874,39,49
2016,46,CUB,CUB,Cuba,CUB,CU,Cuba,Cuba,Caribbean,Cara,Latin America and the Caribbean,Am,85,8,8
2016,48,CYP,CYP,Cyprus,CYP,CY,Cyprus,Chypre,Western Asia,Asie occidentale,Asia,Asie,3760,38,76
2016,49,CZE,CZE,Czechia,CZE,CZ,Czechia,R,Eastern Europe,Europe orientale,Europe,Europe,1460,34,50
2016,50,DEN,DNK,Denmark,DNK,DK,Denmark,Danemark,Northern Europe,Europe septentrionale,Europe,Europe,8869,66,106
2016,51,DJB,DJI,Djibouti,DJI,DJ,Djibouti,Djibouti,Eastern Africa,Afrique orientale,Africa,Afrique,5421,3,3
2016,53,DOM,DOM,Dominican Rep.,DOM,DO,Dominican Rep.,R,Caribbean,Cara,Latin America and the Caribbean,Am,51,7,7
2016,54,ECU,ECU,Ecuador,ECU,EC,Ecuador,Equateur,South America,Am,Latin America and the Caribbean,Am,5080,1,1
2016,56,ERT,ERI,Eritrea,ERI,ER,Eritrea,Erythr,Eastern Africa,Afrique orientale,Africa,Afrique,7,1,1
2016,57,EST,EST,Estonia,EST,EE,Estonia,Estonie,Northern Europe,Europe septentrionale,Europe,Europe,60,9,9
2016,58,ETH,ETH,Ethiopia,ETH,ET,Ethiopia,Ethiopie,Eastern Africa,Afrique orientale,Africa,Afrique,440,9,9
2016,61,FIN,FIN,Finland,FIN,FI,Finland,Finlande,Northern Europe,Europe septentrionale,Europe,Europe,5609,64,79
2016,64,FRA,FRA,France,FRA,FR,France,France,Western Europe,Europe occidentale,Europe,Europe,125656,116,329
2016,67,GAB,GAB,Gabon,GAB,GA,Gabon,Gabon,Middle Africa,Afrique australe,Africa,Afrique,62,3,3
2016,70,GBR,GBR,United Kingdom of Great Britain and Northern Ireland,GBR,GB,United Kingdom of Great Britain and Northern Ireland,Royaume-Uni,Northern Europe,Europe septentrionale,Europe,Europe,51232,127,239
2016,71,GEO,GEO,Georgia,GEO,GE,Georgia,G,Western Asia,Asie occidentale,Asia,Asie,934,25,25
2016,72,GFR,DEU,Germany,DEU,DE,Germany,Allemagne,Western Europe,Europe occidentale,Europe,Europe,745510,123,188
2016,73,GHA,GHA,Ghana,GHA,GH,Ghana,Ghana,Western Africa,Afrique occidentale,Africa,Afrique,1164,17,17
2016,76,GRE,GRC,Greece,GRC,GR,Greece,Gr,Southern Europe,Europe australe,Europe,Europe,58244,71,154
2016,78,GUA,GTM,Guatemala,GTM,GT,Guatemala,Guatemala,Central America,Am,Latin America and the Caribbean,Am,143,11,11
2016,79,GUI,GIN,Guinea,GIN,GN,Guinea,Guin,Western Africa,Afrique occidentale,Africa,Afrique,120,6,6
2016,81,HAI,HTI,Haiti,HTI,HT,Haiti,Ha,Caribbean,Cara,Latin America and the Caribbean,Am,5,1,1
2016,82,HKG,HKG,"China, Hong Kong SAR",HKG,HK,"China, Hong Kong SAR","Hong Kong, RAS de la R",Eastern Asia,Asie orientale,Asia,Asie,10,2,2
2016,83,HON,HND,Honduras,HND,HN,Honduras,Honduras,Central America,Am,Latin America and the Caribbean,Am,9,1,1
2016,84,HRV,HRV,Croatia,HRV,HR,Croatia,Croatie,Southern Europe,Europe australe,Europe,Europe,2058,29,46
2016,85,HUN,HUN,Hungary,HUN,HU,Hungary,Hongrie,Eastern Europe,Europe orientale,Europe,Europe,29401,51,81
2016,86,ICE,ISL,Iceland,ISL,IS,Iceland,Islande,Northern Europe,Europe septentrionale,Europe,Europe,1089,29,29
2016,87,ICO,CIV,Cote d'Ivoire,CIV,CI,Cote d'Ivoire,C,Western Africa,Afrique occidentale,Africa,Afrique,64,5,5
2016,88,IND,IND,India,IND,IN,India,Inde,Southern Asia,Sud de l'Asie centrale,Asia,Asie,8657,22,30
2016,89,INS,IDN,Indonesia,IDN,ID,Indonesia,Indon,South-eastern Asia,Asie du Sud-Est,Asia,Asie,3355,27,36
2016,90,IRE,IRL,Ireland,IRL,IE,Ireland,Irlande,Northern Europe,Europe septentrionale,Europe,Europe,4491,60,145
2016,91,IRN,IRN,Iran (Islamic Rep. of),IRN,IR,Iran (Islamic Rep. of),R,Southern Asia,Sud de l'Asie centrale,Asia,Asie,85,1,1
2016,92,IRQ,IRQ,Iraq,IRQ,IQ,Iraq,Iraq,Western Asia,Asie occidentale,Asia,Asie,4349,8,8
2016,93,ISR,ISR,Israel,ISR,IL,Israel,Isra,Western Asia,Asie occidentale,Asia,Asie,15044,12,15
2016,94,ITA,ITA,Italy,ITA,IT,Italy,Italie,Southern Europe,Europe australe,Europe,Europe,122950,91,91
2016,95,JAM,JAM,Jamaica,JAM,JM,Jamaica,Jama,Caribbean,Cara,Latin America and the Caribbean,Am,17,1,1
2016,96,JOR,JOR,Jordan,JOR,JO,Jordan,Jordanie,Western Asia,Asie occidentale,Asia,Asie,12143,17,27
2016,97,JPN,JPN,Japan,JPN,JP,Japan,Japon,Eastern Asia,Asie orientale,Asia,Asie,16098,16,27
2016,98,KAZ,KAZ,Kazakhstan,KAZ,KZ,Kazakhstan,Kazakhstan,Central Asia,Sud de l'Asie centrale,Asia,Asie,271,3,5
2016,99,KEN,KEN,Kenya,KEN,KE,Kenya,Kenya,Eastern Africa,Afrique orientale,Africa,Afrique,18244,19,28
2016,100,KGZ,KGZ,Kyrgyzstan,KGZ,KG,Kyrgyzstan,Kirghizistan,Central Asia,Sud de l'Asie centrale,Asia,Asie,191,6,6
2016,102,KOR,KOR,Rep. of Korea,KOR,KR,Rep. of Korea,R,Eastern Asia,Asie orientale,Asia,Asie,7520,54,54
2016,104,KUW,KWT,Kuwait,KWT,KW,Kuwait,Kowe,Western Asia,Asie occidentale,Asia,Asie,199,3,3
2016,106,LBR,LBR,Liberia,LBR,LR,Liberia,Lib,Western Africa,Afrique occidentale,Africa,Afrique,9,1,1
2016,107,LBY,LBY,Libya,LBY,LY,Libya,Libye,Northern Africa,Afrique septentrionale,Africa,Afrique,1900,8,8
2016,109,LEB,LBN,Lebanon,LBN,LB,Lebanon,Liban,Western Asia,Asie occidentale,Asia,Asie,4443,25,31
2016,110,LES,LSO,Lesotho,LSO,LS,Lesotho,Lesotho,Southern Africa,Afrique australe,Africa,Afrique,19,3,3
2016,111,LIE,LIE,Liechtenstein,LIE,LI,Liechtenstein,Liechtenstein,Western Europe,Europe occidentale,Europe,Europe,72,10,10
2016,112,LKA,LKA,Sri Lanka,LKA,LK,Sri Lanka,Sri Lanka,Southern Asia,Sud de l'Asie centrale,Asia,Asie,360,6,9
2016,113,LTU,LTU,Lithuania,LTU,LT,Lithuania,Lituanie,Northern Europe,Europe septentrionale,Europe,Europe,422,16,16
2016,114,LUX,LUX,Luxembourg,LUX,LU,Luxembourg,Luxembourg,Western Europe,Europe occidentale,Europe,Europe,2615,41,78
2016,115,LVA,LVA,Latvia,LVA,LV,Latvia,Lettonie,Northern Europe,Europe septentrionale,Europe,Europe,342,19,19
2016,117,MAD,MDG,Madagascar,MDG,MG,Madagascar,Madagascar,Eastern Africa,Afrique orientale,Africa,Afrique,59,7,7
2016,119,MAU,MRT,Mauritania,MRT,MR,Mauritania,Mauritanie,Western Africa,Afrique occidentale,Africa,Afrique,659,19,24
2016,120,MCD,MKD,North Macedonia,MKD,MK,North Macedonia,Ex-R,Southern Europe,Europe australe,Europe,Europe,761,16,16
2016,122,MDA,MDA,Rep. of Moldova,MDA,MD,Rep. of Moldova,R,Eastern Europe,Europe orientale,Europe,Europe,145,9,14
2016,124,MEX,MEX,Mexico,MEX,MX,Mexico,Mexique,Central America,Am,Latin America and the Caribbean,Am,8762,25,25
2016,126,MLI,MLI,Mali,MLI,ML,Mali,Mali,Western Africa,Afrique occidentale,Africa,Afrique,212,5,5
2016,127,MLS,MYS,Malaysia,MYS,MY,Malaysia,Malaisie,South-eastern Asia,Asie du Sud-Est,Asia,Asie,20416,36,46
2016,128,MLW,MWI,Malawi,MWI,MW,Malawi,Malawi,Eastern Africa,Afrique orientale,Africa,Afrique,17038,8,11
2016,129,MNG,MNG,Mongolia,MNG,MN,Mongolia,Mongolie,Eastern Asia,Asie orientale,Asia,Asie,5,1,1
2016,130,MOR,MAR,Morocco,MAR,MA,Morocco,Maroc,Northern Africa,Afrique septentrionale,Africa,Afrique,2492,34,48
2016,131,MOZ,MOZ,Mozambique,MOZ,MZ,Mozambique,Mozambique,Eastern Africa,Afrique orientale,Africa,Afrique,2096,5,5
2016,132,MTA,MLT,Malta,MLT,MT,Malta,Malte,Southern Europe,Europe australe,Europe,Europe,1945,30,44
2016,133,MNE,MNE,Montenegro,MNE,ME,Montenegro,Mont,Southern Europe,Europe australe,Europe,Europe,331,20,20
2016,134,MTS,MUS,Mauritius,MUS,MU,Mauritius,Maurice,Eastern Africa,Afrique orientale,Africa,Afrique,5,1,1
2016,136,NAM,NAM,Namibia,NAM,,Namibia,Namibie,Southern Africa,Afrique australe,Africa,Afrique,563,7,7
2016,137,NEP,NPL,Nepal,NPL,NP,Nepal,N,Southern Asia,Sud de l'Asie centrale,Asia,Asie,130,4,5
2016,138,NET,NLD,Netherlands (Kingdom of the),NLD,NL,Netherlands (Kingdom of the),Pays-Bas,Western Europe,Europe occidentale,Europe,Europe,21290,89,144
2016,139,NGR,NER,Niger,NER,NE,Niger,Niger,Western Africa,Afrique occidentale,Africa,Afrique,16,1,1
2016,140,NIC,NIC,Nicaragua,NIC,NI,Nicaragua,Nicaragua,Central America,Am,Latin America and the Caribbean,Am,202,2,2
2016,141,NIG,NGA,Nigeria,NGA,NG,Nigeria,Nig,Western Africa,Afrique occidentale,Africa,Afrique,206,10,10
2016,143,NOR,NOR,Norway,NOR,NO,Norway,Norv,Northern Europe,Europe septentrionale,Europe,Europe,11879,81,158
2016,145,NZL,NZL,New Zealand,NZL,NZ,New Zealand,Nouvelle-Z,Australia-New Zealand,Australie-Nouvelle-Z,Oceania,Oc,544,34,34
2016,146,OMN,OMN,Oman,OMN,OM,Oman,Oman,Western Asia,Asie occidentale,Asia,Asie,266,1,1
2016,147,PAK,PAK,Pakistan,PAK,PK,Pakistan,Pakistan,Southern Asia,Sud de l'Asie centrale,Asia,Asie,6307,7,10
2016,148,PAN,PAN,Panama,PAN,PA,Panama,Panama,Central America,Am,Latin America and the Caribbean,Am,3477,18,18
2016,149,PAR,PRY,Paraguay,PRY,PY,Paraguay,Paraguay,South America,Am,Latin America and the Caribbean,Am,54,5,5
2016,150,PER,PER,Peru,PER,PE,Peru,P,South America,Am,Latin America and the Caribbean,Am,4343,16,16
2016,151,PHI,PHL,Philippines,PHL,PH,Philippines,Philippines,South-eastern Asia,Asie du Sud-Est,Asia,Asie,105,12,12
2016,154,POL,POL,Poland,POL,PL,Poland,Pologne,Eastern Europe,Europe orientale,Europe,Europe,11002,32,52
2016,155,POR,PRT,Portugal,PRT,PT,Portugal,Portugal,Southern Europe,Europe australe,Europe,Europe,1462,44,44
2016,157,QAT,QAT,Qatar,QAT,QA,Qatar,Qatar,Western Asia,Asie occidentale,Asia,Asie,88,5,5
2016,158,ROM,ROU,Romania,ROU,RO,Romania,Roumanie,Eastern Europe,Europe orientale,Europe,Europe,1964,35,46
2016,159,RSA,ZAF,South Africa,ZAF,ZA,South Africa,Afrique du Sud,Southern Africa,Afrique australe,Africa,Afrique,35349,49,49
2016,160,RUS,RUS,Russian Federation,RUS,RU,Russian Federation,F,Eastern Europe,Europe orientale,Europe,Europe,26361,32,56
2016,161,RWA,RWA,Rwanda,RWA,RW,Rwanda,Rwanda,Eastern Africa,Afrique orientale,Africa,Afrique,50,3,3
2016,162,SAL,SLV,El Salvador,SLV,SV,El Salvador,El Salvador,Central America,Am,Latin America and the Caribbean,Am,5,1,1
2016,163,SAU,SAU,Saudi Arabia,SAU,SA,Saudi Arabia,Arabie saoudite,Western Asia,Asie occidentale,Asia,Asie,35,3,3
2016,164,SRB,SRB,Serbia and Kosovo: S/RES/1244 (1999),SRB,RS,Serbia and Kosovo: S/RES/1244 (1999),Serbie,Southern Europe,Europe australe,Europe,Europe,876,16,16
2016,165,SEN,SEN,Senegal,SEN,SN,Senegal,S,Western Africa,Afrique occidentale,Africa,Afrique,308,12,12
2016,172,SOM,SOM,Somalia,SOM,SO,Somalia,Somalie,Eastern Africa,Afrique orientale,Africa,Afrique,3158,6,6
2016,173,SPA,ESP,Spain,ESP,ES,Spain,Espagne,Southern Europe,Europe australe,Europe,Europe,16528,82,82
2016,175,STK,KNA,Saint Kitts and Nevis,KNA,KN,Saint Kitts and Nevis,Saint-Kitts-et-Nevis,Caribbean,Cara,Latin America and the Caribbean,Am,5,1,1
2016,177,SUD,SDN,Sudan,SDN,SD,Sudan,Soudan,Northern Africa,Afrique septentrionale,Africa,Afrique,8540,8,11
2016,178,SUR,SUR,Suriname,SUR,SR,Suriname,Suriname,South America,Am,Latin America and the Caribbean,Am,40,1,1
2016,179,SSD,SSD,South Sudan,SSD,SS,South Sudan,,Eastern Africa,Afrique septentrionale,Africa,Afrique,1055,5,5
2016,180,SVK,SVK,Slovakia,SVK,SK,Slovakia,Slovaquie,Eastern Europe,Europe orientale,Europe,Europe,115,11,14
2016,181,SVN,SVN,Slovenia,SVN,SI,Slovenia,Slov,Southern Europe,Europe australe,Europe,Europe,1298,23,27
2016,182,SWA,SWZ,Eswatini,SWZ,SZ,Eswatini,Eswatini,Southern Africa,Afrique australe,Africa,Afrique,145,5,5
2016,183,SWE,SWE,Sweden,SWE,SE,Sweden,Su,Northern Europe,Europe septentrionale,Europe,Europe,53647,113,274
2016,184,SWI,CHE,Switzerland,CHE,CH,Switzerland,Suisse,Western Europe,Europe occidentale,Europe,Europe,27155,85,131
2016,185,SYR,SYR,Syrian Arab Rep.,SYR,SY,Syrian Arab Rep.,R,Western Asia,Asie occidentale,Asia,Asie,10613,24,45
2016,186,TAN,TZA,United Rep. of Tanzania,TZA,TZ,United Rep. of Tanzania,R,Eastern Africa,Afrique orientale,Africa,Afrique,6666,3,3
2016,188,THA,THA,Thailand,THA,TH,Thailand,Tha,South-eastern Asia,Asie du Sud-Est,Asia,Asie,2600,25,37
2016,189,TJK,TJK,Tajikistan,TJK,TJ,Tajikistan,Tadjikistan,Central Asia,Sud de l'Asie centrale,Asia,Asie,273,1,2
2016,192,TOG,TGO,Togo,TGO,TG,Togo,Togo,Western Africa,Afrique occidentale,Africa,Afrique,203,5,5
2016,194,TRT,TTO,Trinidad and Tobago,TTO,TT,Trinidad and Tobago,Trinit,Caribbean,Cara,Latin America and the Caribbean,Am,161,7,7
2016,195,TUN,TUN,Tunisia,TUN,TN,Tunisia,Tunisie,Northern Africa,Afrique septentrionale,Africa,Afrique,45,7,7
2016,196,TUR,TUR,Türkiye,TUR,TR,Türkiye,Türkiye,Western Asia,Asie occidentale,Asia,Asie,79633,46,59
2016,198,UAE,ARE,United Arab Emirates,ARE,AE,United Arab Emirates,Emirats arabes unis,Western Asia,Asie occidentale,Asia,Asie,516,7,7
2016,199,UGA,UGA,Uganda,UGA,UG,Uganda,Ouganda,Eastern Africa,Afrique orientale,Africa,Afrique,30276,15,15
2016,200,UKR,UKR,Ukraine,UKR,UA,Ukraine,Ukraine,Eastern Europe,Europe orientale,Europe,Europe,1424,40,73
2016,201,URU,URY,Uruguay,URY,UY,Uruguay,Uruguay,South America,Am,Latin America and the Caribbean,Am,383,6,6
2016,202,USA,USA,United States of America,USA,US,United States of America,Etats-Unis d'Am,Northern America,Am,Northern America,Am,204801,152,267
2016,207,VEN,VEN,Venezuela (Bolivarian Republic of),VEN,VE,Venezuela (Bolivarian Republic of),Venezuela (R,South America,Am,Latin America and the Caribbean,Am,2886,2,2
2016,211,YEM,YEM,Yemen,YEM,YE,Yemen,Y,Western Asia,Asie occidentale,Asia,Asie,4314,7,7
2016,213,ZAM,ZMB,Zambia,ZMB,ZM,Zambia,Zambie,Eastern Africa,Afrique orientale,Africa,Afrique,3949,9,9
2016,214,ZIM,ZWE,Zimbabwe,ZWE,ZW,Zimbabwe,Zimbabwe,Eastern Africa,Afrique orientale,Africa,Afrique,1506,7,7
2016,224,ABW,ABW,Aruba,ABW,AW,Aruba,Aruba,Caribbean,Cara,Latin America and the Caribbean,Am,5,1,1
2016,254,CUW,CUW,Curacao,CUW,CW,Curacao,Cura,Caribbean,Cara,Latin America and the Caribbean,Am,43,2,2
2017,2,AFG,AFG,Afghanistan,AFG,AF,Afghanistan,Afghanistan,Southern Asia,Sud de l'Asie centrale,Asia,Asie,151,2,2
2017,3,ALB,ALB,Albania,ALB,AL,Albania,Albanie,Southern Europe,Europe australe,Europe,Europe,299,13,13
2017,4,ALG,DZA,Algeria,DZA,DZ,Algeria,Alg,Northern Africa,Afrique septentrionale,Africa,Afrique,2386,13,20
2017,8,ARE,EGY,Egypt,EGY,EG,Egypt,Egypte,Northern Africa,Afrique septentrionale,Africa,Afrique,30386,39,53
2017,9,ARG,ARG,Argentina,ARG,AR,Argentina,Argentine,South America,Am,Latin America and the Caribbean,Am,2483,35,49
2017,10,ARM,ARM,Armenia,ARM,AM,Armenia,Arm,Western Asia,Asie occidentale,Asia,Asie,145,9,10
2017,11,AUL,AUS,Australia,AUS,AU,Australia,Australie,Australia-New Zealand,Australie-Nouvelle-Z,Oceania,Oc,49872,127,182
2017,12,AUS,AUT,Austria,AUT,AT,Austria,Autriche,Western Europe,Europe occidentale,Europe,Europe,22451,73,73
2017,13,AZE,AZE,Azerbaijan,AZE,AZ,Azerbaijan,Azerba,Western Asia,Asie occidentale,Asia,Asie,296,11,14
2017,15,BAR,BRB,Barbados,BRB,BB,Barbados,Barbade,Caribbean,Cara,Latin America and the Caribbean,Am,5,1,1
2017,16,BDI,BDI,Burundi,BDI,BI,Burundi,Burundi,Eastern Africa,Afrique orientale,Africa,Afrique,7077,5,7
2017,17,BEL,BEL,Belgium,BEL,BE,Belgium,Belgique,Western Europe,Europe occidentale,Europe,Europe,18930,94,156
2017,18,BEN,BEN,Benin,BEN,BJ,Benin,B,Western Africa,Afrique occidentale,Africa,Afrique,285,11,11
2017,20,BGD,BGD,Bangladesh,BGD,BD,Bangladesh,Bangladesh,Southern Asia,Sud de l'Asie centrale,Asia,Asie,117,3,3
2017,21,BHS,BHS,Bahamas,BHS,BS,Bahamas,Bahamas,Caribbean,Cara,Latin America and the Caribbean,Am,6,1,1
2017,23,BKF,BFA,Burkina Faso,BFA,BF,Burkina Faso,Burkina Faso,Western Africa,Afrique occidentale,Africa,Afrique,77,4,4
2017,24,BLR,BLR,Belarus,BLR,BY,Belarus,B,Eastern Europe,Europe orientale,Europe,Europe,785,14,20
2017,26,BOT,BWA,Botswana,BWA,BW,Botswana,Botswana,Southern Africa,Afrique australe,Africa,Afrique,53,3,3
2017,27,BRA,BRA,Brazil,BRA,BR,Brazil,Br,South America,Am,Latin America and the Caribbean,Am,33770,100,100
2017,29,BSN,BIH,Bosnia and Herzegovina,BIH,BA,Bosnia and Herzegovina,Bosnie-Herz,Southern Europe,Europe australe,Europe,Europe,363,16,16
2017,30,BUL,BGR,Bulgaria,BGR,BG,Bulgaria,Bulgarie,Eastern Europe,Europe orientale,Europe,Europe,3683,24,30
2017,31,BZE,BLZ,Belize,BLZ,BZ,Belize,Belize,Central America,Am,Latin America and the Caribbean,Am,458,3,3
2017,32,CAM,KHM,Cambodia,KHM,KH,Cambodia,Cambodge,South-eastern Asia,Asie du Sud-Est,Asia,Asie,7,1,1
2017,33,CAN,CAN,Canada,CAN,CA,Canada,Canada,Northern America,Am,Northern America,Am,52732,155,265
2017,34,CAR,CAF,Central African Rep.,CAF,CF,Central African Rep.,R,Middle Africa,Afrique australe,Africa,Afrique,294,7,7
2017,35,CAY,CYM,Cayman Islands,CYM,KY,Cayman Islands,Iles Ca,Caribbean,Cara,Latin America and the Caribbean,Am,34,1,2
2017,36,CHD,TCD,Chad,TCD,TD,Chad,Tchad,Middle Africa,Afrique australe,Africa,Afrique,377,10,10
2017,37,CHI,CHN,China,CHN,CN,China,Chine,Eastern Asia,Asie orientale,Asia,Asie,678,26,37
2017,38,CHL,CHL,Chile,CHL,CL,Chile,Chili,South America,Am,Latin America and the Caribbean,Am,5638,15,16
2017,39,CMR,CMR,Cameroon,CMR,CM,Cameroon,Cameroun,Middle Africa,Afrique australe,Africa,Afrique,4495,16,24
2017,40,COB,COG,Congo,COG,CG,Congo,Congo,Middle Africa,Afrique australe,Africa,Afrique,2000,10,10
2017,41,COD,COD,Dem. Rep. of the Congo,COD,CD,Dem. Rep. of the Congo,R,Middle Africa,Afrique australe,Africa,Afrique,163,6,6
2017,44,COL,COL,Colombia,COL,CO,Colombia,Colombie,South America,Am,Latin America and the Caribbean,Am,619,4,5
2017,45,COS,CRI,Costa Rica,CRI,CR,Costa Rica,Costa Rica,Central America,Am,Latin America and the Caribbean,Am,7122,26,33
2017,46,CUB,CUB,Cuba,CUB,CU,Cuba,Cuba,Caribbean,Cara,Latin America and the Caribbean,Am,35,5,6
2017,48,CYP,CYP,Cyprus,CYP,CY,Cyprus,Chypre,Western Asia,Asie occidentale,Asia,Asie,5738,34,77
2017,49,CZE,CZE,Czechia,CZE,CZ,Czechia,R,Eastern Europe,Europe orientale,Europe,Europe,1426,32,50
2017,50,DEN,DNK,Denmark,DNK,DK,Denmark,Danemark,Northern Europe,Europe septentrionale,Europe,Europe,7716,66,105
2017,51,DJB,DJI,Djibouti,DJI,DJ,Djibouti,Djibouti,Eastern Africa,Afrique orientale,Africa,Afrique,1299,2,2
2017,53,DOM,DOM,Dominican Rep.,DOM,DO,Dominican Rep.,R,Caribbean,Cara,Latin America and the Caribbean,Am,58,4,4
2017,54,ECU,ECU,Ecuador,ECU,EC,Ecuador,Equateur,South America,Am,Latin America and the Caribbean,Am,6796,34,34
2017,57,EST,EST,Estonia,EST,EE,Estonia,Estonie,Northern Europe,Europe septentrionale,Europe,Europe,75,9,9
2017,58,ETH,ETH,Ethiopia,ETH,ET,Ethiopia,Ethiopie,Eastern Africa,Afrique orientale,Africa,Afrique,916,10,10
2017,60,FIJ,FJI,Fiji,FJI,FJ,Fiji,Fidji,Melanesia,M,Oceania,Oc,10,2,2
2017,61,FIN,FIN,Finland,FIN,FI,Finland,Finlande,Northern Europe,Europe septentrionale,Europe,Europe,5035,63,93
2017,64,FRA,FRA,France,FRA,FR,France,France,Western Europe,Europe occidentale,Europe,Europe,153959,95,278
2017,67,GAB,GAB,Gabon,GAB,GA,Gabon,Gabon,Middle Africa,Afrique australe,Africa,Afrique,29,2,2
2017,68,GAM,GMB,Gambia,GMB,GM,Gambia,Gambie,Western Africa,Afrique occidentale,Africa,Afrique,10,2,2
2017,70,GBR,GBR,United Kingdom of Great Britain and Northern Ireland,GBR,GB,United Kingdom of Great Britain and Northern Ireland,Royaume-Uni,Northern Europe,Europe septentrionale,Europe,Europe,45016,128,236
2017,71,GEO,GEO,Georgia,GEO,GE,Georgia,G,Western Asia,Asie occidentale,Asia,Asie,942,31,31
2017,72,GFR,DEU,Germany,DEU,DE,Germany,Allemagne,Western Europe,Europe occidentale,Europe,Europe,222660,117,190
2017,73,GHA,GHA,Ghana,GHA,GH,Ghana,Ghana,Western Africa,Afrique occidentale,Africa,Afrique,312,12,13
2017,76,GRE,GRC,Greece,GRC,GR,Greece,Gr,Southern Europe,Europe australe,Europe,Europe,70327,83,171
2017,77,GRN,GRD,Grenada,GRD,GD,Grenada,Grenade,Caribbean,Cara,Latin America and the Caribbean,Am,5,1,1
2017,78,GUA,GTM,Guatemala,GTM,GT,Guatemala,Guatemala,Central America,Am,Latin America and the Caribbean,Am,140,6,6
2017,79,GUI,GIN,Guinea,GIN,GN,Guinea,Guin,Western Africa,Afrique occidentale,Africa,Afrique,142,5,5
2017,80,GUY,GUY,Guyana,GUY,GY,Guyana,Guyana,South America,Am,Latin America and the Caribbean,Am,5,1,1
2017,82,HKG,HKG,"China, Hong Kong SAR",HKG,HK,"China, Hong Kong SAR","Hong Kong, RAS de la R",Eastern Asia,Asie orientale,Asia,Asie,10,2,2
2017,83,HON,HND,Honduras,HND,HN,Honduras,Honduras,Central America,Am,Latin America and the Caribbean,Am,13,2,2
2017,84,HRV,HRV,Croatia,HRV,HR,Croatia,Croatie,Southern Europe,Europe australe,Europe,Europe,1965,28,37
2017,85,HUN,HUN,Hungary,HUN,HU,Hungary,Hongrie,Eastern Europe,Europe orientale,Europe,Europe,3380,29,43
2017,86,ICE,ISL,Iceland,ISL,IS,Iceland,Islande,Northern Europe,Europe septentrionale,Europe,Europe,1681,38,58
2017,87,ICO,CIV,Cote d'Ivoire,CIV,CI,Cote d'Ivoire,C,Western Africa,Afrique occidentale,Africa,Afrique,200,7,7
2017,88,IND,IND,India,IND,IN,India,Inde,Southern Asia,Sud de l'Asie centrale,Asia,Asie,9571,22,30
2017,89,INS,IDN,Indonesia,IDN,ID,Indonesia,Indon,South-eastern Asia,Asie du Sud-Est,Asia,Asie,2392,32,46
2017,90,IRE,IRL,Ireland,IRL,IE,Ireland,Irlande,Northern Europe,Europe septentrionale,Europe,Europe,3841,64,91
2017,92,IRQ,IRQ,Iraq,IRQ,IQ,Iraq,Iraq,Western Asia,Asie occidentale,Asia,Asie,2528,12,12
2017,93,ISR,ISR,Israel,ISR,IL,Israel,Isra,Western Asia,Asie occidentale,Asia,Asie,15344,35,35
2017,94,ITA,ITA,Italy,ITA,IT,Italy,Italie,Southern Europe,Europe australe,Europe,Europe,126456,103,103
2017,96,JOR,JOR,Jordan,JOR,JO,Jordan,Jordanie,Western Asia,Asie occidentale,Asia,Asie,10644,22,28
2017,97,JPN,JPN,Japan,JPN,JP,Japan,Japon,Eastern Asia,Asie orientale,Asia,Asie,28231,26,48
2017,98,KAZ,KAZ,Kazakhstan,KAZ,KZ,Kazakhstan,Kazakhstan,Central Asia,Sud de l'Asie centrale,Asia,Asie,435,3,5
2017,99,KEN,KEN,Kenya,KEN,KE,Kenya,Kenya,Eastern Africa,Afrique orientale,Africa,Afrique,19764,18,26
2017,100,KGZ,KGZ,Kyrgyzstan,KGZ,KG,Kyrgyzstan,Kirghizistan,Central Asia,Sud de l'Asie centrale,Asia,Asie,128,7,7
2017,102,KOR,KOR,Rep. of Korea,KOR,KR,Rep. of Korea,R,Eastern Asia,Asie orientale,Asia,Asie,9924,61,61
2017,104,KUW,KWT,Kuwait,KWT,KW,Kuwait,Kowe,Western Asia,Asie occidentale,Asia,Asie,174,6,6
2017,106,LBR,LBR,Liberia,LBR,LR,Liberia,Lib,Western Africa,Afrique occidentale,Africa,Afrique,15,3,3
2017,107,LBY,LBY,Libya,LBY,LY,Libya,Libye,Northern Africa,Afrique septentrionale,Africa,Afrique,6589,10,10
2017,109,LEB,LBN,Lebanon,LBN,LB,Lebanon,Liban,Western Asia,Asie occidentale,Asia,Asie,3228,25,31
2017,110,LES,LSO,Lesotho,LSO,LS,Lesotho,Lesotho,Southern Africa,Afrique australe,Africa,Afrique,38,2,2
2017,111,LIE,LIE,Liechtenstein,LIE,LI,Liechtenstein,Liechtenstein,Western Europe,Europe occidentale,Europe,Europe,147,13,13
2017,112,LKA,LKA,Sri Lanka,LKA,LK,Sri Lanka,Sri Lanka,Southern Asia,Sud de l'Asie centrale,Asia,Asie,446,7,9
2017,113,LTU,LTU,Lithuania,LTU,LT,Lithuania,Lituanie,Northern Europe,Europe septentrionale,Europe,Europe,594,16,16
2017,114,LUX,LUX,Luxembourg,LUX,LU,Luxembourg,Luxembourg,Western Europe,Europe occidentale,Europe,Europe,2435,48,62
2017,115,LVA,LVA,Latvia,LVA,LV,Latvia,Lettonie,Northern Europe,Europe septentrionale,Europe,Europe,346,20,20
2017,117,MAD,MDG,Madagascar,MDG,MG,Madagascar,Madagascar,Eastern Africa,Afrique orientale,Africa,Afrique,77,4,4
2017,119,MAU,MRT,Mauritania,MRT,MR,Mauritania,Mauritanie,Western Africa,Afrique occidentale,Africa,Afrique,613,21,25
2017,120,MCD,MKD,North Macedonia,MKD,MK,North Macedonia,Ex-R,Southern Europe,Europe australe,Europe,Europe,152,7,7
2017,122,MDA,MDA,Rep. of Moldova,MDA,MD,Rep. of Moldova,R,Eastern Europe,Europe orientale,Europe,Europe,96,9,12
2017,124,MEX,MEX,Mexico,MEX,MX,Mexico,Mexique,Central America,Am,Latin America and the Caribbean,Am,14583,33,33
2017,126,MLI,MLI,Mali,MLI,ML,Mali,Mali,Western Africa,Afrique occidentale,Africa,Afrique,949,6,6
2017,127,MLS,MYS,Malaysia,MYS,MY,Malaysia,Malaisie,South-eastern Asia,Asie du Sud-Est,Asia,Asie,26186,39,52
2017,128,MLW,MWI,Malawi,MWI,MW,Malawi,Malawi,Eastern Africa,Afrique orientale,Africa,Afrique,6933,7,10
2017,129,MNG,MNG,Mongolia,MNG,MN,Mongolia,Mongolie,Eastern Asia,Asie orientale,Asia,Asie,5,1,1
2017,130,MOR,MAR,Morocco,MAR,MA,Morocco,Maroc,Northern Africa,Afrique septentrionale,Africa,Afrique,3454,31,43
2017,131,MOZ,MOZ,Mozambique,MOZ,MZ,Mozambique,Mozambique,Eastern Africa,Afrique orientale,Africa,Afrique,4647,6,6
2017,132,MTA,MLT,Malta,MLT,MT,Malta,Malte,Southern Europe,Europe australe,Europe,Europe,1980,34,52
2017,133,MNE,MNE,Montenegro,MNE,ME,Montenegro,Mont,Southern Europe,Europe australe,Europe,Europe,840,21,21
2017,136,NAM,NAM,Namibia,NAM,,Namibia,Namibie,Southern Africa,Afrique australe,Africa,Afrique,604,5,5
2017,137,NEP,NPL,Nepal,NPL,NP,Nepal,N,Southern Asia,Sud de l'Asie centrale,Asia,Asie,140,4,4
2017,138,NET,NLD,Netherlands (Kingdom of the),NLD,NL,Netherlands (Kingdom of the),Pays-Bas,Western Europe,Europe occidentale,Europe,Europe,18213,81,121
2017,139,NGR,NER,Niger,NER,NE,Niger,Niger,Western Africa,Afrique occidentale,Africa,Afrique,310,11,14
2017,140,NIC,NIC,Nicaragua,NIC,NI,Nicaragua,Nicaragua,Central America,Am,Latin America and the Caribbean,Am,108,2,2
2017,141,NIG,NGA,Nigeria,NGA,NG,Nigeria,Nig,Western Africa,Afrique occidentale,Africa,Afrique,8792,11,11
2017,143,NOR,NOR,Norway,NOR,NO,Norway,Norv,Northern Europe,Europe septentrionale,Europe,Europe,7889,75,149
2017,145,NZL,NZL,New Zealand,NZL,NZ,New Zealand,Nouvelle-Z,Australia-New Zealand,Australie-Nouvelle-Z,Oceania,Oc,595,28,28
2017,146,OMN,OMN,Oman,OMN,OM,Oman,Oman,Western Asia,Asie occidentale,Asia,Asie,33,1,1
2017,147,PAK,PAK,Pakistan,PAK,PK,Pakistan,Pakistan,Southern Asia,Sud de l'Asie centrale,Asia,Asie,2602,10,11
2017,148,PAN,PAN,Panama,PAN,PA,Panama,Panama,Central America,Am,Latin America and the Caribbean,Am,5577,12,12
2017,149,PAR,PRY,Paraguay,PRY,PY,Paraguay,Paraguay,South America,Am,Latin America and the Caribbean,Am,62,6,6
2017,150,PER,PER,Peru,PER,PE,Peru,P,South America,Am,Latin America and the Caribbean,Am,34142,12,12
2017,151,PHI,PHL,Philippines,PHL,PH,Philippines,Philippines,South-eastern Asia,Asie du Sud-Est,Asia,Asie,191,17,17
2017,152,PLW,PLW,Palau,PLW,PW,Palau,Palaos (les),Micronesia,Micron,Oceania,Oc,5,1,1
2017,154,POL,POL,Poland,POL,PL,Poland,Pologne,Eastern Europe,Europe orientale,Europe,Europe,5603,37,63
2017,155,POR,PRT,Portugal,PRT,PT,Portugal,Portugal,Southern Europe,Europe australe,Europe,Europe,1730,41,45
2017,158,ROM,ROU,Romania,ROU,RO,Romania,Roumanie,Eastern Europe,Europe orientale,Europe,Europe,4924,34,44
2017,159,RSA,ZAF,South Africa,ZAF,ZA,South Africa,Afrique du Sud,Southern Africa,Afrique australe,Africa,Afrique,24162,47,47
2017,160,RUS,RUS,Russian Federation,RUS,RU,Russian Federation,F,Eastern Europe,Europe orientale,Europe,Europe,14063,29,48
2017,161,RWA,RWA,Rwanda,RWA,RW,Rwanda,Rwanda,Eastern Africa,Afrique orientale,Africa,Afrique,10,1,1
2017,162,SAL,SLV,El Salvador,SLV,SV,El Salvador,El Salvador,Central America,Am,Latin America and the Caribbean,Am,5,1,1
2017,163,SAU,SAU,Saudi Arabia,SAU,SA,Saudi Arabia,Arabie saoudite,Western Asia,Asie occidentale,Asia,Asie,43,4,4
2017,164,SRB,SRB,Serbia and Kosovo: S/RES/1244 (1999),SRB,RS,Serbia and Kosovo: S/RES/1244 (1999),Serbie,Southern Europe,Europe australe,Europe,Europe,379,18,18
2017,165,SEN,SEN,Senegal,SEN,SN,Senegal,S,Western Africa,Afrique occidentale,Africa,Afrique,284,15,15
2017,172,SOM,SOM,Somalia,SOM,SO,Somalia,Somalie,Eastern Africa,Afrique orientale,Africa,Afrique,2871,9,9
2017,173,SPA,ESP,Spain,ESP,ES,Spain,Espagne,Southern Europe,Europe australe,Europe,Europe,31713,90,90
2017,175,STK,KNA,Saint Kitts and Nevis,KNA,KN,Saint Kitts and Nevis,Saint-Kitts-et-Nevis,Caribbean,Cara,Latin America and the Caribbean,Am,5,1,1
2017,177,SUD,SDN,Sudan,SDN,SD,Sudan,Soudan,Northern Africa,Afrique septentrionale,Africa,Afrique,7467,13,16
2017,178,SUR,SUR,Suriname,SUR,SR,Suriname,Suriname,South America,Am,Latin America and the Caribbean,Am,98,3,3
2017,179,SSD,SSD,South Sudan,SSD,SS,South Sudan,,Eastern Africa,Afrique septentrionale,Africa,Afrique,1020,5,5
2017,180,SVK,SVK,Slovakia,SVK,SK,Slovakia,Slovaquie,Eastern Europe,Europe orientale,Europe,Europe,164,18,19
2017,181,SVN,SVN,Slovenia,SVN,SI,Slovenia,Slov,Southern Europe,Europe australe,Europe,Europe,1468,25,31
2017,182,SWA,SWZ,Eswatini,SWZ,SZ,Eswatini,Eswatini,Southern Africa,Afrique australe,Africa,Afrique,219,6,6
2017,183,SWE,SWE,Sweden,SWE,SE,Sweden,Su,Northern Europe,Europe septentrionale,Europe,Europe,56837,109,260
2017,184,SWI,CHE,Switzerland,CHE,CH,Switzerland,Suisse,Western Europe,Europe occidentale,Europe,Europe,18040,90,128
2017,185,SYR,SYR,Syrian Arab Rep.,SYR,SY,Syrian Arab Rep.,R,Western Asia,Asie occidentale,Asia,Asie,10172,22,41
2017,186,TAN,TZA,United Rep. of Tanzania,TZA,TZ,United Rep. of Tanzania,R,Eastern Africa,Afrique orientale,Africa,Afrique,36502,3,3
2017,188,THA,THA,Thailand,THA,TH,Thailand,Tha,South-eastern Asia,Asie du Sud-Est,Asia,Asie,3227,25,40
2017,189,TJK,TJK,Tajikistan,TJK,TJ,Tajikistan,Tadjikistan,Central Asia,Sud de l'Asie centrale,Asia,Asie,135,1,2
2017,192,TOG,TGO,Togo,TGO,TG,Togo,Togo,Western Africa,Afrique occidentale,Africa,Afrique,159,10,10
2017,194,TRT,TTO,Trinidad and Tobago,TTO,TT,Trinidad and Tobago,Trinit,Caribbean,Cara,Latin America and the Caribbean,Am,1996,10,12
2017,195,TUN,TUN,Tunisia,TUN,TN,Tunisia,Tunisie,Northern Africa,Afrique septentrionale,Africa,Afrique,57,5,5
2017,196,TUR,TUR,Türkiye,TUR,TR,Türkiye,Türkiye,Western Asia,Asie occidentale,Asia,Asie,126910,48,57
2017,198,UAE,ARE,United Arab Emirates,ARE,AE,United Arab Emirates,Emirats arabes unis,Western Asia,Asie occidentale,Asia,Asie,1678,10,10
2017,199,UGA,UGA,Uganda,UGA,UG,Uganda,Ouganda,Eastern Africa,Afrique orientale,Africa,Afrique,71955,19,22
2017,200,UKR,UKR,Ukraine,UKR,UA,Ukraine,Ukraine,Eastern Europe,Europe orientale,Europe,Europe,1163,37,54
2017,201,URU,URY,Uruguay,URY,UY,Uruguay,Uruguay,South America,Am,Latin America and the Caribbean,Am,2395,13,13
2017,202,USA,USA,United States of America,USA,US,United States of America,Etats-Unis d'Am,Northern America,Am,Northern America,Am,265177,159,325
2017,207,VEN,VEN,Venezuela (Bolivarian Republic of),VEN,VE,Venezuela (Bolivarian Republic of),Venezuela (R,South America,Am,Latin America and the Caribbean,Am,105,1,1
2017,211,YEM,YEM,Yemen,YEM,YE,Yemen,Y,Western Asia,Asie occidentale,Asia,Asie,1223,3,3
2017,213,ZAM,ZMB,Zambia,ZMB,ZM,Zambia,Zambie,Eastern Africa,Afrique orientale,Africa,Afrique,18189,9,9
2017,214,ZIM,ZWE,Zimbabwe,ZWE,ZW,Zimbabwe,Zimbabwe,Eastern Africa,Afrique orientale,Africa,Afrique,1169,12,12
2017,224,ABW,ABW,Aruba,ABW,AW,Aruba,Aruba,Caribbean,Cara,Latin America and the Caribbean,Am,144,1,1
2017,254,CUW,CUW,Curacao,CUW,CW,Curacao,Cura,Caribbean,Cara,Latin America and the Caribbean,Am,713,2,2
2018,2,AFG,AFG,Afghanistan,AFG,AF,Afghanistan,Afghanistan,Southern Asia,Sud de l'Asie centrale,Asia,Asie,163,4,4
2018,3,ALB,ALB,Albania,ALB,AL,Albania,Albanie,Southern Europe,Europe australe,Europe,Europe,4352,18,18
2018,4,ALG,DZA,Algeria,DZA,DZ,Algeria,Alg,Northern Africa,Afrique septentrionale,Africa,Afrique,3558,23,35
2018,8,ARE,EGY,Egypt,EGY,EG,Egypt,Egypte,Northern Africa,Afrique septentrionale,Africa,Afrique,26022,30,45
2018,9,ARG,ARG,Argentina,ARG,AR,Argentina,Argentine,South America,Am,Latin America and the Caribbean,Am,3578,38,52
2018,10,ARM,ARM,Armenia,ARM,AM,Armenia,Arm,Western Asia,Asie occidentale,Asia,Asie,243,13,18
2018,11,AUL,AUS,Australia,AUS,AU,Australia,Australie,Australia-New Zealand,Australie-Nouvelle-Z,Oceania,Oc,42725,74,119
2018,12,AUS,AUT,Austria,AUT,AT,Austria,Autriche,Western Europe,Europe occidentale,Europe,Europe,13736,73,73
2018,13,AZE,AZE,Azerbaijan,AZE,AZ,Azerbaijan,Azerba,Western Asia,Asie occidentale,Asia,Asie,724,13,17
2018,14,BAH,BHR,Bahrain,BHR,BH,Bahrain,Bahre,Western Asia,Asie occidentale,Asia,Asie,16,2,2
2018,15,BAR,BRB,Barbados,BRB,BB,Barbados,Barbade,Caribbean,Cara,Latin America and the Caribbean,Am,5,1,1
2018,16,BDI,BDI,Burundi,BDI,BI,Burundi,Burundi,Eastern Africa,Afrique orientale,Africa,Afrique,14363,4,6
2018,17,BEL,BEL,Belgium,BEL,BE,Belgium,Belgique,Western Europe,Europe occidentale,Europe,Europe,22550,99,163
2018,18,BEN,BEN,Benin,BEN,BJ,Benin,B,Western Africa,Afrique occidentale,Africa,Afrique,221,11,11
2018,20,BGD,BGD,Bangladesh,BGD,BD,Bangladesh,Bangladesh,Southern Asia,Sud de l'Asie centrale,Asia,Asie,32,2,2
2018,21,BHS,BHS,Bahamas,BHS,BS,Bahamas,Bahamas,Caribbean,Cara,Latin America and the Caribbean,Am,12,2,2
2018,23,BKF,BFA,Burkina Faso,BFA,BF,Burkina Faso,Burkina Faso,Western Africa,Afrique occidentale,Africa,Afrique,38,3,3
2018,24,BLR,BLR,Belarus,BLR,BY,Belarus,B,Eastern Europe,Europe orientale,Europe,Europe,901,13,17
2018,26,BOT,BWA,Botswana,BWA,BW,Botswana,Botswana,Southern Africa,Afrique australe,Africa,Afrique,298,6,6
2018,27,BRA,BRA,Brazil,BRA,BR,Brazil,Br,South America,Am,Latin America and the Caribbean,Am,79974,95,95
2018,29,BSN,BIH,Bosnia and Herzegovina,BIH,BA,Bosnia and Herzegovina,Bosnie-Herz,Southern Europe,Europe australe,Europe,Europe,1588,17,21
2018,30,BUL,BGR,Bulgaria,BGR,BG,Bulgaria,Bulgarie,Eastern Europe,Europe orientale,Europe,Europe,2530,17,17
2018,31,BZE,BLZ,Belize,BLZ,BZ,Belize,Belize,Central America,Am,Latin America and the Caribbean,Am,381,4,4
2018,33,CAN,CAN,Canada,CAN,CA,Canada,Canada,Northern America,Am,Northern America,Am,62617,158,257
2018,34,CAR,CAF,Central African Rep.,CAF,CF,Central African Rep.,R,Middle Africa,Afrique australe,Africa,Afrique,154,10,10
2018,35,CAY,CYM,Cayman Islands,CYM,KY,Cayman Islands,Iles Ca,Caribbean,Cara,Latin America and the Caribbean,Am,14,1,1
2018,36,CHD,TCD,Chad,TCD,TD,Chad,Tchad,Middle Africa,Afrique australe,Africa,Afrique,3290,10,10
2018,37,CHI,CHN,China,CHN,CN,China,Chine,Eastern Asia,Asie orientale,Asia,Asie,486,16,21
2018,38,CHL,CHL,Chile,CHL,CL,Chile,Chili,South America,Am,Latin America and the Caribbean,Am,5776,13,13
2018,39,CMR,CMR,Cameroon,CMR,CM,Cameroon,Cameroun,Middle Africa,Afrique australe,Africa,Afrique,5248,19,30
2018,40,COB,COG,Congo,COG,CG,Congo,Congo,Middle Africa,Afrique australe,Africa,Afrique,3079,10,10
2018,41,COD,COD,Dem. Rep. of the Congo,COD,CD,Dem. Rep. of the Congo,R,Middle Africa,Afrique australe,Africa,Afrique,5109,9,9
2018,44,COL,COL,Colombia,COL,CO,Colombia,Colombie,South America,Am,Latin America and the Caribbean,Am,2676,6,6
2018,45,COS,CRI,Costa Rica,CRI,CR,Costa Rica,Costa Rica,Central America,Am,Latin America and the Caribbean,Am,28996,21,27
2018,46,CUB,CUB,Cuba,CUB,CU,Cuba,Cuba,Caribbean,Cara,Latin America and the Caribbean,Am,41,5,6
2018,48,CYP,CYP,Cyprus,CYP,CY,Cyprus,Chypre,Western Asia,Asie occidentale,Asia,Asie,8975,40,85
2018,49,CZE,CZE,Czechia,CZE,CZ,Czechia,R,Eastern Europe,Europe orientale,Europe,Europe,2920,41,59
2018,50,DEN,DNK,Denmark,DNK,DK,Denmark,Danemark,Northern Europe,Europe septentrionale,Europe,Europe,4361,69,105
2018,51,DJB,DJI,Djibouti,DJI,DJ,Djibouti,Djibouti,Eastern Africa,Afrique orientale,Africa,Afrique,2174,4,4
2018,53,DOM,DOM,Dominican Rep.,DOM,DO,Dominican Rep.,R,Caribbean,Cara,Latin America and the Caribbean,Am,22,1,1
2018,54,ECU,ECU,Ecuador,ECU,EC,Ecuador,Equateur,South America,Am,Latin America and the Caribbean,Am,17024,28,28
2018,57,EST,EST,Estonia,EST,EE,Estonia,Estonie,Northern Europe,Europe septentrionale,Europe,Europe,75,10,10
2018,58,ETH,ETH,Ethiopia,ETH,ET,Ethiopia,Ethiopie,Eastern Africa,Afrique orientale,Africa,Afrique,374,4,4
2018,60,FIJ,FJI,Fiji,FJI,FJ,Fiji,Fidji,Melanesia,M,Oceania,Oc,10,2,2
2018,61,FIN,FIN,Finland,FIN,FI,Finland,Finlande,Northern Europe,Europe septentrionale,Europe,Europe,4502,59,87
2018,64,FRA,FRA,France,FRA,FR,France,France,Western Europe,Europe occidentale,Europe,Europe,182246,109,330
2018,67,GAB,GAB,Gabon,GAB,GA,Gabon,Gabon,Middle Africa,Afrique australe,Africa,Afrique,131,5,5
2018,68,GAM,GMB,Gambia,GMB,GM,Gambia,Gambie,Western Africa,Afrique occidentale,Africa,Afrique,344,8,8
2018,70,GBR,GBR,United Kingdom of Great Britain and Northern Ireland,GBR,GB,United Kingdom of Great Britain and Northern Ireland,Royaume-Uni,Northern Europe,Europe septentrionale,Europe,Europe,49137,129,247
2018,71,GEO,GEO,Georgia,GEO,GE,Georgia,G,Western Asia,Asie occidentale,Asia,Asie,993,29,29
2018,72,GFR,DEU,Germany,DEU,DE,Germany,Allemagne,Western Europe,Europe occidentale,Europe,Europe,319041,121,301
2018,73,GHA,GHA,Ghana,GHA,GH,Ghana,Ghana,Western Africa,Afrique occidentale,Africa,Afrique,528,15,15
2018,75,GNB,GNB,Guinea-Bissau,GNB,GW,Guinea-Bissau,Guin,Western Africa,Afrique occidentale,Africa,Afrique,10,2,2
2018,76,GRE,GRC,Greece,GRC,GR,Greece,Gr,Southern Europe,Europe australe,Europe,Europe,82268,81,179
2018,78,GUA,GTM,Guatemala,GTM,GT,Guatemala,Guatemala,Central America,Am,Latin America and the Caribbean,Am,257,6,6
2018,79,GUI,GIN,Guinea,GIN,GN,Guinea,Guin,Western Africa,Afrique occidentale,Africa,Afrique,1591,7,7
2018,80,GUY,GUY,Guyana,GUY,GY,Guyana,Guyana,South America,Am,Latin America and the Caribbean,Am,17,1,1
2018,83,HON,HND,Honduras,HND,HN,Honduras,Honduras,Central America,Am,Latin America and the Caribbean,Am,107,3,3
2018,84,HRV,HRV,Croatia,HRV,HR,Croatia,Croatie,Southern Europe,Europe australe,Europe,Europe,917,22,34
2018,85,HUN,HUN,Hungary,HUN,HU,Hungary,Hongrie,Eastern Europe,Europe orientale,Europe,Europe,658,9,13
2018,86,ICE,ISL,Iceland,ISL,IS,Iceland,Islande,Northern Europe,Europe septentrionale,Europe,Europe,1256,39,62
2018,87,ICO,CIV,Cote d'Ivoire,CIV,CI,Cote d'Ivoire,C,Western Africa,Afrique occidentale,Africa,Afrique,228,10,10
2018,88,IND,IND,India,IND,IN,India,Inde,Southern Asia,Sud de l'Asie centrale,Asia,Asie,8397,23,30
2018,89,INS,IDN,Indonesia,IDN,ID,Indonesia,Indon,South-eastern Asia,Asie du Sud-Est,Asia,Asie,1573,26,39
2018,90,IRE,IRL,Ireland,IRL,IE,Ireland,Irlande,Northern Europe,Europe septentrionale,Europe,Europe,5590,68,105
2018,92,IRQ,IRQ,Iraq,IRQ,IQ,Iraq,Iraq,Western Asia,Asie occidentale,Asia,Asie,1531,9,9
2018,93,ISR,ISR,Israel,ISR,IL,Israel,Isra,Western Asia,Asie occidentale,Asia,Asie,16260,48,48
2018,94,ITA,ITA,Italy,ITA,IT,Italy,Italie,Southern Europe,Europe australe,Europe,Europe,48441,100,100
2018,95,JAM,JAM,Jamaica,JAM,JM,Jamaica,Jama,Caribbean,Cara,Latin America and the Caribbean,Am,13,1,1
2018,96,JOR,JOR,Jordan,JOR,JO,Jordan,Jordanie,Western Asia,Asie occidentale,Asia,Asie,10447,24,26
2018,97,JPN,JPN,Japan,JPN,JP,Japan,Japon,Eastern Asia,Asie orientale,Asia,Asie,19514,26,42
2018,98,KAZ,KAZ,Kazakhstan,KAZ,KZ,Kazakhstan,Kazakhstan,Central Asia,Sud de l'Asie centrale,Asia,Asie,220,4,6
2018,99,KEN,KEN,Kenya,KEN,KE,Kenya,Kenya,Eastern Africa,Afrique orientale,Africa,Afrique,19481,19,24
2018,100,KGZ,KGZ,Kyrgyzstan,KGZ,KG,Kyrgyzstan,Kirghizistan,Central Asia,Sud de l'Asie centrale,Asia,Asie,92,6,6
2018,102,KOR,KOR,Rep. of Korea,KOR,KR,Rep. of Korea,R,Eastern Asia,Asie orientale,Asia,Asie,16125,70,70
2018,104,KUW,KWT,Kuwait,KWT,KW,Kuwait,Kowe,Western Asia,Asie occidentale,Asia,Asie,94,4,4
2018,106,LBR,LBR,Liberia,LBR,LR,Liberia,Lib,Western Africa,Afrique occidentale,Africa,Afrique,11,1,1
2018,107,LBY,LBY,Libya,LBY,LY,Libya,Libye,Northern Africa,Afrique septentrionale,Africa,Afrique,16255,16,16
2018,109,LEB,LBN,Lebanon,LBN,LB,Lebanon,Liban,Western Asia,Asie occidentale,Asia,Asie,2427,26,32
2018,110,LES,LSO,Lesotho,LSO,LS,Lesotho,Lesotho,Southern Africa,Afrique australe,Africa,Afrique,22,1,1
2018,111,LIE,LIE,Liechtenstein,LIE,LI,Liechtenstein,Liechtenstein,Western Europe,Europe occidentale,Europe,Europe,154,13,13
2018,112,LKA,LKA,Sri Lanka,LKA,LK,Sri Lanka,Sri Lanka,Southern Asia,Sud de l'Asie centrale,Asia,Asie,447,6,8
2018,113,LTU,LTU,Lithuania,LTU,LT,Lithuania,Lituanie,Northern Europe,Europe septentrionale,Europe,Europe,416,16,16
2018,114,LUX,LUX,Luxembourg,LUX,LU,Luxembourg,Luxembourg,Western Europe,Europe occidentale,Europe,Europe,2315,46,58
2018,115,LVA,LVA,Latvia,LVA,LV,Latvia,Lettonie,Northern Europe,Europe septentrionale,Europe,Europe,169,17,17
2018,117,MAD,MDG,Madagascar,MDG,MG,Madagascar,Madagascar,Eastern Africa,Afrique orientale,Africa,Afrique,33,1,1
2018,119,MAU,MRT,Mauritania,MRT,MR,Mauritania,Mauritanie,Western Africa,Afrique occidentale,Africa,Afrique,1028,24,33
2018,120,MCD,MKD,North Macedonia,MKD,MK,North Macedonia,Ex-R,Southern Europe,Europe australe,Europe,Europe,292,12,12
2018,122,MDA,MDA,Rep. of Moldova,MDA,MD,Rep. of Moldova,R,Eastern Europe,Europe orientale,Europe,Europe,131,8,12
2018,124,MEX,MEX,Mexico,MEX,MX,Mexico,Mexique,Central America,Am,Latin America and the Caribbean,Am,29609,39,39
2018,126,MLI,MLI,Mali,MLI,ML,Mali,Mali,Western Africa,Afrique occidentale,Africa,Afrique,9938,12,12
2018,127,MLS,MYS,Malaysia,MYS,MY,Malaysia,Malaisie,South-eastern Asia,Asie du Sud-Est,Asia,Asie,29386,33,43
2018,128,MLW,MWI,Malawi,MWI,MW,Malawi,Malawi,Eastern Africa,Afrique orientale,Africa,Afrique,5525,8,11
2018,130,MOR,MAR,Morocco,MAR,MA,Morocco,Maroc,Northern Africa,Afrique septentrionale,Africa,Afrique,4078,35,47
2018,131,MOZ,MOZ,Mozambique,MOZ,MZ,Mozambique,Mozambique,Eastern Africa,Afrique orientale,Africa,Afrique,2509,6,6
2018,132,MTA,MLT,Malta,MLT,MT,Malta,Malte,Southern Europe,Europe australe,Europe,Europe,2920,42,64
2018,133,MNE,MNE,Montenegro,MNE,ME,Montenegro,Mont,Southern Europe,Europe australe,Europe,Europe,3091,19,19
2018,134,MTS,MUS,Mauritius,MUS,MU,Mauritius,Maurice,Eastern Africa,Afrique orientale,Africa,Afrique,11,1,1
2018,136,NAM,NAM,Namibia,NAM,,Namibia,Namibie,Southern Africa,Afrique australe,Africa,Afrique,803,4,4
2018,137,NEP,NPL,Nepal,NPL,NP,Nepal,N,Southern Asia,Sud de l'Asie centrale,Asia,Asie,80,2,4
2018,138,NET,NLD,Netherlands (Kingdom of the),NLD,NL,Netherlands (Kingdom of the),Pays-Bas,Western Europe,Europe occidentale,Europe,Europe,24025,84,131
2018,139,NGR,NER,Niger,NER,NE,Niger,Niger,Western Africa,Afrique occidentale,Africa,Afrique,5788,21,21
2018,141,NIG,NGA,Nigeria,NGA,NG,Nigeria,Nig,Western Africa,Afrique occidentale,Africa,Afrique,547,11,11
2018,143,NOR,NOR,Norway,NOR,NO,Norway,Norv,Northern Europe,Europe septentrionale,Europe,Europe,4679,66,129
2018,145,NZL,NZL,New Zealand,NZL,NZ,New Zealand,Nouvelle-Z,Australia-New Zealand,Australie-Nouvelle-Z,Oceania,Oc,657,28,28
2018,146,OMN,OMN,Oman,OMN,OM,Oman,Oman,Western Asia,Asie occidentale,Asia,Asie,11,1,1
2018,147,PAK,PAK,Pakistan,PAK,PK,Pakistan,Pakistan,Southern Asia,Sud de l'Asie centrale,Asia,Asie,1939,6,7
2018,148,PAN,PAN,Panama,PAN,PA,Panama,Panama,Central America,Am,Latin America and the Caribbean,Am,10768,15,15
2018,149,PAR,PRY,Paraguay,PRY,PY,Paraguay,Paraguay,South America,Am,Latin America and the Caribbean,Am,334,4,4
2018,150,PER,PER,Peru,PER,PE,Peru,P,South America,Am,Latin America and the Caribbean,Am,192484,29,29
2018,151,PHI,PHL,Philippines,PHL,PH,Philippines,Philippines,South-eastern Asia,Asie du Sud-Est,Asia,Asie,220,19,19
2018,154,POL,POL,Poland,POL,PL,Poland,Pologne,Eastern Europe,Europe orientale,Europe,Europe,4311,39,61
2018,155,POR,PRT,Portugal,PRT,PT,Portugal,Portugal,Southern Europe,Europe australe,Europe,Europe,1635,48,48
2018,157,QAT,QAT,Qatar,QAT,QA,Qatar,Qatar,Western Asia,Asie occidentale,Asia,Asie,7,1,1
2018,158,ROM,ROU,Romania,ROU,RO,Romania,Roumanie,Eastern Europe,Europe orientale,Europe,Europe,2315,30,42
2018,159,RSA,ZAF,South Africa,ZAF,ZA,South Africa,Afrique du Sud,Southern Africa,Afrique australe,Africa,Afrique,16125,36,56
2018,160,RUS,RUS,Russian Federation,RUS,RU,Russian Federation,F,Eastern Europe,Europe orientale,Europe,Europe,7832,35,54
2018,161,RWA,RWA,Rwanda,RWA,RW,Rwanda,Rwanda,Eastern Africa,Afrique orientale,Africa,Afrique,216,3,3
2018,162,SAL,SLV,El Salvador,SLV,SV,El Salvador,El Salvador,Central America,Am,Latin America and the Caribbean,Am,30,3,3
2018,163,SAU,SAU,Saudi Arabia,SAU,SA,Saudi Arabia,Arabie saoudite,Western Asia,Asie occidentale,Asia,Asie,2266,5,5
2018,164,SRB,SRB,Serbia and Kosovo: S/RES/1244 (1999),SRB,RS,Serbia and Kosovo: S/RES/1244 (1999),Serbie,Southern Europe,Europe australe,Europe,Europe,909,18,18
2018,165,SEN,SEN,Senegal,SEN,SN,Senegal,S,Western Africa,Afrique occidentale,Africa,Afrique,228,15,15
2018,171,SOL,SLB,Solomon Islands,SLB,SB,Solomon Islands,Iles Salomon,Melanesia,M,Oceania,Oc,5,1,1
2018,172,SOM,SOM,Somalia,SOM,SO,Somalia,Somalie,Eastern Africa,Afrique orientale,Africa,Afrique,2138,5,5
2018,173,SPA,ESP,Spain,ESP,ES,Spain,Espagne,Southern Europe,Europe australe,Europe,Europe,55650,96,96
2018,177,SUD,SDN,Sudan,SDN,SD,Sudan,Soudan,Northern Africa,Afrique septentrionale,Africa,Afrique,1904,4,4
2018,178,SUR,SUR,Suriname,SUR,SR,Suriname,Suriname,South America,Am,Latin America and the Caribbean,Am,196,3,3
2018,179,SSD,SSD,South Sudan,SSD,SS,South Sudan,,Eastern Africa,Afrique septentrionale,Africa,Afrique,701,4,4
2018,180,SVK,SVK,Slovakia,SVK,SK,Slovakia,Slovaquie,Eastern Europe,Europe orientale,Europe,Europe,171,13,15
2018,181,SVN,SVN,Slovenia,SVN,SI,Slovenia,Slov,Southern Europe,Europe australe,Europe,Europe,2866,28,39
2018,182,SWA,SWZ,Eswatini,SWZ,SZ,Eswatini,Eswatini,Southern Africa,Afrique australe,Africa,Afrique,261,6,6
2018,183,SWE,SWE,Sweden,SWE,SE,Sweden,Su,Northern Europe,Europe septentrionale,Europe,Europe,44578,111,271
2018,184,SWI,CHE,Switzerland,CHE,CH,Switzerland,Suisse,Western Europe,Europe occidentale,Europe,Europe,15226,89,134
2018,185,SYR,SYR,Syrian Arab Rep.,SYR,SY,Syrian Arab Rep.,R,Western Asia,Asie occidentale,Asia,Asie,4708,11,17
2018,186,TAN,TZA,United Rep. of Tanzania,TZA,TZ,United Rep. of Tanzania,R,Eastern Africa,Afrique orientale,Africa,Afrique,1782,2,2
2018,188,THA,THA,Thailand,THA,TH,Thailand,Tha,South-eastern Asia,Asie du Sud-Est,Asia,Asie,1524,24,37
2018,189,TJK,TJK,Tajikistan,TJK,TJ,Tajikistan,Tadjikistan,Central Asia,Sud de l'Asie centrale,Asia,Asie,521,1,2
2018,192,TOG,TGO,Togo,TGO,TG,Togo,Togo,Western Africa,Afrique occidentale,Africa,Afrique,109,6,6
2018,194,TRT,TTO,Trinidad and Tobago,TTO,TT,Trinidad and Tobago,Trinit,Caribbean,Cara,Latin America and the Caribbean,Am,8639,15,17
2018,195,TUN,TUN,Tunisia,TUN,TN,Tunisia,Tunisie,Northern Africa,Afrique septentrionale,Africa,Afrique,307,20,24
2018,196,TUR,TUR,Türkiye,TUR,TR,Türkiye,Türkiye,Western Asia,Asie occidentale,Asia,Asie,84192,43,48
2018,198,UAE,ARE,United Arab Emirates,ARE,AE,United Arab Emirates,Emirats arabes unis,Western Asia,Asie occidentale,Asia,Asie,7473,11,11
2018,199,UGA,UGA,Uganda,UGA,UG,Uganda,Ouganda,Eastern Africa,Afrique orientale,Africa,Afrique,20057,13,17
2018,200,UKR,UKR,Ukraine,UKR,UA,Ukraine,Ukraine,Eastern Europe,Europe orientale,Europe,Europe,1312,42,60
2018,201,URU,URY,Uruguay,URY,UY,Uruguay,Uruguay,South America,Am,Latin America and the Caribbean,Am,6758,14,14
2018,202,USA,USA,United States of America,USA,US,United States of America,Etats-Unis d'Am,Northern America,Am,Northern America,Am,260691,155,413
2018,207,VEN,VEN,Venezuela (Bolivarian Republic of),VEN,VE,Venezuela (Bolivarian Republic of),Venezuela (R,South America,Am,Latin America and the Caribbean,Am,959,1,1
2018,211,YEM,YEM,Yemen,YEM,YE,Yemen,Y,Western Asia,Asie occidentale,Asia,Asie,1811,6,6
2018,213,ZAM,ZMB,Zambia,ZMB,ZM,Zambia,Zambie,Eastern Africa,Afrique orientale,Africa,Afrique,11305,12,12
2018,214,ZIM,ZWE,Zimbabwe,ZWE,ZW,Zimbabwe,Zimbabwe,Eastern Africa,Afrique orientale,Africa,Afrique,2793,10,10
2018,224,ABW,ABW,Aruba,ABW,AW,Aruba,Aruba,Caribbean,Cara,Latin America and the Caribbean,Am,388,2,2
2018,254,CUW,CUW,Curacao,CUW,CW,Curacao,Cura,Caribbean,Cara,Latin America and the Caribbean,Am,19,2,2
2019,2,AFG,AFG,Afghanistan,AFG,AF,Afghanistan,Afghanistan,Southern Asia,Sud de l'Asie centrale,Asia,Asie,33,2,2
2019,3,ALB,ALB,Albania,ALB,AL,Albania,Albanie,Southern Europe,Europe australe,Europe,Europe,64,5,5
2019,4,ALG,DZA,Algeria,DZA,DZ,Algeria,Alg,Northern Africa,Afrique septentrionale,Africa,Afrique,2729,26,40
2019,6,ANG,AGO,Angola,AGO,AO,Angola,Angola,Middle Africa,Afrique australe,Africa,Afrique,47,3,3
2019,8,ARE,EGY,Egypt,EGY,EG,Egypt,Egypte,Northern Africa,Afrique septentrionale,Africa,Afrique,25359,31,46
2019,9,ARG,ARG,Argentina,ARG,AR,Argentina,Argentine,South America,Am,Latin America and the Caribbean,Am,3841,39,58
2019,10,ARM,ARM,Armenia,ARM,AM,Armenia,Arm,Western Asia,Asie occidentale,Asia,Asie,255,11,13
2019,11,AUL,AUS,Australia,AUS,AU,Australia,Australie,Australia-New Zealand,Australie-Nouvelle-Z,Oceania,Oc,42251,71,119
2019,12,AUS,AUT,Austria,AUT,AT,Austria,Autriche,Western Europe,Europe occidentale,Europe,Europe,12853,69,69
2019,13,AZE,AZE,Azerbaijan,AZE,AZ,Azerbaijan,Azerba,Western Asia,Asie occidentale,Asia,Asie,713,12,16
2019,15,BAR,BRB,Barbados,BRB,BB,Barbados,Barbade,Caribbean,Cara,Latin America and the Caribbean,Am,5,1,1
2019,16,BDI,BDI,Burundi,BDI,BI,Burundi,Burundi,Eastern Africa,Afrique orientale,Africa,Afrique,12883,3,5
2019,17,BEL,BEL,Belgium,BEL,BE,Belgium,Belgique,Western Europe,Europe occidentale,Europe,Europe,12879,86,143
2019,18,BEN,BEN,Benin,BEN,BJ,Benin,B,Western Africa,Afrique occidentale,Africa,Afrique,138,10,10
2019,20,BGD,BGD,Bangladesh,BGD,BD,Bangladesh,Bangladesh,Southern Asia,Sud de l'Asie centrale,Asia,Asie,6,1,1
2019,23,BKF,BFA,Burkina Faso,BFA,BF,Burkina Faso,Burkina Faso,Western Africa,Afrique occidentale,Africa,Afrique,28,4,4
2019,24,BLR,BLR,Belarus,BLR,BY,Belarus,B,Eastern Europe,Europe orientale,Europe,Europe,688,13,18
2019,25,BOL,BOL,Bolivia (Plurinational State of),BOL,BO,Bolivia (Plurinational State of),Bolivie,South America,Am,Latin America and the Caribbean,Am,901,5,5
2019,26,BOT,BWA,Botswana,BWA,BW,Botswana,Botswana,Southern Africa,Afrique australe,Africa,Afrique,21,3,3
2019,27,BRA,BRA,Brazil,BRA,BR,Brazil,Br,South America,Am,Latin America and the Caribbean,Am,82464,93,93
2019,29,BSN,BIH,Bosnia and Herzegovina,BIH,BA,Bosnia and Herzegovina,Bosnie-Herz,Southern Europe,Europe australe,Europe,Europe,797,14,17
2019,30,BUL,BGR,Bulgaria,BGR,BG,Bulgaria,Bulgarie,Eastern Europe,Europe orientale,Europe,Europe,2134,18,18
2019,31,BZE,BLZ,Belize,BLZ,BZ,Belize,Belize,Central America,Am,Latin America and the Caribbean,Am,530,5,5
2019,32,CAM,KHM,Cambodia,KHM,KH,Cambodia,Cambodge,South-eastern Asia,Asie du Sud-Est,Asia,Asie,27,1,1
2019,33,CAN,CAN,Canada,CAN,CA,Canada,Canada,Northern America,Am,Northern America,Am,70140,149,259
2019,34,CAR,CAF,Central African Rep.,CAF,CF,Central African Rep.,R,Middle Africa,Afrique australe,Africa,Afrique,221,5,5
2019,35,CAY,CYM,Cayman Islands,CYM,KY,Cayman Islands,Iles Ca,Caribbean,Cara,Latin America and the Caribbean,Am,23,1,2
2019,36,CHD,TCD,Chad,TCD,TD,Chad,Tchad,Middle Africa,Afrique australe,Africa,Afrique,1161,9,9
2019,37,CHI,CHN,China,CHN,CN,China,Chine,Eastern Asia,Asie orientale,Asia,Asie,462,19,24
2019,38,CHL,CHL,Chile,CHL,CL,Chile,Chili,South America,Am,Latin America and the Caribbean,Am,770,6,6
2019,39,CMR,CMR,Cameroon,CMR,CM,Cameroon,Cameroun,Middle Africa,Afrique australe,Africa,Afrique,3989,17,28
2019,40,COB,COG,Congo,COG,CG,Congo,Congo,Middle Africa,Afrique australe,Africa,Afrique,8978,4,4
2019,41,COD,COD,Dem. Rep. of the Congo,COD,CD,Dem. Rep. of the Congo,R,Middle Africa,Afrique australe,Africa,Afrique,8612,10,10
2019,44,COL,COL,Colombia,COL,CO,Colombia,Colombie,South America,Am,Latin America and the Caribbean,Am,10621,4,4
2019,45,COS,CRI,Costa Rica,CRI,CR,Costa Rica,Costa Rica,Central America,Am,Latin America and the Caribbean,Am,60100,31,42
2019,46,CUB,CUB,Cuba,CUB,CU,Cuba,Cuba,Caribbean,Cara,Latin America and the Caribbean,Am,47,4,5
2019,48,CYP,CYP,Cyprus,CYP,CY,Cyprus,Chypre,Western Asia,Asie occidentale,Asia,Asie,14072,45,74
2019,49,CZE,CZE,Czechia,CZE,CZ,Czechia,R,Eastern Europe,Europe orientale,Europe,Europe,2800,36,58
2019,50,DEN,DNK,Denmark,DNK,DK,Denmark,Danemark,Northern Europe,Europe septentrionale,Europe,Europe,3568,64,101
2019,51,DJB,DJI,Djibouti,DJI,DJ,Djibouti,Djibouti,Eastern Africa,Afrique orientale,Africa,Afrique,840,3,3
2019,53,DOM,DOM,Dominican Rep.,DOM,DO,Dominican Rep.,R,Caribbean,Cara,Latin America and the Caribbean,Am,233,6,6
2019,54,ECU,ECU,Ecuador,ECU,EC,Ecuador,Equateur,South America,Am,Latin America and the Caribbean,Am,20850,34,34
2019,57,EST,EST,Estonia,EST,EE,Estonia,Estonie,Northern Europe,Europe septentrionale,Europe,Europe,96,10,10
2019,58,ETH,ETH,Ethiopia,ETH,ET,Ethiopia,Ethiopie,Eastern Africa,Afrique orientale,Africa,Afrique,443,5,5
2019,61,FIN,FIN,Finland,FIN,FI,Finland,Finlande,Northern Europe,Europe septentrionale,Europe,Europe,6390,74,104
2019,64,FRA,FRA,France,FRA,FR,France,France,Western Europe,Europe occidentale,Europe,Europe,191825,123,371
2019,67,GAB,GAB,Gabon,GAB,GA,Gabon,Gabon,Middle Africa,Afrique australe,Africa,Afrique,27,3,3
2019,70,GBR,GBR,United Kingdom of Great Britain and Northern Ireland,GBR,GB,United Kingdom of Great Britain and Northern Ireland,Royaume-Uni,Northern Europe,Europe septentrionale,Europe,Europe,54072,131,248
2019,71,GEO,GEO,Georgia,GEO,GE,Georgia,G,Western Asia,Asie occidentale,Asia,Asie,1223,32,32
2019,72,GFR,DEU,Germany,DEU,DE,Germany,Allemagne,Western Europe,Europe occidentale,Europe,Europe,165868,127,203
2019,73,GHA,GHA,Ghana,GHA,GH,Ghana,Ghana,Western Africa,Afrique occidentale,Africa,Afrique,493,18,18
2019,75,GNB,GNB,Guinea-Bissau,GNB,GW,Guinea-Bissau,Guin,Western Africa,Afrique occidentale,Africa,Afrique,10,2,2
2019,76,GRE,GRC,Greece,GRC,GR,Greece,Gr,Southern Europe,Europe australe,Europe,Europe,92673,84,124
2019,78,GUA,GTM,Guatemala,GTM,GT,Guatemala,Guatemala,Central America,Am,Latin America and the Caribbean,Am,491,7,7
2019,79,GUI,GIN,Guinea,GIN,GN,Guinea,Guin,Western Africa,Afrique occidentale,Africa,Afrique,572,4,4
2019,80,GUY,GUY,Guyana,GUY,GY,Guyana,Guyana,South America,Am,Latin America and the Caribbean,Am,57,2,2
2019,81,HAI,HTI,Haiti,HTI,HT,Haiti,Ha,Caribbean,Cara,Latin America and the Caribbean,Am,5,1,1
2019,82,HKG,HKG,"China, Hong Kong SAR",HKG,HK,"China, Hong Kong SAR","Hong Kong, RAS de la R",Eastern Asia,Asie orientale,Asia,Asie,10,2,2
2019,83,HON,HND,Honduras,HND,HN,Honduras,Honduras,Central America,Am,Latin America and the Caribbean,Am,106,3,3
2019,84,HRV,HRV,Croatia,HRV,HR,Croatia,Croatie,Southern Europe,Europe australe,Europe,Europe,1275,25,32
2019,85,HUN,HUN,Hungary,HUN,HU,Hungary,Hongrie,Eastern Europe,Europe orientale,Europe,Europe,483,13,15
2019,86,ICE,ISL,Iceland,ISL,IS,Iceland,Islande,Northern Europe,Europe septentrionale,Europe,Europe,1489,41,63
2019,87,ICO,CIV,Cote d'Ivoire,CIV,CI,Cote d'Ivoire,C,Western Africa,Afrique occidentale,Africa,Afrique,162,12,12
2019,88,IND,IND,India,IND,IN,India,Inde,Southern Asia,Sud de l'Asie centrale,Asia,Asie,7593,29,36
2019,89,INS,IDN,Indonesia,IDN,ID,Indonesia,Indon,South-eastern Asia,Asie du Sud-Est,Asia,Asie,1107,20,29
2019,90,IRE,IRL,Ireland,IRL,IE,Ireland,Irlande,Northern Europe,Europe septentrionale,Europe,Europe,6587,72,110
2019,92,IRQ,IRQ,Iraq,IRQ,IQ,Iraq,Iraq,Western Asia,Asie occidentale,Asia,Asie,1062,10,10
2019,93,ISR,ISR,Israel,ISR,IL,Israel,Isra,Western Asia,Asie occidentale,Asia,Asie,9446,44,44
2019,94,ITA,ITA,Italy,ITA,IT,Italy,Italie,Southern Europe,Europe australe,Europe,Europe,34869,95,95
2019,95,JAM,JAM,Jamaica,JAM,JM,Jamaica,Jama,Caribbean,Cara,Latin America and the Caribbean,Am,5,1,1
2019,96,JOR,JOR,Jordan,JOR,JO,Jordan,Jordanie,Western Asia,Asie occidentale,Asia,Asie,1191,8,11
2019,97,JPN,JPN,Japan,JPN,JP,Japan,Japon,Eastern Asia,Asie orientale,Asia,Asie,15505,26,42
2019,98,KAZ,KAZ,Kazakhstan,KAZ,KZ,Kazakhstan,Kazakhstan,Central Asia,Sud de l'Asie centrale,Asia,Asie,338,3,6
2019,99,KEN,KEN,Kenya,KEN,KE,Kenya,Kenya,Eastern Africa,Afrique orientale,Africa,Afrique,12886,19,25
2019,100,KGZ,KGZ,Kyrgyzstan,KGZ,KG,Kyrgyzstan,Kirghizistan,Central Asia,Sud de l'Asie centrale,Asia,Asie,169,5,5
2019,102,KOR,KOR,Rep. of Korea,KOR,KR,Rep. of Korea,R,Eastern Asia,Asie orientale,Asia,Asie,15429,68,68
2019,104,KUW,KWT,Kuwait,KWT,KW,Kuwait,Kowe,Western Asia,Asie occidentale,Asia,Asie,140,7,7
2019,105,LAO,LAO,Lao People's Dem. Rep.,LAO,LA,Lao People's Dem. Rep.,R,South-eastern Asia,Asie du Sud-Est,Asia,Asie,10,1,1
2019,106,LBR,LBR,Liberia,LBR,LR,Liberia,Lib,Western Africa,Afrique occidentale,Africa,Afrique,15,3,3
2019,107,LBY,LBY,Libya,LBY,LY,Libya,Libye,Northern Africa,Afrique septentrionale,Africa,Afrique,12143,14,14
2019,109,LEB,LBN,Lebanon,LBN,LB,Lebanon,Liban,Western Asia,Asie occidentale,Asia,Asie,3610,29,41
2019,110,LES,LSO,Lesotho,LSO,LS,Lesotho,Lesotho,Southern Africa,Afrique australe,Africa,Afrique,121,4,4
2019,111,LIE,LIE,Liechtenstein,LIE,LI,Liechtenstein,Liechtenstein,Western Europe,Europe occidentale,Europe,Europe,40,6,6
2019,112,LKA,LKA,Sri Lanka,LKA,LK,Sri Lanka,Sri Lanka,Southern Asia,Sud de l'Asie centrale,Asia,Asie,301,4,5
2019,113,LTU,LTU,Lithuania,LTU,LT,Lithuania,Lituanie,Northern Europe,Europe septentrionale,Europe,Europe,625,16,16
2019,114,LUX,LUX,Luxembourg,LUX,LU,Luxembourg,Luxembourg,Western Europe,Europe occidentale,Europe,Europe,2195,54,54
2019,115,LVA,LVA,Latvia,LVA,LV,Latvia,Lettonie,Northern Europe,Europe septentrionale,Europe,Europe,184,21,21
2019,117,MAD,MDG,Madagascar,MDG,MG,Madagascar,Madagascar,Eastern Africa,Afrique orientale,Africa,Afrique,173,7,7
2019,119,MAU,MRT,Mauritania,MRT,MR,Mauritania,Mauritanie,Western Africa,Afrique occidentale,Africa,Afrique,1873,24,32
2019,120,MCD,MKD,North Macedonia,MKD,MK,North Macedonia,Ex-R,Southern Europe,Europe australe,Europe,Europe,450,13,13
2019,122,MDA,MDA,Rep. of Moldova,MDA,MD,Rep. of Moldova,R,Eastern Europe,Europe orientale,Europe,Europe,170,16,21
2019,124,MEX,MEX,Mexico,MEX,MX,Mexico,Mexique,Central America,Am,Latin America and the Caribbean,Am,70363,60,60
2019,126,MLI,MLI,Mali,MLI,ML,Mali,Mali,Western Africa,Afrique occidentale,Africa,Afrique,273,11,11
2019,127,MLS,MYS,Malaysia,MYS,MY,Malaysia,Malaisie,South-eastern Asia,Asie du Sud-Est,Asia,Asie,27627,34,41
2019,128,MLW,MWI,Malawi,MWI,MW,Malawi,Malawi,Eastern Africa,Afrique orientale,Africa,Afrique,7605,5,7
2019,129,MNG,MNG,Mongolia,MNG,MN,Mongolia,Mongolie,Eastern Asia,Asie orientale,Asia,Asie,21,1,1
2019,130,MOR,MAR,Morocco,MAR,MA,Morocco,Maroc,Northern Africa,Afrique septentrionale,Africa,Afrique,5624,39,50
2019,131,MOZ,MOZ,Mozambique,MOZ,MZ,Mozambique,Mozambique,Eastern Africa,Afrique orientale,Africa,Afrique,797,8,8
2019,132,MTA,MLT,Malta,MLT,MT,Malta,Malte,Southern Europe,Europe australe,Europe,Europe,3961,42,64
2019,133,MNE,MNE,Montenegro,MNE,ME,Montenegro,Mont,Southern Europe,Europe australe,Europe,Europe,1912,19,19
2019,134,MTS,MUS,Mauritius,MUS,MU,Mauritius,Maurice,Eastern Africa,Afrique orientale,Africa,Afrique,15,3,3
2019,136,NAM,NAM,Namibia,NAM,,Namibia,Namibie,Southern Africa,Afrique australe,Africa,Afrique,1156,8,8
2019,137,NEP,NPL,Nepal,NPL,NP,Nepal,N,Southern Asia,Sud de l'Asie centrale,Asia,Asie,59,6,7
2019,138,NET,NLD,Netherlands (Kingdom of the),NLD,NL,Netherlands (Kingdom of the),Pays-Bas,Western Europe,Europe occidentale,Europe,Europe,25161,97,161
2019,139,NGR,NER,Niger,NER,NE,Niger,Niger,Western Africa,Afrique occidentale,Africa,Afrique,43589,15,25
2019,141,NIG,NGA,Nigeria,NGA,NG,Nigeria,Nig,Western Africa,Afrique occidentale,Africa,Afrique,19683,11,13
2019,143,NOR,NOR,Norway,NOR,NO,Norway,Norv,Northern Europe,Europe septentrionale,Europe,Europe,3607,69,132
2019,145,NZL,NZL,New Zealand,NZL,NZ,New Zealand,Nouvelle-Z,Australia-New Zealand,Australie-Nouvelle-Z,Oceania,Oc,721,35,35
2019,147,PAK,PAK,Pakistan,PAK,PK,Pakistan,Pakistan,Southern Asia,Sud de l'Asie centrale,Asia,Asie,3606,7,8
2019,148,PAN,PAN,Panama,PAN,PA,Panama,Panama,Central America,Am,Latin America and the Caribbean,Am,9728,12,12
2019,149,PAR,PRY,Paraguay,PRY,PY,Paraguay,Paraguay,South America,Am,Latin America and the Caribbean,Am,1072,8,8
2019,150,PER,PER,Peru,PER,PE,Peru,P,South America,Am,Latin America and the Caribbean,Am,259834,20,20
2019,151,PHI,PHL,Philippines,PHL,PH,Philippines,Philippines,South-eastern Asia,Asie du Sud-Est,Asia,Asie,216,18,18
2019,154,POL,POL,Poland,POL,PL,Poland,Pologne,Eastern Europe,Europe orientale,Europe,Europe,4198,41,68
2019,155,POR,PRT,Portugal,PRT,PT,Portugal,Portugal,Southern Europe,Europe australe,Europe,Europe,1823,51,51
2019,157,QAT,QAT,Qatar,QAT,QA,Qatar,Qatar,Western Asia,Asie occidentale,Asia,Asie,22,3,3
2019,158,ROM,ROU,Romania,ROU,RO,Romania,Roumanie,Eastern Europe,Europe orientale,Europe,Europe,2756,48,64
2019,159,RSA,ZAF,South Africa,ZAF,ZA,South Africa,Afrique du Sud,Southern Africa,Afrique australe,Africa,Afrique,48366,52,119
2019,160,RUS,RUS,Russian Federation,RUS,RU,Russian Federation,F,Eastern Europe,Europe orientale,Europe,Europe,8091,37,51
2019,161,RWA,RWA,Rwanda,RWA,RW,Rwanda,Rwanda,Eastern Africa,Afrique orientale,Africa,Afrique,381,8,8
2019,162,SAL,SLV,El Salvador,SLV,SV,El Salvador,El Salvador,Central America,Am,Latin America and the Caribbean,Am,27,3,3
2019,163,SAU,SAU,Saudi Arabia,SAU,SA,Saudi Arabia,Arabie saoudite,Western Asia,Asie occidentale,Asia,Asie,268,3,3
2019,164,SRB,SRB,Serbia and Kosovo: S/RES/1244 (1999),SRB,RS,Serbia and Kosovo: S/RES/1244 (1999),Serbie,Southern Europe,Europe australe,Europe,Europe,2318,24,24
2019,165,SEN,SEN,Senegal,SEN,SN,Senegal,S,Western Africa,Afrique occidentale,Africa,Afrique,260,14,14
2019,172,SOM,SOM,Somalia,SOM,SO,Somalia,Somalie,Eastern Africa,Afrique orientale,Africa,Afrique,2005,6,6
2019,173,SPA,ESP,Spain,ESP,ES,Spain,Espagne,Southern Europe,Europe australe,Europe,Europe,118257,100,100
2019,174,SRV,VNM,Viet Nam,VNM,VN,Viet Nam,Viet Nam,South-eastern Asia,Asie du Sud-Est,Asia,Asie,5,1,1
2019,177,SUD,SDN,Sudan,SDN,SD,Sudan,Soudan,Northern Africa,Afrique septentrionale,Africa,Afrique,7087,5,9
2019,178,SUR,SUR,Suriname,SUR,SR,Suriname,Suriname,South America,Am,Latin America and the Caribbean,Am,1220,2,2
2019,179,SSD,SSD,South Sudan,SSD,SS,South Sudan,,Eastern Africa,Afrique septentrionale,Africa,Afrique,1385,4,4
2019,180,SVK,SVK,Slovakia,SVK,SK,Slovakia,Slovaquie,Eastern Europe,Europe orientale,Europe,Europe,244,14,18
2019,181,SVN,SVN,Slovenia,SVN,SI,Slovenia,Slov,Southern Europe,Europe australe,Europe,Europe,3869,32,55
2019,182,SWA,SWZ,Eswatini,SWZ,SZ,Eswatini,Eswatini,Southern Africa,Afrique australe,Africa,Afrique,274,7,7
2019,183,SWE,SWE,Sweden,SWE,SE,Sweden,Su,Northern Europe,Europe septentrionale,Europe,Europe,36024,107,266
2019,184,SWI,CHE,Switzerland,CHE,CH,Switzerland,Suisse,Western Europe,Europe occidentale,Europe,Europe,14215,93,127
2019,185,SYR,SYR,Syrian Arab Rep.,SYR,SY,Syrian Arab Rep.,R,Western Asia,Asie occidentale,Asia,Asie,1569,14,18
2019,186,TAN,TZA,United Rep. of Tanzania,TZA,TZ,United Rep. of Tanzania,R,Eastern Africa,Afrique orientale,Africa,Afrique,10,2,2
2019,188,THA,THA,Thailand,THA,TH,Thailand,Tha,South-eastern Asia,Asie du Sud-Est,Asia,Asie,962,21,29
2019,189,TJK,TJK,Tajikistan,TJK,TJ,Tajikistan,Tadjikistan,Central Asia,Sud de l'Asie centrale,Asia,Asie,3235,1,1
2019,192,TOG,TGO,Togo,TGO,TG,Togo,Togo,Western Africa,Afrique occidentale,Africa,Afrique,117,7,7
2019,194,TRT,TTO,Trinidad and Tobago,TTO,TT,Trinidad and Tobago,Trinit,Caribbean,Cara,Latin America and the Caribbean,Am,9192,16,17
2019,195,TUN,TUN,Tunisia,TUN,TN,Tunisia,Tunisie,Northern Africa,Afrique septentrionale,Africa,Afrique,1512,23,30
2019,196,TUR,TUR,Türkiye,TUR,TR,Türkiye,Türkiye,Western Asia,Asie occidentale,Asia,Asie,56417,4,4
2019,198,UAE,ARE,United Arab Emirates,ARE,AE,United Arab Emirates,Emirats arabes unis,Western Asia,Asie occidentale,Asia,Asie,1643,13,13
2019,199,UGA,UGA,Uganda,UGA,UG,Uganda,Ouganda,Eastern Africa,Afrique orientale,Africa,Afrique,33362,15,15
2019,200,UKR,UKR,Ukraine,UKR,UA,Ukraine,Ukraine,Eastern Europe,Europe orientale,Europe,Europe,1587,44,71
2019,201,URU,URY,Uruguay,URY,UY,Uruguay,Uruguay,South America,Am,Latin America and the Caribbean,Am,12221,27,27
2019,202,USA,USA,United States of America,USA,US,United States of America,Etats-Unis d'Am,Northern America,Am,Northern America,Am,315897,160,423
2019,207,VEN,VEN,Venezuela (Bolivarian Republic of),VEN,VE,Venezuela (Bolivarian Republic of),Venezuela (R,South America,Am,Latin America and the Caribbean,Am,698,1,1
2019,211,YEM,YEM,Yemen,YEM,YE,Yemen,Y,Western Asia,Asie occidentale,Asia,Asie,2472,11,11
2019,213,ZAM,ZMB,Zambia,ZMB,ZM,Zambia,Zambie,Eastern Africa,Afrique orientale,Africa,Afrique,7861,10,10
2019,214,ZIM,ZWE,Zimbabwe,ZWE,ZW,Zimbabwe,Zimbabwe,Eastern Africa,Afrique orientale,Africa,Afrique,1843,10,10
2019,254,CUW,CUW,Curacao,CUW,CW,Curacao,Cura,Caribbean,Cara,Latin America and the Caribbean,Am,50,2,2
2019,255,SXM,SXM,Sint Maarten (Dutch part),SXM,SX,Sint Maarten (Dutch part),Saint-Martin,Caribbean,Cara,Latin America and the Caribbean,Am,5,1,1
2020,2,AFG,AFG,Afghanistan,AFG,AF,Afghanistan,Afghanistan,Southern Asia,Sud de l'Asie centrale,Asia,Asie,5,1,1
2020,3,ALB,ALB,Albania,ALB,AL,Albania,Albanie,Southern Europe,Europe australe,Europe,Europe,12,2,2
2020,4,ALG,DZA,Algeria,DZA,DZ,Algeria,Alg,Northern Africa,Afrique septentrionale,Africa,Afrique,1359,21,28
2020,6,ANG,AGO,Angola,AGO,AO,Angola,Angola,Middle Africa,Afrique australe,Africa,Afrique,20,2,2
2020,8,ARE,EGY,Egypt,EGY,EG,Egypt,Egypte,Northern Africa,Afrique septentrionale,Africa,Afrique,10261,22,35
2020,9,ARG,ARG,Argentina,ARG,AR,Argentina,Argentine,South America,Am,Latin America and the Caribbean,Am,1701,24,33
2020,10,ARM,ARM,Armenia,ARM,AM,Armenia,Arm,Western Asia,Asie occidentale,Asia,Asie,196,11,11
2020,11,AUL,AUS,Australia,AUS,AU,Australia,Australie,Australia-New Zealand,Australie-Nouvelle-Z,Oceania,Oc,33377,93,152
2020,12,AUS,AUT,Austria,AUT,AT,Austria,Autriche,Western Europe,Europe occidentale,Europe,Europe,14741,61,61
2020,13,AZE,AZE,Azerbaijan,AZE,AZ,Azerbaijan,Azerba,Western Asia,Asie occidentale,Asia,Asie,583,7,8
2020,16,BDI,BDI,Burundi,BDI,BI,Burundi,Burundi,Eastern Africa,Afrique orientale,Africa,Afrique,5597,3,3
2020,17,BEL,BEL,Belgium,BEL,BE,Belgium,Belgique,Western Europe,Europe occidentale,Europe,Europe,16881,92,156
2020,18,BEN,BEN,Benin,BEN,BJ,Benin,B,Western Africa,Afrique occidentale,Africa,Afrique,97,10,10
2020,20,BGD,BGD,Bangladesh,BGD,BD,Bangladesh,Bangladesh,Southern Asia,Sud de l'Asie centrale,Asia,Asie,13,2,2
2020,21,BHS,BHS,Bahamas,BHS,BS,Bahamas,Bahamas,Caribbean,Cara,Latin America and the Caribbean,Am,6,1,1
2020,23,BKF,BFA,Burkina Faso,BFA,BF,Burkina Faso,Burkina Faso,Western Africa,Afrique occidentale,Africa,Afrique,27,3,3
2020,24,BLR,BLR,Belarus,BLR,BY,Belarus,B,Eastern Europe,Europe orientale,Europe,Europe,599,18,21
2020,25,BOL,BOL,Bolivia (Plurinational State of),BOL,BO,Bolivia (Plurinational State of),Bolivie,South America,Am,Latin America and the Caribbean,Am,901,6,6
2020,26,BOT,BWA,Botswana,BWA,BW,Botswana,Botswana,Southern Africa,Afrique australe,Africa,Afrique,334,3,3
2020,27,BRA,BRA,Brazil,BRA,BR,Brazil,Br,South America,Am,Latin America and the Caribbean,Am,22146,76,76
2020,29,BSN,BIH,Bosnia and Herzegovina,BIH,BA,Bosnia and Herzegovina,Bosnie-Herz,Southern Europe,Europe australe,Europe,Europe,258,14,17
2020,30,BUL,BGR,Bulgaria,BGR,BG,Bulgaria,Bulgarie,Eastern Europe,Europe orientale,Europe,Europe,3519,25,25
2020,31,BZE,BLZ,Belize,BLZ,BZ,Belize,Belize,Central America,Am,Latin America and the Caribbean,Am,117,4,4
2020,33,CAN,CAN,Canada,CAN,CA,Canada,Canada,Northern America,Am,Northern America,Am,25974,92,158
2020,34,CAR,CAF,Central African Rep.,CAF,CF,Central African Rep.,R,Middle Africa,Afrique australe,Africa,Afrique,5,1,1
2020,35,CAY,CYM,Cayman Islands,CYM,KY,Cayman Islands,Iles Ca,Caribbean,Cara,Latin America and the Caribbean,Am,20,1,1
2020,36,CHD,TCD,Chad,TCD,TD,Chad,Tchad,Middle Africa,Afrique australe,Africa,Afrique,1002,9,9
2020,37,CHI,CHN,China,CHN,CN,China,Chine,Eastern Asia,Asie orientale,Asia,Asie,427,14,21
2020,38,CHL,CHL,Chile,CHL,CL,Chile,Chili,South America,Am,Latin America and the Caribbean,Am,1675,4,4
2020,39,CMR,CMR,Cameroon,CMR,CM,Cameroon,Cameroun,Middle Africa,Afrique australe,Africa,Afrique,1615,12,20
2020,40,COB,COG,Congo,COG,CG,Congo,Congo,Middle Africa,Afrique australe,Africa,Afrique,293,4,4
2020,41,COD,COD,Dem. Rep. of the Congo,COD,CD,Dem. Rep. of the Congo,R,Middle Africa,Afrique australe,Africa,Afrique,40,7,7
2020,42,COI,COM,Comoros,COM,KM,Comoros,Comores,Eastern Africa,Afrique orientale,Africa,Afrique,14,1,1
2020,44,COL,COL,Colombia,COL,CO,Colombia,Colombie,South America,Am,Latin America and the Caribbean,Am,11920,6,6
2020,45,COS,CRI,Costa Rica,CRI,CR,Costa Rica,Costa Rica,Central America,Am,Latin America and the Caribbean,Am,22307,23,30
2020,48,CYP,CYP,Cyprus,CYP,CY,Cyprus,Chypre,Western Asia,Asie occidentale,Asia,Asie,8090,42,48
2020,49,CZE,CZE,Czechia,CZE,CZ,Czechia,R,Eastern Europe,Europe orientale,Europe,Europe,1897,34,54
2020,50,DEN,DNK,Denmark,DNK,DK,Denmark,Danemark,Northern Europe,Europe septentrionale,Europe,Europe,2034,56,87
2020,51,DJB,DJI,Djibouti,DJI,DJ,Djibouti,Djibouti,Eastern Africa,Afrique orientale,Africa,Afrique,301,4,4
2020,53,DOM,DOM,Dominican Rep.,DOM,DO,Dominican Rep.,R,Caribbean,Cara,Latin America and the Caribbean,Am,103,4,4
2020,54,ECU,ECU,Ecuador,ECU,EC,Ecuador,Equateur,South America,Am,Latin America and the Caribbean,Am,6244,15,15
2020,57,EST,EST,Estonia,EST,EE,Estonia,Estonie,Northern Europe,Europe septentrionale,Europe,Europe,40,6,6
2020,58,ETH,ETH,Ethiopia,ETH,ET,Ethiopia,Ethiopie,Eastern Africa,Afrique orientale,Africa,Afrique,295,9,9
2020,61,FIN,FIN,Finland,FIN,FI,Finland,Finlande,Northern Europe,Europe septentrionale,Europe,Europe,3141,48,69
2020,64,FRA,FRA,France,FRA,FR,France,France,Western Europe,Europe occidentale,Europe,Europe,142394,105,331
2020,70,GBR,GBR,United Kingdom of Great Britain and Northern Ireland,GBR,GB,United Kingdom of Great Britain and Northern Ireland,Royaume-Uni,Northern Europe,Europe septentrionale,Europe,Europe,41034,128,237
2020,71,GEO,GEO,Georgia,GEO,GE,Georgia,G,Western Asia,Asie occidentale,Asia,Asie,844,27,27
2020,72,GFR,DEU,Germany,DEU,DE,Germany,Allemagne,Western Europe,Europe occidentale,Europe,Europe,122136,117,189
2020,73,GHA,GHA,Ghana,GHA,GH,Ghana,Ghana,Western Africa,Afrique occidentale,Africa,Afrique,787,15,15
2020,76,GRE,GRC,Greece,GRC,GR,Greece,Gr,Southern Europe,Europe australe,Europe,Europe,53431,68,158
2020,78,GUA,GTM,Guatemala,GTM,GT,Guatemala,Guatemala,Central America,Am,Latin America and the Caribbean,Am,480,7,7
2020,79,GUI,GIN,Guinea,GIN,GN,Guinea,Guin,Western Africa,Afrique occidentale,Africa,Afrique,2801,8,8
2020,80,GUY,GUY,Guyana,GUY,GY,Guyana,Guyana,South America,Am,Latin America and the Caribbean,Am,26,2,2
2020,83,HON,HND,Honduras,HND,HN,Honduras,Honduras,Central America,Am,Latin America and the Caribbean,Am,74,5,5
2020,84,HRV,HRV,Croatia,HRV,HR,Croatia,Croatie,Southern Europe,Europe australe,Europe,Europe,1678,26,37
2020,85,HUN,HUN,Hungary,HUN,HU,Hungary,Hongrie,Eastern Europe,Europe orientale,Europe,Europe,107,8,10
2020,86,ICE,ISL,Iceland,ISL,IS,Iceland,Islande,Northern Europe,Europe septentrionale,Europe,Europe,1018,38,55
2020,87,ICO,CIV,Cote d'Ivoire,CIV,CI,Cote d'Ivoire,C,Western Africa,Afrique occidentale,Africa,Afrique,138,9,9
2020,88,IND,IND,India,IND,IN,India,Inde,Southern Asia,Sud de l'Asie centrale,Asia,Asie,2719,25,29
2020,89,INS,IDN,Indonesia,IDN,ID,Indonesia,Indon,South-eastern Asia,Asie du Sud-Est,Asia,Asie,634,20,23
2020,90,IRE,IRL,Ireland,IRL,IE,Ireland,Irlande,Northern Europe,Europe septentrionale,Europe,Europe,2685,60,92
2020,92,IRQ,IRQ,Iraq,IRQ,IQ,Iraq,Iraq,Western Asia,Asie occidentale,Asia,Asie,502,9,9
2020,93,ISR,ISR,Israel,ISR,IL,Israel,Isra,Western Asia,Asie occidentale,Asia,Asie,1886,37,37
2020,94,ITA,ITA,Italy,ITA,IT,Italy,Italie,Southern Europe,Europe australe,Europe,Europe,26561,85,120
2020,96,JOR,JOR,Jordan,JOR,JO,Jordan,Jordanie,Western Asia,Asie occidentale,Asia,Asie,872,8,12
2020,97,JPN,JPN,Japan,JPN,JP,Japan,Japon,Eastern Asia,Asie orientale,Asia,Asie,6509,1,2
2020,98,KAZ,KAZ,Kazakhstan,KAZ,KZ,Kazakhstan,Kazakhstan,Central Asia,Sud de l'Asie centrale,Asia,Asie,144,1,2
2020,99,KEN,KEN,Kenya,KEN,KE,Kenya,Kenya,Eastern Africa,Afrique orientale,Africa,Afrique,5543,14,15
2020,100,KGZ,KGZ,Kyrgyzstan,KGZ,KG,Kyrgyzstan,Kirghizistan,Central Asia,Sud de l'Asie centrale,Asia,Asie,316,3,3
2020,102,KOR,KOR,Rep. of Korea,KOR,KR,Rep. of Korea,R,Eastern Asia,Asie orientale,Asia,Asie,6666,62,62
2020,104,KUW,KWT,Kuwait,KWT,KW,Kuwait,Kowe,Western Asia,Asie occidentale,Asia,Asie,34,3,3
2020,106,LBR,LBR,Liberia,LBR,LR,Liberia,Lib,Western Africa,Afrique occidentale,Africa,Afrique,10683,5,5
2020,107,LBY,LBY,Libya,LBY,LY,Libya,Libye,Northern Africa,Afrique septentrionale,Africa,Afrique,8084,19,19
2020,109,LEB,LBN,Lebanon,LBN,LB,Lebanon,Liban,Western Asia,Asie occidentale,Asia,Asie,2001,25,34
2020,110,LES,LSO,Lesotho,LSO,LS,Lesotho,Lesotho,Southern Africa,Afrique australe,Africa,Afrique,174,5,5
2020,111,LIE,LIE,Liechtenstein,LIE,LI,Liechtenstein,Liechtenstein,Western Europe,Europe occidentale,Europe,Europe,31,6,6
2020,112,LKA,LKA,Sri Lanka,LKA,LK,Sri Lanka,Sri Lanka,Southern Asia,Sud de l'Asie centrale,Asia,Asie,86,3,4
2020,113,LTU,LTU,Lithuania,LTU,LT,Lithuania,Lituanie,Northern Europe,Europe septentrionale,Europe,Europe,310,13,13
2020,114,LUX,LUX,Luxembourg,LUX,LU,Luxembourg,Luxembourg,Western Europe,Europe occidentale,Europe,Europe,1245,40,59
2020,115,LVA,LVA,Latvia,LVA,LV,Latvia,Lettonie,Northern Europe,Europe septentrionale,Europe,Europe,145,16,16
2020,117,MAD,MDG,Madagascar,MDG,MG,Madagascar,Madagascar,Eastern Africa,Afrique orientale,Africa,Afrique,71,3,3
2020,119,MAU,MRT,Mauritania,MRT,MR,Mauritania,Mauritanie,Western Africa,Afrique occidentale,Africa,Afrique,2493,23,33
2020,120,MCD,MKD,North Macedonia,MKD,MK,North Macedonia,Ex-R,Southern Europe,Europe australe,Europe,Europe,151,6,6
2020,122,MDA,MDA,Rep. of Moldova,MDA,MD,Rep. of Moldova,R,Eastern Europe,Europe orientale,Europe,Europe,110,7,12
2020,124,MEX,MEX,Mexico,MEX,MX,Mexico,Mexique,Central America,Am,Latin America and the Caribbean,Am,41204,59,59
2020,126,MLI,MLI,Mali,MLI,ML,Mali,Mali,Western Africa,Afrique occidentale,Africa,Afrique,41,3,3
2020,127,MLS,MYS,Malaysia,MYS,MY,Malaysia,Malaisie,South-eastern Asia,Asie du Sud-Est,Asia,Asie,6432,19,20
2020,128,MLW,MWI,Malawi,MWI,MW,Malawi,Malawi,Eastern Africa,Afrique orientale,Africa,Afrique,3278,5,8
2020,130,MOR,MAR,Morocco,MAR,MA,Morocco,Maroc,Northern Africa,Afrique septentrionale,Africa,Afrique,4926,38,47
2020,131,MOZ,MOZ,Mozambique,MOZ,MZ,Mozambique,Mozambique,Eastern Africa,Afrique orientale,Africa,Afrique,1457,6,6
2020,132,MTA,MLT,Malta,MLT,MT,Malta,Malte,Southern Europe,Europe australe,Europe,Europe,2395,36,36
2020,133,MNE,MNE,Montenegro,MNE,ME,Montenegro,Mont,Southern Europe,Europe australe,Europe,Europe,538,15,15
2020,136,NAM,NAM,Namibia,NAM,,Namibia,Namibie,Southern Africa,Afrique australe,Africa,Afrique,576,3,3
2020,137,NEP,NPL,Nepal,NPL,NP,Nepal,N,Southern Asia,Sud de l'Asie centrale,Asia,Asie,25,2,2
2020,138,NET,NLD,Netherlands (Kingdom of the),NLD,NL,Netherlands (Kingdom of the),Pays-Bas,Western Europe,Europe occidentale,Europe,Europe,15225,94,148
2020,139,NGR,NER,Niger,NER,NE,Niger,Niger,Western Africa,Afrique occidentale,Africa,Afrique,1557,16,31
2020,141,NIG,NGA,Nigeria,NGA,NG,Nigeria,Nig,Western Africa,Afrique occidentale,Africa,Afrique,2336,15,15
2020,143,NOR,NOR,Norway,NOR,NO,Norway,Norv,Northern Europe,Europe septentrionale,Europe,Europe,2419,52,94
2020,145,NZL,NZL,New Zealand,NZL,NZ,New Zealand,Nouvelle-Z,Australia-New Zealand,Australie-Nouvelle-Z,Oceania,Oc,587,26,26
2020,147,PAK,PAK,Pakistan,PAK,PK,Pakistan,Pakistan,Southern Asia,Sud de l'Asie centrale,Asia,Asie,1300,4,4
2020,148,PAN,PAN,Panama,PAN,PA,Panama,Panama,Central America,Am,Latin America and the Caribbean,Am,648,8,8
2020,149,PAR,PRY,Paraguay,PRY,PY,Paraguay,Paraguay,South America,Am,Latin America and the Caribbean,Am,1439,6,6
2020,150,PER,PER,Peru,PER,PE,Peru,P,South America,Am,Latin America and the Caribbean,Am,52529,20,20
2020,151,PHI,PHL,Philippines,PHL,PH,Philippines,Philippines,South-eastern Asia,Asie du Sud-Est,Asia,Asie,199,23,23
2020,154,POL,POL,Poland,POL,PL,Poland,Pologne,Eastern Europe,Europe orientale,Europe,Europe,3446,45,69
2020,155,POR,PRT,Portugal,PRT,PT,Portugal,Portugal,Southern Europe,Europe australe,Europe,Europe,988,39,39
2020,158,ROM,ROU,Romania,ROU,RO,Romania,Roumanie,Eastern Europe,Europe orientale,Europe,Europe,6240,42,54
2020,159,RSA,ZAF,South Africa,ZAF,ZA,South Africa,Afrique du Sud,Southern Africa,Afrique australe,Africa,Afrique,3074,28,44
2020,160,RUS,RUS,Russian Federation,RUS,RU,Russian Federation,F,Eastern Europe,Europe orientale,Europe,Europe,6981,39,53
2020,161,RWA,RWA,Rwanda,RWA,RW,Rwanda,Rwanda,Eastern Africa,Afrique orientale,Africa,Afrique,204,5,5
2020,162,SAL,SLV,El Salvador,SLV,SV,El Salvador,El Salvador,Central America,Am,Latin America and the Caribbean,Am,32,4,4
2020,163,SAU,SAU,Saudi Arabia,SAU,SA,Saudi Arabia,Arabie saoudite,Western Asia,Asie occidentale,Asia,Asie,1037,6,6
2020,164,SRB,SRB,Serbia and Kosovo: S/RES/1244 (1999),SRB,RS,Serbia and Kosovo: S/RES/1244 (1999),Serbie,Southern Europe,Europe australe,Europe,Europe,1539,21,21
2020,165,SEN,SEN,Senegal,SEN,SN,Senegal,S,Western Africa,Afrique occidentale,Africa,Afrique,125,10,10
2020,172,SOM,SOM,Somalia,SOM,SO,Somalia,Somalie,Eastern Africa,Afrique orientale,Africa,Afrique,1892,3,3
2020,173,SPA,ESP,Spain,ESP,ES,Spain,Espagne,Southern Europe,Europe australe,Europe,Europe,88746,89,89
2020,177,SUD,SDN,Sudan,SDN,SD,Sudan,Soudan,Northern Africa,Afrique septentrionale,Africa,Afrique,9267,5,6
2020,178,SUR,SUR,Suriname,SUR,SR,Suriname,Suriname,South America,Am,Latin America and the Caribbean,Am,759,2,2
2020,179,SSD,SSD,South Sudan,SSD,SS,South Sudan,,Eastern Africa,Afrique septentrionale,Africa,Afrique,270,3,3
2020,180,SVK,SVK,Slovakia,SVK,SK,Slovakia,Slovaquie,Eastern Europe,Europe orientale,Europe,Europe,268,15,16
2020,181,SVN,SVN,Slovenia,SVN,SI,Slovenia,Slov,Southern Europe,Europe australe,Europe,Europe,3561,26,36
2020,182,SWA,SWZ,Eswatini,SWZ,SZ,Eswatini,Eswatini,Southern Africa,Afrique australe,Africa,Afrique,147,7,7
2020,183,SWE,SWE,Sweden,SWE,SE,Sweden,Su,Northern Europe,Europe septentrionale,Europe,Europe,26687,107,260
2020,184,SWI,CHE,Switzerland,CHE,CH,Switzerland,Suisse,Western Europe,Europe occidentale,Europe,Europe,11004,83,119
2020,185,SYR,SYR,Syrian Arab Rep.,SYR,SY,Syrian Arab Rep.,R,Western Asia,Asie occidentale,Asia,Asie,168,7,9
2020,186,TAN,TZA,United Rep. of Tanzania,TZA,TZ,United Rep. of Tanzania,R,Eastern Africa,Afrique orientale,Africa,Afrique,756,7,7
2020,187,TCI,TCA,Turks and Caicos Islands,TCA,TC,Turks and Caicos Islands,Iles Turques et Caiques,Caribbean,Cara,Latin America and the Caribbean,Am,16,1,1
2020,188,THA,THA,Thailand,THA,TH,Thailand,Tha,South-eastern Asia,Asie du Sud-Est,Asia,Asie,569,16,23
2020,189,TJK,TJK,Tajikistan,TJK,TJ,Tajikistan,Tadjikistan,Central Asia,Sud de l'Asie centrale,Asia,Asie,1090,1,1
2020,192,TOG,TGO,Togo,TGO,TG,Togo,Togo,Western Africa,Afrique occidentale,Africa,Afrique,289,13,18
2020,194,TRT,TTO,Trinidad and Tobago,TTO,TT,Trinidad and Tobago,Trinit,Caribbean,Cara,Latin America and the Caribbean,Am,3560,11,11
2020,195,TUN,TUN,Tunisia,TUN,TN,Tunisia,Tunisie,Northern Africa,Afrique septentrionale,Africa,Afrique,2637,33,38
2020,196,TUR,TUR,Türkiye,TUR,TR,Türkiye,Türkiye,Western Asia,Asie occidentale,Asia,Asie,31334,4,4
2020,198,UAE,ARE,United Arab Emirates,ARE,AE,United Arab Emirates,Emirats arabes unis,Western Asia,Asie occidentale,Asia,Asie,98,2,2
2020,199,UGA,UGA,Uganda,UGA,UG,Uganda,Ouganda,Eastern Africa,Afrique orientale,Africa,Afrique,23775,11,11
2020,200,UKR,UKR,Ukraine,UKR,UA,Ukraine,Ukraine,Eastern Europe,Europe orientale,Europe,Europe,983,39,59
2020,201,URU,URY,Uruguay,URY,UY,Uruguay,Uruguay,South America,Am,Latin America and the Caribbean,Am,2932,19,19
2020,202,USA,USA,United States of America,USA,US,United States of America,Etats-Unis d'Am,Northern America,Am,Northern America,Am,238320,148,387
2020,207,VEN,VEN,Venezuela (Bolivarian Republic of),VEN,VE,Venezuela (Bolivarian Republic of),Venezuela (R,South America,Am,Latin America and the Caribbean,Am,627,2,2
2020,211,YEM,YEM,Yemen,YEM,YE,Yemen,Y,Western Asia,Asie occidentale,Asia,Asie,755,3,4
2020,213,ZAM,ZMB,Zambia,ZMB,ZM,Zambia,Zambie,Eastern Africa,Afrique orientale,Africa,Afrique,7657,13,13
2020,214,ZIM,ZWE,Zimbabwe,ZWE,ZW,Zimbabwe,Zimbabwe,Eastern Africa,Afrique orientale,Africa,Afrique,832,5,5
2020,254,CUW,CUW,Curacao,CUW,CW,Curacao,Cura,Caribbean,Cara,Latin America and the Caribbean,Am,5,1,1
2020,255,SXM,SXM,Sint Maarten (Dutch part),SXM,SX,Sint Maarten (Dutch part),Saint-Martin,Caribbean,Cara,Latin America and the Caribbean,Am,8,1,1
2021,2,AFG,AFG,Afghanistan,AFG,AF,Afghanistan,Afghanistan,Southern Asia,Sud de l'Asie centrale,Asia,Asie,84,2,2
2021,3,ALB,ALB,Albania,ALB,AL,Albania,Albanie,Southern Europe,Europe australe,Europe,Europe,15,2,2
2021,4,ALG,DZA,Algeria,DZA,DZ,Algeria,Alg,Northern Africa,Afrique septentrionale,Africa,Afrique,1359,21,28
2021,6,ANG,AGO,Angola,AGO,AO,Angola,Angola,Middle Africa,Afrique australe,Africa,Afrique,6,1,1
2021,8,ARE,EGY,Egypt,EGY,EG,Egypt,Egypte,Northern Africa,Afrique septentrionale,Africa,Afrique,13950,28,41
2021,9,ARG,ARG,Argentina,ARG,AR,Argentina,Argentine,South America,Am,Latin America and the Caribbean,Am,2361,24,33
2021,10,ARM,ARM,Armenia,ARM,AM,Armenia,Arm,Western Asia,Asie occidentale,Asia,Asie,297,13,16
2021,11,AUL,AUS,Australia,AUS,AU,Australia,Australie,Australia-New Zealand,Australie-Nouvelle-Z,Oceania,Oc,28326,76,105
2021,12,AUS,AUT,Austria,AUT,AT,Austria,Autriche,Western Europe,Europe occidentale,Europe,Europe,39905,74,74
2021,13,AZE,AZE,Azerbaijan,AZE,AZ,Azerbaijan,Azerba,Western Asia,Asie occidentale,Asia,Asie,213,4,6
2021,14,BAH,BHR,Bahrain,BHR,BH,Bahrain,Bahre,Western Asia,Asie occidentale,Asia,Asie,5,1,1
2021,16,BDI,BDI,Burundi,BDI,BI,Burundi,Burundi,Eastern Africa,Afrique orientale,Africa,Afrique,210,2,2
2021,17,BEL,BEL,Belgium,BEL,BE,Belgium,Belgique,Western Europe,Europe occidentale,Europe,Europe,24470,83,132
2021,18,BEN,BEN,Benin,BEN,BJ,Benin,B,Western Africa,Afrique occidentale,Africa,Afrique,287,9,9
2021,20,BGD,BGD,Bangladesh,BGD,BD,Bangladesh,Bangladesh,Southern Asia,Sud de l'Asie centrale,Asia,Asie,31,2,2
2021,23,BKF,BFA,Burkina Faso,BFA,BF,Burkina Faso,Burkina Faso,Western Africa,Afrique occidentale,Africa,Afrique,9420,3,3
2021,24,BLR,BLR,Belarus,BLR,BY,Belarus,B,Eastern Europe,Europe orientale,Europe,Europe,505,22,27
2021,25,BOL,BOL,Bolivia (Plurinational State of),BOL,BO,Bolivia (Plurinational State of),Bolivie,South America,Am,Latin America and the Caribbean,Am,46,3,3
2021,26,BOT,BWA,Botswana,BWA,BW,Botswana,Botswana,Southern Africa,Afrique australe,Africa,Afrique,281,4,6
2021,27,BRA,BRA,Brazil,BRA,BR,Brazil,Br,South America,Am,Latin America and the Caribbean,Am,7754,64,64
2021,29,BSN,BIH,Bosnia and Herzegovina,BIH,BA,Bosnia and Herzegovina,Bosnie-Herz,Southern Europe,Europe australe,Europe,Europe,202,12,16
2021,30,BUL,BGR,Bulgaria,BGR,BG,Bulgaria,Bulgarie,Eastern Europe,Europe orientale,Europe,Europe,10987,28,28
2021,31,BZE,BLZ,Belize,BLZ,BZ,Belize,Belize,Central America,Am,Latin America and the Caribbean,Am,38,2,2
2021,33,CAN,CAN,Canada,CAN,CA,Canada,Canada,Northern America,Am,Northern America,Am,35839,144,337
2021,34,CAR,CAF,Central African Rep.,CAF,CF,Central African Rep.,R,Middle Africa,Afrique australe,Africa,Afrique,614,7,7
2021,35,CAY,CYM,Cayman Islands,CYM,KY,Cayman Islands,Iles Ca,Caribbean,Cara,Latin America and the Caribbean,Am,13,1,1
2021,36,CHD,TCD,Chad,TCD,TD,Chad,Tchad,Middle Africa,Afrique australe,Africa,Afrique,313,7,7
2021,37,CHI,CHN,China,CHN,CN,China,Chine,Eastern Asia,Asie orientale,Asia,Asie,422,17,25
2021,38,CHL,CHL,Chile,CHL,CL,Chile,Chili,South America,Am,Latin America and the Caribbean,Am,2498,8,8
2021,39,CMR,CMR,Cameroon,CMR,CM,Cameroon,Cameroun,Middle Africa,Afrique australe,Africa,Afrique,3720,13,19
2021,40,COB,COG,Congo,COG,CG,Congo,Congo,Middle Africa,Afrique australe,Africa,Afrique,298,8,8
2021,41,COD,COD,Dem. Rep. of the Congo,COD,CD,Dem. Rep. of the Congo,R,Middle Africa,Afrique australe,Africa,Afrique,45885,7,7
2021,42,COI,COM,Comoros,COM,KM,Comoros,Comores,Eastern Africa,Afrique orientale,Africa,Afrique,35,2,2
2021,44,COL,COL,Colombia,COL,CO,Colombia,Colombie,South America,Am,Latin America and the Caribbean,Am,15939,5,5
2021,45,COS,CRI,Costa Rica,CRI,CR,Costa Rica,Costa Rica,Central America,Am,Latin America and the Caribbean,Am,109686,37,55
2021,46,CUB,CUB,Cuba,CUB,CU,Cuba,Cuba,Caribbean,Cara,Latin America and the Caribbean,Am,7,1,1
2021,48,CYP,CYP,Cyprus,CYP,CY,Cyprus,Chypre,Western Asia,Asie occidentale,Asia,Asie,22791,50,93
2021,49,CZE,CZE,Czechia,CZE,CZ,Czechia,R,Eastern Europe,Europe orientale,Europe,Europe,1943,37,57
2021,50,DEN,DNK,Denmark,DNK,DK,Denmark,Danemark,Northern Europe,Europe septentrionale,Europe,Europe,2591,52,81
2021,51,DJB,DJI,Djibouti,DJI,DJ,Djibouti,Djibouti,Eastern Africa,Afrique orientale,Africa,Afrique,1575,5,5
2021,53,DOM,DOM,Dominican Rep.,DOM,DO,Dominican Rep.,R,Caribbean,Cara,Latin America and the Caribbean,Am,22,3,3
2021,54,ECU,ECU,Ecuador,ECU,EC,Ecuador,Equateur,South America,Am,Latin America and the Caribbean,Am,8518,13,13
2021,57,EST,EST,Estonia,EST,EE,Estonia,Estonie,Northern Europe,Europe septentrionale,Europe,Europe,67,8,8
2021,58,ETH,ETH,Ethiopia,ETH,ET,Ethiopia,Ethiopie,Eastern Africa,Afrique orientale,Africa,Afrique,475,11,11
2021,61,FIN,FIN,Finland,FIN,FI,Finland,Finlande,Northern Europe,Europe septentrionale,Europe,Europe,2496,49,72
2021,64,FRA,FRA,France,FRA,FR,France,France,Western Europe,Europe occidentale,Europe,Europe,171323,122,381
2021,70,GBR,GBR,United Kingdom of Great Britain and Northern Ireland,GBR,GB,United Kingdom of Great Britain and Northern Ireland,Royaume-Uni,Northern Europe,Europe septentrionale,Europe,Europe,60950,118,220
2021,71,GEO,GEO,Georgia,GEO,GE,Georgia,G,Western Asia,Asie occidentale,Asia,Asie,719,28,28
2021,72,GFR,DEU,Germany,DEU,DE,Germany,Allemagne,Western Europe,Europe occidentale,Europe,Europe,253688,124,299
2021,73,GHA,GHA,Ghana,GHA,GH,Ghana,Ghana,Western Africa,Afrique occidentale,Africa,Afrique,753,15,15
2021,76,GRE,GRC,Greece,GRC,GR,Greece,Gr,Southern Europe,Europe australe,Europe,Europe,45781,74,169
2021,78,GUA,GTM,Guatemala,GTM,GT,Guatemala,Guatemala,Central America,Am,Latin America and the Caribbean,Am,1046,8,8
2021,79,GUI,GIN,Guinea,GIN,GN,Guinea,Guin,Western Africa,Afrique occidentale,Africa,Afrique,160,4,4
2021,80,GUY,GUY,Guyana,GUY,GY,Guyana,Guyana,South America,Am,Latin America and the Caribbean,Am,48,2,2
2021,83,HON,HND,Honduras,HND,HN,Honduras,Honduras,Central America,Am,Latin America and the Caribbean,Am,105,6,6
2021,84,HRV,HRV,Croatia,HRV,HR,Croatia,Croatie,Southern Europe,Europe australe,Europe,Europe,2539,24,35
2021,85,HUN,HUN,Hungary,HUN,HU,Hungary,Hongrie,Eastern Europe,Europe orientale,Europe,Europe,30,4,4
2021,86,ICE,ISL,Iceland,ISL,IS,Iceland,Islande,Northern Europe,Europe septentrionale,Europe,Europe,1409,31,45
2021,87,ICO,CIV,Cote d'Ivoire,CIV,CI,Cote d'Ivoire,C,Western Africa,Afrique occidentale,Africa,Afrique,2175,7,7
2021,88,IND,IND,India,IND,IN,India,Inde,Southern Asia,Sud de l'Asie centrale,Asia,Asie,6162,23,34
2021,89,INS,IDN,Indonesia,IDN,ID,Indonesia,Indon,South-eastern Asia,Asie du Sud-Est,Asia,Asie,38,4,6
2021,90,IRE,IRL,Ireland,IRL,IE,Ireland,Irlande,Northern Europe,Europe septentrionale,Europe,Europe,3320,60,87
2021,92,IRQ,IRQ,Iraq,IRQ,IQ,Iraq,Iraq,Western Asia,Asie occidentale,Asia,Asie,45,3,3
2021,93,ISR,ISR,Israel,ISR,IL,Israel,Isra,Western Asia,Asie occidentale,Asia,Asie,1927,31,31
2021,94,ITA,ITA,Italy,ITA,IT,Italy,Italie,Southern Europe,Europe australe,Europe,Europe,53105,93,141
2021,96,JOR,JOR,Jordan,JOR,JO,Jordan,Jordanie,Western Asia,Asie occidentale,Asia,Asie,309,6,9
2021,97,JPN,JPN,Japan,JPN,JP,Japan,Japon,Eastern Asia,Asie orientale,Asia,Asie,6459,1,2
2021,98,KAZ,KAZ,Kazakhstan,KAZ,KZ,Kazakhstan,Kazakhstan,Central Asia,Sud de l'Asie centrale,Asia,Asie,224,2,3
2021,99,KEN,KEN,Kenya,KEN,KE,Kenya,Kenya,Eastern Africa,Afrique orientale,Africa,Afrique,11602,14,16
2021,100,KGZ,KGZ,Kyrgyzstan,KGZ,KG,Kyrgyzstan,Kirghizistan,Central Asia,Sud de l'Asie centrale,Asia,Asie,631,7,7
2021,102,KOR,KOR,Rep. of Korea,KOR,KR,Rep. of Korea,R,Eastern Asia,Asie orientale,Asia,Asie,2328,54,54
2021,104,KUW,KWT,Kuwait,KWT,KW,Kuwait,Kowe,Western Asia,Asie occidentale,Asia,Asie,100,5,5
2021,106,LBR,LBR,Liberia,LBR,LR,Liberia,Lib,Western Africa,Afrique occidentale,Africa,Afrique,15,3,3
2021,107,LBY,LBY,Libya,LBY,LY,Libya,Libye,Northern Africa,Afrique septentrionale,Africa,Afrique,14257,14,14
2021,109,LEB,LBN,Lebanon,LBN,LB,Lebanon,Liban,Western Asia,Asie occidentale,Asia,Asie,1141,21,28
2021,110,LES,LSO,Lesotho,LSO,LS,Lesotho,Lesotho,Southern Africa,Afrique australe,Africa,Afrique,67,5,5
2021,111,LIE,LIE,Liechtenstein,LIE,LI,Liechtenstein,Liechtenstein,Western Europe,Europe occidentale,Europe,Europe,78,11,11
2021,112,LKA,LKA,Sri Lanka,LKA,LK,Sri Lanka,Sri Lanka,Southern Asia,Sud de l'Asie centrale,Asia,Asie,68,5,6
2021,113,LTU,LTU,Lithuania,LTU,LT,Lithuania,Lituanie,Northern Europe,Europe septentrionale,Europe,Europe,310,13,13
2021,114,LUX,LUX,Luxembourg,LUX,LU,Luxembourg,Luxembourg,Western Europe,Europe occidentale,Europe,Europe,1360,34,39
2021,115,LVA,LVA,Latvia,LVA,LV,Latvia,Lettonie,Northern Europe,Europe septentrionale,Europe,Europe,589,18,18
2021,119,MAU,MRT,Mauritania,MRT,MR,Mauritania,Mauritanie,Western Africa,Afrique occidentale,Africa,Afrique,5166,24,36
2021,120,MCD,MKD,North Macedonia,MKD,MK,North Macedonia,Ex-R,Southern Europe,Europe australe,Europe,Europe,91,11,11
2021,122,MDA,MDA,Rep. of Moldova,MDA,MD,Rep. of Moldova,R,Eastern Europe,Europe orientale,Europe,Europe,80,8,11
2021,124,MEX,MEX,Mexico,MEX,MX,Mexico,Mexique,Central America,Am,Latin America and the Caribbean,Am,131418,76,76
2021,126,MLI,MLI,Mali,MLI,ML,Mali,Mali,Western Africa,Afrique occidentale,Africa,Afrique,92,6,6
2021,127,MLS,MYS,Malaysia,MYS,MY,Malaysia,Malaisie,South-eastern Asia,Asie du Sud-Est,Asia,Asie,17796,19,21
2021,128,MLW,MWI,Malawi,MWI,MW,Malawi,Malawi,Eastern Africa,Afrique orientale,Africa,Afrique,4559,8,8
2021,130,MOR,MAR,Morocco,MAR,MA,Morocco,Maroc,Northern Africa,Afrique septentrionale,Africa,Afrique,5289,30,39
2021,131,MOZ,MOZ,Mozambique,MOZ,MZ,Mozambique,Mozambique,Eastern Africa,Afrique orientale,Africa,Afrique,1941,7,7
2021,132,MTA,MLT,Malta,MLT,MT,Malta,Malte,Southern Europe,Europe australe,Europe,Europe,1848,35,60
2021,133,MNE,MNE,Montenegro,MNE,ME,Montenegro,Mont,Southern Europe,Europe australe,Europe,Europe,270,12,12
2021,136,NAM,NAM,Namibia,NAM,,Namibia,Namibie,Southern Africa,Afrique australe,Africa,Afrique,834,5,5
2021,137,NEP,NPL,Nepal,NPL,NP,Nepal,N,Southern Asia,Sud de l'Asie centrale,Asia,Asie,9,1,1
2021,138,NET,NLD,Netherlands (Kingdom of the),NLD,NL,Netherlands (Kingdom of the),Pays-Bas,Western Europe,Europe occidentale,Europe,Europe,26507,99,152
2021,139,NGR,NER,Niger,NER,NE,Niger,Niger,Western Africa,Afrique occidentale,Africa,Afrique,13966,17,26
2021,141,NIG,NGA,Nigeria,NGA,NG,Nigeria,Nig,Western Africa,Afrique occidentale,Africa,Afrique,1188,15,15
2021,143,NOR,NOR,Norway,NOR,NO,Norway,Norv,Northern Europe,Europe septentrionale,Europe,Europe,2446,50,85
2021,145,NZL,NZL,New Zealand,NZL,NZ,New Zealand,Nouvelle-Z,Australia-New Zealand,Australie-Nouvelle-Z,Oceania,Oc,569,26,26
2021,147,PAK,PAK,Pakistan,PAK,PK,Pakistan,Pakistan,Southern Asia,Sud de l'Asie centrale,Asia,Asie,3666,6,7
2021,148,PAN,PAN,Panama,PAN,PA,Panama,Panama,Central America,Am,Latin America and the Caribbean,Am,328,8,8
2021,149,PAR,PRY,Paraguay,PRY,PY,Paraguay,Paraguay,South America,Am,Latin America and the Caribbean,Am,2207,12,12
2021,150,PER,PER,Peru,PER,PE,Peru,P,South America,Am,Latin America and the Caribbean,Am,1516,7,7
2021,151,PHI,PHL,Philippines,PHL,PH,Philippines,Philippines,South-eastern Asia,Asie du Sud-Est,Asia,Asie,206,20,20
2021,153,PNG,PNG,Papua New Guinea,PNG,PG,Papua New Guinea,Papouasie-Nouvelle-Guin,Melanesia,M,Oceania,Oc,27,1,1
2021,154,POL,POL,Poland,POL,PL,Poland,Pologne,Eastern Europe,Europe orientale,Europe,Europe,8792,43,89
2021,155,POR,PRT,Portugal,PRT,PT,Portugal,Portugal,Southern Europe,Europe australe,Europe,Europe,1533,44,44
2021,157,QAT,QAT,Qatar,QAT,QA,Qatar,Qatar,Western Asia,Asie occidentale,Asia,Asie,5,1,1
2021,158,ROM,ROU,Romania,ROU,RO,Romania,Roumanie,Eastern Europe,Europe orientale,Europe,Europe,9773,36,46
2021,160,RUS,RUS,Russian Federation,RUS,RU,Russian Federation,F,Eastern Europe,Europe orientale,Europe,Europe,4824,33,43
2021,161,RWA,RWA,Rwanda,RWA,RW,Rwanda,Rwanda,Eastern Africa,Afrique orientale,Africa,Afrique,408,7,7
2021,162,SAL,SLV,El Salvador,SLV,SV,El Salvador,El Salvador,Central America,Am,Latin America and the Caribbean,Am,81,7,7
2021,163,SAU,SAU,Saudi Arabia,SAU,SA,Saudi Arabia,Arabie saoudite,Western Asia,Asie occidentale,Asia,Asie,47,2,2
2021,164,SRB,SRB,Serbia and Kosovo: S/RES/1244 (1999),SRB,RS,Serbia and Kosovo: S/RES/1244 (1999),Serbie,Southern Europe,Europe australe,Europe,Europe,750,24,26
2021,165,SEN,SEN,Senegal,SEN,SN,Senegal,S,Western Africa,Afrique occidentale,Africa,Afrique,207,10,10
2021,172,SOM,SOM,Somalia,SOM,SO,Somalia,Somalie,Eastern Africa,Afrique orientale,Africa,Afrique,3174,4,4
2021,173,SPA,ESP,Spain,ESP,ES,Spain,Espagne,Southern Europe,Europe australe,Europe,Europe,65384,95,95
2021,177,SUD,SDN,Sudan,SDN,SD,Sudan,Soudan,Northern Africa,Afrique septentrionale,Africa,Afrique,12502,9,9
2021,178,SUR,SUR,Suriname,SUR,SR,Suriname,Suriname,South America,Am,Latin America and the Caribbean,Am,520,3,3
2021,179,SSD,SSD,South Sudan,SSD,SS,South Sudan,,Eastern Africa,Afrique septentrionale,Africa,Afrique,836,5,5
2021,180,SVK,SVK,Slovakia,SVK,SK,Slovakia,Slovaquie,Eastern Europe,Europe orientale,Europe,Europe,396,17,23
2021,181,SVN,SVN,Slovenia,SVN,SI,Slovenia,Slov,Southern Europe,Europe australe,Europe,Europe,5279,40,46
2021,182,SWA,SWZ,Eswatini,SWZ,SZ,Eswatini,Eswatini,Southern Africa,Afrique australe,Africa,Afrique,262,9,9
2021,183,SWE,SWE,Sweden,SWE,SE,Sweden,Su,Northern Europe,Europe septentrionale,Europe,Europe,19998,98,241
2021,184,SWI,CHE,Switzerland,CHE,CH,Switzerland,Suisse,Western Europe,Europe occidentale,Europe,Europe,14885,79,121
2021,185,SYR,SYR,Syrian Arab Rep.,SYR,SY,Syrian Arab Rep.,R,Western Asia,Asie occidentale,Asia,Asie,57,5,5
2021,186,TAN,TZA,United Rep. of Tanzania,TZA,TZ,United Rep. of Tanzania,R,Eastern Africa,Afrique orientale,Africa,Afrique,676,2,2
2021,188,THA,THA,Thailand,THA,TH,Thailand,Tha,South-eastern Asia,Asie du Sud-Est,Asia,Asie,591,17,27
2021,189,TJK,TJK,Tajikistan,TJK,TJ,Tajikistan,Tadjikistan,Central Asia,Sud de l'Asie centrale,Asia,Asie,6372,1,1
2021,192,TOG,TGO,Togo,TGO,TG,Togo,Togo,Western Africa,Afrique occidentale,Africa,Afrique,257,13,17
2021,194,TRT,TTO,Trinidad and Tobago,TTO,TT,Trinidad and Tobago,Trinit,Caribbean,Cara,Latin America and the Caribbean,Am,2228,8,9
2021,195,TUN,TUN,Tunisia,TUN,TN,Tunisia,Tunisie,Northern Africa,Afrique septentrionale,Africa,Afrique,3539,33,42
2021,196,TUR,TUR,Türkiye,TUR,TR,Türkiye,Türkiye,Western Asia,Asie occidentale,Asia,Asie,29256,4,4
2021,198,UAE,ARE,United Arab Emirates,ARE,AE,United Arab Emirates,Emirats arabes unis,Western Asia,Asie occidentale,Asia,Asie,103,7,7
2021,199,UGA,UGA,Uganda,UGA,UG,Uganda,Ouganda,Eastern Africa,Afrique orientale,Africa,Afrique,42361,12,17
2021,200,UKR,UKR,Ukraine,UKR,UA,Ukraine,Ukraine,Eastern Europe,Europe orientale,Europe,Europe,1368,38,54
2021,201,URU,URY,Uruguay,URY,UY,Uruguay,Uruguay,South America,Am,Latin America and the Caribbean,Am,3455,17,17
2021,202,USA,USA,United States of America,USA,US,United States of America,Etats-Unis d'Am,Northern America,Am,Northern America,Am,210488,155,392
2021,204,VAN,VUT,Vanuatu,VUT,VU,Vanuatu,Vanuatu,Melanesia,M,Oceania,Oc,5,1,1
2021,207,VEN,VEN,Venezuela (Bolivarian Republic of),VEN,VE,Venezuela (Bolivarian Republic of),Venezuela (R,South America,Am,Latin America and the Caribbean,Am,287,2,2
2021,211,YEM,YEM,Yemen,YEM,YE,Yemen,Y,Western Asia,Asie occidentale,Asia,Asie,2266,5,6
2021,213,ZAM,ZMB,Zambia,ZMB,ZM,Zambia,Zambie,Eastern Africa,Afrique orientale,Africa,Afrique,8402,13,13
2021,214,ZIM,ZWE,Zimbabwe,ZWE,ZW,Zimbabwe,Zimbabwe,Eastern Africa,Afrique orientale,Africa,Afrique,113,6,6
2022,2,AFG,AFG,Afghanistan,AFG,AF,Afghanistan,Afghanistan,Southern Asia,Sud de l'Asie centrale,Asia,Asie,9,1,1
2022,3,ALB,ALB,Albania,ALB,AL,Albania,Albanie,Southern Europe,Europe australe,Europe,Europe,29,4,4
2022,4,ALG,DZA,Algeria,DZA,DZ,Algeria,Alg,Northern Africa,Afrique septentrionale,Africa,Afrique,3518,25,42
2022,8,ARE,EGY,Egypt,EGY,EG,Egypt,Egypte,Northern Africa,Afrique septentrionale,Africa,Afrique,34644,29,41
2022,9,ARG,ARG,Argentina,ARG,AR,Argentina,Argentine,South America,Am,Latin America and the Caribbean,Am,1002,29,41
2022,10,ARM,ARM,Armenia,ARM,AM,Armenia,Arm,Western Asia,Asie occidentale,Asia,Asie,965,18,18
2022,11,AUL,AUS,Australia,AUS,AU,Australia,Australie,Australia-New Zealand,Australie-Nouvelle-Z,Oceania,Oc,30918,105,164
2022,12,AUS,AUT,Austria,AUT,AT,Austria,Autriche,Western Europe,Europe occidentale,Europe,Europe,109773,78,78
2022,13,AZE,AZE,Azerbaijan,AZE,AZ,Azerbaijan,Azerba,Western Asia,Asie occidentale,Asia,Asie,297,7,7
2022,16,BDI,BDI,Burundi,BDI,BI,Burundi,Burundi,Eastern Africa,Afrique orientale,Africa,Afrique,3030,4,5
2022,17,BEL,BEL,Belgium,BEL,BE,Belgium,Belgique,Western Europe,Europe occidentale,Europe,Europe,43712,111,256
2022,18,BEN,BEN,Benin,BEN,BJ,Benin,B,Western Africa,Afrique occidentale,Africa,Afrique,1156,12,12
2022,20,BGD,BGD,Bangladesh,BGD,BD,Bangladesh,Bangladesh,Southern Asia,Sud de l'Asie centrale,Asia,Asie,10,2,2
2022,21,BHS,BHS,Bahamas,BHS,BS,Bahamas,Bahamas,Caribbean,Cara,Latin America and the Caribbean,Am,31,5,5
2022,23,BKF,BFA,Burkina Faso,BFA,BF,Burkina Faso,Burkina Faso,Western Africa,Afrique occidentale,Africa,Afrique,2828,9,9
2022,24,BLR,BLR,Belarus,BLR,BY,Belarus,B,Eastern Europe,Europe orientale,Europe,Europe,2586,18,22
2022,25,BOL,BOL,Bolivia (Plurinational State of),BOL,BO,Bolivia (Plurinational State of),Bolivie,South America,Am,Latin America and the Caribbean,Am,36,3,3
2022,26,BOT,BWA,Botswana,BWA,BW,Botswana,Botswana,Southern Africa,Afrique australe,Africa,Afrique,127,2,3
2022,27,BRA,BRA,Brazil,BRA,BR,Brazil,Br,South America,Am,Latin America and the Caribbean,Am,50332,96,96
2022,29,BSN,BIH,Bosnia and Herzegovina,BIH,BA,Bosnia and Herzegovina,Bosnie-Herz,Southern Europe,Europe australe,Europe,Europe,168,12,15
2022,30,BUL,BGR,Bulgaria,BGR,BG,Bulgaria,Bulgarie,Eastern Europe,Europe orientale,Europe,Europe,20389,28,28
2022,31,BZE,BLZ,Belize,BLZ,BZ,Belize,Belize,Central America,Am,Latin America and the Caribbean,Am,148,4,4
2022,33,CAN,CAN,Canada,CAN,CA,Canada,Canada,Northern America,Am,Northern America,Am,108408,166,380
2022,34,CAR,CAF,Central African Rep.,CAF,CF,Central African Rep.,R,Middle Africa,Afrique australe,Africa,Afrique,728,7,7
2022,35,CAY,CYM,Cayman Islands,CYM,KY,Cayman Islands,Iles Ca,Caribbean,Cara,Latin America and the Caribbean,Am,219,1,1
2022,36,CHD,TCD,Chad,TCD,TD,Chad,Tchad,Middle Africa,Afrique australe,Africa,Afrique,948,13,13
2022,37,CHI,CHN,China,CHN,CN,China,Chine,Eastern Asia,Asie orientale,Asia,Asie,355,18,24
2022,38,CHL,CHL,Chile,CHL,CL,Chile,Chili,South America,Am,Latin America and the Caribbean,Am,5057,8,8
2022,39,CMR,CMR,Cameroon,CMR,CM,Cameroon,Cameroun,Middle Africa,Afrique australe,Africa,Afrique,3681,17,29
2022,40,COB,COG,Congo,COG,CG,Congo,Congo,Middle Africa,Afrique australe,Africa,Afrique,4810,4,4
2022,41,COD,COD,Dem. Rep. of the Congo,COD,CD,Dem. Rep. of the Congo,R,Middle Africa,Afrique australe,Africa,Afrique,4140,10,10
2022,42,COI,COM,Comoros,COM,KM,Comoros,Comores,Eastern Africa,Afrique orientale,Africa,Afrique,30,3,3
2022,44,COL,COL,Colombia,COL,CO,Colombia,Colombie,South America,Am,Latin America and the Caribbean,Am,5530,10,10
2022,45,COS,CRI,Costa Rica,CRI,CR,Costa Rica,Costa Rica,Central America,Am,Latin America and the Caribbean,Am,131075,42,55
2022,48,CYP,CYP,Cyprus,CYP,CY,Cyprus,Chypre,Western Asia,Asie occidentale,Asia,Asie,30944,55,104
2022,49,CZE,CZE,Czechia,CZE,CZ,Czechia,R,Eastern Europe,Europe orientale,Europe,Europe,1909,36,54
2022,50,DEN,DNK,Denmark,DNK,DK,Denmark,Danemark,Northern Europe,Europe septentrionale,Europe,Europe,4871,65,97
2022,51,DJB,DJI,Djibouti,DJI,DJ,Djibouti,Djibouti,Eastern Africa,Afrique orientale,Africa,Afrique,1985,3,3
2022,53,DOM,DOM,Dominican Rep.,DOM,DO,Dominican Rep.,R,Caribbean,Cara,Latin America and the Caribbean,Am,1943,9,13
2022,54,ECU,ECU,Ecuador,ECU,EC,Ecuador,Equateur,South America,Am,Latin America and the Caribbean,Am,1131,12,12
2022,57,EST,EST,Estonia,EST,EE,Estonia,Estonie,Northern Europe,Europe septentrionale,Europe,Europe,2928,12,12
2022,58,ETH,ETH,Ethiopia,ETH,ET,Ethiopia,Ethiopie,Eastern Africa,Afrique orientale,Africa,Afrique,192,6,6
2022,60,FIJ,FJI,Fiji,FJI,FJ,Fiji,Fidji,Melanesia,M,Oceania,Oc,13,2,2
2022,61,FIN,FIN,Finland,FIN,FI,Finland,Finlande,Northern Europe,Europe septentrionale,Europe,Europe,5777,67,89
2022,64,FRA,FRA,France,FRA,FR,France,France,Western Europe,Europe occidentale,Europe,Europe,192744,118,378
2022,67,GAB,GAB,Gabon,GAB,GA,Gabon,Gabon,Middle Africa,Afrique australe,Africa,Afrique,21,1,1
2022,68,GAM,GMB,Gambia,GMB,GM,Gambia,Gambie,Western Africa,Afrique occidentale,Africa,Afrique,868,2,2
2022,70,GBR,GBR,United Kingdom of Great Britain and Northern Ireland,GBR,GB,United Kingdom of Great Britain and Northern Ireland,Royaume-Uni,Northern Europe,Europe septentrionale,Europe,Europe,94729,141,248
2022,71,GEO,GEO,Georgia,GEO,GE,Georgia,G,Western Asia,Asie occidentale,Asia,Asie,1448,30,30
2022,72,GFR,DEU,Germany,DEU,DE,Germany,Allemagne,Western Europe,Europe occidentale,Europe,Europe,322831,120,302
2022,73,GHA,GHA,Ghana,GHA,GH,Ghana,Ghana,Western Africa,Afrique occidentale,Africa,Afrique,1387,14,14
2022,76,GRE,GRC,Greece,GRC,GR,Greece,Gr,Southern Europe,Europe australe,Europe,Europe,54144,76,181
2022,78,GUA,GTM,Guatemala,GTM,GT,Guatemala,Guatemala,Central America,Am,Latin America and the Caribbean,Am,955,15,15
2022,80,GUY,GUY,Guyana,GUY,GY,Guyana,Guyana,South America,Am,Latin America and the Caribbean,Am,40,4,4
2022,83,HON,HND,Honduras,HND,HN,Honduras,Honduras,Central America,Am,Latin America and the Caribbean,Am,151,5,5
2022,84,HRV,HRV,Croatia,HRV,HR,Croatia,Croatie,Southern Europe,Europe australe,Europe,Europe,2694,41,44
2022,85,HUN,HUN,Hungary,HUN,HU,Hungary,Hongrie,Eastern Europe,Europe orientale,Europe,Europe,30,4,4
2022,86,ICE,ISL,Iceland,ISL,IS,Iceland,Islande,Northern Europe,Europe septentrionale,Europe,Europe,5093,43,63
2022,87,ICO,CIV,Cote d'Ivoire,CIV,CI,Cote d'Ivoire,C,Western Africa,Afrique occidentale,Africa,Afrique,1351,11,11
2022,88,IND,IND,India,IND,IN,India,Inde,Southern Asia,Sud de l'Asie centrale,Asia,Asie,7841,21,31
2022,89,INS,IDN,Indonesia,IDN,ID,Indonesia,Indon,South-eastern Asia,Asie du Sud-Est,Asia,Asie,18,3,3
2022,90,IRE,IRL,Ireland,IRL,IE,Ireland,Irlande,Northern Europe,Europe septentrionale,Europe,Europe,14686,90,127
2022,92,IRQ,IRQ,Iraq,IRQ,IQ,Iraq,Iraq,Western Asia,Asie occidentale,Asia,Asie,466,7,7
2022,93,ISR,ISR,Israel,ISR,IL,Israel,Isra,Western Asia,Asie occidentale,Asia,Asie,3916,46,46
2022,94,ITA,ITA,Italy,ITA,IT,Italy,Italie,Southern Europe,Europe australe,Europe,Europe,76910,100,100
2022,96,JOR,JOR,Jordan,JOR,JO,Jordan,Jordanie,Western Asia,Asie occidentale,Asia,Asie,15,2,2
2022,97,JPN,JPN,Japan,JPN,JP,Japan,Japon,Eastern Asia,Asie orientale,Asia,Asie,8233,26,42
2022,98,KAZ,KAZ,Kazakhstan,KAZ,KZ,Kazakhstan,Kazakhstan,Central Asia,Sud de l'Asie centrale,Asia,Asie,650,5,7
2022,99,KEN,KEN,Kenya,KEN,KE,Kenya,Kenya,Eastern Africa,Afrique orientale,Africa,Afrique,16504,16,17
2022,100,KGZ,KGZ,Kyrgyzstan,KGZ,KG,Kyrgyzstan,Kirghizistan,Central Asia,Sud de l'Asie centrale,Asia,Asie,435,9,9
2022,102,KOR,KOR,Rep. of Korea,KOR,KR,Rep. of Korea,R,Eastern Asia,Asie orientale,Asia,Asie,15285,52,90
2022,104,KUW,KWT,Kuwait,KWT,KW,Kuwait,Kowe,Western Asia,Asie occidentale,Asia,Asie,46,4,4
2022,106,LBR,LBR,Liberia,LBR,LR,Liberia,Lib,Western Africa,Afrique occidentale,Africa,Afrique,259,2,2
2022,107,LBY,LBY,Libya,LBY,LY,Libya,Libye,Northern Africa,Afrique septentrionale,Africa,Afrique,20224,16,16
2022,109,LEB,LBN,Lebanon,LBN,LB,Lebanon,Liban,Western Asia,Asie occidentale,Asia,Asie,2154,26,36
2022,110,LES,LSO,Lesotho,LSO,LS,Lesotho,Lesotho,Southern Africa,Afrique australe,Africa,Afrique,160,8,8
2022,111,LIE,LIE,Liechtenstein,LIE,LI,Liechtenstein,Liechtenstein,Western Europe,Europe occidentale,Europe,Europe,67,10,10
2022,112,LKA,LKA,Sri Lanka,LKA,LK,Sri Lanka,Sri Lanka,Southern Asia,Sud de l'Asie centrale,Asia,Asie,210,3,4
2022,113,LTU,LTU,Lithuania,LTU,LT,Lithuania,Lituanie,Northern Europe,Europe septentrionale,Europe,Europe,1037,24,24
2022,114,LUX,LUX,Luxembourg,LUX,LU,Luxembourg,Luxembourg,Western Europe,Europe occidentale,Europe,Europe,2251,45,51
2022,115,LVA,LVA,Latvia,LVA,LV,Latvia,Lettonie,Northern Europe,Europe septentrionale,Europe,Europe,541,18,18
2022,117,MAD,MDG,Madagascar,MDG,MG,Madagascar,Madagascar,Eastern Africa,Afrique orientale,Africa,Afrique,24,1,1
2022,119,MAU,MRT,Mauritania,MRT,MR,Mauritania,Mauritanie,Western Africa,Afrique occidentale,Africa,Afrique,5939,24,29
2022,120,MCD,MKD,North Macedonia,MKD,MK,North Macedonia,Ex-R,Southern Europe,Europe australe,Europe,Europe,162,13,13
2022,122,MDA,MDA,Rep. of Moldova,MDA,MD,Rep. of Moldova,R,Eastern Europe,Europe orientale,Europe,Europe,9136,35,37
2022,124,MEX,MEX,Mexico,MEX,MX,Mexico,Mexique,Central America,Am,Latin America and the Caribbean,Am,118735,92,92
2022,126,MLI,MLI,Mali,MLI,ML,Mali,Mali,Western Africa,Afrique occidentale,Africa,Afrique,182,9,9
2022,127,MLS,MYS,Malaysia,MYS,MY,Malaysia,Malaisie,South-eastern Asia,Asie du Sud-Est,Asia,Asie,5814,19,26
2022,128,MLW,MWI,Malawi,MWI,MW,Malawi,Malawi,Eastern Africa,Afrique orientale,Africa,Afrique,4840,9,9
2022,130,MOR,MAR,Morocco,MAR,MA,Morocco,Maroc,Northern Africa,Afrique septentrionale,Africa,Afrique,4849,36,50
2022,131,MOZ,MOZ,Mozambique,MOZ,MZ,Mozambique,Mozambique,Eastern Africa,Afrique orientale,Africa,Afrique,1670,7,7
2022,132,MTA,MLT,Malta,MLT,MT,Malta,Malte,Southern Europe,Europe australe,Europe,Europe,995,33,33
2022,133,MNE,MNE,Montenegro,MNE,ME,Montenegro,Mont,Southern Europe,Europe australe,Europe,Europe,163,11,11
2022,136,NAM,NAM,Namibia,NAM,,Namibia,Namibie,Southern Africa,Afrique australe,Africa,Afrique,579,7,7
2022,138,NET,NLD,Netherlands (Kingdom of the),NLD,NL,Netherlands (Kingdom of the),Pays-Bas,Western Europe,Europe occidentale,Europe,Europe,36986,104,159
2022,139,NGR,NER,Niger,NER,NE,Niger,Niger,Western Africa,Afrique occidentale,Africa,Afrique,31855,15,21
2022,141,NIG,NGA,Nigeria,NGA,NG,Nigeria,Nig,Western Africa,Afrique occidentale,Africa,Afrique,606,14,17
2022,143,NOR,NOR,Norway,NOR,NO,Norway,Norv,Northern Europe,Europe septentrionale,Europe,Europe,5026,75,110
2022,144,NRU,NRU,Nauru,NRU,NR,Nauru,Nauru,Micronesia,Micron,Oceania,Oc,17,3,3
2022,145,NZL,NZL,New Zealand,NZL,NZ,New Zealand,Nouvelle-Z,Australia-New Zealand,Australie-Nouvelle-Z,Oceania,Oc,474,23,27
2022,147,PAK,PAK,Pakistan,PAK,PK,Pakistan,Pakistan,Southern Asia,Sud de l'Asie centrale,Asia,Asie,28485,1,2
2022,148,PAN,PAN,Panama,PAN,PA,Panama,Panama,Central America,Am,Latin America and the Caribbean,Am,694,10,10
2022,149,PAR,PRY,Paraguay,PRY,PY,Paraguay,Paraguay,South America,Am,Latin America and the Caribbean,Am,1299,8,8
2022,150,PER,PER,Peru,PER,PE,Peru,P,South America,Am,Latin America and the Caribbean,Am,1428,13,13
2022,151,PHI,PHL,Philippines,PHL,PH,Philippines,Philippines,South-eastern Asia,Asie du Sud-Est,Asia,Asie,285,24,24
2022,153,PNG,PNG,Papua New Guinea,PNG,PG,Papua New Guinea,Papouasie-Nouvelle-Guin,Melanesia,M,Oceania,Oc,3330,4,4
2022,154,POL,POL,Poland,POL,PL,Poland,Pologne,Eastern Europe,Europe orientale,Europe,Europe,9403,53,80
2022,155,POR,PRT,Portugal,PRT,PT,Portugal,Portugal,Southern Europe,Europe australe,Europe,Europe,1976,54,54
2022,158,ROM,ROU,Romania,ROU,RO,Romania,Roumanie,Eastern Europe,Europe orientale,Europe,Europe,12524,54,69
2022,159,RSA,ZAF,South Africa,ZAF,ZA,South Africa,Afrique du Sud,Southern Africa,Afrique australe,Africa,Afrique,8754,23,55
2022,160,RUS,RUS,Russian Federation,RUS,RU,Russian Federation,F,Eastern Europe,Europe orientale,Europe,Europe,102956,41,52
2022,161,RWA,RWA,Rwanda,RWA,RW,Rwanda,Rwanda,Eastern Africa,Afrique orientale,Africa,Afrique,762,10,10
2022,162,SAL,SLV,El Salvador,SLV,SV,El Salvador,El Salvador,Central America,Am,Latin America and the Caribbean,Am,76,7,7
2022,163,SAU,SAU,Saudi Arabia,SAU,SA,Saudi Arabia,Arabie saoudite,Western Asia,Asie occidentale,Asia,Asie,7,1,1
2022,164,SRB,SRB,Serbia and Kosovo: S/RES/1244 (1999),SRB,RS,Serbia and Kosovo: S/RES/1244 (1999),Serbie,Southern Europe,Europe australe,Europe,Europe,900,23,26
2022,165,SEN,SEN,Senegal,SEN,SN,Senegal,S,Western Africa,Afrique occidentale,Africa,Afrique,9,1,1
2022,172,SOM,SOM,Somalia,SOM,SO,Somalia,Somalie,Eastern Africa,Afrique orientale,Africa,Afrique,2932,6,6
2022,173,SPA,ESP,Spain,ESP,ES,Spain,Espagne,Southern Europe,Europe australe,Europe,Europe,118810,99,99
2022,174,SRV,VNM,Viet Nam,VNM,VN,Viet Nam,Viet Nam,South-eastern Asia,Asie du Sud-Est,Asia,Asie,5,1,1
2022,177,SUD,SDN,Sudan,SDN,SD,Sudan,Soudan,Northern Africa,Afrique septentrionale,Africa,Afrique,10016,7,9
2022,178,SUR,SUR,Suriname,SUR,SR,Suriname,Suriname,South America,Am,Latin America and the Caribbean,Am,412,3,3
2022,179,SSD,SSD,South Sudan,SSD,SS,South Sudan,,Eastern Africa,Afrique septentrionale,Africa,Afrique,637,3,3
2022,180,SVK,SVK,Slovakia,SVK,SK,Slovakia,Slovaquie,Eastern Europe,Europe orientale,Europe,Europe,529,18,23
2022,181,SVN,SVN,Slovenia,SVN,SI,Slovenia,Slov,Southern Europe,Europe australe,Europe,Europe,6720,44,48
2022,182,SWA,SWZ,Eswatini,SWZ,SZ,Eswatini,Eswatini,Southern Africa,Afrique australe,Africa,Afrique,522,9,9
2022,183,SWE,SWE,Sweden,SWE,SE,Sweden,Su,Northern Europe,Europe septentrionale,Europe,Europe,23424,104,252
2022,184,SWI,CHE,Switzerland,CHE,CH,Switzerland,Suisse,Western Europe,Europe occidentale,Europe,Europe,24481,107,141
2022,185,SYR,SYR,Syrian Arab Rep.,SYR,SY,Syrian Arab Rep.,R,Western Asia,Asie occidentale,Asia,Asie,638,18,22
2022,186,TAN,TZA,United Rep. of Tanzania,TZA,TZ,United Rep. of Tanzania,R,Eastern Africa,Afrique orientale,Africa,Afrique,978,6,6
2022,188,THA,THA,Thailand,THA,TH,Thailand,Tha,South-eastern Asia,Asie du Sud-Est,Asia,Asie,697,16,21
2022,189,TJK,TJK,Tajikistan,TJK,TJ,Tajikistan,Tadjikistan,Central Asia,Sud de l'Asie centrale,Asia,Asie,334,2,2
2022,192,TOG,TGO,Togo,TGO,TG,Togo,Togo,Western Africa,Afrique occidentale,Africa,Afrique,181,11,12
2022,194,TRT,TTO,Trinidad and Tobago,TTO,TT,Trinidad and Tobago,Trinit,Caribbean,Cara,Latin America and the Caribbean,Am,3164,12,12
2022,195,TUN,TUN,Tunisia,TUN,TN,Tunisia,Tunisie,Northern Africa,Afrique septentrionale,Africa,Afrique,920,28,28
2022,196,TUR,TUR,Türkiye,TUR,TR,Türkiye,Türkiye,Western Asia,Asie occidentale,Asia,Asie,33246,5,5
2022,198,UAE,ARE,United Arab Emirates,ARE,AE,United Arab Emirates,Emirats arabes unis,Western Asia,Asie occidentale,Asia,Asie,44,2,2
2022,199,UGA,UGA,Uganda,UGA,UG,Uganda,Ouganda,Eastern Africa,Afrique orientale,Africa,Afrique,26438,16,20
2022,200,UKR,UKR,Ukraine,UKR,UA,Ukraine,Ukraine,Eastern Europe,Europe orientale,Europe,Europe,356,18,23
2022,201,URU,URY,Uruguay,URY,UY,Uruguay,Uruguay,South America,Am,Latin America and the Caribbean,Am,8307,18,18
2022,202,USA,USA,United States of America,USA,US,United States of America,Etats-Unis d'Am,Northern America,Am,Northern America,Am,752693,168,412
2022,207,VEN,VEN,Venezuela (Bolivarian Republic of),VEN,VE,Venezuela (Bolivarian Republic of),Venezuela (R,South America,Am,Latin America and the Caribbean,Am,548,1,1
2022,211,YEM,YEM,Yemen,YEM,YE,Yemen,Y,Western Asia,Asie occidentale,Asia,Asie,3356,7,8
2022,213,ZAM,ZMB,Zambia,ZMB,ZM,Zambia,Zambie,Eastern Africa,Afrique orientale,Africa,Afrique,10555,13,13
2022,214,ZIM,ZWE,Zimbabwe,ZWE,ZW,Zimbabwe,Zimbabwe,Eastern Africa,Afrique orientale,Africa,Afrique,250,4,4
2023,2,AFG,AFG,Afghanistan,AFG,AF,Afghanistan,Afghanistan,Southern Asia,Sud de l'Asie centrale,Asia,Asie,37,2,2
2023,3,ALB,ALB,Albania,ALB,AL,Albania,Albanie,Southern Europe,Europe australe,Europe,Europe,28,5,5
2023,4,ALG,DZA,Algeria,DZA,DZ,Algeria,Alg,Northern Africa,Afrique septentrionale,Africa,Afrique,1849,25,42
2023,8,ARE,EGY,Egypt,EGY,EG,Egypt,Egypte,Northern Africa,Afrique septentrionale,Africa,Afrique,184049,32,43
2023,9,ARG,ARG,Argentina,ARG,AR,Argentina,Argentine,South America,Am,Latin America and the Caribbean,Am,2096,35,46
2023,10,ARM,ARM,Armenia,ARM,AM,Armenia,Arm,Western Asia,Asie occidentale,Asia,Asie,917,22,26
2023,11,AUL,AUS,Australia,AUS,AU,Australia,Australie,Australia-New Zealand,Australie-Nouvelle-Z,Oceania,Oc,44210,122,177
2023,12,AUS,AUT,Austria,AUT,AT,Austria,Autriche,Western Europe,Europe occidentale,Europe,Europe,59215,81,81
2023,13,AZE,AZE,Azerbaijan,AZE,AZ,Azerbaijan,Azerba,Western Asia,Asie occidentale,Asia,Asie,222,5,8
2023,15,BAR,BRB,Barbados,BRB,BB,Barbados,Barbade,Caribbean,Cara,Latin America and the Caribbean,Am,5,1,1
2023,16,BDI,BDI,Burundi,BDI,BI,Burundi,Burundi,Eastern Africa,Afrique orientale,Africa,Afrique,3066,3,3
2023,17,BEL,BEL,Belgium,BEL,BE,Belgium,Belgique,Western Europe,Europe occidentale,Europe,Europe,44445,114,266
2023,18,BEN,BEN,Benin,BEN,BJ,Benin,B,Western Africa,Afrique occidentale,Africa,Afrique,9718,14,14
2023,23,BKF,BFA,Burkina Faso,BFA,BF,Burkina Faso,Burkina Faso,Western Africa,Afrique occidentale,Africa,Afrique,604,4,4
2023,24,BLR,BLR,Belarus,BLR,BY,Belarus,B,Eastern Europe,Europe orientale,Europe,Europe,1417,22,28
2023,25,BOL,BOL,Bolivia (Plurinational State of),BOL,BO,Bolivia (Plurinational State of),Bolivie,South America,Am,Latin America and the Caribbean,Am,21,4,4
2023,27,BRA,BRA,Brazil,BRA,BR,Brazil,Br,South America,Am,Latin America and the Caribbean,Am,58613,107,107
2023,29,BSN,BIH,Bosnia and Herzegovina,BIH,BA,Bosnia and Herzegovina,Bosnie-Herz,Southern Europe,Europe australe,Europe,Europe,152,11,12
2023,30,BUL,BGR,Bulgaria,BGR,BG,Bulgaria,Bulgarie,Eastern Europe,Europe orientale,Europe,Europe,22506,30,30
2023,31,BZE,BLZ,Belize,BLZ,BZ,Belize,Belize,Central America,Am,Latin America and the Caribbean,Am,245,7,7
2023,33,CAN,CAN,Canada,CAN,CA,Canada,Canada,Northern America,Am,Northern America,Am,157508,164,356
2023,34,CAR,CAF,Central African Rep.,CAF,CF,Central African Rep.,R,Middle Africa,Afrique australe,Africa,Afrique,32071,4,4
2023,35,CAY,CYM,Cayman Islands,CYM,KY,Cayman Islands,Iles Ca,Caribbean,Cara,Latin America and the Caribbean,Am,90,1,1
2023,36,CHD,TCD,Chad,TCD,TD,Chad,Tchad,Middle Africa,Afrique australe,Africa,Afrique,829,10,10
2023,37,CHI,CHN,China,CHN,CN,China,Chine,Eastern Asia,Asie orientale,Asia,Asie,177,15,20
2023,38,CHL,CHL,Chile,CHL,CL,Chile,Chili,South America,Am,Latin America and the Caribbean,Am,3626,7,7
2023,39,CMR,CMR,Cameroon,CMR,CM,Cameroon,Cameroun,Middle Africa,Afrique australe,Africa,Afrique,7341,19,32
2023,40,COB,COG,Congo,COG,CG,Congo,Congo,Middle Africa,Afrique australe,Africa,Afrique,2851,8,8
2023,41,COD,COD,Dem. Rep. of the Congo,COD,CD,Dem. Rep. of the Congo,R,Middle Africa,Afrique australe,Africa,Afrique,10529,9,9
2023,44,COL,COL,Colombia,COL,CO,Colombia,Colombie,South America,Am,Latin America and the Caribbean,Am,5791,10,10
2023,45,COS,CRI,Costa Rica,CRI,CR,Costa Rica,Costa Rica,Central America,Am,Latin America and the Caribbean,Am,36466,28,44
2023,46,CUB,CUB,Cuba,CUB,CU,Cuba,Cuba,Caribbean,Cara,Latin America and the Caribbean,Am,35,4,4
2023,48,CYP,CYP,Cyprus,CYP,CY,Cyprus,Chypre,Western Asia,Asie occidentale,Asia,Asie,20232,51,99
2023,49,CZE,CZE,Czechia,CZE,CZ,Czechia,R,Eastern Europe,Europe orientale,Europe,Europe,2123,39,88
2023,50,DEN,DNK,Denmark,DNK,DK,Denmark,Danemark,Northern Europe,Europe septentrionale,Europe,Europe,2759,55,80
2023,51,DJB,DJI,Djibouti,DJI,DJ,Djibouti,Djibouti,Eastern Africa,Afrique orientale,Africa,Afrique,595,4,4
2023,53,DOM,DOM,Dominican Rep.,DOM,DO,Dominican Rep.,R,Caribbean,Cara,Latin America and the Caribbean,Am,1672,10,10
2023,54,ECU,ECU,Ecuador,ECU,EC,Ecuador,Equateur,South America,Am,Latin America and the Caribbean,Am,5441,19,19
2023,57,EST,EST,Estonia,EST,EE,Estonia,Estonie,Northern Europe,Europe septentrionale,Europe,Europe,3978,18,18
2023,58,ETH,ETH,Ethiopia,ETH,ET,Ethiopia,Ethiopie,Eastern Africa,Afrique orientale,Africa,Afrique,61967,9,9
2023,60,FIJ,FJI,Fiji,FJI,FJ,Fiji,Fidji,Melanesia,M,Oceania,Oc,11,2,2
2023,61,FIN,FIN,Finland,FIN,FI,Finland,Finlande,Northern Europe,Europe septentrionale,Europe,Europe,5337,69,95
2023,64,FRA,FRA,France,FRA,FR,France,France,Western Europe,Europe occidentale,Europe,Europe,142642,103,191
2023,67,GAB,GAB,Gabon,GAB,GA,Gabon,Gabon,Middle Africa,Afrique australe,Africa,Afrique,20,3,3
2023,68,GAM,GMB,Gambia,GMB,GM,Gambia,Gambie,Western Africa,Afrique occidentale,Africa,Afrique,256,6,6
2023,70,GBR,GBR,United Kingdom of Great Britain and Northern Ireland,GBR,GB,United Kingdom of Great Britain and Northern Ireland,Royaume-Uni,Northern Europe,Europe septentrionale,Europe,Europe,89280,146,255
2023,71,GEO,GEO,Georgia,GEO,GE,Georgia,G,Western Asia,Asie occidentale,Asia,Asie,1040,35,35
2023,72,GFR,DEU,Germany,DEU,DE,Germany,Allemagne,Western Europe,Europe occidentale,Europe,Europe,444432,135,321
2023,73,GHA,GHA,Ghana,GHA,GH,Ghana,Ghana,Western Africa,Afrique occidentale,Africa,Afrique,2450,11,11
2023,76,GRE,GRC,Greece,GRC,GR,Greece,Gr,Southern Europe,Europe australe,Europe,Europe,75142,83,196
2023,78,GUA,GTM,Guatemala,GTM,GT,Guatemala,Guatemala,Central America,Am,Latin America and the Caribbean,Am,1247,13,13
2023,80,GUY,GUY,Guyana,GUY,GY,Guyana,Guyana,South America,Am,Latin America and the Caribbean,Am,15,2,2
2023,81,HAI,HTI,Haiti,HTI,HT,Haiti,Ha,Caribbean,Cara,Latin America and the Caribbean,Am,5,1,1
2023,83,HON,HND,Honduras,HND,HN,Honduras,Honduras,Central America,Am,Latin America and the Caribbean,Am,107,6,6
2023,84,HRV,HRV,Croatia,HRV,HR,Croatia,Croatie,Southern Europe,Europe australe,Europe,Europe,1727,36,40
2023,85,HUN,HUN,Hungary,HUN,HU,Hungary,Hongrie,Eastern Europe,Europe orientale,Europe,Europe,24,4,4
2023,86,ICE,ISL,Iceland,ISL,IS,Iceland,Islande,Northern Europe,Europe septentrionale,Europe,Europe,5246,42,61
2023,87,ICO,CIV,Cote d'Ivoire,CIV,CI,Cote d'Ivoire,C,Western Africa,Afrique occidentale,Africa,Afrique,33914,18,18
2023,88,IND,IND,India,IND,IN,India,Inde,Southern Asia,Sud de l'Asie centrale,Asia,Asie,4370,29,42
2023,89,INS,IDN,Indonesia,IDN,ID,Indonesia,Indon,South-eastern Asia,Asie du Sud-Est,Asia,Asie,25,4,4
2023,90,IRE,IRL,Ireland,IRL,IE,Ireland,Irlande,Northern Europe,Europe septentrionale,Europe,Europe,17690,94,141
2023,92,IRQ,IRQ,Iraq,IRQ,IQ,Iraq,Iraq,Western Asia,Asie occidentale,Asia,Asie,334,7,7
2023,93,ISR,ISR,Israel,ISR,IL,Israel,Isra,Western Asia,Asie occidentale,Asia,Asie,6813,56,56
2023,94,ITA,ITA,Italy,ITA,IT,Italy,Italie,Southern Europe,Europe australe,Europe,Europe,135789,101,149
2023,96,JOR,JOR,Jordan,JOR,JO,Jordan,Jordanie,Western Asia,Asie occidentale,Asia,Asie,61,3,3
2023,97,JPN,JPN,Japan,JPN,JP,Japan,Japon,Eastern Asia,Asie orientale,Asia,Asie,19070,25,41
2023,98,KAZ,KAZ,Kazakhstan,KAZ,KZ,Kazakhstan,Kazakhstan,Central Asia,Sud de l'Asie centrale,Asia,Asie,583,10,15
2023,99,KEN,KEN,Kenya,KEN,KE,Kenya,Kenya,Eastern Africa,Afrique orientale,Africa,Afrique,92937,17,17
2023,100,KGZ,KGZ,Kyrgyzstan,KGZ,KG,Kyrgyzstan,Kirghizistan,Central Asia,Sud de l'Asie centrale,Asia,Asie,823,9,9
2023,102,KOR,KOR,Rep. of Korea,KOR,KR,Rep. of Korea,R,Eastern Asia,Asie orientale,Asia,Asie,24075,57,97
2023,104,KUW,KWT,Kuwait,KWT,KW,Kuwait,Kowe,Western Asia,Asie occidentale,Asia,Asie,17,3,3
2023,106,LBR,LBR,Liberia,LBR,LR,Liberia,Lib,Western Africa,Afrique occidentale,Africa,Afrique,52,3,3
2023,107,LBY,LBY,Libya,LBY,LY,Libya,Libye,Northern Africa,Afrique septentrionale,Africa,Afrique,30349,15,15
2023,108,LCA,LCA,Saint Lucia,LCA,LC,Saint Lucia,Sainte-Lucie,Caribbean,Cara,Latin America and the Caribbean,Am,5,1,1
2023,109,LEB,LBN,Lebanon,LBN,LB,Lebanon,Liban,Western Asia,Asie occidentale,Asia,Asie,2191,30,40
2023,110,LES,LSO,Lesotho,LSO,LS,Lesotho,Lesotho,Southern Africa,Afrique australe,Africa,Afrique,126,9,9
2023,111,LIE,LIE,Liechtenstein,LIE,LI,Liechtenstein,Liechtenstein,Western Europe,Europe occidentale,Europe,Europe,381,14,14
2023,112,LKA,LKA,Sri Lanka,LKA,LK,Sri Lanka,Sri Lanka,Southern Asia,Sud de l'Asie centrale,Asia,Asie,79,2,3
2023,113,LTU,LTU,Lithuania,LTU,LT,Lithuania,Lituanie,Northern Europe,Europe septentrionale,Europe,Europe,562,23,23
2023,114,LUX,LUX,Luxembourg,LUX,LU,Luxembourg,Luxembourg,Western Europe,Europe occidentale,Europe,Europe,2668,52,62
2023,115,LVA,LVA,Latvia,LVA,LV,Latvia,Lettonie,Northern Europe,Europe septentrionale,Europe,Europe,1603,34,34
2023,117,MAD,MDG,Madagascar,MDG,MG,Madagascar,Madagascar,Eastern Africa,Afrique orientale,Africa,Afrique,828,2,2
2023,119,MAU,MRT,Mauritania,MRT,MR,Mauritania,Mauritanie,Western Africa,Afrique occidentale,Africa,Afrique,4201,25,27
2023,120,MCD,MKD,North Macedonia,MKD,MK,North Macedonia,Ex-R,Southern Europe,Europe australe,Europe,Europe,598,18,18
2023,122,MDA,MDA,Rep. of Moldova,MDA,MD,Rep. of Moldova,R,Eastern Europe,Europe orientale,Europe,Europe,4148,25,28
2023,124,MEX,MEX,Mexico,MEX,MX,Mexico,Mexique,Central America,Am,Latin America and the Caribbean,Am,140979,82,82
2023,126,MLI,MLI,Mali,MLI,ML,Mali,Mali,Western Africa,Afrique occidentale,Africa,Afrique,43,5,5
2023,127,MLS,MYS,Malaysia,MYS,MY,Malaysia,Malaisie,South-eastern Asia,Asie du Sud-Est,Asia,Asie,10176,26,29
2023,128,MLW,MWI,Malawi,MWI,MW,Malawi,Malawi,Eastern Africa,Afrique orientale,Africa,Afrique,4607,7,7
2023,130,MOR,MAR,Morocco,MAR,MA,Morocco,Maroc,Northern Africa,Afrique septentrionale,Africa,Afrique,3813,30,41
2023,132,MTA,MLT,Malta,MLT,MT,Malta,Malte,Southern Europe,Europe australe,Europe,Europe,591,27,27
2023,133,MNE,MNE,Montenegro,MNE,ME,Montenegro,Mont,Southern Europe,Europe australe,Europe,Europe,140,10,10
2023,134,MTS,MUS,Mauritius,MUS,MU,Mauritius,Maurice,Eastern Africa,Afrique orientale,Africa,Afrique,19,3,3
2023,136,NAM,NAM,Namibia,NAM,,Namibia,Namibie,Southern Africa,Afrique australe,Africa,Afrique,414,3,3
2023,137,NEP,NPL,Nepal,NPL,NP,Nepal,N,Southern Asia,Sud de l'Asie centrale,Asia,Asie,31,3,3
2023,138,NET,NLD,Netherlands (Kingdom of the),NLD,NL,Netherlands (Kingdom of the),Pays-Bas,Western Europe,Europe occidentale,Europe,Europe,39680,105,160
2023,139,NGR,NER,Niger,NER,NE,Niger,Niger,Western Africa,Afrique occidentale,Africa,Afrique,7042,16,25
2023,141,NIG,NGA,Nigeria,NGA,NG,Nigeria,Nig,Western Africa,Afrique occidentale,Africa,Afrique,33174,14,17
2023,143,NOR,NOR,Norway,NOR,NO,Norway,Norv,Northern Europe,Europe septentrionale,Europe,Europe,6344,79,131
2023,144,NRU,NRU,Nauru,NRU,NR,Nauru,Nauru,Micronesia,Micron,Oceania,Oc,13,2,2
2023,145,NZL,NZL,New Zealand,NZL,NZ,New Zealand,Nouvelle-Z,Australia-New Zealand,Australie-Nouvelle-Z,Oceania,Oc,1888,40,52
2023,147,PAK,PAK,Pakistan,PAK,PK,Pakistan,Pakistan,Southern Asia,Sud de l'Asie centrale,Asia,Asie,6746,6,7
2023,148,PAN,PAN,Panama,PAN,PA,Panama,Panama,Central America,Am,Latin America and the Caribbean,Am,357,10,10
2023,149,PAR,PRY,Paraguay,PRY,PY,Paraguay,Paraguay,South America,Am,Latin America and the Caribbean,Am,1102,10,10
2023,150,PER,PER,Peru,PER,PE,Peru,P,South America,Am,Latin America and the Caribbean,Am,10453,45,45
2023,151,PHI,PHL,Philippines,PHL,PH,Philippines,Philippines,South-eastern Asia,Asie du Sud-Est,Asia,Asie,447,33,33
2023,153,PNG,PNG,Papua New Guinea,PNG,PG,Papua New Guinea,Papouasie-Nouvelle-Guin,Melanesia,M,Oceania,Oc,5,1,1
2023,154,POL,POL,Poland,POL,PL,Poland,Pologne,Eastern Europe,Europe orientale,Europe,Europe,11099,64,137
2023,155,POR,PRT,Portugal,PRT,PT,Portugal,Portugal,Southern Europe,Europe australe,Europe,Europe,2576,53,53
2023,158,ROM,ROU,Romania,ROU,RO,Romania,Roumanie,Eastern Europe,Europe orientale,Europe,Europe,10312,45,65
2023,159,RSA,ZAF,South Africa,ZAF,ZA,South Africa,Afrique du Sud,Southern Africa,Afrique australe,Africa,Afrique,20442,39,39
2023,160,RUS,RUS,Russian Federation,RUS,RU,Russian Federation,F,Eastern Europe,Europe orientale,Europe,Europe,8507,54,62
2023,161,RWA,RWA,Rwanda,RWA,RW,Rwanda,Rwanda,Eastern Africa,Afrique orientale,Africa,Afrique,12899,9,11
2023,162,SAL,SLV,El Salvador,SLV,SV,El Salvador,El Salvador,Central America,Am,Latin America and the Caribbean,Am,213,8,8
2023,164,SRB,SRB,Serbia and Kosovo: S/RES/1244 (1999),SRB,RS,Serbia and Kosovo: S/RES/1244 (1999),Serbie,Southern Europe,Europe australe,Europe,Europe,377,27,28
2023,165,SEN,SEN,Senegal,SEN,SN,Senegal,S,Western Africa,Afrique occidentale,Africa,Afrique,548,21,21
2023,168,SIN,SGP,Singapore,SGP,SG,Singapore,Singapour,South-eastern Asia,Asie du Sud-Est,Asia,Asie,5,1,1
2023,172,SOM,SOM,Somalia,SOM,SO,Somalia,Somalie,Eastern Africa,Afrique orientale,Africa,Afrique,2429,5,6
2023,173,SPA,ESP,Spain,ESP,ES,Spain,Espagne,Southern Europe,Europe australe,Europe,Europe,163192,97,97
2023,174,SRV,VNM,Viet Nam,VNM,VN,Viet Nam,Viet Nam,South-eastern Asia,Asie du Sud-Est,Asia,Asie,136,1,1
2023,175,STK,KNA,Saint Kitts and Nevis,KNA,KN,Saint Kitts and Nevis,Saint-Kitts-et-Nevis,Caribbean,Cara,Latin America and the Caribbean,Am,19,2,2
2023,177,SUD,SDN,Sudan,SDN,SD,Sudan,Soudan,Northern Africa,Afrique septentrionale,Africa,Afrique,18907,4,4
2023,178,SUR,SUR,Suriname,SUR,SR,Suriname,Suriname,South America,Am,Latin America and the Caribbean,Am,612,3,3
2023,179,SSD,SSD,South Sudan,SSD,SS,South Sudan,,Eastern Africa,Afrique septentrionale,Africa,Afrique,4708,7,7
2023,180,SVK,SVK,Slovakia,SVK,SK,Slovakia,Slovaquie,Eastern Europe,Europe orientale,Europe,Europe,386,19,22
2023,181,SVN,SVN,Slovenia,SVN,SI,Slovenia,Slov,Southern Europe,Europe australe,Europe,Europe,7287,36,44
2023,182,SWA,SWZ,Eswatini,SWZ,SZ,Eswatini,Eswatini,Southern Africa,Afrique australe,Africa,Afrique,829,10,10
2023,183,SWE,SWE,Sweden,SWE,SE,Sweden,Su,Northern Europe,Europe septentrionale,Europe,Europe,21404,103,260
2023,184,SWI,CHE,Switzerland,CHE,CH,Switzerland,Suisse,Western Europe,Europe occidentale,Europe,Europe,30191,99,140
2023,185,SYR,SYR,Syrian Arab Rep.,SYR,SY,Syrian Arab Rep.,R,Western Asia,Asie occidentale,Asia,Asie,191,8,9
2023,186,TAN,TZA,United Rep. of Tanzania,TZA,TZ,United Rep. of Tanzania,R,Eastern Africa,Afrique orientale,Africa,Afrique,13314,5,5
2023,188,THA,THA,Thailand,THA,TH,Thailand,Tha,South-eastern Asia,Asie du Sud-Est,Asia,Asie,1734,20,28
2023,189,TJK,TJK,Tajikistan,TJK,TJ,Tajikistan,Tadjikistan,Central Asia,Sud de l'Asie centrale,Asia,Asie,925,2,2
2023,192,TOG,TGO,Togo,TGO,TG,Togo,Togo,Western Africa,Afrique occidentale,Africa,Afrique,23587,15,15
2023,194,TRT,TTO,Trinidad and Tobago,TTO,TT,Trinidad and Tobago,Trinit,Caribbean,Cara,Latin America and the Caribbean,Am,5,1,1
2023,195,TUN,TUN,Tunisia,TUN,TN,Tunisia,Tunisie,Northern Africa,Afrique septentrionale,Africa,Afrique,7141,29,29
2023,196,TUR,TUR,Türkiye,TUR,TR,Türkiye,Türkiye,Western Asia,Asie occidentale,Asia,Asie,19017,5,5
2023,198,UAE,ARE,United Arab Emirates,ARE,AE,United Arab Emirates,Emirats arabes unis,Western Asia,Asie occidentale,Asia,Asie,88,4,4
2023,199,UGA,UGA,Uganda,UGA,UG,Uganda,Ouganda,Eastern Africa,Afrique orientale,Africa,Afrique,37927,21,25
2023,200,UKR,UKR,Ukraine,UKR,UA,Ukraine,Ukraine,Eastern Europe,Europe orientale,Europe,Europe,181,8,11
2023,201,URU,URY,Uruguay,URY,UY,Uruguay,Uruguay,South America,Am,Latin America and the Caribbean,Am,9112,20,20
2023,202,USA,USA,United States of America,USA,US,United States of America,Etats-Unis d'Am,Northern America,Am,Northern America,Am,1189166,178,410
2023,204,VAN,VUT,Vanuatu,VUT,VU,Vanuatu,Vanuatu,Melanesia,M,Oceania,Oc,5,1,1
2023,207,VEN,VEN,Venezuela (Bolivarian Republic of),VEN,VE,Venezuela (Bolivarian Republic of),Venezuela (R,South America,Am,Latin America and the Caribbean,Am,532,2,2
2023,211,YEM,YEM,Yemen,YEM,YE,Yemen,Y,Western Asia,Asie occidentale,Asia,Asie,3891,6,7
2023,213,ZAM,ZMB,Zambia,ZMB,ZM,Zambia,Zambie,Eastern Africa,Afrique orientale,Africa,Afrique,13114,13,13
2023,214,ZIM,ZWE,Zimbabwe,ZWE,ZW,Zimbabwe,Zimbabwe,Eastern Africa,Afrique orientale,Africa,Afrique,1027,6,6
2023,255,SXM,SXM,Sint Maarten (Dutch part),SXM,SX,Sint Maarten (Dutch part),Saint-Martin,Caribbean,Cara,Latin America and the Caribbean,Am,26,2,2
2024,2,AFG,AFG,Afghanistan,AFG,AF,Afghanistan,Afghanistan,Southern Asia,Sud de l'Asie centrale,Asia,Asie,120,3,3
2024,3,ALB,ALB,Albania,ALB,AL,Albania,Albanie,Southern Europe,Europe australe,Europe,Europe,16,3,3
2024,4,ALG,DZA,Algeria,DZA,DZ,Algeria,Alg,Northern Africa,Afrique septentrionale,Africa,Afrique,2210,24,36
2024,7,ANT,ATG,Antigua and Barbuda,ATG,AG,Antigua and Barbuda,Antigua-et-Barbuda,Caribbean,Cara,Latin America and the Caribbean,Am,10,2,2
2024,8,ARE,EGY,Egypt,EGY,EG,Egypt,Egypte,Northern Africa,Afrique septentrionale,Africa,Afrique,437229,36,47
2024,9,ARG,ARG,Argentina,ARG,AR,Argentina,Argentine,South America,Am,Latin America and the Caribbean,Am,2538,38,53
2024,10,ARM,ARM,Armenia,ARM,AM,Armenia,Arm,Western Asia,Asie occidentale,Asia,Asie,978,22,33
2024,11,AUL,AUS,Australia,AUS,AU,Australia,Australie,Australia-New Zealand,Australie-Nouvelle-Z,Oceania,Oc,20753,71,71
2024,12,AUS,AUT,Austria,AUT,AT,Austria,Autriche,Western Europe,Europe occidentale,Europe,Europe,25322,75,114
2024,13,AZE,AZE,Azerbaijan,AZE,AZ,Azerbaijan,Azerba,Western Asia,Asie occidentale,Asia,Asie,299,7,9
2024,15,BAR,BRB,Barbados,BRB,BB,Barbados,Barbade,Caribbean,Cara,Latin America and the Caribbean,Am,8,1,1
2024,16,BDI,BDI,Burundi,BDI,BI,Burundi,Burundi,Eastern Africa,Afrique orientale,Africa,Afrique,3832,2,2
2024,17,BEL,BEL,Belgium,BEL,BE,Belgium,Belgique,Western Europe,Europe occidentale,Europe,Europe,46583,108,250
2024,18,BEN,BEN,Benin,BEN,BJ,Benin,B,Western Africa,Afrique occidentale,Africa,Afrique,10264,14,14
2024,20,BGD,BGD,Bangladesh,BGD,BD,Bangladesh,Bangladesh,Southern Asia,Sud de l'Asie centrale,Asia,Asie,58,3,3
2024,21,BHS,BHS,Bahamas,BHS,BS,Bahamas,Bahamas,Caribbean,Cara,Latin America and the Caribbean,Am,12,2,2
2024,23,BKF,BFA,Burkina Faso,BFA,BF,Burkina Faso,Burkina Faso,Western Africa,Afrique occidentale,Africa,Afrique,1052,4,4
2024,24,BLR,BLR,Belarus,BLR,BY,Belarus,B,Eastern Europe,Europe orientale,Europe,Europe,2279,21,25
2024,25,BOL,BOL,Bolivia (Plurinational State of),BOL,BO,Bolivia (Plurinational State of),Bolivie,South America,Am,Latin America and the Caribbean,Am,17,2,2
2024,27,BRA,BRA,Brazil,BRA,BR,Brazil,Br,South America,Am,Latin America and the Caribbean,Am,68152,109,109
2024,29,BSN,BIH,Bosnia and Herzegovina,BIH,BA,Bosnia and Herzegovina,Bosnie-Herz,Southern Europe,Europe australe,Europe,Europe,239,15,18
2024,30,BUL,BGR,Bulgaria,BGR,BG,Bulgaria,Bulgarie,Eastern Europe,Europe orientale,Europe,Europe,12231,27,27
2024,31,BZE,BLZ,Belize,BLZ,BZ,Belize,Belize,Central America,Am,Latin America and the Caribbean,Am,242,4,4
2024,33,CAN,CAN,Canada,CAN,CA,Canada,Canada,Northern America,Am,Northern America,Am,188145,165,299
2024,34,CAR,CAF,Central African Rep.,CAF,CF,Central African Rep.,R,Middle Africa,Afrique australe,Africa,Afrique,8226,8,8
2024,35,CAY,CYM,Cayman Islands,CYM,KY,Cayman Islands,Iles Ca,Caribbean,Cara,Latin America and the Caribbean,Am,36,1,1
2024,36,CHD,TCD,Chad,TCD,TD,Chad,Tchad,Middle Africa,Afrique australe,Africa,Afrique,8221,10,10
2024,37,CHI,CHN,China,CHN,CN,China,Chine,Eastern Asia,Asie orientale,Asia,Asie,124,10,14
2024,38,CHL,CHL,Chile,CHL,CL,Chile,Chili,South America,Am,Latin America and the Caribbean,Am,2494,8,8
2024,39,CMR,CMR,Cameroon,CMR,CM,Cameroon,Cameroun,Middle Africa,Afrique australe,Africa,Afrique,10199,14,26
2024,40,COB,COG,Congo,COG,CG,Congo,Congo,Middle Africa,Afrique australe,Africa,Afrique,1278,14,14
2024,41,COD,COD,Dem. Rep. of the Congo,COD,CD,Dem. Rep. of the Congo,R,Middle Africa,Afrique australe,Africa,Afrique,6101,10,10
2024,42,COI,COM,Comoros,COM,KM,Comoros,Comores,Eastern Africa,Afrique orientale,Africa,Afrique,13,2,2
2024,44,COL,COL,Colombia,COL,CO,Colombia,Colombie,South America,Am,Latin America and the Caribbean,Am,7051,7,7
2024,45,COS,CRI,Costa Rica,CRI,CR,Costa Rica,Costa Rica,Central America,Am,Latin America and the Caribbean,Am,28423,27,33
2024,46,CUB,CUB,Cuba,CUB,CU,Cuba,Cuba,Caribbean,Cara,Latin America and the Caribbean,Am,44,5,5
2024,48,CYP,CYP,Cyprus,CYP,CY,Cyprus,Chypre,Western Asia,Asie occidentale,Asia,Asie,13957,48,95
2024,49,CZE,CZE,Czechia,CZE,CZ,Czechia,R,Eastern Europe,Europe orientale,Europe,Europe,2089,35,54
2024,50,DEN,DNK,Denmark,DNK,DK,Denmark,Danemark,Northern Europe,Europe septentrionale,Europe,Europe,2719,62,88
2024,51,DJB,DJI,Djibouti,DJI,DJ,Djibouti,Djibouti,Eastern Africa,Afrique orientale,Africa,Afrique,864,6,6
2024,52,DMA,DMA,Dominica,DMA,DM,Dominica,Dominique,Caribbean,Cara,Latin America and the Caribbean,Am,5,1,1
2024,53,DOM,DOM,Dominican Rep.,DOM,DO,Dominican Rep.,R,Caribbean,Cara,Latin America and the Caribbean,Am,74,4,4
2024,54,ECU,ECU,Ecuador,ECU,EC,Ecuador,Equateur,South America,Am,Latin America and the Caribbean,Am,7063,16,16
2024,55,EGU,GNQ,Equatorial Guinea,GNQ,GQ,Equatorial Guinea,Guin,Middle Africa,Afrique australe,Africa,Afrique,5,1,1
2024,57,EST,EST,Estonia,EST,EE,Estonia,Estonie,Northern Europe,Europe septentrionale,Europe,Europe,1367,11,13
2024,58,ETH,ETH,Ethiopia,ETH,ET,Ethiopia,Ethiopie,Eastern Africa,Afrique orientale,Africa,Afrique,3088,16,16
2024,60,FIJ,FJI,Fiji,FJI,FJ,Fiji,Fidji,Melanesia,M,Oceania,Oc,20,4,4
2024,61,FIN,FIN,Finland,FIN,FI,Finland,Finlande,Northern Europe,Europe septentrionale,Europe,Europe,2901,64,94
2024,64,FRA,FRA,France,FRA,FR,France,France,Western Europe,Europe occidentale,Europe,Europe,218948,117,306
2024,67,GAB,GAB,Gabon,GAB,GA,Gabon,Gabon,Middle Africa,Afrique australe,Africa,Afrique,12,2,2
2024,68,GAM,GMB,Gambia,GMB,GM,Gambia,Gambie,Western Africa,Afrique occidentale,Africa,Afrique,25,3,3
2024,70,GBR,GBR,United Kingdom of Great Britain and Northern Ireland,GBR,GB,United Kingdom of Great Britain and Northern Ireland,Royaume-Uni,Northern Europe,Europe septentrionale,Europe,Europe,111107,152,220
2024,71,GEO,GEO,Georgia,GEO,GE,Georgia,G,Western Asia,Asie occidentale,Asia,Asie,1644,38,38
2024,72,GFR,DEU,Germany,DEU,DE,Germany,Allemagne,Western Europe,Europe occidentale,Europe,Europe,362538,133,337
2024,73,GHA,GHA,Ghana,GHA,GH,Ghana,Ghana,Western Africa,Afrique occidentale,Africa,Afrique,6667,14,14
2024,76,GRE,GRC,Greece,GRC,GR,Greece,Gr,Southern Europe,Europe australe,Europe,Europe,85674,77,184
2024,78,GUA,GTM,Guatemala,GTM,GT,Guatemala,Guatemala,Central America,Am,Latin America and the Caribbean,Am,1867,14,14
2024,79,GUI,GIN,Guinea,GIN,GN,Guinea,Guin,Western Africa,Afrique occidentale,Africa,Afrique,118,6,6
2024,80,GUY,GUY,Guyana,GUY,GY,Guyana,Guyana,South America,Am,Latin America and the Caribbean,Am,16,3,3
2024,83,HON,HND,Honduras,HND,HN,Honduras,Honduras,Central America,Am,Latin America and the Caribbean,Am,163,7,7
2024,84,HRV,HRV,Croatia,HRV,HR,Croatia,Croatie,Southern Europe,Europe australe,Europe,Europe,1544,43,58
2024,85,HUN,HUN,Hungary,HUN,HU,Hungary,Hongrie,Eastern Europe,Europe orientale,Europe,Europe,15,3,3
2024,86,ICE,ISL,Iceland,ISL,IS,Iceland,Islande,Northern Europe,Europe septentrionale,Europe,Europe,3623,38,56
2024,87,ICO,CIV,Cote d'Ivoire,CIV,CI,Cote d'Ivoire,C,Western Africa,Afrique occidentale,Africa,Afrique,29496,5,5
2024,88,IND,IND,India,IND,IN,India,Inde,Southern Asia,Sud de l'Asie centrale,Asia,Asie,3169,20,27
2024,89,INS,IDN,Indonesia,IDN,ID,Indonesia,Indon,South-eastern Asia,Asie du Sud-Est,Asia,Asie,87,7,7
2024,90,IRE,IRL,Ireland,IRL,IE,Ireland,Irlande,Northern Europe,Europe septentrionale,Europe,Europe,26592,93,153
2024,92,IRQ,IRQ,Iraq,IRQ,IQ,Iraq,Iraq,Western Asia,Asie occidentale,Asia,Asie,369,5,7
2024,93,ISR,ISR,Israel,ISR,IL,Israel,Isra,Western Asia,Asie occidentale,Asia,Asie,6080,55,55
2024,94,ITA,ITA,Italy,ITA,IT,Italy,Italie,Southern Europe,Europe australe,Europe,Europe,158588,108,166
2024,96,JOR,JOR,Jordan,JOR,JO,Jordan,Jordanie,Western Asia,Asie occidentale,Asia,Asie,5,1,1
2024,97,JPN,JPN,Japan,JPN,JP,Japan,Japon,Eastern Asia,Asie orientale,Asia,Asie,16919,26,41
2024,98,KAZ,KAZ,Kazakhstan,KAZ,KZ,Kazakhstan,Kazakhstan,Central Asia,Sud de l'Asie centrale,Asia,Asie,383,7,14
2024,99,KEN,KEN,Kenya,KEN,KE,Kenya,Kenya,Eastern Africa,Afrique orientale,Africa,Afrique,88027,16,16
2024,100,KGZ,KGZ,Kyrgyzstan,KGZ,KG,Kyrgyzstan,Kirghizistan,Central Asia,Sud de l'Asie centrale,Asia,Asie,2323,5,5
2024,102,KOR,KOR,Rep. of Korea,KOR,KR,Rep. of Korea,R,Eastern Asia,Asie orientale,Asia,Asie,23482,58,103
2024,104,KUW,KWT,Kuwait,KWT,KW,Kuwait,Kowe,Western Asia,Asie occidentale,Asia,Asie,17,2,2
2024,106,LBR,LBR,Liberia,LBR,LR,Liberia,Lib,Western Africa,Afrique occidentale,Africa,Afrique,64,3,3
2024,107,LBY,LBY,Libya,LBY,LY,Libya,Libye,Northern Africa,Afrique septentrionale,Africa,Afrique,1043,6,10
2024,109,LEB,LBN,Lebanon,LBN,LB,Lebanon,Liban,Western Asia,Asie occidentale,Asia,Asie,1412,16,21
2024,110,LES,LSO,Lesotho,LSO,LS,Lesotho,Lesotho,Southern Africa,Afrique australe,Africa,Afrique,70,6,6
2024,111,LIE,LIE,Liechtenstein,LIE,LI,Liechtenstein,Liechtenstein,Western Europe,Europe occidentale,Europe,Europe,84,12,12
2024,112,LKA,LKA,Sri Lanka,LKA,LK,Sri Lanka,Sri Lanka,Southern Asia,Sud de l'Asie centrale,Asia,Asie,117,1,1
2024,113,LTU,LTU,Lithuania,LTU,LT,Lithuania,Lituanie,Northern Europe,Europe septentrionale,Europe,Europe,280,12,12
2024,114,LUX,LUX,Luxembourg,LUX,LU,Luxembourg,Luxembourg,Western Europe,Europe occidentale,Europe,Europe,1974,49,60
2024,115,LVA,LVA,Latvia,LVA,LV,Latvia,Lettonie,Northern Europe,Europe septentrionale,Europe,Europe,1112,31,46
2024,117,MAD,MDG,Madagascar,MDG,MG,Madagascar,Madagascar,Eastern Africa,Afrique orientale,Africa,Afrique,296,6,6
2024,119,MAU,MRT,Mauritania,MRT,MR,Mauritania,Mauritanie,Western Africa,Afrique occidentale,Africa,Afrique,3918,23,27
2024,120,MCD,MKD,North Macedonia,MKD,MK,North Macedonia,Ex-R,Southern Europe,Europe australe,Europe,Europe,322,14,14
2024,122,MDA,MDA,Rep. of Moldova,MDA,MD,Rep. of Moldova,R,Eastern Europe,Europe orientale,Europe,Europe,8360,23,39
2024,124,MEX,MEX,Mexico,MEX,MX,Mexico,Mexique,Central America,Am,Latin America and the Caribbean,Am,78966,71,71
2024,126,MLI,MLI,Mali,MLI,ML,Mali,Mali,Western Africa,Afrique occidentale,Africa,Afrique,120,8,8
2024,127,MLS,MYS,Malaysia,MYS,MY,Malaysia,Malaisie,South-eastern Asia,Asie du Sud-Est,Asia,Asie,11208,29,40
2024,128,MLW,MWI,Malawi,MWI,MW,Malawi,Malawi,Eastern Africa,Afrique orientale,Africa,Afrique,5925,6,10
2024,129,MNG,MNG,Mongolia,MNG,MN,Mongolia,Mongolie,Eastern Asia,Asie orientale,Asia,Asie,15,3,3
2024,130,MOR,MAR,Morocco,MAR,MA,Morocco,Maroc,Northern Africa,Afrique septentrionale,Africa,Afrique,4526,35,46
2024,131,MOZ,MOZ,Mozambique,MOZ,MZ,Mozambique,Mozambique,Eastern Africa,Afrique orientale,Africa,Afrique,1063,5,5
2024,132,MTA,MLT,Malta,MLT,MT,Malta,Malte,Southern Europe,Europe australe,Europe,Europe,504,22,22
2024,133,MNE,MNE,Montenegro,MNE,ME,Montenegro,Mont,Southern Europe,Europe australe,Europe,Europe,117,10,10
2024,134,MTS,MUS,Mauritius,MUS,MU,Mauritius,Maurice,Eastern Africa,Afrique orientale,Africa,Afrique,68,4,4
2024,136,NAM,NAM,Namibia,NAM,,Namibia,Namibie,Southern Africa,Afrique australe,Africa,Afrique,526,6,6
2024,137,NEP,NPL,Nepal,NPL,NP,Nepal,N,Southern Asia,Sud de l'Asie centrale,Asia,Asie,22,2,2
2024,138,NET,NLD,Netherlands (Kingdom of the),NLD,NL,Netherlands (Kingdom of the),Pays-Bas,Western Europe,Europe occidentale,Europe,Europe,33625,110,170
2024,139,NGR,NER,Niger,NER,NE,Niger,Niger,Western Africa,Afrique occidentale,Africa,Afrique,18800,15,21
2024,141,NIG,NGA,Nigeria,NGA,NG,Nigeria,Nig,Western Africa,Afrique occidentale,Africa,Afrique,10606,15,15
2024,143,NOR,NOR,Norway,NOR,NO,Norway,Norv,Northern Europe,Europe septentrionale,Europe,Europe,6442,82,142
2024,144,NRU,NRU,Nauru,NRU,NR,Nauru,Nauru,Micronesia,Micron,Oceania,Oc,112,3,3
2024,145,NZL,NZL,New Zealand,NZL,NZ,New Zealand,Nouvelle-Z,Australia-New Zealand,Australie-Nouvelle-Z,Oceania,Oc,2811,46,57
2024,147,PAK,PAK,Pakistan,PAK,PK,Pakistan,Pakistan,Southern Asia,Sud de l'Asie centrale,Asia,Asie,336,6,7
2024,148,PAN,PAN,Panama,PAN,PA,Panama,Panama,Central America,Am,Latin America and the Caribbean,Am,1204,12,21
2024,149,PAR,PRY,Paraguay,PRY,PY,Paraguay,Paraguay,South America,Am,Latin America and the Caribbean,Am,303,4,4
2024,150,PER,PER,Peru,PER,PE,Peru,P,South America,Am,Latin America and the Caribbean,Am,32854,35,35
2024,151,PHI,PHL,Philippines,PHL,PH,Philippines,Philippines,South-eastern Asia,Asie du Sud-Est,Asia,Asie,575,28,28
2024,152,PLW,PLW,Palau,PLW,PW,Palau,Palaos (les),Micronesia,Micron,Oceania,Oc,5,1,1
2024,153,PNG,PNG,Papua New Guinea,PNG,PG,Papua New Guinea,Papouasie-Nouvelle-Guin,Melanesia,M,Oceania,Oc,10,2,2
2024,154,POL,POL,Poland,POL,PL,Poland,Pologne,Eastern Europe,Europe orientale,Europe,Europe,18372,64,141
2024,155,POR,PRT,Portugal,PRT,PT,Portugal,Portugal,Southern Europe,Europe australe,Europe,Europe,2652,60,60
2024,158,ROM,ROU,Romania,ROU,RO,Romania,Roumanie,Eastern Europe,Europe orientale,Europe,Europe,2664,44,72
2024,159,RSA,ZAF,South Africa,ZAF,ZA,South Africa,Afrique du Sud,Southern Africa,Afrique australe,Africa,Afrique,7077,32,32
2024,160,RUS,RUS,Russian Federation,RUS,RU,Russian Federation,F,Eastern Europe,Europe orientale,Europe,Europe,7018,52,62
2024,161,RWA,RWA,Rwanda,RWA,RW,Rwanda,Rwanda,Eastern Africa,Afrique orientale,Africa,Afrique,2578,9,12
2024,162,SAL,SLV,El Salvador,SLV,SV,El Salvador,El Salvador,Central America,Am,Latin America and the Caribbean,Am,272,9,9
2024,163,SAU,SAU,Saudi Arabia,SAU,SA,Saudi Arabia,Arabie saoudite,Western Asia,Asie occidentale,Asia,Asie,74,3,3
2024,164,SRB,SRB,Serbia and Kosovo: S/RES/1244 (1999),SRB,RS,Serbia and Kosovo: S/RES/1244 (1999),Serbie,Southern Europe,Europe australe,Europe,Europe,406,26,28
2024,165,SEN,SEN,Senegal,SEN,SN,Senegal,S,Western Africa,Afrique occidentale,Africa,Afrique,470,14,14
2024,171,SOL,SLB,Solomon Islands,SLB,SB,Solomon Islands,Iles Salomon,Melanesia,M,Oceania,Oc,5,1,1
2024,172,SOM,SOM,Somalia,SOM,SO,Somalia,Somalie,Eastern Africa,Afrique orientale,Africa,Afrique,1861,4,4
2024,173,SPA,ESP,Spain,ESP,ES,Spain,Espagne,Southern Europe,Europe australe,Europe,Europe,167342,105,105
2024,176,STP,STP,Sao Tome and Principe,STP,ST,Sao Tome and Principe,Sao Tom,Middle Africa,Afrique australe,Africa,Afrique,5,1,1
2024,177,SUD,SDN,Sudan,SDN,SD,Sudan,Soudan,Northern Africa,Afrique septentrionale,Africa,Afrique,17233,6,6
2024,178,SUR,SUR,Suriname,SUR,SR,Suriname,Suriname,South America,Am,Latin America and the Caribbean,Am,623,2,2
2024,179,SSD,SSD,South Sudan,SSD,SS,South Sudan,,Eastern Africa,Afrique septentrionale,Africa,Afrique,1887,12,12
2024,180,SVK,SVK,Slovakia,SVK,SK,Slovakia,Slovaquie,Eastern Europe,Europe orientale,Europe,Europe,127,12,13
2024,181,SVN,SVN,Slovenia,SVN,SI,Slovenia,Slov,Southern Europe,Europe australe,Europe,Europe,5683,41,55
2024,182,SWA,SWZ,Eswatini,SWZ,SZ,Eswatini,Eswatini,Southern Africa,Afrique australe,Africa,Afrique,1471,10,10
2024,183,SWE,SWE,Sweden,SWE,SE,Sweden,Su,Northern Europe,Europe septentrionale,Europe,Europe,17095,96,247
2024,184,SWI,CHE,Switzerland,CHE,CH,Switzerland,Suisse,Western Europe,Europe occidentale,Europe,Europe,27694,104,143
2024,185,SYR,SYR,Syrian Arab Rep.,SYR,SY,Syrian Arab Rep.,R,Western Asia,Asie occidentale,Asia,Asie,83,11,13
2024,186,TAN,TZA,United Rep. of Tanzania,TZA,TZ,United Rep. of Tanzania,R,Eastern Africa,Afrique orientale,Africa,Afrique,3177,10,10
2024,188,THA,THA,Thailand,THA,TH,Thailand,Tha,South-eastern Asia,Asie du Sud-Est,Asia,Asie,1771,22,30
2024,189,TJK,TJK,Tajikistan,TJK,TJ,Tajikistan,Tadjikistan,Central Asia,Sud de l'Asie centrale,Asia,Asie,5307,1,1
2024,192,TOG,TGO,Togo,TGO,TG,Togo,Togo,Western Africa,Afrique occidentale,Africa,Afrique,15940,10,10
2024,195,TUN,TUN,Tunisia,TUN,TN,Tunisia,Tunisie,Northern Africa,Afrique septentrionale,Africa,Afrique,5455,30,34
2024,196,TUR,TUR,Türkiye,TUR,TR,Türkiye,Türkiye,Western Asia,Asie occidentale,Asia,Asie,9009,5,5
2024,198,UAE,ARE,United Arab Emirates,ARE,AE,United Arab Emirates,Emirats arabes unis,Western Asia,Asie occidentale,Asia,Asie,50,3,3
2024,199,UGA,UGA,Uganda,UGA,UG,Uganda,Ouganda,Eastern Africa,Afrique orientale,Africa,Afrique,30459,17,21
2024,200,UKR,UKR,Ukraine,UKR,UA,Ukraine,Ukraine,Eastern Europe,Europe orientale,Europe,Europe,144,7,12
2024,201,URU,URY,Uruguay,URY,UY,Uruguay,Uruguay,South America,Am,Latin America and the Caribbean,Am,9300,17,17
2024,202,USA,USA,United States of America,USA,US,United States of America,Etats-Unis d'Am,Northern America,Am,Northern America,Am,733912,168,367
2024,211,YEM,YEM,Yemen,YEM,YE,Yemen,Y,Western Asia,Asie occidentale,Asia,Asie,3759,7,8
2024,213,ZAM,ZMB,Zambia,ZMB,ZM,Zambia,Zambie,Eastern Africa,Afrique orientale,Africa,Afrique,11478,13,13
2024,214,ZIM,ZWE,Zimbabwe,ZWE,ZW,Zimbabwe,Zimbabwe,Eastern Africa,Afrique orientale,Africa,Afrique,1004,7,7
2024,225,BVI,VGB,British Virgin Islands,VGB,VG,British Virgin Islands,Iles Vierges britaniques,Caribbean,,Latin America and the Caribbean,,49,1,1
2024,255,SXM,SXM,Sint Maarten (Dutch part),SXM,SX,Sint Maarten (Dutch part),Saint-Martin,Caribbean,Cara,Latin America and the Caribbean,Am,26,4,4
2025,2,AFG,AFG,Afghanistan,AFG,AF,Afghanistan,Afghanistan,Southern Asia,Sud de l'Asie centrale,Asia,Asie,19,1,1
2025,3,ALB,ALB,Albania,ALB,AL,Albania,Albanie,Southern Europe,Europe australe,Europe,Europe,36,6,6
2025,4,ALG,DZA,Algeria,DZA,DZ,Algeria,Alg,Northern Africa,Afrique septentrionale,Africa,Afrique,1867,23,38
2025,8,ARE,EGY,Egypt,EGY,EG,Egypt,Egypte,Northern Africa,Afrique septentrionale,Africa,Afrique,292686,28,51
2025,9,ARG,ARG,Argentina,ARG,AR,Argentina,Argentine,South America,Am,Latin America and the Caribbean,Am,1251,34,41
2025,10,ARM,ARM,Armenia,ARM,AM,Armenia,Arm,Western Asia,Asie occidentale,Asia,Asie,695,23,30
2025,11,AUL,AUS,Australia,AUS,AU,Australia,Australie,Australia-New Zealand,Australie-Nouvelle-Z,Oceania,Oc,50209,120,201
2025,12,AUS,AUT,Austria,AUT,AT,Austria,Autriche,Western Europe,Europe occidentale,Europe,Europe,16635,79,120
2025,13,AZE,AZE,Azerbaijan,AZE,AZ,Azerbaijan,Azerba,Western Asia,Asie occidentale,Asia,Asie,34,2,3
2025,16,BDI,BDI,Burundi,BDI,BI,Burundi,Burundi,Eastern Africa,Afrique orientale,Africa,Afrique,401,3,3
2025,17,BEL,BEL,Belgium,BEL,BE,Belgium,Belgique,Western Europe,Europe occidentale,Europe,Europe,46920,109,271
2025,18,BEN,BEN,Benin,BEN,BJ,Benin,B,Western Africa,Afrique occidentale,Africa,Afrique,5098,13,13
2025,20,BGD,BGD,Bangladesh,BGD,BD,Bangladesh,Bangladesh,Southern Asia,Sud de l'Asie centrale,Asia,Asie,34,2,2
2025,23,BKF,BFA,Burkina Faso,BFA,BF,Burkina Faso,Burkina Faso,Western Africa,Afrique occidentale,Africa,Afrique,751,3,3
2025,24,BLR,BLR,Belarus,BLR,BY,Belarus,B,Eastern Europe,Europe orientale,Europe,Europe,2303,12,15
2025,25,BOL,BOL,Bolivia (Plurinational State of),BOL,BO,Bolivia (Plurinational State of),Bolivie,South America,Am,Latin America and the Caribbean,Am,10,1,1
2025,26,BOT,BWA,Botswana,BWA,BW,Botswana,Botswana,Southern Africa,Afrique australe,Africa,Afrique,26,3,3
2025,27,BRA,BRA,Brazil,BRA,BR,Brazil,Br,South America,Am,Latin America and the Caribbean,Am,75585,107,107
2025,29,BSN,BIH,Bosnia and Herzegovina,BIH,BA,Bosnia and Herzegovina,Bosnie-Herz,Southern Europe,Europe australe,Europe,Europe,178,15,18
2025,30,BUL,BGR,Bulgaria,BGR,BG,Bulgaria,Bulgarie,Eastern Europe,Europe orientale,Europe,Europe,3876,29,29
2025,31,BZE,BLZ,Belize,BLZ,BZ,Belize,Belize,Central America,Am,Latin America and the Caribbean,Am,217,5,8
2025,33,CAN,CAN,Canada,CAN,CA,Canada,Canada,Northern America,Am,Northern America,Am,133910,165,312
2025,34,CAR,CAF,Central African Rep.,CAF,CF,Central African Rep.,R,Middle Africa,Afrique australe,Africa,Afrique,10198,7,7
2025,35,CAY,CYM,Cayman Islands,CYM,KY,Cayman Islands,Iles Ca,Caribbean,Cara,Latin America and the Caribbean,Am,5,1,1
2025,36,CHD,TCD,Chad,TCD,TD,Chad,Tchad,Middle Africa,Afrique australe,Africa,Afrique,2404,14,14
2025,37,CHI,CHN,China,CHN,CN,China,Chine,Eastern Asia,Asie orientale,Asia,Asie,79,6,9
2025,38,CHL,CHL,Chile,CHL,CL,Chile,Chili,South America,Am,Latin America and the Caribbean,Am,544,12,12
2025,39,CMR,CMR,Cameroon,CMR,CM,Cameroon,Cameroun,Middle Africa,Afrique australe,Africa,Afrique,8534,20,31
2025,40,COB,COG,Congo,COG,CG,Congo,Congo,Middle Africa,Afrique australe,Africa,Afrique,537,4,4
2025,41,COD,COD,Dem. Rep. of the Congo,COD,CD,Dem. Rep. of the Congo,R,Middle Africa,Afrique australe,Africa,Afrique,99377,10,10
2025,44,COL,COL,Colombia,COL,CO,Colombia,Colombie,South America,Am,Latin America and the Caribbean,Am,8244,10,11
2025,45,COS,CRI,Costa Rica,CRI,CR,Costa Rica,Costa Rica,Central America,Am,Latin America and the Caribbean,Am,29916,33,37
2025,46,CUB,CUB,Cuba,CUB,CU,Cuba,Cuba,Caribbean,Cara,Latin America and the Caribbean,Am,25,3,3
2025,48,CYP,CYP,Cyprus,CYP,CY,Cyprus,Chypre,Western Asia,Asie occidentale,Asia,Asie,7994,52,116
2025,49,CZE,CZE,Czechia,CZE,CZ,Czechia,R,Eastern Europe,Europe orientale,Europe,Europe,1149,37,52
2025,50,DEN,DNK,Denmark,DNK,DK,Denmark,Danemark,Northern Europe,Europe septentrionale,Europe,Europe,2442,65,99
2025,51,DJB,DJI,Djibouti,DJI,DJ,Djibouti,Djibouti,Eastern Africa,Afrique orientale,Africa,Afrique,1594,7,7
2025,53,DOM,DOM,Dominican Rep.,DOM,DO,Dominican Rep.,R,Caribbean,Cara,Latin America and the Caribbean,Am,42,4,4
2025,54,ECU,ECU,Ecuador,ECU,EC,Ecuador,Equateur,South America,Am,Latin America and the Caribbean,Am,9745,20,20
2025,57,EST,EST,Estonia,EST,EE,Estonia,Estonie,Northern Europe,Europe septentrionale,Europe,Europe,1022,11,13
2025,58,ETH,ETH,Ethiopia,ETH,ET,Ethiopia,Ethiopie,Eastern Africa,Afrique orientale,Africa,Afrique,52108,6,7
2025,60,FIJ,FJI,Fiji,FJI,FJ,Fiji,Fidji,Melanesia,M,Oceania,Oc,25,4,5
2025,61,FIN,FIN,Finland,FIN,FI,Finland,Finlande,Northern Europe,Europe septentrionale,Europe,Europe,4774,80,157
2025,64,FRA,FRA,France,FRA,FR,France,France,Western Europe,Europe occidentale,Europe,Europe,214228,113,303
2025,67,GAB,GAB,Gabon,GAB,GA,Gabon,Gabon,Middle Africa,Afrique australe,Africa,Afrique,7,1,1
2025,68,GAM,GMB,Gambia,GMB,GM,Gambia,Gambie,Western Africa,Afrique occidentale,Africa,Afrique,74,5,5
2025,70,GBR,GBR,United Kingdom of Great Britain and Northern Ireland,GBR,GB,United Kingdom of Great Britain and Northern Ireland,Royaume-Uni,Northern Europe,Europe septentrionale,Europe,Europe,168185,154,236
2025,71,GEO,GEO,Georgia,GEO,GE,Georgia,G,Western Asia,Asie occidentale,Asia,Asie,583,26,26
2025,72,GFR,DEU,Germany,DEU,DE,Germany,Allemagne,Western Europe,Europe occidentale,Europe,Europe,338233,133,334
2025,73,GHA,GHA,Ghana,GHA,GH,Ghana,Ghana,Western Africa,Afrique occidentale,Africa,Afrique,279,14,14
2025,76,GRE,GRC,Greece,GRC,GR,Greece,Gr,Southern Europe,Europe australe,Europe,Europe,74139,79,189
2025,78,GUA,GTM,Guatemala,GTM,GT,Guatemala,Guatemala,Central America,Am,Latin America and the Caribbean,Am,1373,14,14
2025,80,GUY,GUY,Guyana,GUY,GY,Guyana,Guyana,South America,Am,Latin America and the Caribbean,Am,5,1,1
2025,83,HON,HND,Honduras,HND,HN,Honduras,Honduras,Central America,Am,Latin America and the Caribbean,Am,716,1,1
2025,84,HRV,HRV,Croatia,HRV,HR,Croatia,Croatie,Southern Europe,Europe australe,Europe,Europe,1229,39,39
2025,85,HUN,HUN,Hungary,HUN,HU,Hungary,Hongrie,Eastern Europe,Europe orientale,Europe,Europe,101,14,14
2025,86,ICE,ISL,Iceland,ISL,IS,Iceland,Islande,Northern Europe,Europe septentrionale,Europe,Europe,2124,30,46
2025,87,ICO,CIV,Cote d'Ivoire,CIV,CI,Cote d'Ivoire,C,Western Africa,Afrique occidentale,Africa,Afrique,13620,8,8
2025,88,IND,IND,India,IND,IN,India,Inde,Southern Asia,Sud de l'Asie centrale,Asia,Asie,2202,18,27
2025,89,INS,IDN,Indonesia,IDN,ID,Indonesia,Indon,South-eastern Asia,Asie du Sud-Est,Asia,Asie,15,3,3
2025,90,IRE,IRL,Ireland,IRL,IE,Ireland,Irlande,Northern Europe,Europe septentrionale,Europe,Europe,27222,96,175
2025,92,IRQ,IRQ,Iraq,IRQ,IQ,Iraq,Iraq,Western Asia,Asie occidentale,Asia,Asie,189,6,7
2025,93,ISR,ISR,Israel,ISR,IL,Israel,Isra,Western Asia,Asie occidentale,Asia,Asie,9632,49,49
2025,94,ITA,ITA,Italy,ITA,IT,Italy,Italie,Southern Europe,Europe australe,Europe,Europe,133736,109,163
2025,97,JPN,JPN,Japan,JPN,JP,Japan,Japon,Eastern Asia,Asie orientale,Asia,Asie,19310,38,65
2025,98,KAZ,KAZ,Kazakhstan,KAZ,KZ,Kazakhstan,Kazakhstan,Central Asia,Sud de l'Asie centrale,Asia,Asie,155,5,9
2025,99,KEN,KEN,Kenya,KEN,KE,Kenya,Kenya,Eastern Africa,Afrique orientale,Africa,Afrique,32718,17,17
2025,100,KGZ,KGZ,Kyrgyzstan,KGZ,KG,Kyrgyzstan,Kirghizistan,Central Asia,Sud de l'Asie centrale,Asia,Asie,854,8,8
2025,102,KOR,KOR,Rep. of Korea,KOR,KR,Rep. of Korea,R,Eastern Asia,Asie orientale,Asia,Asie,20373,60,105
2025,106,LBR,LBR,Liberia,LBR,LR,Liberia,Lib,Western Africa,Afrique occidentale,Africa,Afrique,39,3,3
2025,107,LBY,LBY,Libya,LBY,LY,Libya,Libye,Northern Africa,Afrique septentrionale,Africa,Afrique,1096,5,7
2025,109,LEB,LBN,Lebanon,LBN,LB,Lebanon,Liban,Western Asia,Asie occidentale,Asia,Asie,1883,18,20
2025,110,LES,LSO,Lesotho,LSO,LS,Lesotho,Lesotho,Southern Africa,Afrique australe,Africa,Afrique,43,5,5
2025,111,LIE,LIE,Liechtenstein,LIE,LI,Liechtenstein,Liechtenstein,Western Europe,Europe occidentale,Europe,Europe,70,10,10
2025,112,LKA,LKA,Sri Lanka,LKA,LK,Sri Lanka,Sri Lanka,Southern Asia,Sud de l'Asie centrale,Asia,Asie,18,3,3
2025,113,LTU,LTU,Lithuania,LTU,LT,Lithuania,Lituanie,Northern Europe,Europe septentrionale,Europe,Europe,324,24,24
2025,114,LUX,LUX,Luxembourg,LUX,LU,Luxembourg,Luxembourg,Western Europe,Europe occidentale,Europe,Europe,2356,57,115
2025,115,LVA,LVA,Latvia,LVA,LV,Latvia,Lettonie,Northern Europe,Europe septentrionale,Europe,Europe,1698,32,48
2025,117,MAD,MDG,Madagascar,MDG,MG,Madagascar,Madagascar,Eastern Africa,Afrique orientale,Africa,Afrique,110,6,6
2025,119,MAU,MRT,Mauritania,MRT,MR,Mauritania,Mauritanie,Western Africa,Afrique occidentale,Africa,Afrique,2735,31,38
2025,120,MCD,MKD,North Macedonia,MKD,MK,North Macedonia,Ex-R,Southern Europe,Europe australe,Europe,Europe,169,12,12
2025,122,MDA,MDA,Rep. of Moldova,MDA,MD,Rep. of Moldova,R,Eastern Europe,Europe orientale,Europe,Europe,2720,23,34
2025,124,MEX,MEX,Mexico,MEX,MX,Mexico,Mexique,Central America,Am,Latin America and the Caribbean,Am,70482,62,62
2025,126,MLI,MLI,Mali,MLI,ML,Mali,Mali,Western Africa,Afrique occidentale,Africa,Afrique,25,4,4
2025,127,MLS,MYS,Malaysia,MYS,MY,Malaysia,Malaisie,South-eastern Asia,Asie du Sud-Est,Asia,Asie,3629,18,26
2025,128,MLW,MWI,Malawi,MWI,MW,Malawi,Malawi,Eastern Africa,Afrique orientale,Africa,Afrique,4144,6,6
2025,130,MOR,MAR,Morocco,MAR,MA,Morocco,Maroc,Northern Africa,Afrique septentrionale,Africa,Afrique,5313,37,45
2025,131,MOZ,MOZ,Mozambique,MOZ,MZ,Mozambique,Mozambique,Eastern Africa,Afrique orientale,Africa,Afrique,416,4,4
2025,132,MTA,MLT,Malta,MLT,MT,Malta,Malte,Southern Europe,Europe australe,Europe,Europe,446,29,36
2025,133,MNE,MNE,Montenegro,MNE,ME,Montenegro,Mont,Southern Europe,Europe australe,Europe,Europe,125,9,9
2025,134,MTS,MUS,Mauritius,MUS,MU,Mauritius,Maurice,Eastern Africa,Afrique orientale,Africa,Afrique,178,7,7
2025,136,NAM,NAM,Namibia,NAM,,Namibia,Namibie,Southern Africa,Afrique australe,Africa,Afrique,469,3,3
2025,137,NEP,NPL,Nepal,NPL,NP,Nepal,N,Southern Asia,Sud de l'Asie centrale,Asia,Asie,43,3,3
2025,138,NET,NLD,Netherlands (Kingdom of the),NLD,NL,Netherlands (Kingdom of the),Pays-Bas,Western Europe,Europe occidentale,Europe,Europe,25675,109,168
2025,139,NGR,NER,Niger,NER,NE,Niger,Niger,Western Africa,Afrique occidentale,Africa,Afrique,10041,10,11
2025,141,NIG,NGA,Nigeria,NGA,NG,Nigeria,Nig,Western Africa,Afrique occidentale,Africa,Afrique,24493,14,14
2025,143,NOR,NOR,Norway,NOR,NO,Norway,Norv,Northern Europe,Europe septentrionale,Europe,Europe,5863,83,154
2025,144,NRU,NRU,Nauru,NRU,NR,Nauru,Nauru,Micronesia,Micron,Oceania,Oc,45,1,1
2025,145,NZL,NZL,New Zealand,NZL,NZ,New Zealand,Nouvelle-Z,Australia-New Zealand,Australie-Nouvelle-Z,Oceania,Oc,2558,47,47
2025,147,PAK,PAK,Pakistan,PAK,PK,Pakistan,Pakistan,Southern Asia,Sud de l'Asie centrale,Asia,Asie,363,3,4
2025,148,PAN,PAN,Panama,PAN,PA,Panama,Panama,Central America,Am,Latin America and the Caribbean,Am,1203,18,26
2025,149,PAR,PRY,Paraguay,PRY,PY,Paraguay,Paraguay,South America,Am,Latin America and the Caribbean,Am,790,8,10
2025,150,PER,PER,Peru,PER,PE,Peru,P,South America,Am,Latin America and the Caribbean,Am,18697,22,22
2025,151,PHI,PHL,Philippines,PHL,PH,Philippines,Philippines,South-eastern Asia,Asie du Sud-Est,Asia,Asie,463,27,27
2025,154,POL,POL,Poland,POL,PL,Poland,Pologne,Eastern Europe,Europe orientale,Europe,Europe,13196,68,68
2025,155,POR,PRT,Portugal,PRT,PT,Portugal,Portugal,Southern Europe,Europe australe,Europe,Europe,1770,55,57
2025,158,ROM,ROU,Romania,ROU,RO,Romania,Roumanie,Eastern Europe,Europe orientale,Europe,Europe,1167,38,39
2025,159,RSA,ZAF,South Africa,ZAF,ZA,South Africa,Afrique du Sud,Southern Africa,Afrique australe,Africa,Afrique,5324,30,30
2025,160,RUS,RUS,Russian Federation,RUS,RU,Russian Federation,F,Eastern Europe,Europe orientale,Europe,Europe,8507,50,63
2025,161,RWA,RWA,Rwanda,RWA,RW,Rwanda,Rwanda,Eastern Africa,Afrique orientale,Africa,Afrique,1835,10,11
2025,162,SAL,SLV,El Salvador,SLV,SV,El Salvador,El Salvador,Central America,Am,Latin America and the Caribbean,Am,172,10,10
2025,164,SRB,SRB,Serbia and Kosovo: S/RES/1244 (1999),SRB,RS,Serbia and Kosovo: S/RES/1244 (1999),Serbie,Southern Europe,Europe australe,Europe,Europe,323,24,25
2025,165,SEN,SEN,Senegal,SEN,SN,Senegal,S,Western Africa,Afrique occidentale,Africa,Afrique,334,19,19
2025,172,SOM,SOM,Somalia,SOM,SO,Somalia,Somalie,Eastern Africa,Afrique orientale,Africa,Afrique,3642,6,6
2025,173,SPA,ESP,Spain,ESP,ES,Spain,Espagne,Southern Europe,Europe australe,Europe,Europe,144387,103,103
2025,177,SUD,SDN,Sudan,SDN,SD,Sudan,Soudan,Northern Africa,Afrique septentrionale,Africa,Afrique,11858,4,6
2025,178,SUR,SUR,Suriname,SUR,SR,Suriname,Suriname,South America,Am,Latin America and the Caribbean,Am,52,1,1
2025,179,SSD,SSD,South Sudan,SSD,SS,South Sudan,,Eastern Africa,Afrique septentrionale,Africa,Afrique,3959,11,11
2025,180,SVK,SVK,Slovakia,SVK,SK,Slovakia,Slovaquie,Eastern Europe,Europe orientale,Europe,Europe,142,14,14
2025,181,SVN,SVN,Slovenia,SVN,SI,Slovenia,Slov,Southern Europe,Europe australe,Europe,Europe,4216,41,57
2025,182,SWA,SWZ,Eswatini,SWZ,SZ,Eswatini,Eswatini,Southern Africa,Afrique australe,Africa,Afrique,1316,11,11
2025,183,SWE,SWE,Sweden,SWE,SE,Sweden,Su,Northern Europe,Europe septentrionale,Europe,Europe,14072,98,252
2025,184,SWI,CHE,Switzerland,CHE,CH,Switzerland,Suisse,Western Europe,Europe occidentale,Europe,Europe,25755,106,148
2025,185,SYR,SYR,Syrian Arab Rep.,SYR,SY,Syrian Arab Rep.,R,Western Asia,Asie occidentale,Asia,Asie,204,10,14
2025,186,TAN,TZA,United Rep. of Tanzania,TZA,TZ,United Rep. of Tanzania,R,Eastern Africa,Afrique orientale,Africa,Afrique,5409,8,8
2025,188,THA,THA,Thailand,THA,TH,Thailand,Tha,South-eastern Asia,Asie du Sud-Est,Asia,Asie,1254,17,27
2025,189,TJK,TJK,Tajikistan,TJK,TJ,Tajikistan,Tadjikistan,Central Asia,Sud de l'Asie centrale,Asia,Asie,1876,1,1
2025,192,TOG,TGO,Togo,TGO,TG,Togo,Togo,Western Africa,Afrique occidentale,Africa,Afrique,6647,7,7
2025,195,TUN,TUN,Tunisia,TUN,TN,Tunisia,Tunisie,Northern Africa,Afrique septentrionale,Africa,Afrique,61,9,10
2025,196,TUR,TUR,Türkiye,TUR,TR,Türkiye,Türkiye,Western Asia,Asie occidentale,Asia,Asie,6459,5,5
2025,199,UGA,UGA,Uganda,UGA,UG,Uganda,Ouganda,Eastern Africa,Afrique orientale,Africa,Afrique,18421,15,20
2025,200,UKR,UKR,Ukraine,UKR,UA,Ukraine,Ukraine,Eastern Europe,Europe orientale,Europe,Europe,108,7,10
2025,201,URU,URY,Uruguay,URY,UY,Uruguay,Uruguay,South America,Am,Latin America and the Caribbean,Am,16521,24,24
2025,202,USA,USA,United States of America,USA,US,United States of America,Etats-Unis d'Am,Northern America,Am,Northern America,Am,911952,162,163
2025,204,VAN,VUT,Vanuatu,VUT,VU,Vanuatu,Vanuatu,Melanesia,M,Oceania,Oc,7,1,1
2025,211,YEM,YEM,Yemen,YEM,YE,Yemen,Y,Western Asia,Asie occidentale,Asia,Asie,181,1,2
2025,213,ZAM,ZMB,Zambia,ZMB,ZM,Zambia,Zambie,Eastern Africa,Afrique orientale,Africa,Afrique,7715,11,11
2025,214,ZIM,ZWE,Zimbabwe,ZWE,ZW,Zimbabwe,Zimbabwe,Eastern Africa,Afrique orientale,Africa,Afrique,828,6,6
2025,225,BVI,VGB,British Virgin Islands,VGB,VG,British Virgin Islands,Iles Vierges britaniques,Caribbean,,Latin America and the Caribbean,,10,1,1
